Date,Open,High,Low,Close,Volume,funding_rate
2021-01-02 00:00:00,29331.7,29338.59,29199.22,29309.53,504.340432,0.0001
2021-01-02 08:00:00,29751.47,29849.11,29739.97,29756.2,627.030501,0.00020151
2021-01-03 08:00:00,34451.78,34561.08,33757.29,34104.83,2453.560179,0.00114744
2021-01-04 00:00:00,33000.05,33086.2,32657.54,32755.53,1429.136863,0.00164126
2021-01-04 08:00:00,32068.84,32567.88,32056.45,32416.18,1409.424326,0.00236482
2021-01-04 16:00:00,31745.71,31920.0,31125.84,31238.37,2604.210683,0.00056137
2021-01-06 16:00:00,34566.18,35076.42,34565.38,34938.36,2039.948261,0.00149253
2021-01-07 08:00:00,36863.04,37040.63,36830.0,36849.36,841.598352,0.00142744
2021-01-08 00:00:00,39432.48,39699.87,39234.22,39588.22,1011.612487,0.00213517
2021-01-08 08:00:00,38929.56,38985.06,38519.07,38676.37,987.124467,0.00092044
2021-01-08 16:00:00,40829.07,41077.06,40622.45,40693.13,1807.46469,0.00131892
2021-01-09 16:00:00,40525.16,40649.96,40322.58,40346.37,753.199291,0.00146942
2021-01-10 00:00:00,40088.22,40500.0,40087.15,40409.96,954.27925,0.00145604
2021-01-10 16:00:00,39671.82,39757.55,39433.63,39633.27,750.84739,0.00052988
2021-01-11 00:00:00,38150.02,38264.74,37360.96,37583.37,1686.326783,0.00086486
2021-01-11 16:00:00,31582.82,32250.0,30775.65,30780.01,5799.895739,0.00053444
2021-01-12 00:00:00,35410.37,35547.19,34702.65,34771.31,2309.12384,0.00033526
2021-01-12 08:00:00,36413.6,36499.98,36005.0,36113.7,1361.516848,0.00050855
2021-01-13 08:00:00,34986.9,35063.59,34591.68,34726.26,1594.731186,0.0002259
2021-01-14 00:00:00,37371.38,38172.22,37362.49,37940.58,2670.335284,0.00078331
2021-01-14 16:00:00,39546.01,39966.79,39546.01,39949.99,1405.439441,0.00068503
2021-01-15 08:00:00,38473.07,38622.75,38250.0,38290.49,972.61814,0.00064483
2021-01-16 00:00:00,36737.43,37391.07,36724.17,37323.35,1639.145108,0.0001
2021-01-16 16:00:00,37463.46,37713.94,37250.0,37352.66,1272.537259,0.00068496
2021-01-17 08:00:00,34760.91,34770.43,34307.92,34585.47,1865.71161,0.00030276
2021-01-18 00:00:00,35824.99,35982.92,35551.81,35763.7,1363.076461,0.00055375
2021-01-18 16:00:00,36405.99,36565.0,36100.0,36127.57,810.240134,0.0010355
2021-01-19 00:00:00,36622.46,36916.66,36578.93,36719.43,1162.475745,0.0006167
2021-01-21 00:00:00,35468.23,35600.0,35304.63,35328.41,663.835126,0.00042078
2021-01-21 08:00:00,34624.27,34681.73,34288.0,34386.23,978.485664,0.00048357
2021-01-23 00:00:00,32950.0,32974.89,32409.24,32474.39,1444.436196,0.0001
2021-01-23 16:00:00,31877.1,31940.0,31759.65,31873.51,570.067624,0.0001
2021-01-25 16:00:00,34458.31,34600.0,34075.0,34113.12,1676.253532,0.00042414
2021-01-26 08:00:00,31643.61,31880.0,31527.86,31602.26,1178.307973,0.0001
2021-01-26 16:00:00,31750.24,32122.81,31452.47,31475.52,3088.222636,0.0001
2021-01-27 00:00:00,32464.01,32557.29,32205.0,32236.03,994.030378,0.0001
2021-01-28 00:00:00,30362.19,30599.98,30080.0,30081.03,1084.986824,0.0001
2021-01-28 08:00:00,31170.2,31303.15,31054.84,31249.8,748.447495,0.0001
2021-01-28 16:00:00,31926.49,32077.79,31800.0,31812.65,1406.13045,0.00022262
2021-01-29 08:00:00,32266.36,32590.0,32243.73,32456.42,2008.01109,0.00064803
2021-01-29 16:00:00,37129.4,37500.0,37120.52,37377.61,3269.627416,0.00166789
2021-01-30 00:00:00,34246.28,34847.98,34214.91,34717.27,1743.576478,0.00039208
2021-01-30 08:00:00,34046.82,34358.97,34022.97,34258.0,1471.631708,0.000332
2021-01-30 16:00:00,34210.18,34262.35,33674.53,33758.75,1568.730826,0.00052428
2021-01-31 08:00:00,33607.68,33761.82,33312.12,33761.82,1206.074889,0.00046117
2021-01-31 16:00:00,32862.65,33041.62,32555.0,32955.84,1569.693155,0.00044234
2021-02-01 16:00:00,33160.0,33394.66,33133.26,33336.43,737.994347,0.00066848
2021-02-02 00:00:00,33517.09,33900.0,33418.0,33880.65,1206.461542,0.00036787
2021-02-02 16:00:00,34708.47,34850.0,34556.85,34749.99,988.123589,0.00122181
2021-02-04 08:00:00,37843.4,38453.0,37843.4,38441.77,1905.147181,0.00074286
2021-02-05 16:00:00,37960.76,38163.34,37655.17,37992.34,2046.52151,0.00099154
2021-02-06 16:00:00,40865.12,40955.51,40670.0,40750.27,1884.33445,0.00102371
2021-02-07 00:00:00,39181.01,39241.2,38701.0,39230.3,2090.97607,0.00155546
2021-02-08 00:00:00,38795.69,39130.0,38700.0,39057.39,1147.566498,0.00059267
2021-02-08 16:00:00,43703.23,44280.0,43703.23,44173.09,2903.539235,0.00248993
2021-02-11 00:00:00,44807.58,45051.27,44436.43,44466.25,1232.954034,0.00076742
2021-02-11 08:00:00,44700.0,44887.66,44500.0,44525.85,799.62893,0.0008307
2021-02-11 16:00:00,47960.86,48298.0,47675.0,47821.31,1814.673468,0.0017411
2021-02-12 00:00:00,47968.66,48983.62,47958.78,48458.45,2887.673381,0.00128772
2021-02-12 08:00:00,47318.02,47480.0,47166.85,47249.39,659.144878,0.0012563
2021-02-12 16:00:00,47021.05,47268.04,47008.4,47254.0,959.179225,0.00105533
2021-02-13 16:00:00,47076.02,47211.97,46950.0,47176.85,723.391045,0.00075946
2021-02-14 08:00:00,48725.18,48884.0,48661.9,48864.92,625.75861,0.00146185
2021-02-15 00:00:00,48580.47,48799.0,48428.0,48732.38,764.118705,0.0011786
2021-02-15 16:00:00,47938.84,48193.14,47938.83,48127.43,1057.334335,0.00068133
2021-02-16 08:00:00,49161.75,49300.0,48928.23,49004.17,1023.133312,0.00123546
2021-02-18 08:00:00,51901.95,52168.75,51791.99,51890.0,606.846133,0.00154303
2021-02-20 00:00:00,55906.0,56300.0,55588.88,55658.62,1320.771278,0.00156318
2021-02-20 16:00:00,56136.55,56595.0,56136.55,56594.99,1162.171874,0.00122535
2021-02-22 16:00:00,53236.69,53570.17,52730.0,53568.18,1915.151493,0.00077864
2021-02-23 00:00:00,54087.67,54183.59,53018.54,53127.06,1178.004828,0.00024947
2021-02-23 16:00:00,48602.02,49247.69,48252.04,48530.37,1692.326994,0.00013281
2021-02-25 08:00:00,50395.58,50513.35,50088.01,50155.1,595.513584,0.00018247
2021-02-26 00:00:00,47073.73,47551.02,46522.5,47491.61,2093.635231,0.0001
2021-02-27 08:00:00,47153.01,47284.74,47068.92,47162.23,520.620628,0.0004457
2021-02-27 16:00:00,46528.82,46808.11,46271.0,46755.93,865.199744,0.00010038
2021-02-28 16:00:00,43391.14,43934.56,43000.0,43411.61,2124.870534,0.00037706
2021-03-01 00:00:00,45134.11,45480.0,44950.53,45468.4,869.977323,0.00016921
2021-03-02 00:00:00,49595.76,49884.65,49515.15,49882.72,987.721126,0.0001
2021-03-02 08:00:00,48331.6,48571.66,48270.69,48564.99,708.756785,0.0001
2021-03-03 00:00:00,48436.61,48445.42,48100.71,48341.2,542.262624,0.0001
2021-03-03 16:00:00,50767.35,51140.42,50750.02,51138.99,1511.04117,0.00045078
2021-03-04 00:00:00,50349.37,50466.98,49850.81,50097.17,1921.892148,0.0001
2021-03-05 00:00:00,48374.09,48376.2,47110.0,47296.27,1897.722919,0.0001
2021-03-06 00:00:00,48746.81,49121.21,48740.65,49078.69,639.372281,0.0001
2021-03-06 08:00:00,48820.13,49100.0,48807.19,48872.16,587.475682,0.0001
2021-03-06 16:00:00,47267.88,47820.51,47104.85,47783.02,814.436012,0.0001
2021-03-08 00:00:00,50959.11,51432.86,50843.59,51363.51,939.824487,0.0001
2021-03-08 08:00:00,49755.24,49810.5,49377.0,49447.87,961.81755,0.0001
2021-03-09 00:00:00,52375.18,52540.48,52151.0,52280.9,1414.477461,0.00072419
2021-03-09 08:00:00,53546.89,53771.0,53274.96,53728.0,835.342964,0.00041976
2021-03-09 16:00:00,54097.03,54290.57,53813.16,53832.67,1056.145278,0.00057038
2021-03-11 00:00:00,55851.59,56171.05,55505.0,56059.39,1365.820699,0.00095931
2021-03-11 08:00:00,55034.21,55093.53,54500.0,54589.99,2511.784723,0.00099305
2021-03-13 00:00:00,57221.72,57307.2,56436.26,56643.87,1198.687576,0.00047834
2021-03-13 16:00:00,59693.0,59900.97,59670.32,59766.8,1003.348265,0.00057114
2021-03-14 08:00:00,60494.8,60718.2,60250.01,60705.98,839.899796,0.00084593
2021-03-14 16:00:00,59681.21,59968.81,59300.0,59934.31,1263.834708,0.00115069
2021-03-17 08:00:00,55819.23,55946.1,55622.94,55707.22,512.615665,0.00019234
2021-03-18 08:00:00,58355.14,58489.92,58279.0,58442.76,441.903775,0.00029259
2021-03-18 16:00:00,59533.67,59888.0,59400.0,59655.61,1977.71693,0.00032547
2021-03-19 16:00:00,58977.04,59180.0,58610.56,58866.5,1006.420341,0.0003326
2021-03-20 00:00:00,58030.01,58234.68,57820.17,58159.95,1055.028012,0.0004928
2021-03-20 08:00:00,58402.41,58786.0,58402.4,58636.98,681.885405,0.00044452
2021-03-21 00:00:00,58100.02,58472.14,57811.41,58328.78,1266.452225,0.00031366
2021-03-21 08:00:00,56972.68,57255.08,56800.0,57200.01,501.304886,0.00042375
2021-03-21 16:00:00,57159.04,57206.78,56750.0,57202.27,846.239392,0.0001
2021-03-22 16:00:00,57082.99,57195.0,56826.58,57142.04,556.502737,0.00048977
2021-03-23 00:00:00,54083.25,54652.78,53777.68,54568.99,1187.903429,0.0002421
2021-03-24 08:00:00,55464.46,56037.96,55452.14,55898.99,1581.695838,0.00016567
2021-03-24 16:00:00,56298.12,56422.02,55994.2,56183.27,608.217545,0.00026422
2021-03-25 00:00:00,52303.66,52750.0,52000.0,52732.39,1555.84769,0.00011828
2021-03-25 08:00:00,52270.72,52471.51,52101.0,52408.72,1017.065911,0.0001
2021-03-25 16:00:00,50996.15,51333.33,50550.0,51333.32,1813.876135,0.0001
2021-03-26 08:00:00,53569.24,53826.48,53281.02,53479.66,1796.050794,0.0001
2021-03-27 08:00:00,54950.27,55146.23,54780.0,54876.81,530.365983,0.0001
2021-03-28 00:00:00,55817.14,55998.99,55699.86,55853.42,775.45837,0.0001
2021-03-28 08:00:00,56200.66,56257.39,56111.35,56149.01,260.898215,0.0001
2021-03-29 08:00:00,55911.99,56224.61,55911.99,56178.74,752.024177,0.0001
2021-03-29 16:00:00,57719.74,57830.0,57340.98,57624.27,1197.755412,0.00018171
2021-03-31 00:00:00,58746.57,58889.78,58693.49,58869.1,428.815396,0.00080754
2021-03-31 08:00:00,58173.82,58275.45,56769.0,57779.01,3282.768693,0.00070889
2021-03-31 16:00:00,59304.76,59648.52,59135.43,59249.19,1236.370057,0.00058414
2021-04-02 00:00:00,58720.45,58885.93,58610.16,58799.44,502.813229,0.00071058
2021-04-02 08:00:00,59421.21,59645.19,59414.46,59451.93,485.105863,0.00106221
2021-04-02 16:00:00,59480.06,59600.0,59362.75,59395.09,589.768059,0.0010197
2021-04-03 08:00:00,59301.8,59791.72,59300.0,59693.0,1011.96083,0.00107843
2021-04-03 16:00:00,58829.99,59031.8,58600.0,58943.73,1325.161306,0.00101313
2021-04-04 00:00:00,57051.95,57051.95,56507.91,56843.92,1664.51672,0.0005209
2021-04-04 08:00:00,57614.52,57688.92,57402.3,57479.98,514.219523,0.00048495
2021-04-05 00:00:00,58202.01,58387.35,57988.09,58025.01,686.285452,0.00039464
2021-04-06 08:00:00,58576.59,59000.0,58300.0,58689.74,1398.36891,0.00057776
2021-04-07 00:00:00,57990.03,58200.01,57914.7,58200.01,585.792612,0.00057609
2021-04-09 00:00:00,58077.52,58249.0,58032.01,58230.98,574.924224,0.00019611
2021-04-10 16:00:00,60247.26,60550.0,60247.26,60404.83,790.851454,0.00119652
2021-04-11 08:00:00,59655.5,59874.8,59655.49,59813.78,362.011954,0.00099427
2021-04-11 16:00:00,59645.45,59785.37,59500.63,59708.37,586.402054,0.00105998
2021-04-14 08:00:00,64288.8,64548.49,64288.8,64478.19,731.740283,0.00108567
2021-04-15 08:00:00,62842.56,63137.92,62835.94,62875.01,525.956313,0.00082082
2021-04-16 08:00:00,61414.88,61607.83,61150.01,61425.5,878.105058,0.00120022
2021-04-17 08:00:00,62114.99,62334.09,62114.99,62239.97,733.429839,0.00054007
2021-04-18 16:00:00,55452.45,55828.45,55292.61,55724.04,1551.87619,0.0001
2021-04-19 00:00:00,56150.01,56315.4,55690.62,55705.39,1147.330021,0.0001
2021-04-19 08:00:00,57323.34,57526.81,57130.02,57131.83,1267.940902,0.0001
2021-04-20 08:00:00,54410.57,54950.0,54230.38,54866.99,911.079978,0.0001
2021-04-22 00:00:00,53787.62,54147.76,53200.0,53449.81,2244.209208,0.0001
2021-04-22 08:00:00,54146.01,54254.5,53716.69,53822.49,1076.588297,0.0001
2021-04-25 00:00:00,50047.84,50265.29,49851.74,50190.68,729.419782,0.000217
2021-04-25 16:00:00,50257.97,50307.0,50043.28,50161.27,726.945966,0.0001
2021-04-27 00:00:00,54001.38,54160.61,53673.46,53791.08,921.385241,0.0001
2021-04-27 08:00:00,54545.0,54831.78,54418.12,54713.35,614.721915,0.0001
2021-04-28 00:00:00,55011.97,55285.0,54967.38,55140.0,1088.067062,0.0001
2021-04-28 08:00:00,54255.98,54436.96,54118.22,54430.51,603.364411,0.0001
2021-05-01 16:00:00,57356.59,57493.97,57218.0,57450.0,502.30609,0.00032496
2021-05-03 08:00:00,58787.88,58815.9,58623.27,58629.03,724.489801,0.00036188
2021-05-06 16:00:00,57088.48,57244.48,56841.87,57156.5,968.457538,0.0009352
2021-05-07 00:00:00,56393.68,56747.53,56028.46,56709.6,1021.811065,0.00044645
2021-05-07 08:00:00,55766.33,56040.08,55578.97,55588.21,838.523024,0.00053313
2021-05-08 08:00:00,58463.06,59000.0,58458.29,58968.21,2101.579839,0.00046279
2021-05-08 16:00:00,57599.86,58226.41,57560.63,58143.11,2115.1361,0.00046426
2021-05-09 16:00:00,57379.58,57598.9,57300.01,57560.28,979.505131,0.00063864
2021-05-10 08:00:00,58370.17,58593.79,58100.0,58190.05,1184.310147,0.00090258
2021-05-11 00:00:00,55816.14,55988.86,55471.62,55539.09,881.373741,0.00039557
2021-05-11 08:00:00,55737.89,55893.9,55573.2,55620.63,711.936473,0.00050874
2021-05-13 08:00:00,50879.73,50950.0,50354.36,50357.0,1169.20935,0.0001
2021-05-16 00:00:00,46762.99,47554.72,46467.0,47534.37,2396.336915,0.00040248
2021-05-17 16:00:00,43357.0,43814.3,42870.74,42882.93,3119.82442,0.00059294
2021-05-19 00:00:00,42849.78,43584.9,42500.0,43417.95,2018.781919,0.0001
2021-05-20 08:00:00,39959.67,40250.01,39521.27,39582.87,1923.163537,0.0001
2021-05-21 00:00:00,40525.39,41151.25,40470.23,41024.99,1663.325068,0.0001
2021-05-21 08:00:00,39842.58,39999.0,39277.0,39482.38,1362.612039,-1.001e-05
2021-05-25 00:00:00,38810.99,39139.0,38502.73,38918.08,2130.423957,0.0001
2021-05-25 16:00:00,38277.55,38299.88,37700.01,38022.67,1332.343062,0.0001
2021-05-27 00:00:00,39241.92,39243.1,38975.59,38995.24,1036.69064,0.0001
2021-05-27 16:00:00,39666.99,39721.28,39150.0,39313.27,1953.434579,0.0001
2021-05-28 16:00:00,36751.59,36845.93,36120.6,36227.34,1866.072942,0.0001
2021-05-29 08:00:00,36145.0,36306.26,36029.63,36194.72,750.276675,0.0001
2021-05-29 16:00:00,34416.26,34633.0,34004.69,34157.03,2143.714047,0.00010375
2021-05-31 08:00:00,35850.17,35857.35,35588.08,35683.85,912.0708,0.0001
2021-05-31 16:00:00,36961.16,37150.0,36843.24,37121.0,1408.302171,0.0001
2021-06-02 08:00:00,37219.99,37342.21,37110.53,37128.55,856.030613,0.0001
2021-06-05 00:00:00,36829.15,37140.77,36613.22,37102.87,672.872139,0.0001
2021-06-06 00:00:00,35516.07,35619.99,35405.61,35425.84,591.53761,0.0001
2021-06-06 16:00:00,36157.47,36317.81,36112.51,36254.34,530.461846,0.0001
2021-06-08 00:00:00,33556.96,34068.01,33433.77,33932.61,2494.478371,0.0001
2021-06-08 08:00:00,32966.7,33299.23,32961.09,33200.55,1440.739287,1.015e-05
2021-06-09 16:00:00,36356.42,36499.69,36070.05,36296.74,2744.56599,-0.00014842
2021-06-10 16:00:00,36896.65,37150.0,36668.67,36827.97,1577.304295,0.0001
2021-06-12 08:00:00,35289.06,35411.41,35140.6,35393.22,899.969378,0.0001
2021-06-13 08:00:00,35282.02,35412.66,35264.48,35321.05,454.323885,2.852e-05
2021-06-14 00:00:00,39020.56,39252.0,38791.76,38845.26,1724.674822,0.0001
2021-06-14 16:00:00,40685.37,40740.03,40125.55,40506.37,2294.921799,-3.144e-05
2021-06-15 00:00:00,40516.28,40671.05,40169.51,40428.43,1446.972869,8.002e-05
2021-06-15 08:00:00,40367.41,40398.57,40209.21,40268.86,579.869549,0.0001
2021-06-16 16:00:00,38775.66,39311.74,38671.57,39276.92,2059.783397,0.0001
2021-06-17 08:00:00,39208.67,39308.88,39135.0,39200.36,928.559146,0.0001
2021-06-19 16:00:00,36114.85,36210.0,35921.53,35956.52,734.348396,7.475e-05
2021-06-20 08:00:00,35637.72,35693.88,35530.0,35600.48,475.014233,0.0001
2021-06-21 08:00:00,33025.5,33362.0,32846.84,33303.47,2463.127908,0.0001
2021-06-23 08:00:00,33982.26,34264.57,33850.44,34150.99,2018.933748,-0.00013693
2021-06-23 16:00:00,33490.14,33840.22,33211.0,33673.36,2802.670517,-0.00019895
2021-06-25 16:00:00,32607.07,32910.64,32512.3,32696.93,1694.763359,0.0001
2021-06-26 08:00:00,30713.54,30878.95,30173.94,30262.87,3560.361013,-0.00013121
2021-06-29 08:00:00,34849.2,34979.08,34730.0,34871.02,1000.558947,0.0001
2021-06-29 16:00:00,36248.99,36300.0,36076.27,36186.18,770.376943,3.883e-05
2021-07-01 00:00:00,35045.0,35057.57,34775.17,34829.83,684.025213,0.0001
2021-07-03 08:00:00,34499.53,34573.66,34410.0,34489.99,1198.714584,-0.0001355
2021-07-05 08:00:00,34257.37,34311.0,34171.88,34223.96,443.540127,0.0001
2021-07-06 16:00:00,34042.44,34148.11,33950.04,33996.9,493.075996,-8.213e-05
2021-07-09 00:00:00,32875.71,32882.37,32591.0,32711.81,527.432962,-0.00010885
2021-07-09 16:00:00,33558.81,33696.4,33480.17,33512.16,745.115989,-0.00018845
2021-07-10 08:00:00,33766.01,33786.47,33686.0,33786.47,208.640409,7.847e-05
2021-07-12 00:00:00,34259.0,34345.53,34082.65,34141.84,1057.866845,8.851e-05
2021-07-12 16:00:00,33337.49,33441.0,33168.16,33198.2,1220.615091,0.0001
2021-07-13 00:00:00,33086.94,33143.04,32858.1,32978.04,714.348663,0.0001
2021-07-14 00:00:00,32729.12,32807.41,32666.53,32696.41,531.154508,0.0001
2021-07-14 08:00:00,31920.01,31975.0,31839.44,31955.33,355.27145,1.317e-05
2021-07-15 16:00:00,31678.5,31737.68,31569.0,31623.04,598.279794,1.576e-05
2021-07-16 00:00:00,31874.49,31940.0,31640.0,31808.22,1121.970221,-0.00011529
2021-07-16 08:00:00,31779.98,31779.99,31576.38,31649.29,629.061421,6.105e-05
2021-07-18 00:00:00,31520.07,31633.05,31463.0,31527.89,431.821141,0.0001
2021-07-21 08:00:00,30817.84,30857.06,30716.37,30756.9,616.549461,-0.00039139
2021-07-23 08:00:00,32489.99,32496.78,32402.59,32480.87,344.032756,-0.00016985
2021-07-24 00:00:00,33634.1,33777.0,33401.14,33423.77,1512.947794,-7.246e-05
2021-07-25 16:00:00,34174.08,34244.99,34120.0,34132.46,396.844795,-5.198e-05
2021-07-26 00:00:00,35381.02,35830.0,35205.78,35803.62,3272.127056,-0.00054841
2021-07-26 08:00:00,38149.99,38320.64,37661.7,37916.74,1941.042615,0.0001
2021-07-26 16:00:00,38562.21,38860.0,38492.31,38841.02,1338.443771,0.0001
2021-07-28 00:00:00,39456.61,39562.23,39076.68,39183.0,1124.505923,-2.037e-05
2021-07-29 08:00:00,39935.0,39972.5,39676.04,39840.0,858.505518,8.276e-05
2021-07-30 08:00:00,39726.0,39732.62,39635.05,39703.67,515.349568,0.0001
2021-07-30 16:00:00,39072.65,39076.65,38940.94,38948.18,372.397549,-2.377e-05
2021-07-31 00:00:00,42206.36,42448.0,41660.54,42036.55,2199.208799,0.0001
2021-08-02 00:00:00,39850.27,40058.99,39751.54,40028.24,832.145389,0.0001
2021-08-03 00:00:00,39146.86,39186.09,38755.56,38892.04,1274.107827,0.0001
2021-08-03 08:00:00,38593.43,38599.29,38400.0,38430.0,515.696541,0.0001
2021-08-04 00:00:00,38207.04,38339.84,37968.0,37984.41,612.196368,0.0001
2021-08-04 08:00:00,37828.84,37967.06,37763.73,37915.01,592.856321,0.0001
2021-08-05 00:00:00,39723.17,39849.61,39622.59,39837.85,589.25203,0.0001
2021-08-05 08:00:00,38870.58,38956.54,38742.57,38956.53,588.028305,0.0001
2021-08-06 00:00:00,40862.46,41015.99,40634.79,40761.37,976.745439,0.0001
2021-08-08 00:00:00,44572.54,44776.0,44326.76,44620.08,1650.34527,0.0001
2021-08-09 00:00:00,43794.36,43960.84,43180.0,43331.1,1587.034673,0.0001
2021-08-09 08:00:00,43800.74,43900.0,43668.78,43711.17,789.420511,0.0001
2021-08-10 00:00:00,46248.87,46700.0,45870.0,46001.23,2404.421201,0.0001
2021-08-10 16:00:00,45161.75,45267.59,45037.07,45050.56,745.386862,0.0001
2021-08-11 16:00:00,46456.91,46518.0,46270.62,46417.52,925.313011,0.0001
2021-08-12 16:00:00,44196.19,44349.49,44000.0,44122.45,1146.738911,0.0001
2021-08-13 00:00:00,44400.06,44675.69,44391.87,44495.95,894.019676,0.0001
2021-08-13 08:00:00,46103.5,46323.62,46099.47,46140.34,1071.359744,0.0001
2021-08-14 08:00:00,47616.12,47660.78,47510.25,47599.99,347.835406,0.0001
2021-08-14 16:00:00,46944.47,46985.19,46703.0,46754.09,502.299694,0.0001
2021-08-15 08:00:00,45738.34,45890.0,45555.55,45861.38,985.25032,0.0001
2021-08-18 00:00:00,44695.95,45031.56,44590.9,44782.63,1148.000163,0.0001
2021-08-18 08:00:00,44951.31,45154.88,44943.97,45109.64,378.013406,0.0001
2021-08-19 00:00:00,44699.37,44965.95,44618.54,44635.84,590.039454,0.0001
2021-08-19 16:00:00,45779.59,45951.33,45585.0,45609.82,1145.581175,0.0001
2021-08-20 00:00:00,46760.62,46874.14,46622.99,46861.6,726.301228,0.0001
2021-08-21 16:00:00,49180.98,49323.72,49064.01,49315.66,599.547148,0.00016694
2021-08-24 16:00:00,48310.73,48406.26,48105.44,48105.49,1565.000783,0.00041348
2021-08-25 08:00:00,48144.58,48169.43,47921.81,47970.86,561.856888,0.0001
2021-08-25 16:00:00,48817.41,48853.74,48653.6,48692.91,743.740809,0.0001
2021-08-28 00:00:00,49069.9,49200.0,48993.56,49016.96,841.67123,0.0001
2021-08-28 08:00:00,48949.03,49072.07,48913.16,49050.04,373.51467,0.0003224
2021-08-28 16:00:00,48811.12,48888.0,48710.0,48887.46,354.58542,0.00023137
2021-08-29 00:00:00,48895.35,49085.0,48810.55,48918.07,645.03058,0.0001
2021-08-30 16:00:00,48012.78,48136.2,47956.63,48094.56,417.48606,0.0002255
2021-08-31 00:00:00,46982.91,47140.79,46851.0,47097.05,794.6429,0.00036162
2021-09-01 00:00:00,47100.89,47321.42,46851.0,47023.09,785.43575,0.00044618
2021-09-01 16:00:00,47488.5,47561.96,47472.86,47507.84,547.34671,0.00033967
2021-09-03 08:00:00,49305.1,49486.16,49255.57,49451.47,298.13285,0.00033375
2021-09-05 16:00:00,50214.95,50278.52,50120.0,50160.8,365.23722,0.0001
2021-09-08 08:00:00,45075.72,45345.38,44850.0,44963.58,1344.08806,0.0001
2021-09-08 16:00:00,46082.9,46118.06,45860.01,46054.0,573.90899,0.0001
2021-09-11 00:00:00,44842.2,45119.99,44722.22,45110.81,963.40033,0.0001
2021-09-11 16:00:00,45573.99,45660.03,45405.5,45471.86,508.26955,0.0001
2021-09-12 00:00:00,45173.68,45297.28,45074.53,45241.83,380.15498,0.0001
2021-09-12 16:00:00,45890.61,45999.12,45853.45,45892.43,319.55452,0.0001
2021-09-13 00:00:00,46025.23,46215.98,45982.39,46199.36,391.63775,0.0001
2021-09-14 08:00:00,45720.03,45849.0,45678.01,45824.16,594.32577,0.0001
2021-09-17 00:00:00,47737.81,47874.99,47680.0,47848.78,236.80512,0.0001
2021-09-18 00:00:00,47299.98,47368.03,47135.5,47342.59,333.78435,0.0001
2021-09-20 08:00:00,44830.01,45087.05,44662.14,44910.23,844.34945,0.0001
2021-09-21 16:00:00,43072.81,43295.66,42973.82,43013.87,624.79608,0.0001
2021-09-22 16:00:00,43222.96,43465.0,43072.0,43333.36,1192.13242,0.0001
2021-09-23 08:00:00,44229.99,44297.25,44122.71,44133.23,364.79179,7.835e-05
2021-09-24 00:00:00,44865.26,44978.53,44714.86,44827.23,700.91575,-7.856e-05
2021-09-24 16:00:00,41944.0,42146.68,41833.91,41923.17,718.3588,3.978e-05
2021-09-26 08:00:00,41227.07,41691.31,41181.76,41294.88,1713.52139,0.0001
2021-09-27 00:00:00,43160.9,43214.11,42980.0,43053.83,501.83218,0.0001
2021-09-27 16:00:00,43293.27,43347.42,43230.92,43281.56,627.30345,0.0001
2021-09-28 00:00:00,42147.35,42303.0,41942.0,42142.37,955.58978,2.549e-05
2021-09-28 16:00:00,41447.18,41580.48,41368.96,41550.01,429.89055,9.756e-05
2021-09-29 00:00:00,41025.01,41196.99,40800.0,40838.85,914.05772,4.448e-05
2021-09-29 16:00:00,41698.97,41824.01,41635.72,41693.81,512.57084,5.661e-05
2021-09-30 00:00:00,41524.29,41589.98,41410.17,41536.06,289.04876,0.0001
2021-10-01 16:00:00,47363.69,47399.44,47232.98,47308.45,416.40913,0.0001
2021-10-02 00:00:00,48141.6,48224.01,47635.0,47715.6,940.94232,5.277e-05
2021-10-04 08:00:00,47838.54,47962.51,47755.0,47763.15,317.58598,0.0001
2021-10-04 16:00:00,47758.22,48163.24,47694.41,48158.06,812.1239,0.0001
2021-10-06 08:00:00,51450.0,51500.0,51000.05,51257.91,938.41656,0.0001
2021-10-07 16:00:00,53902.39,53929.26,53400.0,53646.78,822.99977,0.00032669
2021-10-09 16:00:00,54977.29,55125.0,54969.0,55051.19,759.50989,0.00015717
2021-10-10 00:00:00,54949.72,54968.98,54806.95,54873.9,1018.08631,0.0001
2021-10-10 16:00:00,55370.28,55446.66,55243.81,55342.66,889.35757,0.0001
2021-10-13 16:00:00,56168.85,56239.33,56072.75,56209.98,451.03505,0.0001
2021-10-14 16:00:00,57331.3,57437.67,57121.8,57154.35,825.98305,0.00017282
2021-10-16 08:00:00,61733.96,62062.55,61690.03,62040.02,429.77668,0.00027876
2021-10-19 08:00:00,62297.06,62297.06,61980.0,62016.73,260.86503,0.00014974
2021-10-19 16:00:00,62395.99,62539.55,62311.02,62444.47,288.47055,0.0001
2021-10-21 00:00:00,66001.4,66033.64,65743.08,65751.8,603.80306,0.00068927
2021-10-21 08:00:00,65100.7,65464.84,65064.35,65435.02,633.15939,0.00057124
2021-10-26 16:00:00,62514.59,62743.86,61826.08,62362.71,1294.49682,0.00055995
2021-10-27 08:00:00,59949.99,59953.94,58000.0,58868.15,6627.598,0.00030309
2021-10-28 08:00:00,58993.71,59311.53,58988.04,59311.53,677.14091,0.0001
2021-10-29 00:00:00,60575.9,60834.71,60381.82,60447.69,711.57635,0.0002352
2021-10-30 00:00:00,62253.7,62359.25,62080.22,62110.43,336.673,0.00016972
2021-11-02 00:00:00,60911.12,61277.65,60717.28,61226.75,393.42801,0.00015524
2021-11-03 08:00:00,63394.62,63399.71,63164.1,63231.23,353.90476,0.00043965
2021-11-05 00:00:00,61395.01,61489.99,61299.58,61307.84,266.77889,0.00018372
2021-11-06 08:00:00,60790.87,61304.47,60720.0,61118.25,629.73627,0.00045326
2021-11-08 08:00:00,65941.88,65970.0,65734.69,65756.1,533.2417,0.00049328
2021-11-08 16:00:00,66382.01,66538.53,66179.0,66187.05,754.61716,0.0004876
2021-11-09 00:00:00,67525.82,67537.13,67015.2,67244.0,862.00401,0.00038683
2021-11-10 00:00:00,66947.67,67222.4,66800.0,67107.35,644.39952,0.00037679
2021-11-12 00:00:00,64774.25,64836.29,64652.17,64709.54,411.51005,0.00018008
2021-11-12 08:00:00,64488.11,64618.32,64200.0,64609.76,539.18619,0.00035543
2021-11-13 00:00:00,64122.22,64455.0,64115.41,64339.45,362.30721,0.00015442
2021-11-14 16:00:00,64070.41,64134.78,63792.79,64033.45,456.65087,0.00013059
2021-11-15 08:00:00,65579.71,65675.0,65400.0,65454.33,384.65799,0.00020745
2021-11-15 16:00:00,64288.16,64444.18,64047.93,64122.18,736.18425,0.00040989
2021-11-16 00:00:00,63606.73,63617.31,62511.48,62792.95,2245.6798,0.00035998
2021-11-19 00:00:00,56891.62,57376.61,56674.0,57281.23,973.39133,0.0001
2021-11-19 08:00:00,55987.83,56415.69,55986.05,56377.79,518.24562,0.0001
2021-11-20 08:00:00,58380.06,58419.13,58315.75,58400.08,248.94715,0.0001
2021-11-21 00:00:00,59707.52,59770.78,59561.27,59740.82,419.65469,0.0001
2021-11-21 16:00:00,59199.26,59500.0,59199.25,59332.53,662.10843,0.0001
2021-11-22 08:00:00,57259.54,57419.98,57236.52,57397.96,276.16267,0.0001
2021-11-22 16:00:00,58194.78,58250.0,57770.84,57796.29,627.7514,0.0001
2021-11-25 00:00:00,57138.29,57441.0,57108.74,57264.54,495.65108,0.00014549
2021-11-25 16:00:00,59048.5,59340.99,59048.5,59253.52,1024.41842,0.00011888
2021-11-26 00:00:00,58960.37,59150.0,58914.08,59053.26,432.01142,0.00013863
2021-11-26 08:00:00,56966.32,56966.32,56395.57,56733.27,1381.80089,0.00033741
2021-11-28 08:00:00,54515.6,54619.95,54409.2,54612.0,172.45377,0.0001
2021-11-29 16:00:00,57125.93,57180.68,57002.04,57058.83,415.89191,0.00020774
2021-11-30 00:00:00,57776.25,57914.0,57552.38,57885.82,460.55093,0.0002781
2021-11-30 16:00:00,57233.8,57504.22,56764.99,56858.23,2432.08652,0.0001
2021-12-01 00:00:00,56950.56,57530.96,56630.0,57198.47,691.98605,0.00012689
2021-12-01 08:00:00,57163.87,57202.74,56852.34,56919.99,403.19032,0.00029146
2021-12-02 00:00:00,57184.07,57195.67,56876.47,57063.0,597.16021,0.00015951
2021-12-04 16:00:00,48203.74,48269.24,47858.01,48132.42,890.5601,2.893e-05
2021-12-06 16:00:00,48942.67,49000.0,48690.62,48706.63,824.38451,0.0001
2021-12-07 08:00:00,50907.27,51048.4,50810.03,50996.99,284.18097,3.977e-05
2021-12-07 16:00:00,51734.15,51866.88,51633.65,51643.83,457.68573,0.0001
2021-12-08 00:00:00,50588.95,50657.04,50363.45,50521.47,296.57752,0.0001
2021-12-09 08:00:00,50016.86,50016.89,49600.0,49719.98,340.87736,0.0001
2021-12-09 16:00:00,48462.08,48499.52,48251.0,48271.68,371.59484,0.0001
2021-12-10 00:00:00,47535.9,48070.92,47439.29,47950.09,557.89501,0.0001
2021-12-11 16:00:00,48745.11,49135.18,48678.18,48930.39,733.83995,0.0001
2021-12-13 16:00:00,47252.02,47559.37,46918.88,47365.32,1661.65663,0.0001
2021-12-14 08:00:00,46999.99,47287.99,46968.24,47111.51,951.60745,0.0001
2021-12-15 00:00:00,48336.95,48388.41,48220.78,48329.32,345.51478,0.0001
2021-12-16 16:00:00,48578.61,48628.28,48317.0,48406.95,445.72638,0.0001
2021-12-17 00:00:00,47632.38,47880.51,47390.43,47848.52,733.79561,0.0001
2021-12-18 16:00:00,46858.56,46930.88,46756.28,46901.86,239.34935,8.402e-05
2021-12-19 08:00:00,47515.09,47641.77,47494.76,47597.49,162.86376,0.0001
2021-12-22 00:00:00,48887.59,48992.5,48762.33,48899.99,356.82488,0.0001
2021-12-23 08:00:00,48129.61,48261.62,48060.0,48245.22,391.47412,0.0001
2021-12-23 16:00:00,48819.33,48996.98,48810.42,48855.0,606.32998,4.018e-05
2021-12-24 08:00:00,50994.75,51086.33,50895.57,51070.69,288.74164,0.0001
2021-12-25 00:00:00,50819.99,50903.54,50600.0,50847.11,239.84404,0.0001
2021-12-26 16:00:00,50049.34,50185.0,50022.3,50034.57,165.74955,0.0001
2021-12-27 16:00:00,51450.58,51519.97,51329.0,51372.89,453.40387,0.0001
2021-12-28 00:00:00,50701.44,50704.05,50320.0,50569.66,883.58262,0.0001
2021-12-28 16:00:00,48937.47,48974.85,48534.84,48591.31,756.24794,0.0001
2021-12-31 16:00:00,48005.37,48040.15,47910.56,48013.16,236.67433,0.0001
2022-01-01 16:00:00,47219.04,47461.29,47186.07,47428.34,320.37946,0.0001
2022-01-02 08:00:00,47173.44,47178.95,46970.05,47060.74,173.36588,0.0001
2022-01-02 16:00:00,47340.47,47486.61,47273.64,47431.11,298.39696,0.0001
2022-01-04 00:00:00,46446.1,46527.3,46340.02,46408.47,274.1171,0.0001
2022-01-05 16:00:00,46622.53,46665.64,46352.0,46464.42,265.00347,0.0001
2022-01-07 08:00:00,41706.71,41800.0,41607.5,41754.17,468.13999,0.0001
2022-01-08 16:00:00,41609.6,41733.52,41511.32,41711.3,269.43823,0.0001
2022-01-09 08:00:00,41791.5,41949.99,41791.5,41836.11,174.15386,0.0001
2022-01-09 16:00:00,41621.11,41682.57,41556.49,41570.01,183.46654,0.0001
2022-01-10 00:00:00,41864.62,41950.6,41700.0,41942.87,327.65915,0.0001
2022-01-11 16:00:00,41733.92,42177.0,41680.44,42158.82,1120.03359,0.0001
2022-01-12 16:00:00,43560.29,43688.5,43431.3,43470.78,473.67872,-5.342e-05
2022-01-13 08:00:00,43699.99,43831.98,43668.87,43830.5,299.12567,0.0001
2022-01-14 00:00:00,42558.35,42679.18,42362.91,42659.77,410.20687,5.92e-06
2022-01-15 00:00:00,43059.96,43174.0,42907.0,43001.37,267.30142,2.282e-05
2022-01-15 16:00:00,43401.21,43430.98,43290.01,43340.97,331.79063,2.661e-05
2022-01-16 00:00:00,43084.29,43117.5,43000.0,43013.58,285.8151,9.07e-05
2022-01-18 08:00:00,42065.42,42065.42,41750.0,41862.83,604.17057,9.998e-05
2022-01-19 08:00:00,41287.1,41371.12,41185.86,41331.87,462.64365,0.0001
2022-01-19 16:00:00,41981.27,42052.48,41697.46,41742.38,686.52571,0.0001
2022-01-20 08:00:00,42058.31,42084.91,41953.35,41969.31,172.39883,0.0001
2022-01-20 16:00:00,43308.7,43505.0,43180.0,43229.16,1033.61081,0.0001
2022-01-21 16:00:00,38857.24,38947.33,38677.82,38752.73,551.44851,8.226e-05
2022-01-24 08:00:00,34887.9,35042.24,34850.0,35032.17,408.19888,5.605e-05
2022-01-25 00:00:00,36660.35,36691.87,36391.65,36496.76,671.00187,0.0001
2022-01-25 08:00:00,36044.01,36339.78,36003.3,36330.95,858.92779,8.126e-05
2022-01-26 00:00:00,36958.32,37000.0,36783.39,36815.81,290.62725,6.76e-06
2022-01-28 00:00:00,37160.11,37467.98,37060.02,37369.95,918.0746,-4.93e-06
2022-01-28 08:00:00,36799.82,36882.22,36661.0,36678.0,514.58666,7.165e-05
2022-01-29 08:00:00,37836.98,37893.15,37753.0,37753.01,236.17502,5.239e-05
2022-01-30 16:00:00,37977.47,38074.76,37888.66,38005.99,194.70883,0.0001
2022-01-31 00:00:00,37881.75,37951.07,37656.89,37707.47,483.5646,8.927e-05
2022-01-31 08:00:00,37121.84,37187.53,37105.1,37167.47,191.71334,-7.369e-05
2022-01-31 16:00:00,37722.91,38041.31,37671.46,37930.0,892.16815,-5.648e-05
2022-02-01 08:00:00,38440.76,38549.55,38398.54,38544.01,196.74909,6.113e-05
2022-02-02 08:00:00,38282.14,38398.66,38225.0,38367.48,328.15269,0.0001
2022-02-03 08:00:00,37024.16,37106.91,37022.54,37095.36,218.39992,1.168e-05
2022-02-03 16:00:00,36910.06,37104.6,36852.36,37050.98,439.79197,-1.533e-05
2022-02-05 08:00:00,41379.99,41483.67,41362.7,41470.0,246.84803,0.0001
2022-02-05 16:00:00,41761.87,41854.81,41559.6,41604.57,578.8385,0.0001
2022-02-06 00:00:00,41382.6,41475.23,41382.59,41455.98,150.66208,0.0001
2022-02-06 08:00:00,41612.32,41660.63,41574.35,41585.89,160.51367,0.0001
2022-02-06 16:00:00,41519.48,41618.59,41417.23,41480.64,274.34478,0.0001
2022-02-09 00:00:00,44043.0,44146.2,44000.0,44115.17,394.10543,8.216e-05
2022-02-10 08:00:00,44092.43,44299.45,44055.86,44217.37,412.54069,-1.799e-05
2022-02-11 00:00:00,43495.44,43559.45,43255.78,43501.02,694.97193,3.895e-05
2022-02-17 08:00:00,43919.46,44022.36,43910.86,43929.36,280.37024,0.0001
2022-02-18 00:00:00,40515.71,40601.5,40350.0,40439.73,648.06893,-4.38e-06
2022-02-18 16:00:00,39832.02,39973.88,39450.0,39962.63,2388.46273,-9.36e-06
2022-02-19 08:00:00,40263.7,40301.11,40258.97,40265.6,88.00637,9.61e-06
2022-02-21 00:00:00,38386.89,38455.28,38182.98,38443.98,551.40066,6.5e-05
2022-02-22 08:00:00,36771.65,37000.0,36756.53,36918.22,488.80497,2.477e-05
2022-02-22 16:00:00,37759.9,37878.93,37565.0,37595.5,733.5587,-3.085e-05
2022-02-25 00:00:00,38328.68,38571.64,38252.45,38488.03,609.70325,0.0001
2022-02-27 08:00:00,38790.92,38828.94,38709.86,38744.0,196.54823,1.803e-05
2022-02-27 16:00:00,39357.03,39450.94,39157.89,39170.63,456.64296,-6.28e-06
2022-02-28 00:00:00,37699.08,37802.04,37509.73,37709.66,425.02741,-0.00021167
2022-03-01 16:00:00,43643.69,43710.99,43111.46,43665.25,1039.55586,4.369e-05
2022-03-02 00:00:00,44421.2,44750.0,44281.42,44587.98,1145.48107,-5.07e-06
2022-03-02 08:00:00,43973.09,44048.57,43738.27,43938.72,647.82615,0.0001
2022-03-03 00:00:00,43892.99,43961.11,43663.5,43701.57,603.19246,0.0001
2022-03-03 08:00:00,43477.04,43599.88,43429.26,43593.0,290.27108,0.0001
2022-03-04 08:00:00,41436.98,41774.12,41405.76,41691.83,870.44808,0.0001
2022-03-04 16:00:00,40694.32,40809.53,40414.24,40586.93,1912.1466,0.0001
2022-03-05 16:00:00,39160.0,39199.9,39122.33,39168.19,244.30184,1.656e-05
2022-03-06 08:00:00,39387.56,39387.57,39253.66,39333.27,313.69527,-9.6e-06
2022-03-07 16:00:00,39071.49,39547.57,39055.48,39356.78,1444.68413,-3.177e-05
2022-03-08 16:00:00,38658.34,38865.46,38563.49,38680.83,808.33541,0.0001
2022-03-09 08:00:00,41791.1,41986.02,41626.28,41791.18,1223.6925,0.0001
2022-03-10 00:00:00,41941.7,42011.0,41846.27,41886.02,454.86133,0.0001
2022-03-10 16:00:00,39179.55,39264.09,39035.33,39256.02,718.60282,-8.919e-05
2022-03-11 08:00:00,39132.1,39171.58,39027.48,39150.22,360.49316,-7.765e-05
2022-03-13 08:00:00,39089.76,39129.22,39046.05,39052.69,186.93324,6.13e-06
2022-03-15 08:00:00,38439.5,38477.0,38254.35,38417.0,831.38148,4.476e-05
2022-03-16 08:00:00,39581.01,39900.0,39563.63,39754.99,773.67106,5.871e-05
2022-03-17 08:00:00,40726.06,40878.18,40679.71,40812.28,396.59067,0.0001
2022-03-18 00:00:00,40917.89,40933.11,40773.29,40839.99,353.48138,0.0001
2022-03-18 08:00:00,40570.67,40611.57,40500.0,40592.01,318.66279,1.662e-05
2022-03-19 16:00:00,41937.68,41956.72,41838.29,41893.99,355.00032,0.0001
2022-03-20 00:00:00,42201.13,42296.26,42159.3,42271.8,527.65964,0.0001
2022-03-23 08:00:00,42107.73,42146.57,41988.5,42051.99,391.80985,0.0001
2022-03-26 16:00:00,44205.3,44215.49,44154.99,44182.89,382.79646,0.0001
2022-03-28 16:00:00,47422.51,47550.0,47415.77,47494.51,450.64847,0.0001
2022-03-29 00:00:00,47122.21,47335.37,47050.0,47271.23,785.13943,0.0001
2022-03-29 16:00:00,47440.0,47474.99,47105.5,47119.99,1435.73755,9.594e-05
2022-03-30 00:00:00,47434.79,47439.55,47323.15,47387.2,318.95999,0.0001
2022-03-31 08:00:00,47160.75,47232.8,47123.78,47183.8,424.46518,0.0001
2022-04-01 00:00:00,45510.35,45644.86,45417.42,45624.72,654.14809,0.0001
2022-04-01 08:00:00,45015.68,45174.73,45008.24,45104.36,601.56491,7.626e-05
2022-04-02 00:00:00,46283.49,46283.5,46081.93,46175.0,542.90609,0.0001
2022-04-04 08:00:00,46174.0,46184.11,46072.16,46105.65,183.3909,0.0001
2022-04-05 00:00:00,46580.5,46649.42,46496.03,46608.51,534.47963,0.0001
2022-04-06 16:00:00,44168.36,44274.8,44068.92,44082.15,734.2465,0.0001
2022-04-07 08:00:00,43445.34,43495.63,43434.6,43463.31,269.22989,0.0001
2022-04-07 16:00:00,43331.82,43494.22,43308.53,43482.86,615.57859,2.421e-05
2022-04-08 00:00:00,43444.2,43527.36,43325.99,43521.74,378.98212,4.306e-05
2022-04-09 08:00:00,42481.08,42507.05,42414.01,42445.42,133.60312,9.279e-05
2022-04-11 00:00:00,42158.85,42236.81,41926.97,42023.78,719.65383,2.43e-06
2022-04-11 08:00:00,42305.74,42350.0,42251.25,42266.99,342.47311,0.0001
2022-04-12 00:00:00,39530.45,39677.43,39357.64,39538.12,972.16933,-6.795e-05
2022-04-14 08:00:00,41271.66,41324.93,41246.18,41302.49,219.66881,3.533e-05
2022-04-15 16:00:00,40412.21,40434.03,40203.68,40275.35,413.15652,7.697e-05
2022-04-17 00:00:00,40378.7,40413.14,40350.53,40367.17,201.48078,7.2e-06
2022-04-17 16:00:00,40445.3,40476.07,40428.09,40468.76,130.92735,0.0001
2022-04-18 16:00:00,39254.5,39266.13,39000.0,39088.47,492.60818,-5.436e-05
2022-04-19 16:00:00,41445.88,41522.0,41411.0,41484.37,593.0454,-5.028e-05
2022-04-20 16:00:00,41261.72,41317.35,41132.54,41187.09,459.92794,3.714e-05
2022-04-21 00:00:00,41358.19,41525.42,41320.47,41458.16,444.23697,1.77e-06
2022-04-21 08:00:00,41855.69,41987.01,41768.86,41800.93,830.39311,-5.245e-05
2022-04-23 00:00:00,39709.19,39872.64,39665.38,39712.54,619.43287,-9.023e-05
2022-04-23 08:00:00,39600.98,39614.51,39535.05,39553.27,145.77722,-7.562e-05
2022-04-24 16:00:00,39656.49,39713.85,39620.0,39649.99,292.48701,-3.654e-05
2022-04-25 16:00:00,38976.76,39336.31,38911.57,39333.84,1030.69158,7.223e-05
2022-04-26 08:00:00,40584.5,40675.93,40578.04,40655.51,420.91349,0.0001
2022-04-27 08:00:00,39113.06,39140.0,38985.18,39078.52,1641.53567,-0.00011034
2022-04-28 00:00:00,39235.72,39270.0,39157.9,39256.22,240.57556,-5.716e-05
2022-04-29 00:00:00,39742.06,39847.02,39717.19,39817.73,436.72419,0.0001
2022-04-30 00:00:00,38596.11,38656.0,38563.06,38621.89,301.86551,-9.371e-05
2022-05-01 00:00:00,37630.8,37772.81,37612.43,37682.51,649.22019,2.403e-05
2022-05-01 08:00:00,37970.27,38050.29,37924.13,38043.3,278.62761,9.5e-07
2022-05-02 16:00:00,38696.05,38733.09,38565.59,38680.63,574.88668,0.0001
2022-05-03 08:00:00,38559.99,38651.51,38553.27,38617.48,368.79175,0.0001
2022-05-04 16:00:00,38973.2,39020.0,38868.15,39019.99,384.73729,0.0001
2022-05-08 00:00:00,35472.4,35514.22,35392.17,35455.52,568.70725,-2.659e-05
2022-05-09 00:00:00,34038.39,34171.41,33986.57,34089.47,675.58769,0.0001
2022-05-09 16:00:00,32341.53,32524.95,32173.91,32425.67,2800.11533,0.0001
2022-05-10 00:00:00,30074.23,30690.78,29972.45,30300.16,5063.777972,0.0001
2022-05-12 08:00:00,28193.4,28323.9,27900.17,28231.28,2681.2301,-0.00041995
2022-05-13 16:00:00,30340.0,30537.78,30269.43,30472.2,768.78165,6.045e-05
2022-05-14 00:00:00,29287.05,29537.59,29219.37,29517.57,955.36235,0.0001
2022-05-14 08:00:00,29431.58,29470.0,29361.01,29408.12,380.49853,0.0001
2022-05-15 00:00:00,30086.74,30140.0,29960.4,29996.55,623.87118,8.29e-05
2022-05-15 08:00:00,29826.0,29859.55,29687.93,29717.24,401.63384,0.0001
2022-05-15 16:00:00,30013.46,30117.52,29950.01,29996.43,642.68799,9.053e-05
2022-05-17 00:00:00,29874.01,29964.88,29807.16,29917.22,402.3792,0.0001
2022-05-19 00:00:00,28715.33,28940.99,28700.01,28900.0,765.6523,-3.41e-06
2022-05-22 16:00:00,29844.01,29901.7,29738.57,29756.13,475.01758,0.0001
2022-05-23 08:00:00,30457.01,30523.51,30418.4,30433.71,712.34406,0.0001
2022-05-24 08:00:00,29404.54,29404.55,29365.0,29398.29,226.95042,-6.76e-06
2022-05-25 08:00:00,29701.47,29800.02,29560.67,29800.02,1049.74764,0.0001
2022-05-26 16:00:00,29393.1,29599.51,29370.0,29544.91,1383.39326,7.21e-06
2022-05-27 16:00:00,28850.46,28936.44,28741.12,28876.43,1134.40625,0.0001
2022-05-29 00:00:00,29031.33,29045.34,28993.8,29022.15,235.64539,0.0001
2022-05-30 00:00:00,29468.1,29470.61,29338.15,29350.92,383.05418,0.0001
2022-05-31 08:00:00,31573.76,31692.21,31570.12,31614.8,657.41885,0.0001
2022-05-31 16:00:00,32058.52,32233.77,31842.96,31842.97,1909.32185,0.0001
2022-06-01 00:00:00,31801.05,31889.58,31715.51,31763.68,585.79514,0.0001
2022-06-01 16:00:00,30742.59,30744.19,30556.07,30642.67,3663.83915,0.0001
2022-06-02 00:00:00,29805.84,29814.26,29693.79,29704.0,643.05602,-1.452e-05
2022-06-04 08:00:00,29700.96,29717.54,29681.16,29696.54,160.43492,4.795e-05
2022-06-05 16:00:00,29972.23,30189.0,29932.35,30045.89,1813.33395,4.753e-05
2022-06-06 00:00:00,29919.2,29998.61,29890.23,29934.55,347.63944,6.036e-05
2022-06-06 16:00:00,31541.41,31555.75,31386.07,31401.09,1012.47323,0.0001
2022-06-07 00:00:00,31373.1,31381.03,31230.13,31237.25,579.3434,0.0001
2022-06-07 16:00:00,29891.17,29899.38,29800.19,29841.29,402.43229,-3.705e-05
2022-06-09 00:00:00,30204.77,30243.39,30117.35,30197.24,491.25758,0.0001
2022-06-09 08:00:00,30487.53,30569.0,30388.05,30389.32,756.61379,9.106e-05
2022-06-09 16:00:00,30302.23,30329.72,30180.2,30208.94,694.05283,0.0001
2022-06-10 08:00:00,30052.44,30114.25,30045.3,30068.65,351.70018,9.289e-05
2022-06-11 16:00:00,28405.55,28505.61,28343.38,28393.88,1071.45956,6.606e-05
2022-06-13 08:00:00,24811.59,24941.17,24576.45,24825.14,3495.59352,-3.182e-05
2022-06-15 00:00:00,22136.42,22153.2,21882.0,21934.01,1424.73776,-2.077e-05
2022-06-16 16:00:00,21074.77,21087.84,20922.72,20923.77,1137.4086,-5.277e-05
2022-06-17 16:00:00,20661.95,20791.96,20602.05,20766.3,1219.33423,5.092e-05
2022-06-20 08:00:00,20086.62,20399.0,20023.14,20293.97,2100.12998,-5.4e-06
2022-06-22 00:00:00,20723.51,20735.66,20456.0,20534.78,1530.79082,1.78e-06
2022-06-23 00:00:00,19988.0,20134.5,19890.07,20112.55,1539.67323,-8.72e-06
2022-06-23 08:00:00,20461.83,20643.16,20454.32,20604.43,788.75179,-1.577e-05
2022-06-25 16:00:00,20961.89,21031.92,20915.0,21025.05,760.04733,0.0001
2022-06-27 08:00:00,21363.23,21409.64,21363.22,21395.39,845.95007,3.533e-05
2022-06-29 00:00:00,20281.28,20314.76,20152.0,20286.05,1294.92129,4.188e-05
2022-06-29 16:00:00,20084.48,20094.43,20031.2,20067.79,486.84856,5.319e-05
2022-06-30 00:00:00,20123.0,20179.08,20073.18,20141.96,700.03802,3.24e-06
2022-06-30 08:00:00,19435.89,19440.73,19343.95,19381.1,901.73877,-5.159e-05
2022-06-30 16:00:00,19143.97,19162.16,19068.64,19115.59,825.98784,-0.00015879
2022-07-02 00:00:00,19279.8,19355.34,19211.92,19343.34,1090.56651,-2.913e-05
2022-07-02 08:00:00,19126.81,19183.72,19120.01,19178.09,398.46336,5.218e-05
2022-07-04 16:00:00,19801.48,19831.19,19734.22,19814.04,806.93302,2.248e-05
2022-07-05 00:00:00,20236.71,20394.0,20179.74,20350.98,1559.17615,5.291e-05
2022-07-05 08:00:00,20215.68,20215.69,20058.0,20112.92,1225.05895,0.0001
2022-07-06 08:00:00,20162.21,20303.65,20085.93,20230.35,1370.23531,0.0001
2022-07-06 16:00:00,20148.85,20176.31,20133.55,20173.9,433.04567,8.373e-05
2022-07-08 16:00:00,21964.3,21979.51,21746.12,21801.33,9790.22511,0.0001
2022-07-09 00:00:00,21594.75,21672.13,21430.0,21493.32,3755.8242,0.0001
2022-07-09 08:00:00,21654.72,21667.91,21633.92,21664.46,876.7753,0.0001
2022-07-11 00:00:00,20861.11,20868.48,20753.77,20777.65,1863.13368,4.543e-05
2022-07-12 00:00:00,19963.61,20006.54,19925.61,19988.03,1843.74522,8.003e-05
2022-07-12 16:00:00,19886.33,19959.0,19880.0,19922.8,1393.61104,2.667e-05
2022-07-14 16:00:00,20390.0,20485.92,20267.45,20327.48,3864.56128,3.451e-05
2022-07-17 00:00:00,21195.6,21348.86,21187.19,21329.47,1907.35076,8.038e-05
2022-07-19 00:00:00,22432.58,22961.72,22214.45,22825.7,8200.77032,0.0001
2022-07-19 08:00:00,21764.88,21847.96,21696.6,21840.02,2336.47528,0.0001
2022-07-20 08:00:00,23381.18,23468.63,23325.5,23462.37,2767.87811,0.0001
2022-07-21 00:00:00,23223.3,23350.0,23200.0,23318.27,2029.08799,0.0001
2022-07-22 08:00:00,23121.63,23222.0,23068.0,23196.22,2013.57507,0.0001
2022-07-22 16:00:00,23290.71,23344.62,23157.22,23185.26,2928.35216,5.172e-05
2022-07-24 00:00:00,22448.58,22677.37,22448.58,22622.62,2729.0083,3.77e-05
2022-07-24 16:00:00,22847.08,22880.87,22684.58,22711.65,2461.69932,8.293e-05
2022-07-25 00:00:00,22577.13,22633.95,22545.42,22621.36,1763.86075,0.0001
2022-07-26 08:00:00,21066.86,21093.85,21008.23,21022.47,1788.2275,3.654e-05
2022-07-26 16:00:00,20746.81,20819.39,20734.79,20805.9,2146.19924,8.659e-05
2022-07-27 08:00:00,21346.11,21414.0,21342.01,21370.04,1389.40504,5.085e-05
2022-07-29 00:00:00,23845.25,23890.0,23818.26,23844.83,1695.71616,0.0001
2022-07-29 08:00:00,23941.63,23952.71,23778.42,23924.51,2803.1781,0.0001
2022-07-29 16:00:00,24012.76,24024.8,23652.53,23668.23,3998.75349,0.0001
2022-07-30 16:00:00,24526.57,24548.05,24450.2,24473.14,1864.76843,0.0001
2022-08-02 00:00:00,23266.9,23400.0,23207.03,23383.16,1721.79559,0.0001
2022-08-05 08:00:00,23185.08,23250.0,23180.0,23244.03,1163.36571,6.774e-05
2022-08-05 16:00:00,22988.26,23048.28,22938.33,22992.76,2083.79967,2.115e-05
2022-08-06 08:00:00,23204.77,23234.67,23182.6,23231.09,1099.0075,8.589e-05
2022-08-07 08:00:00,23014.6,23025.95,22960.62,22964.46,1098.82027,-7.37e-06
2022-08-08 16:00:00,23991.38,24011.93,23893.09,23945.03,2320.78151,0.0001
2022-08-09 08:00:00,23878.12,23890.47,23795.26,23822.64,1545.41927,7.92e-05
2022-08-09 16:00:00,23075.0,23100.0,23011.33,23053.97,1965.63748,0.0001
2022-08-10 00:00:00,23151.32,23151.32,23043.18,23088.19,1580.10843,-1.314e-05
2022-08-11 08:00:00,24431.88,24437.27,24345.08,24408.98,2854.61359,0.0001
2022-08-11 16:00:00,24343.68,24397.6,24285.48,24289.95,3066.02477,4.911e-05
2022-08-12 08:00:00,23960.99,23999.7,23920.11,23992.11,1390.30453,1.412e-05
2022-08-14 00:00:00,24443.06,24447.4,24350.04,24359.13,1400.26342,2.396e-05
2022-08-14 08:00:00,24873.32,24883.24,24728.32,24796.31,3509.44872,-3.33e-06
2022-08-14 16:00:00,24525.51,24525.52,24486.59,24513.89,1272.40808,1.239e-05
2022-08-16 16:00:00,23901.0,23925.41,23833.62,23865.05,2020.16829,2.87e-05
2022-08-19 00:00:00,23191.45,23208.67,23023.0,23067.79,4661.98447,0.0001
2022-08-19 08:00:00,21907.37,21915.88,21705.0,21842.01,5139.2469,2.108e-05
2022-08-20 00:00:00,20834.39,20971.42,20792.92,20943.88,3748.90683,1.07e-05
2022-08-20 16:00:00,21300.5,21360.0,21291.38,21319.09,1783.91685,-4.567e-05
2022-08-21 16:00:00,21419.0,21456.96,21343.83,21350.23,1663.56049,-3.234e-05
2022-08-23 00:00:00,21400.75,21439.67,21364.7,21383.76,2454.28309,-3.345e-05
2022-08-24 16:00:00,21618.46,21900.0,21609.09,21810.36,6160.52153,-3.538e-05
2022-08-25 08:00:00,21744.22,21819.88,21737.96,21753.82,3518.04021,1.547e-05
2022-08-26 16:00:00,20780.86,20832.23,20742.06,20832.0,3511.2507,2.599e-05
2022-08-28 08:00:00,20055.85,20107.52,20047.44,20082.5,1261.97062,-8.758e-05
2022-08-28 16:00:00,20022.03,20111.98,20020.32,20083.74,3116.70275,-2.443e-05
2022-08-29 00:00:00,19555.61,19641.91,19550.79,19573.5,4192.35901,-0.00013623
2022-08-29 08:00:00,19897.01,19923.63,19858.5,19863.77,1982.95785,-0.00010056
2022-08-31 00:00:00,19813.03,19910.78,19797.94,19883.66,2728.52977,-2.089e-05
2022-09-01 08:00:00,19894.97,19937.3,19847.27,19934.64,2407.67972,2.266e-05
2022-09-02 16:00:00,20355.85,20387.3,20351.14,20357.41,2293.36255,4.443e-05
2022-09-03 00:00:00,19950.98,19973.33,19917.0,19960.09,1670.20074,-1.99e-06
2022-09-04 16:00:00,19790.84,19801.86,19722.51,19741.4,1632.4769,2.119e-05
2022-09-08 08:00:00,19171.6,19180.0,19147.26,19154.64,2516.12879,3.327e-05
2022-09-09 08:00:00,20631.76,20677.89,20625.26,20664.34,3294.41893,0.0001
2022-09-09 16:00:00,21266.76,21278.25,21143.53,21229.53,7569.12025,0.0001
2022-09-10 08:00:00,21283.89,21366.77,21278.54,21336.17,3427.7061,9.764e-05
2022-09-12 16:00:00,22112.59,22204.26,22010.96,22088.98,5400.63245,0.0001
2022-09-13 08:00:00,22271.59,22310.0,22239.13,22291.81,3471.71784,0.0001
2022-09-13 16:00:00,20829.77,20881.85,20733.65,20870.14,6503.66305,0.0001
2022-09-14 00:00:00,20173.62,20220.38,20120.0,20206.43,3713.21542,-3.953e-05
2022-09-14 08:00:00,20243.22,20275.0,20190.24,20206.21,3728.63822,7.27e-06
2022-09-14 16:00:00,20178.16,20210.53,20142.15,20205.7,4248.25148,1.004e-05
2022-09-16 00:00:00,19701.88,19731.25,19632.74,19669.36,3384.10024,8.055e-05
2022-09-16 08:00:00,19739.1,19759.27,19705.44,19709.83,2594.4532,4.349e-05
2022-09-16 16:00:00,19661.24,19661.89,19562.52,19579.12,3302.04034,2.919e-05
2022-09-17 00:00:00,19803.3,19837.96,19770.0,19830.64,2464.95754,3.024e-05
2022-09-18 00:00:00,20112.61,20117.26,19959.37,20023.06,3166.57459,6.428e-05
2022-09-18 16:00:00,19814.63,19879.44,19640.25,19718.53,6567.47693,3.564e-05
2022-09-20 16:00:00,19238.09,19319.28,19155.0,19166.93,4636.43343,1.721e-05
2022-09-21 16:00:00,19191.81,19259.2,19169.37,19250.93,2096.22983,2.732e-05
2022-09-22 00:00:00,18461.36,18548.55,18440.91,18491.18,4128.35145,-0.00011779
2022-09-22 08:00:00,18934.29,18992.98,18906.1,18918.14,3790.84705,-6.911e-05
2022-09-24 00:00:00,19288.57,19316.14,19234.02,19234.03,3684.47107,2.947e-05
2022-09-24 16:00:00,19124.14,19195.0,19100.0,19136.87,3732.45433,5.345e-05
2022-09-25 08:00:00,19098.09,19123.57,19090.0,19096.22,1533.47048,3.653e-05
2022-09-26 16:00:00,19113.48,19114.45,19050.12,19074.65,5625.67119,4.497e-05
2022-09-28 08:00:00,18782.49,18795.0,18713.0,18734.15,5075.49616,-1.071e-05
2022-09-28 16:00:00,19487.79,19666.66,19487.41,19586.0,9383.91674,5.332e-05
2022-09-29 08:00:00,19360.4,19400.56,19325.73,19384.44,3840.13512,7.641e-05
2022-09-29 16:00:00,19288.78,19320.0,19215.12,19224.08,4202.83618,6.685e-05
2022-10-01 16:00:00,19332.42,19353.81,19298.07,19311.4,2195.14177,7.005e-05
2022-10-02 00:00:00,19312.24,19321.2,19292.57,19308.13,1275.05552,4.262e-05
2022-10-02 08:00:00,19284.93,19300.55,19268.58,19280.7,1765.55601,5.816e-05
2022-10-03 00:00:00,19057.74,19084.91,18959.68,19077.45,5009.15982,3.996e-05
2022-10-05 00:00:00,20337.82,20365.6,20243.44,20247.79,3935.63286,0.0001
2022-10-05 08:00:00,20227.2,20245.58,20100.0,20112.63,4013.87238,0.0001
2022-10-07 00:00:00,19960.67,20023.51,19940.9,20011.94,2232.57457,0.0001
2022-10-07 08:00:00,19928.0,19966.33,19913.63,19960.7,1770.65822,0.0001
2022-10-09 00:00:00,19416.52,19455.0,19392.85,19439.19,1559.38759,3.246e-05
2022-10-10 08:00:00,19412.25,19419.78,19259.88,19297.03,4418.95411,6.069e-05
2022-10-11 16:00:00,19147.6,19153.5,19085.0,19134.15,3881.11363,0.0001
2022-10-12 08:00:00,19111.5,19138.88,19089.51,19096.86,1949.92644,0.0001
2022-10-12 16:00:00,19137.36,19153.33,19110.21,19122.15,3051.33394,0.0001
2022-10-14 08:00:00,19642.2,19674.64,19609.38,19661.15,3770.6836,0.0001
2022-10-16 08:00:00,19134.31,19157.0,19130.26,19148.82,957.44508,4.61e-06
2022-10-18 16:00:00,19375.71,19404.99,19345.56,19398.94,3784.43195,0.0001
2022-10-20 00:00:00,19123.35,19164.99,19111.2,19160.46,1616.01568,0.0001
2022-10-20 16:00:00,19253.88,19256.55,19160.0,19170.09,4706.19194,2.095e-05
2022-10-21 16:00:00,19168.44,19229.0,19135.01,19143.61,6982.62133,-8.9e-06
2022-10-22 00:00:00,19164.37,19175.58,19147.64,19151.6,1595.86714,3.721e-05
2022-10-22 16:00:00,19234.8,19248.85,19211.67,19215.85,1714.60124,-3.19e-06
2022-10-23 08:00:00,19162.16,19171.0,19150.0,19166.29,1096.88459,1.171e-05
2022-10-25 16:00:00,19748.48,19840.7,19718.0,19758.93,8169.43321,-1.66e-06
2022-10-26 16:00:00,20846.66,20997.13,20843.61,20914.35,7602.74731,6.122e-05
2022-10-28 00:00:00,20295.11,20313.21,20233.62,20249.31,3346.77947,-1.228e-05
2022-10-28 08:00:00,20080.01,20141.27,20060.1,20131.42,4398.30769,3.541e-05
2022-10-29 00:00:00,20591.84,20603.25,20557.1,20602.19,2111.72448,2.484e-05
2022-10-30 00:00:00,20809.68,20841.11,20783.72,20804.97,2403.53953,-2.515e-05
2022-10-31 08:00:00,20547.08,20549.0,20455.0,20484.57,3264.88386,3.842e-05
2022-11-01 00:00:00,20490.74,20505.62,20450.82,20488.96,3593.27362,7.22e-06
2022-11-01 08:00:00,20598.74,20644.78,20594.28,20621.89,2931.06741,-1.088e-05
2022-11-01 16:00:00,20444.0,20517.77,20425.0,20469.0,5239.85484,1.302e-05
2022-11-02 00:00:00,20482.81,20491.06,20407.66,20450.55,4442.81332,4.787e-05
2022-11-02 08:00:00,20421.64,20436.55,20410.27,20410.5,2287.01826,1.203e-05
2022-11-04 00:00:00,20207.12,20216.74,20180.96,20203.87,3329.77741,4.429e-05
2022-11-06 08:00:00,21193.88,21214.52,21173.03,21193.31,2388.33173,9.732e-05
2022-11-08 00:00:00,20590.67,20629.67,20566.0,20606.88,3559.58032,6.515e-05
2022-11-09 00:00:00,18545.38,18567.36,18411.5,18464.21,5368.37149,-0.00013884
2022-11-10 08:00:00,16752.36,16781.34,16631.15,16647.49,5643.52908,-0.00111953
2022-11-11 00:00:00,17602.45,17660.0,17545.6,17596.02,3506.4668,-0.00019452
2022-11-12 16:00:00,16935.74,16955.0,16904.41,16950.75,1333.46733,6.521e-05
2022-11-13 08:00:00,16774.99,16795.92,16743.81,16745.24,1640.17228,-7.357e-05
2022-11-14 00:00:00,16331.78,16410.43,16310.11,16390.88,2328.2252,-3.809e-05
2022-11-14 08:00:00,16822.96,16935.59,16796.75,16878.19,7162.91032,-7.645e-05
2022-11-14 16:00:00,16593.77,16625.34,16463.16,16491.45,4264.54553,-1.132e-05
2022-11-17 00:00:00,16661.61,16709.46,16654.78,16705.24,2208.41726,-4.542e-05
2022-11-17 08:00:00,16611.9,16635.82,16585.0,16592.33,2611.38486,-5.138e-05
2022-11-18 16:00:00,16695.06,16708.21,16671.86,16705.7,1863.57602,9.55e-06
2022-11-19 00:00:00,16699.43,16708.77,16682.88,16695.44,1160.26601,5.556e-05
2022-11-20 16:00:00,16580.53,16590.03,16555.13,16565.94,1224.90253,-9.79e-06
2022-11-21 16:00:00,16130.45,16139.19,16077.56,16097.84,2926.66983,2.302e-05
2022-11-22 00:00:00,15781.29,15890.0,15746.16,15865.33,3925.23978,-7.485e-05
2022-11-22 08:00:00,15760.42,15769.99,15723.85,15739.21,1809.58987,2.033e-05
2022-11-22 16:00:00,16241.3,16290.27,16181.39,16183.58,3606.28862,7.881e-05
2022-11-23 00:00:00,16227.96,16245.49,16188.74,16208.57,1828.96801,9.406e-05
2022-11-25 16:00:00,16513.0,16516.98,16487.0,16489.43,1927.80452,1.329e-05
2022-11-26 08:00:00,16584.13,16596.36,16581.06,16592.36,1312.0884,-2.455e-05
2022-11-26 16:00:00,16512.35,16530.0,16497.24,16524.79,1714.08726,3.523e-05
2022-11-27 08:00:00,16562.98,16577.0,16554.23,16571.21,1619.5167,-3.066e-05
2022-11-29 00:00:00,16212.18,16224.83,16120.63,16150.38,4147.17612,4.76e-05
2022-11-29 16:00:00,16394.34,16398.94,16342.59,16371.95,3694.78674,4.171e-05
2022-11-30 08:00:00,16883.87,16918.99,16880.51,16913.6,1765.68727,4.038e-05
2022-12-01 16:00:00,16977.6,16982.89,16950.77,16951.77,2525.99834,0.0001
2022-12-03 08:00:00,16964.51,16967.38,16945.02,16958.39,1561.75061,5.123e-05
2022-12-04 08:00:00,16996.39,17000.98,16986.25,16992.24,1298.27454,6.437e-05
2022-12-07 00:00:00,17088.96,17094.9,17064.01,17067.07,2110.18298,7.887e-05
2022-12-07 08:00:00,16763.03,16776.14,16678.83,16773.13,5271.98042,6.58e-06
2022-12-07 16:00:00,16837.48,16850.24,16816.72,16820.2,2965.80636,-1.492e-05
2022-12-08 08:00:00,16825.55,16835.35,16822.67,16827.48,1511.21978,2.152e-05
2022-12-09 16:00:00,17181.5,17187.51,17165.03,17170.0,2477.08333,3.198e-05
2022-12-12 00:00:00,17085.05,17087.67,16967.58,16987.58,7644.57289,2.406e-05
2022-12-12 16:00:00,17010.19,17022.02,16994.11,17000.74,2440.67656,-1.67e-05
2022-12-13 00:00:00,17208.93,17238.7,17179.22,17181.29,2667.75179,3.003e-05
2022-12-15 00:00:00,17804.01,17841.47,17797.37,17839.35,1814.0215,0.0001
2022-12-19 00:00:00,16739.0,16756.41,16715.44,16748.41,1641.60934,6.468e-05
2022-12-19 08:00:00,16722.23,16737.49,16707.1,16716.94,2015.47247,3.493e-05
2022-12-19 16:00:00,16668.23,16691.67,16656.96,16687.63,1875.71918,4.496e-05
2022-12-20 16:00:00,16918.15,16936.32,16878.03,16881.95,3004.87375,3.401e-05
2022-12-22 08:00:00,16826.23,16832.0,16801.3,16817.63,1602.04077,8.167e-05
2022-12-23 08:00:00,16848.45,16860.06,16810.23,16837.16,2177.88087,0.0001
2022-12-23 16:00:00,16832.15,16845.0,16817.92,16832.42,1850.8484,8.903e-05
2022-12-25 00:00:00,16835.73,16839.79,16831.26,16832.56,783.01118,5.21e-06
2022-12-25 16:00:00,16793.49,16806.74,16771.7,16803.47,2231.4629,3.06e-05
2022-12-26 08:00:00,16843.76,16847.02,16832.32,16834.05,1098.41745,-5.064e-05
2022-12-29 08:00:00,16556.37,16567.36,16551.29,16557.97,1725.19191,8.532e-05
2022-12-30 00:00:00,16633.47,16641.32,16623.72,16626.31,1332.8289,0.0001
2022-12-30 08:00:00,16475.1,16498.04,16471.93,16482.82,1359.13493,7.132e-05
2022-12-30 16:00:00,16555.26,16577.0,16533.94,16535.22,2599.91414,0.0001
2022-12-31 08:00:00,16564.81,16567.32,16558.0,16558.93,1127.09457,0.0001
2022-12-31 16:00:00,16590.1,16597.77,16590.1,16592.89,891.76306,0.0001
2023-01-01 00:00:00,16541.77,16544.76,16520.0,16520.69,1172.53835,0.0001
2023-01-01 16:00:00,16558.73,16584.66,16558.0,16562.45,1739.58452,6.91e-06
2023-01-02 00:00:00,16617.17,16629.05,16610.03,16612.62,1175.88274,-1.488e-05
2023-01-03 16:00:00,16677.54,16688.2,16646.45,16650.72,2813.68751,3.322e-05
2023-01-04 00:00:00,16675.65,16677.15,16663.05,16668.56,1167.1127,6.489e-05
2023-01-05 16:00:00,16842.94,16865.21,16831.31,16856.35,2592.83432,7.264e-05
2023-01-06 16:00:00,16840.1,16854.0,16817.7,16818.09,3898.57879,8.658e-05
2023-01-07 16:00:00,16940.6,16940.61,16927.82,16928.07,1206.58548,0.0001
2023-01-08 08:00:00,16953.77,16955.51,16950.24,16950.77,1126.72605,0.0001
2023-01-09 08:00:00,17198.01,17208.15,17186.95,17193.25,2232.94757,-6.66e-06
2023-01-10 16:00:00,17327.7,17335.95,17316.48,17332.47,2605.91877,3.129e-05
2023-01-12 00:00:00,17943.26,17986.35,17907.25,17950.35,6789.65559,7.549e-05
2023-01-12 08:00:00,18138.21,18141.63,18071.06,18100.91,3302.18569,0.0001
2023-01-12 16:00:00,18087.28,18101.05,18054.61,18100.31,5150.11262,0.0001
2023-01-13 08:00:00,18825.0,18831.49,18810.01,18821.37,1999.44232,0.0001
2023-01-14 00:00:00,19930.01,20345.0,19888.05,20256.26,12692.47498,8.746e-05
2023-01-14 16:00:00,20785.85,20856.73,20765.55,20811.62,3911.59621,0.0001
2023-01-15 16:00:00,20906.97,20961.81,20871.4,20936.76,2982.99253,0.00019892
2023-01-16 16:00:00,20995.37,21038.43,20947.24,21033.44,3607.28735,0.0001
2023-01-19 00:00:00,20677.47,20741.35,20660.15,20729.35,3420.3226,0.0001
2023-01-20 00:00:00,21071.59,21098.0,21048.7,21060.63,2469.02977,0.0001
2023-01-20 08:00:00,20958.43,20976.35,20946.27,20956.13,2129.71717,0.0001
2023-01-20 16:00:00,21145.05,21174.25,21140.99,21171.99,2406.43386,0.0001
2023-01-22 00:00:00,22783.35,22867.96,22700.06,22841.77,3924.81863,0.0001
2023-01-22 08:00:00,22895.49,22902.43,22828.17,22846.23,2531.96631,0.0001
2023-01-24 16:00:00,22931.36,22943.26,22873.31,22892.77,2687.83472,0.0001
2023-01-25 08:00:00,22711.85,22739.11,22694.22,22696.46,2281.71257,0.0001
2023-01-27 08:00:00,23072.29,23083.87,22993.05,23000.69,2562.3163,9.541e-05
2023-01-27 16:00:00,22932.2,23014.77,22924.01,22991.23,3287.77196,0.0001
2023-01-29 08:00:00,23203.39,23224.55,23192.17,23208.29,1483.53651,0.0001
2023-01-30 08:00:00,23642.81,23676.98,23630.34,23664.0,2287.67469,0.0001
2023-01-30 16:00:00,23178.51,23248.86,23141.23,23216.57,3397.0504,0.0001
2023-01-31 08:00:00,22978.24,22996.84,22923.33,22926.89,3491.3486,0.0001
2023-02-01 08:00:00,23076.67,23087.43,23049.0,23054.61,2600.95395,0.0001
2023-02-03 08:00:00,23456.22,23472.0,23322.3,23388.87,6006.38385,0.0001
2023-02-03 16:00:00,23604.62,23651.63,23586.14,23643.34,4550.67829,0.0001
2023-02-04 08:00:00,23329.18,23345.91,23323.25,23340.18,1220.33469,0.0001
2023-02-04 16:00:00,23421.45,23422.8,23402.38,23409.49,1353.7151,0.0001
2023-02-06 08:00:00,22880.91,22939.99,22875.5,22897.17,3576.3504,0.0001
2023-02-08 16:00:00,22871.28,22889.99,22800.0,22808.7,6347.80525,0.0001
2023-02-12 08:00:00,21798.42,21810.01,21798.01,21807.83,1564.91817,0.0001
2023-02-15 08:00:00,22109.89,22120.28,22095.86,22116.92,2789.36353,2.63e-05
2023-02-16 08:00:00,24611.51,24616.67,24565.9,24612.62,3149.72045,0.0001
2023-02-17 16:00:00,24130.5,24332.75,24103.15,24271.54,10714.41024,0.0001
2023-02-18 08:00:00,24519.01,24551.1,24458.82,24488.83,3150.84148,0.0001
2023-02-22 16:00:00,23714.94,23766.68,23688.18,23697.03,5078.84486,0.0001
2023-02-26 16:00:00,23247.96,23254.96,23218.03,23254.55,1136.96397,6.581e-05
2023-02-27 16:00:00,23557.66,23618.3,23195.27,23314.41,10238.62205,6.826e-05
2023-03-01 08:00:00,23716.06,23795.0,23681.81,23767.96,3575.78875,0.0001
2023-03-02 16:00:00,23361.1,23375.96,23340.36,23351.73,2995.60053,8.395e-05
2023-03-03 00:00:00,23465.32,23476.95,23429.99,23431.7,1179.33022,0.0001
2023-03-03 16:00:00,22335.84,22369.6,22322.0,22325.72,2851.51079,-2.26e-06
2023-03-05 00:00:00,22346.57,22353.84,22336.35,22341.41,1357.88506,1.874e-05
2023-03-05 08:00:00,22375.7,22394.87,22365.09,22394.01,1043.07762,5.44e-06
2023-03-06 16:00:00,22554.43,22586.98,22505.27,22546.77,4387.40204,5.414e-05
2023-03-08 00:00:00,22198.56,22287.0,22190.32,22245.58,3660.86304,2.917e-05
2023-03-10 00:00:00,20362.21,20367.78,20199.52,20209.72,5685.11512,-8.895e-05
2023-03-10 08:00:00,19953.58,19966.48,19900.12,19909.86,4654.54591,5.26e-06
2023-03-12 08:00:00,20346.71,20379.32,20333.8,20368.86,3069.43282,9.088e-05
2023-03-15 08:00:00,24872.54,24905.53,24832.23,24877.13,3969.21884,0.00024127
2023-03-18 08:00:00,27360.43,27365.79,27117.0,27123.16,4761.60761,0.0001
2023-03-19 16:00:00,27546.62,27670.0,27470.0,27540.47,8082.26651,0.0001
2023-03-22 00:00:00,28107.81,28117.25,28072.0,28103.9,4832.67079,2.68e-06
2023-03-22 16:00:00,28595.06,28637.76,28493.9,28527.19,1481.85124,5.334e-05
2023-03-26 00:00:00,27462.96,27484.56,27446.24,27446.24,321.6819,6.1e-07
2023-03-26 16:00:00,27803.89,27878.43,27785.19,27808.01,479.50849,3.634e-05
2023-03-27 16:00:00,26903.63,27219.97,26858.79,27168.4,3003.61183,-3.96e-06
2023-03-28 08:00:00,26962.89,26988.59,26934.01,26961.91,398.26557,1.123e-05
2023-03-30 00:00:00,28348.6,28376.11,28315.31,28366.09,334.65429,6.987e-05
2023-03-30 08:00:00,28725.0,28748.76,28685.02,28722.16,803.30001,5.638e-05
2023-04-01 00:00:00,28465.36,28500.0,28448.94,28500.0,329.11997,0.0001
2023-04-01 08:00:00,28424.98,28441.5,28412.45,28438.0,236.2976,0.0001
2023-04-03 00:00:00,28171.87,28182.17,28149.3,28157.34,320.08622,1.759e-05
2023-04-05 00:00:00,28165.47,28168.76,28133.22,28133.22,218.07093,2.76e-05
2023-04-06 00:00:00,28170.01,28182.05,28027.34,28094.49,702.50419,1.442e-05
2023-04-06 16:00:00,28090.39,28126.6,28088.45,28110.91,501.50345,-2.975e-05
2023-04-07 16:00:00,27944.09,27953.47,27931.67,27931.68,255.18378,1.055e-05
2023-04-08 00:00:00,27906.34,27907.43,27891.53,27891.57,126.48931,2.68e-06
2023-04-10 00:00:00,28323.76,28384.04,28285.61,28364.48,643.16642,0.0001
2023-04-13 16:00:00,30441.43,30476.42,30342.96,30355.45,980.59416,0.0001
2023-04-17 16:00:00,29358.3,29397.07,29337.44,29390.94,596.8858,0.0001
2023-04-18 16:00:00,30184.85,30257.3,30174.15,30256.57,674.05569,6.772e-05
2023-04-19 16:00:00,29260.43,29305.16,29240.01,29303.61,527.83951,-8.1e-07
2023-04-22 00:00:00,27262.84,27318.4,27255.39,27318.39,403.70994,0.0001
2023-04-22 08:00:00,27277.75,27284.74,27247.7,27266.03,231.93342,6.858e-05
2023-04-24 00:00:00,27590.59,27590.6,27562.17,27562.17,254.67893,4.679e-05
2023-04-30 08:00:00,29266.43,29273.96,29242.09,29266.61,161.97823,3.501e-05
2023-05-02 16:00:00,28540.69,28614.45,28476.3,28483.59,945.07453,1.204e-05
2023-05-04 00:00:00,29026.16,29085.69,28990.9,29080.05,608.55227,0.0001
2023-05-04 08:00:00,29058.2,29080.42,28990.01,28994.65,378.721,9.992e-05
2023-05-05 08:00:00,29062.29,29092.98,29036.31,29092.98,431.71993,9.909e-05
2023-05-05 16:00:00,29356.44,29642.95,29356.44,29579.14,3304.04333,8.548e-05
2023-05-06 08:00:00,29363.34,29367.2,29132.14,29255.93,1737.58913,0.0001
2023-05-06 16:00:00,28576.62,28663.17,28535.26,28658.81,679.06146,0.0001
2023-05-07 00:00:00,28848.19,28867.32,28820.76,28839.87,207.42403,4.321e-05
2023-05-07 08:00:00,28910.42,28960.03,28910.0,28936.45,247.61582,4.047e-05
2023-05-08 00:00:00,28430.09,28589.92,28357.7,28555.82,1516.29237,7.2e-06
2023-05-09 08:00:00,27666.63,27670.23,27618.6,27628.16,452.02636,6.841e-05
2023-05-09 16:00:00,27400.39,27449.6,27353.0,27449.58,761.65387,3.78e-06
2023-05-10 16:00:00,28153.21,28246.51,28145.79,28226.38,537.00547,3.792e-05
2023-05-11 08:00:00,27450.07,27450.07,27257.98,27406.0,1123.50755,6.926e-05
2023-05-13 00:00:00,26795.01,26802.87,26743.33,26755.25,373.85505,-1e-07
2023-05-13 08:00:00,26771.87,26815.03,26764.66,26812.37,191.83381,5.385e-05
2023-05-16 08:00:00,27252.58,27252.59,27095.4,27231.02,735.19035,3.165e-05
2023-05-16 16:00:00,27038.01,27073.83,27032.03,27050.37,296.21526,5.8e-05
2023-05-17 08:00:00,26845.14,26847.48,26778.93,26809.0,658.85373,7.029e-05
2023-05-18 00:00:00,27405.62,27433.71,27366.55,27377.91,424.1461,0.0001
2023-05-19 00:00:00,26821.28,26866.25,26799.28,26862.54,279.37094,2.716e-05
2023-05-19 16:00:00,26883.65,26961.34,26846.41,26918.86,565.28586,3.815e-05
2023-05-22 08:00:00,26843.12,26883.63,26835.66,26883.63,226.7792,2.1e-06
2023-05-24 00:00:00,27219.61,27219.61,27199.26,27202.91,167.15153,0.0001
2023-05-25 00:00:00,26329.0,26394.37,26310.23,26357.29,377.40858,5.82e-05
2023-05-26 00:00:00,26473.8,26480.61,26438.0,26453.09,197.78644,0.0001
2023-05-28 16:00:00,27272.17,27344.0,27256.92,27309.99,538.85666,0.0001
2023-05-29 00:00:00,28065.01,28242.63,28065.0,28199.16,1307.29488,0.0001
2023-05-30 08:00:00,27733.22,27747.76,27712.19,27728.55,211.44882,9.036e-05
2023-05-31 08:00:00,27167.91,27203.73,27125.49,27185.62,529.49987,2.864e-05
2023-05-31 16:00:00,26911.55,26962.55,26839.01,26959.86,665.13213,9.865e-05
2023-06-01 16:00:00,26894.47,26922.62,26890.84,26917.64,273.19677,0.0001
2023-06-02 00:00:00,26817.93,26824.64,26793.66,26796.65,259.12355,4.77e-05
2023-06-03 00:00:00,27242.59,27242.6,27210.08,27217.86,179.30826,7.42e-05
2023-06-04 00:00:00,27069.22,27069.23,27050.85,27053.33,174.49946,4.85e-05
2023-06-04 08:00:00,27150.46,27158.12,27141.33,27147.32,130.97287,0.0001
2023-06-04 16:00:00,27179.0,27190.18,27155.0,27190.18,268.36642,0.0001
2023-06-05 08:00:00,26830.0,26840.77,26824.14,26831.4,302.6141,9.538e-05
2023-06-05 16:00:00,26007.53,26074.51,25471.0,25925.65,9060.05922,7.856e-05
2023-06-06 00:00:00,25728.2,25745.13,25692.66,25729.35,490.74027,-7.157e-05
2023-06-07 00:00:00,27230.07,27284.26,27163.06,27231.94,776.50978,0.0001
2023-06-07 16:00:00,26349.52,26407.18,26240.47,26281.17,1042.51513,4.005e-05
2023-06-08 08:00:00,26444.68,26447.42,26403.87,26413.43,223.50362,3.09e-05
2023-06-08 16:00:00,26721.69,26732.24,26650.63,26681.93,494.23751,4.011e-05
2023-06-09 00:00:00,26498.62,26509.72,26455.52,26497.17,361.22379,6.588e-05
2023-06-09 08:00:00,26493.44,26517.76,26491.66,26517.76,202.20448,7.916e-05
2023-06-09 16:00:00,26477.36,26520.0,26442.98,26520.0,439.02949,4.404e-05
2023-06-10 00:00:00,26477.8,26481.66,26474.08,26476.2,99.46751,8.702e-05
2023-06-10 08:00:00,25651.08,25651.09,25561.25,25631.65,1216.05911,2.417e-05
2023-06-10 16:00:00,25628.81,25649.5,25590.27,25595.98,258.89931,3.854e-05
2023-06-11 08:00:00,25741.32,25751.7,25734.07,25747.48,117.54785,3.197e-05
2023-06-11 16:00:00,25751.36,25792.76,25738.07,25779.82,318.55155,5.925e-05
2023-06-12 00:00:00,25925.54,25956.48,25904.77,25949.06,231.51022,8.66e-05
2023-06-12 08:00:00,25802.97,25831.48,25780.0,25814.39,236.01992,3.065e-05
2023-06-13 00:00:00,25905.2,25944.46,25890.0,25941.71,235.64345,0.0001
2023-06-13 08:00:00,26073.91,26082.05,26060.77,26065.22,260.21815,6.18e-05
2023-06-13 16:00:00,25759.54,25816.91,25739.38,25811.77,501.53159,6.503e-05
2023-06-14 00:00:00,25934.24,25965.29,25927.22,25957.1,338.30687,2.438e-05
2023-06-14 08:00:00,25897.71,25914.11,25887.32,25888.4,210.18649,2.716e-05
2023-06-14 16:00:00,25986.74,26012.02,25966.67,26001.12,222.56179,3.661e-05
2023-06-15 00:00:00,25128.6,25128.61,25084.26,25125.03,387.69514,-3.265e-05
2023-06-15 08:00:00,24983.81,25025.0,24966.66,25024.8,462.44478,6.193e-05
2023-06-15 16:00:00,24959.96,24978.0,24929.0,24948.11,284.88759,6.687e-05
2023-06-16 00:00:00,25598.49,25598.49,25528.03,25537.13,433.7779,3.971e-05
2023-06-16 08:00:00,25537.0,25590.0,25537.0,25583.49,272.20369,7.81e-06
2023-06-16 16:00:00,25840.0,25888.07,25780.5,25816.11,1809.83789,2.36e-06
2023-06-17 00:00:00,26345.01,26367.04,26330.0,26357.46,366.35136,9.868e-05
2023-06-17 08:00:00,26593.58,26657.09,26588.28,26640.01,383.74985,0.0001
2023-06-17 16:00:00,26410.82,26447.91,26378.95,26443.53,289.41036,7.543e-05
2023-06-18 00:00:00,26516.99,26539.61,26516.99,26533.16,108.69927,3.706e-05
2023-06-18 08:00:00,26584.99,26596.0,26533.44,26538.06,275.20292,8.233e-05
2023-06-18 16:00:00,26562.09,26600.0,26525.99,26564.01,350.31475,6.705e-05
2023-06-19 00:00:00,26339.98,26387.89,26313.07,26380.0,433.0408,7.04e-05
2023-06-19 08:00:00,26428.0,26435.14,26415.98,26435.14,161.80774,6.397e-05
2023-06-19 16:00:00,26443.99,26445.0,26418.0,26424.0,173.03755,3.69e-05
2023-06-20 08:00:00,26832.45,26837.4,26779.41,26785.1,286.51716,-4.48e-06
2023-06-20 16:00:00,27071.94,27103.76,27001.73,27103.76,1038.23069,-2.597e-05
2023-06-21 00:00:00,28308.0,28328.0,28260.57,28300.82,931.46101,6.295e-05
2023-06-21 08:00:00,28872.28,28904.0,28851.01,28902.48,551.97424,0.0001
2023-06-21 16:00:00,29851.58,30000.0,29763.37,29926.97,2160.59589,2.551e-05
2023-06-22 00:00:00,29993.89,30034.85,29891.15,29957.69,743.89856,0.0001
2023-06-22 16:00:00,29850.65,29969.45,29821.5,29950.0,706.36525,9.236e-05
2023-06-23 00:00:00,29884.92,29998.53,29875.92,29996.81,428.55307,0.0001
2023-06-23 08:00:00,29932.0,29954.75,29906.71,29954.75,257.0471,0.0001
2023-06-23 16:00:00,31238.01,31431.94,31052.58,31379.34,4112.93258,0.0001
2023-06-24 00:00:00,30688.51,30694.16,30610.25,30654.0,442.81804,0.0001
2023-06-24 08:00:00,30567.58,30633.79,30562.7,30627.17,264.76879,0.0001
2023-06-24 16:00:00,30398.72,30450.0,30250.0,30448.73,1376.62912,0.0001
2023-06-25 00:00:00,30527.44,30582.0,30505.21,30582.0,177.18204,0.0001
2023-06-25 08:00:00,30723.78,30759.09,30716.6,30747.98,239.8711,0.0001
2023-06-25 16:00:00,30585.16,30655.11,30526.39,30541.28,345.92863,0.0001
2023-06-26 00:00:00,30462.67,30530.0,30397.56,30403.25,447.6913,0.0001
2023-06-26 08:00:00,30404.28,30428.36,30338.34,30408.57,384.40452,0.0001
2023-06-26 16:00:00,30419.63,30432.0,30385.86,30387.4,353.00811,0.0001
2023-06-27 00:00:00,30267.99,30274.1,30229.0,30245.57,277.90487,0.0001
2023-06-27 08:00:00,30411.23,30448.45,30379.38,30397.34,423.01736,0.0001
2023-06-27 16:00:00,30498.74,30567.0,30456.48,30521.38,572.23597,0.0001
2023-06-28 00:00:00,30692.44,30709.74,30593.0,30640.0,372.05605,0.0001
2023-06-28 08:00:00,30186.14,30227.11,30150.98,30183.99,707.6433,9.302e-05
2023-06-28 16:00:00,30411.07,30466.36,30408.0,30434.52,398.55631,4.598e-05
2023-06-29 00:00:00,30077.4,30138.3,30069.81,30115.57,349.45812,6.574e-05
2023-06-29 08:00:00,30340.29,30401.62,30337.23,30381.15,289.31258,9.3e-05
2023-06-29 16:00:00,30478.79,30579.34,30478.79,30530.0,436.87117,0.0001
2023-06-30 00:00:00,30447.31,30474.57,30421.53,30421.54,226.21572,0.0001
2023-06-30 08:00:00,30765.1,30791.09,30717.5,30738.53,478.78358,0.0001
2023-07-01 00:00:00,30471.99,30516.7,30420.0,30447.72,376.1316,0.0001
2023-07-01 08:00:00,30459.87,30472.22,30434.5,30449.68,207.33956,0.0001
2023-07-01 16:00:00,30572.59,30600.0,30552.18,30552.66,261.14877,0.0001
2023-07-02 00:00:00,30585.9,30589.03,30551.44,30557.29,144.02038,0.0001
2023-07-02 08:00:00,30513.01,30527.99,30500.0,30526.83,201.90736,0.0001
2023-07-03 00:00:00,30617.02,30654.39,30605.67,30653.99,285.08231,0.0001
2023-07-03 08:00:00,30667.19,30690.0,30650.45,30679.98,347.57833,0.0001
2023-07-03 16:00:00,31068.64,31127.76,30800.8,30955.99,1910.18495,0.0001
2023-07-04 08:00:00,30911.4,30960.25,30902.01,30955.99,304.93273,0.0001
2023-07-04 16:00:00,30964.38,30981.49,30944.0,30960.0,265.67883,0.0001
2023-07-05 00:00:00,30766.52,30806.62,30764.0,30789.17,170.91837,0.0001
2023-07-05 08:00:00,30774.24,30776.3,30753.44,30764.17,245.22369,0.0001
2023-07-05 16:00:00,30356.11,30397.2,30333.7,30388.58,399.08947,0.0001
2023-07-06 00:00:00,30504.8,30504.81,30450.0,30452.92,204.58456,0.0001
2023-07-06 08:00:00,30803.2,30850.0,30783.58,30792.81,458.93959,7.72e-05
2023-07-06 16:00:00,30407.0,30464.13,30352.11,30413.91,1484.18684,1.492e-05
2023-07-07 00:00:00,29895.42,30009.21,29701.02,29998.7,2644.986,6.98e-06
2023-07-07 08:00:00,30007.41,30088.95,29970.0,30071.2,324.37366,4.221e-05
2023-07-07 16:00:00,30390.83,30449.0,30361.58,30410.88,372.60782,-6.58e-06
2023-07-08 00:00:00,30344.7,30344.71,30307.0,30307.01,204.88217,3.757e-05
2023-07-08 08:00:00,30193.36,30223.9,30190.19,30223.9,133.02106,2.631e-05
2023-07-08 16:00:00,30208.01,30250.13,30208.0,30230.09,321.1833,1.686e-05
2023-07-09 00:00:00,30284.63,30312.62,30259.14,30259.14,173.41195,5.707e-05
2023-07-09 08:00:00,30265.0,30295.88,30265.0,30295.88,140.58242,6.821e-05
2023-07-09 16:00:00,30349.47,30349.74,30306.82,30308.0,135.35024,6.153e-05
2023-07-10 00:00:00,30160.71,30170.0,29950.0,30032.75,1326.7295,-2.182e-05
2023-07-10 08:00:00,30112.11,30112.11,30084.01,30084.02,219.59108,4.85e-05
2023-07-10 16:00:00,30312.82,30324.86,30245.0,30245.0,366.10481,2.995e-05
2023-07-11 00:00:00,30411.57,30447.0,30392.56,30442.63,531.27086,8.01e-05
2023-07-11 08:00:00,30535.38,30567.32,30535.38,30566.0,154.52548,8.265e-05
2023-07-11 16:00:00,30596.44,30637.5,30536.72,30564.8,445.30504,3.954e-05
2023-07-12 00:00:00,30622.1,30630.0,30584.99,30598.01,271.60835,7.041e-05
2023-07-12 08:00:00,30740.0,30764.04,30721.88,30734.69,267.34969,6.479e-05
2023-07-12 16:00:00,30524.63,30538.44,30422.62,30487.98,857.76425,4.65e-05
2023-07-13 00:00:00,30380.0,30412.56,30376.17,30412.55,198.34709,-1.135e-05
2023-07-13 08:00:00,30366.01,30371.97,30345.05,30361.86,202.19558,6.12e-05
2023-07-13 16:00:00,30917.48,30958.79,30816.74,30904.57,2097.77322,5.29e-06
2023-07-14 00:00:00,31454.23,31479.86,31410.0,31479.86,638.13511,0.0001
2023-07-14 08:00:00,31098.75,31230.98,31083.95,31226.45,692.83122,0.0001
2023-07-14 16:00:00,31240.49,31256.49,31213.92,31216.95,374.14103,0.0001
2023-07-15 00:00:00,30312.0,30312.01,30263.32,30267.63,390.90558,-7.313e-05
2023-07-15 08:00:00,30338.0,30338.01,30305.93,30305.94,187.55477,3.007e-05
2023-07-15 16:00:00,30303.4,30303.41,30264.0,30282.71,181.83286,2.984e-05
2023-07-16 08:00:00,30265.23,30284.42,30265.22,30280.26,91.67874,7.772e-05
2023-07-16 16:00:00,30379.96,30381.88,30360.1,30362.64,139.1415,4.583e-05
2023-07-17 00:00:00,30232.0,30263.97,30193.03,30257.03,267.72733,2.785e-05
2023-07-17 08:00:00,30281.01,30290.61,30266.16,30287.87,244.28652,6.278e-05
2023-07-17 16:00:00,30174.84,30241.03,30150.08,30241.03,418.01419,6.261e-05
2023-07-18 00:00:00,30138.01,30170.42,30128.04,30140.0,230.57051,3.983e-05
2023-07-18 08:00:00,29968.13,29970.45,29881.0,29935.97,440.74263,6.798e-05
2023-07-18 16:00:00,29912.01,29954.0,29894.78,29953.99,217.63506,7.477e-05
2023-07-19 00:00:00,29859.14,29888.0,29839.5,29877.02,210.82447,0.0001
2023-07-19 08:00:00,30000.68,30000.69,29956.23,29979.89,212.81149,5.224e-05
2023-07-20 00:00:00,29909.21,29929.5,29896.03,29929.49,156.61685,2.652e-05
2023-07-20 08:00:00,30202.78,30225.0,30176.73,30198.89,289.98535,9.641e-05
2023-07-20 16:00:00,29810.17,29872.71,29774.5,29840.37,461.98819,5.563e-05
2023-07-21 08:00:00,29766.81,29793.78,29756.17,29780.91,337.56217,7.77e-06
2023-07-21 16:00:00,29866.0,29870.0,29827.2,29829.71,193.43532,3.717e-05
2023-07-22 00:00:00,29901.72,29919.37,29901.71,29919.36,85.88555,2.195e-05
2023-07-22 08:00:00,29944.78,29960.01,29938.52,29960.01,276.92403,9.44e-06
2023-07-22 16:00:00,29900.23,29908.71,29865.25,29865.26,166.34567,1.77e-06
2023-07-23 00:00:00,29793.99,29819.93,29772.6,29772.79,325.70089,2.908e-05
2023-07-23 08:00:00,29916.0,29923.84,29897.58,29897.58,112.18381,0.0001
2023-07-23 16:00:00,29897.64,29950.0,29897.63,29937.91,165.56869,9.372e-05
2023-07-24 00:00:00,30083.75,30099.58,30060.74,30072.29,191.28817,0.0001
2023-07-24 08:00:00,29828.0,29832.54,29810.87,29822.0,176.55052,4.338e-05
2023-07-24 16:00:00,29093.78,29130.0,29066.39,29070.79,604.06093,0.0001
2023-07-25 00:00:00,29176.5,29177.67,29153.42,29166.44,210.04694,7.702e-05
2023-07-25 08:00:00,29142.46,29157.63,29126.0,29126.01,214.28603,6.913e-05
2023-07-25 16:00:00,29181.5,29251.41,29181.5,29249.84,285.97655,9.465e-05
2023-07-26 00:00:00,29228.91,29233.71,29204.48,29208.0,179.58235,9.451e-05
2023-07-26 16:00:00,29324.01,29332.69,29309.99,29314.0,229.88479,5.768e-05
2023-07-27 00:00:00,29351.95,29351.96,29317.0,29326.19,181.60539,3.136e-05
2023-07-27 08:00:00,29412.18,29418.0,29396.0,29417.49,236.32054,3.83e-05
2023-07-28 00:00:00,29222.78,29239.14,29209.7,29238.0,211.33021,4.373e-05
2023-07-28 08:00:00,29140.79,29148.83,29123.12,29136.15,283.75177,6.675e-05
2023-07-28 16:00:00,29387.99,29394.0,29338.14,29343.32,361.8063,0.0001
2023-07-29 00:00:00,29314.14,29314.15,29296.0,29314.14,114.36918,0.0001
2023-07-29 08:00:00,29295.0,29314.21,29291.76,29313.02,226.07938,4.567e-05
2023-07-30 00:00:00,29352.9,29352.92,29341.73,29341.73,71.13425,8.151e-05
2023-07-30 08:00:00,29294.3,29296.66,29292.65,29296.66,60.37271,5.56e-05
2023-07-30 16:00:00,29349.36,29405.66,29326.0,29398.01,191.40252,4.357e-05
2023-07-31 00:00:00,29281.09,29288.0,29266.0,29268.04,105.21555,2.369e-05
2023-07-31 08:00:00,29373.62,29379.34,29370.91,29377.99,124.59356,7.362e-05
2023-08-01 00:00:00,29232.26,29232.26,29210.99,29222.9,180.7959,6.3e-05
2023-08-01 08:00:00,28937.31,28942.0,28921.5,28921.5,240.18877,6.768e-05
2023-08-01 16:00:00,28953.99,29053.0,28913.41,29015.46,1095.94537,0.0001
2023-08-02 00:00:00,29705.99,29825.63,29682.01,29715.0,2325.51718,0.0001
2023-08-02 08:00:00,29577.25,29577.26,29496.65,29510.32,587.31458,0.0001
2023-08-02 16:00:00,29321.39,29345.0,29290.72,29313.77,492.15614,0.0001
2023-08-03 00:00:00,29186.0,29186.01,29163.39,29165.92,305.04721,0.0001
2023-08-03 08:00:00,29044.16,29079.2,29025.0,29068.01,234.44029,0.0001
2023-08-04 00:00:00,29193.65,29218.01,29167.63,29204.04,383.44405,8.116e-05
2023-08-04 08:00:00,29212.91,29263.52,29198.59,29229.7,573.33008,0.0001
2023-08-04 16:00:00,29274.28,29286.7,29252.42,29278.0,313.98703,0.0001
2023-08-05 00:00:00,29114.0,29127.6,29113.99,29115.98,86.21683,4.181e-05
2023-08-05 08:00:00,29052.81,29052.81,29044.37,29050.8,137.23681,0.0001
2023-08-06 00:00:00,29072.13,29072.13,29059.4,29062.29,69.22436,0.0001
2023-08-07 00:00:00,29088.43,29094.55,29069.99,29094.55,342.05463,0.0001
2023-08-07 08:00:00,29094.09,29094.1,29072.73,29072.74,251.05907,7.669e-05
2023-08-07 16:00:00,28858.45,28889.58,28748.0,28788.52,1175.49601,0.0001
2023-08-08 00:00:00,29211.06,29228.52,29200.12,29210.3,224.65909,0.0001
2023-08-08 08:00:00,29187.62,29199.59,29186.0,29190.01,148.77068,9.136e-05
2023-08-08 16:00:00,29535.38,29610.0,29535.38,29602.29,418.61503,5.944e-05
2023-08-09 00:00:00,29770.41,29819.34,29770.41,29819.27,221.89606,8.11e-05
2023-08-09 08:00:00,29818.01,29829.99,29798.48,29798.49,341.48374,9.527e-05
2023-08-09 16:00:00,29761.7,29774.0,29720.34,29752.0,273.76999,8.877e-05
2023-08-10 08:00:00,29511.99,29534.88,29509.16,29514.27,360.05085,0.0001
2023-08-10 16:00:00,29465.99,29471.84,29422.0,29422.01,247.68564,8.277e-05
2023-08-11 00:00:00,29455.76,29457.53,29450.0,29457.53,65.06588,0.0001
2023-08-11 08:00:00,29417.28,29441.74,29406.91,29439.89,522.9522,0.0001
2023-08-11 16:00:00,29395.9,29419.0,29387.19,29419.0,260.02566,7.123e-05
2023-08-12 00:00:00,29426.02,29426.03,29406.26,29406.27,74.00324,0.0001
2023-08-12 08:00:00,29421.48,29426.54,29420.92,29421.46,190.71501,0.0001
2023-08-12 16:00:00,29438.81,29458.0,29438.81,29458.0,111.59294,9.305e-05
2023-08-13 00:00:00,29430.18,29430.18,29425.06,29430.0,52.82136,0.0001
2023-08-13 08:00:00,29396.37,29399.16,29396.36,29397.16,54.67716,4.637e-05
2023-08-13 16:00:00,29374.19,29374.2,29329.57,29329.7,433.49734,0.0001
2023-08-14 08:00:00,29422.01,29471.58,29422.0,29450.62,325.38473,0.0001
2023-08-14 16:00:00,29600.0,29654.0,29599.99,29638.57,442.8732,0.0001
2023-08-15 08:00:00,29408.83,29413.8,29401.34,29406.28,302.8372,0.0001
2023-08-15 16:00:00,29332.67,29355.0,29295.88,29338.0,576.72947,0.0001
2023-08-16 00:00:00,29200.01,29227.56,29196.21,29227.55,105.95848,0.0001
2023-08-16 16:00:00,29106.55,29107.75,28971.83,29023.9,1227.95192,0.0001
2023-08-17 00:00:00,28730.51,28780.0,28670.52,28779.99,883.9965,0.0001
2023-08-17 08:00:00,28622.0,28635.3,28610.96,28610.97,266.68969,0.0001
2023-08-17 16:00:00,27934.02,27980.32,27700.0,27814.01,4623.99959,0.0001
2023-08-18 00:00:00,26623.41,26832.6,26593.86,26782.12,1507.0531,0.0001
2023-08-18 08:00:00,26430.0,26501.82,26420.96,26501.82,550.81004,-4.6e-07
2023-08-18 16:00:00,26001.99,26141.85,25991.2,26093.83,870.61125,5.166e-05
2023-08-19 00:00:00,26054.0,26080.2,26048.67,26069.7,359.74408,-2.74e-06
2023-08-19 08:00:00,25918.0,25982.74,25894.89,25966.81,522.97243,-3.22e-06
2023-08-19 16:00:00,26216.01,26217.36,26117.0,26153.99,631.37615,-5.286e-05
2023-08-20 00:00:00,26100.01,26104.16,26081.32,26104.16,116.48427,-3.069e-05
2023-08-20 08:00:00,26088.44,26088.44,26069.0,26069.87,108.34488,-4.364e-05
2023-08-20 16:00:00,26106.83,26123.99,26086.0,26087.59,185.61054,-1.93e-06
2023-08-21 00:00:00,26190.0,26195.12,26133.37,26133.37,239.1834,-2.797e-05
2023-08-21 08:00:00,26023.33,26029.8,26012.41,26015.45,186.91084,8.16e-06
2023-08-21 16:00:00,25939.59,25974.0,25937.6,25950.88,389.64118,-1.619e-05
2023-08-22 00:00:00,26126.92,26139.42,26115.99,26132.01,153.57639,-3.08e-06
2023-08-22 08:00:00,26106.69,26112.44,26088.0,26110.42,304.71283,-1.928e-05
2023-08-22 16:00:00,25936.62,25947.47,25885.2,25888.01,762.75538,3.048e-05
2023-08-23 00:00:00,26055.99,26169.83,26030.56,26163.99,1172.66158,7.39e-06
2023-08-23 08:00:00,26057.12,26092.6,26052.76,26089.94,183.15923,-1.02e-05
2023-08-23 16:00:00,26143.99,26249.68,26127.24,26196.0,957.11553,3.247e-05
2023-08-24 00:00:00,26432.71,26479.99,26426.0,26470.37,431.54645,-2.822e-05
2023-08-24 08:00:00,26477.39,26488.08,26468.22,26468.22,139.3995,2.506e-05
2023-08-24 16:00:00,25996.35,26109.52,25994.0,26079.99,630.37946,4.9e-05
2023-08-25 00:00:00,26180.05,26187.34,26140.0,26142.94,334.01762,-6.59e-06
2023-08-25 08:00:00,25980.5,26039.61,25980.49,26039.6,280.10763,2.802e-05
2023-08-25 16:00:00,25932.01,25966.93,25920.22,25960.88,379.25832,5.218e-05
2023-08-26 00:00:00,26060.0,26070.44,26048.77,26057.99,85.68022,3.82e-05
2023-08-26 08:00:00,26050.82,26060.0,26044.02,26059.98,109.26023,5.334e-05
2023-08-26 16:00:00,26054.0,26060.0,26051.27,26051.28,116.16688,2.096e-05
2023-08-27 00:00:00,26017.38,26017.38,26007.37,26012.73,102.2255,9.9e-07
2023-08-27 08:00:00,26043.61,26053.81,26043.61,26053.81,113.2802,3.976e-05
2023-08-27 16:00:00,26122.14,26140.01,26122.14,26137.0,255.38233,1.232e-05
2023-08-28 00:00:00,26101.78,26101.78,26065.01,26094.3,210.69181,-3.95e-06
2023-08-29 00:00:00,26120.0,26135.2,26110.02,26122.87,129.2069,8.24e-06
2023-08-29 08:00:00,26004.2,26005.89,25963.24,25998.65,352.72234,3.769e-05
2023-08-29 16:00:00,27423.44,27880.0,27350.01,27638.24,2604.94056,-0.00010934
2023-08-30 00:00:00,27716.34,27748.4,27695.96,27702.31,394.202,4.868e-05
2023-08-30 08:00:00,27436.25,27441.7,27406.65,27416.5,321.29014,5.731e-05
2023-08-30 16:00:00,27201.63,27210.84,27147.68,27153.22,350.71505,3.944e-05
2023-08-31 00:00:00,27299.99,27303.36,27264.53,27267.79,129.92606,2.909e-05
2023-08-31 08:00:00,27261.03,27273.97,27240.02,27247.69,209.79474,6.859e-05
2023-08-31 16:00:00,26922.01,26924.87,26840.0,26846.79,903.49188,8.105e-05
2023-09-01 00:00:00,25940.77,25998.33,25931.11,25990.71,408.52328,2.583e-05
2023-09-01 08:00:00,25990.92,26014.45,25990.91,25998.49,129.88792,5.968e-05
2023-09-02 00:00:00,25805.04,25810.89,25790.34,25809.47,147.77935,4.998e-05
2023-09-02 08:00:00,25795.46,25799.16,25780.0,25790.97,159.72107,1.937e-05
2023-09-02 16:00:00,25894.77,25935.49,25894.49,25935.48,220.13868,-2.018e-05
2023-09-03 00:00:00,25869.52,25872.62,25858.09,25868.09,121.92833,4.839e-05
2023-09-03 08:00:00,25956.23,25956.3,25894.08,25908.53,235.8517,2.35e-06
2023-09-03 16:00:00,25873.5,25880.0,25844.15,25874.45,235.08117,2.89e-05
2023-09-04 00:00:00,25971.21,25974.19,25931.01,25939.99,140.28743,2.69e-05
2023-09-04 08:00:00,25964.97,25998.55,25961.59,25997.1,172.10207,1.469e-05
2023-09-04 16:00:00,25814.24,25879.37,25812.42,25837.96,337.48726,-1.059e-05
2023-09-05 00:00:00,25826.03,25844.48,25806.95,25813.18,231.47687,5.3e-07
2023-09-05 08:00:00,25735.57,25812.09,25732.02,25743.98,411.75362,1.975e-05
2023-09-05 16:00:00,25759.38,25814.7,25735.52,25814.7,270.5987,3.366e-05
2023-09-06 00:00:00,25792.11,25825.76,25778.71,25802.01,290.20686,1.737e-05
2023-09-06 08:00:00,25728.93,25740.39,25724.99,25735.11,133.42313,-2.763e-05
2023-09-07 00:00:00,25759.95,25771.51,25759.94,25766.22,58.98039,3.83e-05
2023-09-07 08:00:00,25762.89,25762.9,25736.96,25741.22,150.14446,3.883e-05
2023-09-07 16:00:00,25779.35,25806.95,25773.52,25803.61,251.82859,6.924e-05
2023-09-08 00:00:00,26255.0,26268.66,26222.52,26222.53,316.93451,-1.525e-05
2023-09-08 08:00:00,26256.21,26266.93,26213.61,26213.61,308.29126,5.12e-06
2023-09-08 16:00:00,25844.64,25875.15,25840.66,25862.66,432.88931,-1.691e-05
2023-09-09 00:00:00,25910.5,25910.5,25897.44,25900.9,119.68288,-5.057e-05
2023-09-09 08:00:00,25886.14,25888.01,25875.64,25875.65,96.0633,-3.77e-06
2023-09-09 16:00:00,25894.1,25905.0,25879.99,25902.21,161.86915,1.423e-05
2023-09-10 00:00:00,25901.6,25902.68,25889.42,25889.52,49.38438,-7.3e-07
2023-09-10 08:00:00,25852.25,25852.25,25826.33,25832.36,128.29727,3.294e-05
2023-09-10 16:00:00,25775.02,25780.0,25771.09,25773.92,100.88709,2.609e-05
2023-09-11 00:00:00,25841.6,25873.66,25832.87,25873.66,140.61227,-3e-06
2023-09-11 08:00:00,25813.65,25830.95,25788.93,25792.38,235.79169,1.823e-05
2023-09-12 00:00:00,25162.53,25192.41,25154.15,25191.05,234.22375,2.73e-05
2023-09-12 08:00:00,25822.71,25839.26,25789.36,25829.13,720.55801,5.425e-05
2023-09-12 16:00:00,26205.98,26256.22,26160.83,26165.15,507.03976,-3.502e-05
2023-09-13 00:00:00,25840.1,25889.87,25764.17,25868.82,756.02299,2.342e-05
2023-09-13 08:00:00,25879.91,25944.0,25866.17,25935.0,237.95246,1.26e-05
2023-09-13 16:00:00,26241.31,26280.0,26201.75,26265.61,572.65868,3.099e-05
2023-09-14 00:00:00,26222.0,26229.88,26184.63,26214.25,319.23484,4.61e-06
2023-09-14 16:00:00,26693.97,26731.21,26635.64,26646.99,491.91071,-4.748e-05
2023-09-15 00:00:00,26522.73,26522.74,26493.37,26504.91,224.86991,-2.641e-05
2023-09-15 08:00:00,26565.69,26565.7,26545.22,26546.48,190.5907,-7.61e-06
2023-09-15 16:00:00,26321.2,26355.85,26315.02,26350.93,266.76707,7.561e-05
2023-09-16 00:00:00,26599.99,26643.82,26571.42,26610.07,458.77691,-1.381e-05
2023-09-16 08:00:00,26494.5,26494.51,26475.0,26475.0,147.33082,-4.32e-05
2023-09-16 16:00:00,26507.12,26520.9,26504.7,26520.9,103.84994,-3.161e-05
2023-09-17 00:00:00,26559.67,26559.68,26500.01,26514.14,193.57899,8.97e-06
2023-09-17 08:00:00,26495.94,26521.14,26493.13,26518.23,297.39254,1.142e-05
2023-09-17 16:00:00,26549.98,26551.0,26531.33,26533.35,97.61053,6.49e-06
2023-09-18 00:00:00,26527.5,26553.56,26524.34,26525.95,171.3,-5.08e-06
2023-09-18 08:00:00,26710.67,26729.6,26692.86,26720.56,213.05025,5.79e-06
2023-09-18 16:00:00,27269.43,27310.0,27255.42,27275.0,375.12065,-6.774e-05
2023-09-19 00:00:00,26762.5,26787.56,26753.86,26759.66,221.2897,2.468e-05
2023-09-19 16:00:00,27422.24,27468.99,27353.73,27463.46,584.18836,-1.756e-05
2023-09-20 00:00:00,27210.25,27257.85,27184.96,27246.0,288.57045,-2.614e-05
2023-09-20 08:00:00,27105.61,27131.75,27092.39,27114.76,310.71378,-3.777e-05
2023-09-20 16:00:00,27180.62,27198.63,27170.85,27185.01,194.68507,-9.91e-06
2023-09-21 08:00:00,26990.11,27017.0,26973.83,27014.17,228.40399,4.303e-05
2023-09-21 16:00:00,26584.01,26593.94,26545.82,26561.0,580.25103,7.429e-05
2023-09-22 00:00:00,26568.08,26598.59,26551.68,26553.48,202.85144,-6.2e-07
2023-09-22 08:00:00,26674.8,26743.38,26668.62,26726.0,504.23008,1.034e-05
2023-09-22 16:00:00,26631.01,26644.98,26613.03,26620.89,147.85957,2.136e-05
2023-09-23 00:00:00,26580.14,26614.98,26576.94,26606.14,206.51595,6.676e-05
2023-09-23 08:00:00,26585.32,26594.78,26572.37,26581.89,167.74293,1.556e-05
2023-09-23 16:00:00,26581.55,26581.56,26565.12,26565.13,90.90207,2.09e-06
2023-09-24 00:00:00,26575.97,26575.97,26571.41,26571.41,65.19996,-1.392e-05
2023-09-24 08:00:00,26563.43,26567.61,26563.43,26567.6,75.70371,4.721e-05
2023-09-24 16:00:00,26578.06,26579.77,26577.97,26579.77,83.13992,2.887e-05
2023-09-25 00:00:00,26248.39,26248.39,26149.35,26190.3,563.78706,-1.26e-05
2023-09-25 08:00:00,26189.21,26233.43,26182.46,26182.47,294.01906,8.565e-05
2023-09-25 16:00:00,26243.73,26366.66,26243.72,26366.05,762.19998,4.792e-05
2023-09-26 00:00:00,26304.8,26307.73,26286.22,26286.23,171.49414,-3.91e-05
2023-09-26 08:00:00,26272.0,26285.54,26267.72,26275.61,161.58531,-1.215e-05
2023-09-26 16:00:00,26126.66,26182.63,26115.0,26182.62,221.86148,5.626e-05
2023-09-27 00:00:00,26221.68,26260.0,26213.81,26237.66,284.57087,9.944e-05
2023-09-27 16:00:00,26304.42,26313.79,26268.53,26285.01,299.2472,2.074e-05
2023-09-28 00:00:00,26373.0,26419.99,26362.5,26419.98,305.2499,6.74e-06
2023-09-28 08:00:00,26459.99,26469.51,26421.48,26421.48,178.63365,-1.581e-05
2023-09-28 16:00:00,27019.99,27200.0,27019.99,27076.96,2354.51899,-4.732e-05
2023-09-29 00:00:00,27021.39,27068.87,27013.7,27068.87,220.84453,-3.894e-05
2023-09-29 08:00:00,27179.99,27179.99,27120.9,27144.93,301.37509,-2.567e-05
2023-09-29 16:00:00,26888.57,26907.75,26831.65,26851.29,307.96826,4.76e-06
2023-09-30 00:00:00,26906.96,26917.77,26891.65,26917.76,90.98981,6.43e-06
2023-09-30 08:00:00,26931.76,26933.28,26925.08,26933.15,146.54856,1.864e-05
2023-09-30 16:00:00,26996.29,27024.62,26987.39,27009.5,195.38943,1.525e-05
2023-10-01 00:00:00,26962.57,26986.92,26955.3,26980.68,104.68779,2.95e-06
2023-10-01 08:00:00,27107.94,27115.73,27096.36,27100.81,168.44602,-6.19e-06
2023-10-01 16:00:00,27153.17,27155.0,27137.45,27154.99,139.18081,-2.263e-05
2023-10-02 00:00:00,27992.58,28062.43,27937.56,27949.49,1341.59254,5.831e-05
2023-10-02 08:00:00,28311.91,28378.25,28252.84,28340.01,831.39382,7.28e-06
2023-10-02 16:00:00,28026.3,28067.25,27853.49,28060.74,1497.02167,-1.477e-05
2023-10-03 00:00:00,27494.51,27538.9,27471.48,27497.35,541.00439,4.172e-05
2023-10-03 08:00:00,27540.65,27592.06,27540.06,27590.0,214.51294,1.667e-05
2023-10-03 16:00:00,27345.0,27405.15,27318.89,27360.87,438.34377,2.5e-05
2023-10-04 00:00:00,27426.45,27435.0,27360.0,27360.0,471.05443,6.031e-05
2023-10-04 08:00:00,27453.77,27467.99,27445.0,27453.2,136.51279,6.2e-05
2023-10-04 16:00:00,27404.21,27425.26,27400.94,27409.58,209.61189,-2.857e-05
2023-10-05 00:00:00,27778.57,27790.81,27732.47,27739.88,280.45472,-3.807e-05
2023-10-05 08:00:00,27607.98,27614.38,27595.29,27604.4,126.4775,-4.268e-05
2023-10-06 00:00:00,27410.39,27427.82,27400.0,27412.49,332.98866,-1.106e-05
2023-10-06 08:00:00,27638.51,27659.29,27621.36,27639.46,314.19466,1.436e-05
2023-10-06 16:00:00,27941.12,28023.51,27908.74,27917.26,1143.06879,-3.149e-05
2023-10-07 00:00:00,27931.1,27955.9,27906.88,27918.02,196.84992,2.124e-05
2023-10-07 08:00:00,27890.79,27905.45,27880.01,27905.44,125.73318,2.849e-05
2023-10-07 16:00:00,27939.8,27949.81,27930.01,27942.17,137.35878,2.083e-05
2023-10-08 00:00:00,27956.67,27965.2,27950.76,27964.8,76.51396,3.14e-06
2023-10-08 16:00:00,27892.74,27937.4,27887.51,27892.2,226.53638,5.163e-05
2023-10-09 00:00:00,27917.06,27921.01,27880.01,27885.17,113.28289,3.992e-05
2023-10-09 08:00:00,27813.27,27832.64,27805.0,27832.63,283.88248,3.515e-05
2023-10-09 16:00:00,27443.32,27513.35,27375.0,27463.08,976.31083,7.838e-05
2023-10-10 00:00:00,27590.12,27633.82,27574.28,27577.96,290.08656,6.349e-05
2023-10-10 08:00:00,27651.46,27695.22,27647.0,27695.21,180.89552,1.894e-05
2023-10-10 16:00:00,27408.01,27430.0,27366.86,27424.33,313.43882,4.548e-05
2023-10-11 00:00:00,27390.12,27409.15,27389.17,27407.57,200.42424,5.918e-05
2023-10-11 08:00:00,27021.95,27062.66,27017.0,27058.58,204.08005,8.33e-05
2023-10-11 16:00:00,26779.45,26793.81,26636.23,26748.4,1494.70025,6.319e-05
2023-10-12 00:00:00,26875.52,26887.06,26835.93,26839.72,406.42423,0.0001
2023-10-12 08:00:00,26810.66,26824.26,26771.45,26783.21,217.71755,2.661e-05
2023-10-12 16:00:00,26674.99,26717.81,26670.38,26700.01,239.97875,7.304e-05
2023-10-13 00:00:00,26759.63,26806.37,26750.0,26802.8,250.78147,2.294e-05
2023-10-13 08:00:00,26874.99,26903.94,26874.99,26877.19,230.05297,2.039e-05
2023-10-13 16:00:00,26706.83,26745.0,26701.38,26740.42,194.1359,2.326e-05
2023-10-14 00:00:00,26862.0,26886.4,26854.41,26873.09,198.34829,1.05e-06
2023-10-14 08:00:00,26868.8,26884.9,26853.0,26853.0,103.95341,2.211e-05
2023-10-14 16:00:00,26942.56,26953.18,26920.0,26933.26,236.35234,2.456e-05
2023-10-15 00:00:00,26852.48,26853.45,26842.32,26842.53,59.98687,-1.509e-05
2023-10-15 08:00:00,26882.51,26899.98,26882.51,26883.69,101.46394,4.292e-05
2023-10-15 16:00:00,26898.87,26915.54,26893.41,26906.77,119.40355,2.224e-05
2023-10-16 00:00:00,27154.14,27193.54,27131.54,27159.02,388.33614,5.11e-06
2023-10-16 08:00:00,27849.05,27902.99,27849.05,27865.88,659.57773,2.8e-07
2023-10-16 16:00:00,28064.16,28181.81,28064.16,28162.52,590.76093,9.644e-05
2023-10-17 00:00:00,28500.77,28549.34,28457.98,28461.81,522.68994,2.04e-06
2023-10-17 08:00:00,28430.62,28520.0,28398.44,28459.03,939.40166,1.493e-05
2023-10-17 16:00:00,28461.72,28490.72,28430.48,28456.43,292.87955,-2.311e-05
2023-10-18 00:00:00,28395.91,28436.97,28372.63,28374.89,205.88632,-3.343e-05
2023-10-18 08:00:00,28494.55,28554.76,28470.0,28489.7,366.67825,-1.216e-05
2023-10-18 16:00:00,28247.46,28376.13,28230.2,28339.04,675.14964,1.644e-05
2023-10-19 00:00:00,28320.0,28332.56,28288.52,28332.55,129.07214,-1.028e-05
2023-10-19 16:00:00,28680.09,28783.64,28655.0,28783.64,912.02925,-0.00011006
2023-10-20 00:00:00,28713.71,28772.32,28705.1,28714.11,392.06558,-9.272e-05
2023-10-20 16:00:00,29550.98,29554.27,29473.59,29473.59,333.35002,2.687e-05
2023-10-21 00:00:00,29669.05,29699.68,29651.15,29663.26,266.43033,-1.585e-05
2023-10-21 08:00:00,29695.8,29695.8,29656.24,29656.25,112.48734,4.374e-05
2023-10-21 16:00:00,29937.37,29958.72,29877.82,29909.17,324.38622,5.827e-05
2023-10-22 00:00:00,29909.8,29943.0,29885.0,29943.0,282.0764,2.567e-05
2023-10-22 08:00:00,29816.27,29871.81,29782.24,29861.88,273.42032,2.579e-05
2023-10-22 16:00:00,29825.61,29833.04,29805.13,29827.55,170.41677,3.115e-05
2023-10-23 00:00:00,29992.46,29999.0,29915.0,29973.22,350.7562,8.25e-05
2023-10-24 00:00:00,33069.99,33118.42,32832.34,32977.08,1172.72389,0.0001
2023-10-24 08:00:00,33999.98,34117.68,33948.97,34040.68,1164.57171,0.0001
2023-10-24 16:00:00,33668.89,33987.11,33492.21,33885.54,2391.60632,0.0001
2023-10-25 00:00:00,33922.73,33968.33,33800.0,33848.8,510.21546,0.0001
2023-10-25 08:00:00,33857.53,33915.38,33786.6,33804.36,410.78556,0.0001
2023-10-26 08:00:00,34647.35,34745.86,34507.0,34553.87,692.63188,0.0001
2023-10-26 16:00:00,34044.44,34082.0,33960.0,33989.08,448.33726,0.0001
2023-10-27 00:00:00,34151.66,34171.28,34071.22,34110.5,246.34142,0.0001
2023-10-27 08:00:00,33941.99,34030.0,33935.59,34000.29,342.17947,0.0001
2023-10-27 16:00:00,33999.48,34033.48,33966.42,34002.15,211.77595,0.0001
2023-10-28 00:00:00,33892.01,33907.01,33888.01,33888.01,114.5662,0.0001
2023-10-28 16:00:00,34192.97,34192.98,34129.56,34131.26,228.37884,0.0001
2023-10-29 00:00:00,34081.01,34081.01,34042.2,34071.03,166.97568,0.0001
2023-10-29 08:00:00,34076.6,34135.14,34074.44,34131.16,124.98422,0.0001
2023-10-29 16:00:00,34449.99,34455.82,34414.0,34428.19,221.87787,0.0001
2023-10-30 00:00:00,34525.88,34570.51,34525.88,34560.65,227.66892,0.0001
2023-10-30 08:00:00,34193.46,34239.94,34161.1,34237.66,228.86053,0.0001
2023-10-30 16:00:00,34656.33,34656.33,34569.6,34591.27,474.82484,0.0001
2023-10-31 08:00:00,34145.22,34213.21,34025.0,34212.53,873.55535,0.0001
2023-10-31 16:00:00,34272.19,34298.24,34223.26,34258.04,234.83458,0.0001
2023-11-01 00:00:00,34639.78,34668.05,34571.45,34587.68,552.64157,0.0001
2023-11-01 08:00:00,34451.28,34459.27,34422.17,34449.84,294.51609,0.0001
2023-11-01 16:00:00,34291.94,34352.04,34280.02,34352.03,365.6247,0.0001
2023-11-02 08:00:00,35279.86,35279.86,35095.0,35181.64,817.57082,0.0001
2023-11-02 16:00:00,34640.01,34728.23,34604.29,34710.57,530.05589,0.0001
2023-11-03 00:00:00,34941.58,34946.5,34826.65,34865.0,365.29973,0.0001
2023-11-03 08:00:00,34464.98,34626.12,34409.17,34595.2,663.33988,0.0001
2023-11-03 16:00:00,34763.71,34822.15,34691.05,34765.82,561.09163,0.0001
2023-11-04 00:00:00,34716.78,34725.0,34675.18,34699.06,215.32342,0.0001
2023-11-04 08:00:00,34767.99,34769.4,34709.92,34766.17,284.97688,0.0001
2023-11-04 16:00:00,34709.91,34743.43,34699.02,34720.64,130.06173,0.0001
2023-11-05 00:00:00,35062.06,35086.31,34935.0,34954.69,462.74712,0.0001
2023-11-05 08:00:00,35162.46,35188.68,35132.1,35145.67,252.08931,0.0001
2023-11-05 16:00:00,34882.92,34938.35,34867.14,34908.59,176.69456,0.0001
2023-11-06 00:00:00,35011.89,35013.31,34905.53,34924.4,446.72502,0.0001
2023-11-06 16:00:00,35080.95,35111.1,35020.0,35033.46,230.83152,0.0001
2023-11-07 08:00:00,34937.71,34975.9,34922.54,34958.08,211.6827,0.0001
2023-11-07 16:00:00,34721.23,34737.64,34692.06,34715.04,229.35028,0.0001
2023-11-08 00:00:00,35399.13,35407.4,35335.12,35388.26,310.44423,0.0001
2023-11-08 08:00:00,35226.39,35264.41,35185.95,35255.51,391.6734,0.0001
2023-11-08 16:00:00,35225.67,35231.11,35185.11,35194.86,252.72132,0.0001
2023-11-09 00:00:00,35624.72,35685.62,35534.05,35673.65,863.29235,0.0001
2023-11-09 08:00:00,36533.05,36666.66,36530.0,36649.99,419.62595,0.0001
2023-11-09 16:00:00,37084.03,37211.1,36233.09,36573.38,4263.33511,0.00020027
2023-11-10 00:00:00,36701.1,36711.29,36625.69,36706.81,497.63124,0.0001
2023-11-10 08:00:00,36439.98,36500.0,36411.28,36418.18,480.20782,0.00011682
2023-11-10 16:00:00,37082.13,37393.0,37080.0,37262.22,1348.27578,0.0001
2023-11-11 00:00:00,37301.63,37358.75,37281.1,37320.74,390.17934,0.0001
2023-11-11 08:00:00,37006.4,37037.95,36929.99,36959.79,220.62737,0.00016607
2023-11-11 16:00:00,37050.78,37135.25,37050.77,37117.0,250.28546,0.00014648
2023-11-12 00:00:00,37129.99,37180.0,37095.03,37119.99,422.92496,0.0001543
2023-11-12 08:00:00,37127.95,37127.95,37068.51,37098.82,317.28497,0.00023487
2023-11-13 00:00:00,37064.13,37102.5,36982.06,37096.15,317.97038,0.00032467
2023-11-13 08:00:00,36960.28,36976.9,36920.0,36922.53,211.95027,0.00010893
2023-11-13 16:00:00,36841.9,36899.0,36822.53,36875.96,434.91356,0.00020492
2023-11-14 00:00:00,36462.93,36470.0,36348.75,36369.1,656.00921,0.00017382
2023-11-14 08:00:00,36683.86,36739.48,36638.25,36716.01,317.58214,0.00016369
2023-11-15 00:00:00,35551.2,35580.0,35527.79,35557.43,208.79328,0.0001
2023-11-15 08:00:00,35576.88,35727.03,35576.88,35681.1,540.6574,0.0001
2023-11-15 16:00:00,36402.43,36554.99,36324.82,36325.83,958.05572,0.0001
2023-11-16 00:00:00,37858.2,37929.54,37750.87,37821.1,612.64279,0.0001
2023-11-16 08:00:00,37437.25,37482.0,37413.87,37413.87,303.97102,0.00015199
2023-11-17 00:00:00,36163.51,36181.1,36103.45,36108.01,374.62439,0.0001
2023-11-18 00:00:00,36613.91,36613.92,36513.67,36518.8,448.98388,0.0001
2023-11-18 08:00:00,36417.15,36456.29,36397.23,36407.25,160.2064,0.0001
2023-11-18 16:00:00,36664.17,36845.49,36644.22,36805.56,624.89331,0.0001
2023-11-19 00:00:00,36568.11,36573.44,36511.65,36537.8,140.11336,0.0001
2023-11-19 08:00:00,36611.49,36664.62,36603.03,36664.62,110.09681,0.0001
2023-11-19 16:00:00,36568.27,36640.0,36568.27,36610.0,205.05244,0.0001
2023-11-20 00:00:00,37359.85,37382.68,37248.42,37258.0,522.1995,0.0001
2023-11-20 08:00:00,37244.47,37251.1,37144.69,37158.05,263.26985,0.0001
2023-11-20 16:00:00,37461.62,37628.0,37380.01,37404.28,1351.34668,0.0001
2023-11-21 00:00:00,37448.79,37484.74,37413.1,37472.84,169.50751,0.0001
2023-11-21 08:00:00,37279.91,37310.23,37270.25,37296.91,182.44812,0.0001
2023-11-21 16:00:00,36975.03,37057.21,36755.0,36985.54,1049.55068,0.0001
2023-11-22 00:00:00,35741.65,35996.18,35632.01,35994.08,1630.902,0.0001
2023-11-22 08:00:00,36439.8,36477.96,36432.51,36467.42,239.80963,0.0001
2023-11-22 16:00:00,36481.15,36580.28,36463.53,36512.0,456.30379,0.0001
2023-11-23 00:00:00,37408.35,37535.1,37386.68,37508.32,444.48292,0.0001
2023-11-23 08:00:00,37369.22,37429.58,37358.54,37386.24,251.80722,0.0001
2023-11-24 00:00:00,37294.27,37317.5,37251.51,37261.99,118.53794,0.0001
2023-11-24 08:00:00,37522.99,37570.0,37472.61,37481.99,325.38636,0.0001
2023-11-24 16:00:00,38221.1,38349.0,38221.1,38241.18,1048.49825,0.0001
2023-11-25 00:00:00,37713.57,37717.28,37676.03,37717.28,217.75242,0.0001
2023-11-25 08:00:00,37802.4,37828.93,37780.59,37828.93,115.5514,0.0001
2023-11-25 16:00:00,37704.38,37756.19,37699.99,37752.44,128.72574,0.0001
2023-11-26 00:00:00,37780.67,37784.63,37755.97,37759.99,113.86391,0.0001
2023-11-26 08:00:00,37789.77,37789.78,37750.73,37773.0,113.91213,0.0001
2023-11-26 16:00:00,37437.11,37500.2,37418.59,37475.39,259.78943,0.0001
2023-11-27 00:00:00,37447.42,37465.55,37390.47,37390.86,234.8514,0.0001
2023-11-27 16:00:00,36751.01,36873.63,36707.0,36850.87,491.50849,0.0001
2023-11-28 00:00:00,37242.7,37257.91,37200.0,37200.0,204.07459,0.0001
2023-11-28 08:00:00,37105.11,37119.65,37042.74,37045.97,187.1955,0.0001
2023-11-28 16:00:00,37513.2,37666.0,37513.19,37588.7,859.36354,0.0001
2023-11-29 08:00:00,38096.7,38165.36,38083.56,38160.04,309.11703,0.0001
2023-11-29 16:00:00,37830.74,37869.13,37710.19,37727.02,569.87021,0.0001
2023-11-30 00:00:00,37854.65,37854.65,37774.17,37776.53,202.89565,0.0001
2023-11-30 08:00:00,37792.98,37814.48,37725.29,37733.85,270.08021,0.0001
2023-11-30 16:00:00,37619.85,37648.15,37535.0,37643.96,335.72205,0.0001
2023-12-01 00:00:00,37723.97,37744.72,37628.28,37633.33,298.20553,0.0001
2023-12-01 08:00:00,38244.08,38334.91,38244.08,38315.85,472.27211,0.0001
2023-12-01 16:00:00,38413.51,38498.08,38395.0,38494.12,614.3688,0.0001
2023-12-02 00:00:00,38682.51,38701.94,38642.01,38644.12,275.63611,9.95e-05
2023-12-02 08:00:00,38702.48,38738.93,38700.01,38712.84,195.9091,6.973e-05
2023-12-02 16:00:00,38811.76,38811.76,38782.1,38786.19,122.24347,8.541e-05
2023-12-03 00:00:00,39450.35,39455.0,39418.93,39446.91,193.8962,0.0001
2023-12-03 08:00:00,39478.71,39485.84,39446.54,39452.23,111.47599,0.0001
2023-12-03 16:00:00,39760.42,39841.1,39650.0,39671.1,775.49101,0.0001
2023-12-04 00:00:00,39972.26,40130.0,39972.26,40113.88,649.97433,0.0001
2023-12-04 08:00:00,41441.1,41500.0,41361.11,41431.11,576.44248,0.0001
2023-12-04 16:00:00,41270.32,41404.86,41179.55,41346.06,804.19542,0.0001
2023-12-05 00:00:00,41991.1,41991.1,41756.71,41821.03,715.97733,0.0001
2023-12-05 08:00:00,41528.0,41634.7,41504.82,41622.29,458.8204,0.0001
2023-12-05 16:00:00,42268.28,42346.1,42133.66,42304.01,699.77481,0.0001
2023-12-06 00:00:00,44073.82,44104.0,43975.0,43987.98,693.53323,0.0001
2023-12-06 08:00:00,43688.87,43819.91,43640.0,43814.1,513.4416,0.0001
2023-12-06 16:00:00,43785.2,43864.0,43730.47,43759.4,620.85586,0.0001
2023-12-07 00:00:00,43762.69,43793.73,43710.0,43743.59,294.7584,0.0001
2023-12-07 08:00:00,43884.01,43896.48,43550.0,43743.99,1435.20617,0.0001
2023-12-07 16:00:00,43659.99,43748.87,43565.66,43622.89,729.01746,0.0001
2023-12-08 00:00:00,43273.15,43371.08,43261.1,43354.27,397.39143,0.0001
2023-12-08 08:00:00,43166.01,43214.01,43103.74,43194.44,922.36711,0.00023288
2023-12-08 16:00:00,43760.94,43944.0,43748.6,43896.01,866.88211,0.00020242
2023-12-09 00:00:00,44171.0,44248.8,44170.99,44207.84,489.31967,0.00011504
2023-12-09 08:00:00,44180.21,44187.91,44096.02,44109.7,302.77588,0.00030159
2023-12-09 16:00:00,44045.09,44082.19,44026.19,44047.82,224.75998,0.00017192
2023-12-10 00:00:00,43713.59,43794.83,43672.0,43730.75,322.03142,0.00020724
2023-12-10 08:00:00,43966.44,44049.0,43926.05,43926.06,227.68969,0.00020383
2023-12-10 16:00:00,43903.74,43931.13,43876.0,43894.56,149.24433,0.00023923
2023-12-11 00:00:00,43789.5,43804.5,43735.79,43740.0,240.87272,0.0001473
2023-12-11 08:00:00,42132.52,42191.1,42007.92,42046.36,571.83358,0.0001
2023-12-11 16:00:00,41803.43,41848.49,41515.72,41605.42,1408.37994,0.0001
2023-12-12 00:00:00,41253.41,41289.54,41178.28,41205.63,534.43105,0.0001
2023-12-12 08:00:00,41916.26,41980.0,41830.57,41835.3,575.61924,0.0001
2023-12-12 16:00:00,41347.99,41457.35,41088.12,41224.5,982.59339,0.0001
2023-12-13 00:00:00,41492.38,41506.0,41354.36,41405.0,412.09373,0.00011909
2023-12-13 08:00:00,41115.28,41230.07,41114.33,41185.18,265.55384,0.00010162
2023-12-14 00:00:00,42869.03,42948.55,42812.46,42925.89,461.22351,0.0001
2023-12-14 08:00:00,42898.98,42953.94,42832.18,42953.93,201.33722,0.0001
2023-12-14 16:00:00,42448.28,42689.11,42448.28,42563.55,618.10222,0.0001
2023-12-15 00:00:00,43022.26,43039.67,42953.1,43031.99,248.96099,0.0001
2023-12-15 08:00:00,42699.99,42754.54,42630.43,42650.02,322.11963,0.0001
2023-12-15 16:00:00,41909.56,41975.76,41820.0,41863.87,420.76136,0.0001
2023-12-16 00:00:00,41940.29,42028.38,41920.0,42022.0,252.2717,0.0001
2023-12-16 08:00:00,42222.67,42260.68,42189.0,42258.44,316.88379,0.0001
2023-12-17 00:00:00,42278.02,42298.82,42253.99,42270.64,142.45595,0.0001
2023-12-17 08:00:00,41886.75,41909.98,41700.0,41726.0,660.33412,0.0001
2023-12-17 16:00:00,41811.37,41820.0,41733.0,41757.47,199.37006,0.0001
2023-12-18 00:00:00,41374.64,41470.1,41212.51,41230.01,837.78909,0.00013355
2023-12-18 16:00:00,41265.95,41328.59,41146.83,41304.59,524.06735,0.00015611
2023-12-19 00:00:00,42657.8,42900.0,42596.64,42690.06,929.0442,0.0001
2023-12-19 08:00:00,43036.17,43169.59,42989.69,43146.0,485.32584,0.0001
2023-12-19 16:00:00,42486.85,42646.66,42450.0,42639.99,418.20351,0.0001
2023-12-20 00:00:00,42275.99,42369.72,42235.4,42328.72,279.84142,0.00010506
2023-12-20 08:00:00,42924.23,42998.08,42824.0,42828.88,456.52231,0.0001
2023-12-20 16:00:00,44027.2,44120.0,43876.23,43902.28,879.2618,0.00023637
2023-12-21 00:00:00,43668.92,43670.0,43545.44,43561.1,237.99361,0.00027143
2023-12-21 08:00:00,43764.49,43802.77,43731.17,43802.26,312.39855,0.00029216
2023-12-21 16:00:00,43824.0,43927.7,43769.98,43776.25,485.70007,0.00028948
2023-12-22 00:00:00,43861.79,43870.57,43783.92,43790.0,169.38668,0.00030806
2023-12-22 08:00:00,43584.37,43760.8,43563.97,43723.99,485.26701,0.0002961
2023-12-22 16:00:00,43671.1,43697.09,43633.95,43646.47,238.84596,0.00018011
2023-12-23 00:00:00,43969.04,43988.68,43892.91,43963.36,251.92258,0.00016285
2023-12-23 16:00:00,43756.24,43772.56,43706.7,43706.84,137.61916,0.00015066
2023-12-24 00:00:00,43702.15,43704.92,43640.0,43654.19,226.57279,0.0001
2023-12-24 08:00:00,43651.17,43653.52,43587.78,43587.78,177.71976,0.0002079
2023-12-24 16:00:00,43680.23,43680.23,43550.0,43617.16,382.99414,0.00019729
2023-12-25 00:00:00,42991.5,43099.7,42941.1,43014.52,380.5844,0.0001
2023-12-25 08:00:00,43208.15,43291.05,43208.15,43289.53,152.07328,0.0001
2023-12-25 16:00:00,43618.01,43697.73,43550.0,43680.6,475.42436,0.00037908
2023-12-26 00:00:00,43576.12,43592.68,43541.17,43544.98,215.31098,0.00043391
2023-12-26 08:00:00,42774.12,42796.06,42690.0,42716.71,467.97661,0.00023757
2023-12-26 16:00:00,42391.51,42434.2,42235.36,42268.78,609.06266,0.00029559
2023-12-27 00:00:00,42508.93,42541.1,42450.12,42452.81,235.55994,0.00027621
2023-12-27 08:00:00,42455.82,42467.78,42399.72,42435.56,252.47264,0.00037942
2023-12-27 16:00:00,42980.64,43000.0,42890.0,42954.41,405.41842,0.00032304
2023-12-28 00:00:00,43428.86,43468.92,43383.66,43438.01,542.02202,0.00013021
2023-12-28 08:00:00,43049.17,43071.1,42965.01,43063.63,285.21542,0.00037879
2023-12-28 16:00:00,42445.99,42485.17,42335.06,42400.87,722.60822,0.00050152
2023-12-29 08:00:00,42273.35,42427.01,42268.26,42418.17,413.72168,0.00049912
2023-12-29 16:00:00,42271.09,42351.1,42148.0,42164.35,816.09873,0.00047082
2023-12-30 08:00:00,41947.16,41988.62,41900.0,41960.15,237.26684,0.0004358
2023-12-30 16:00:00,42374.97,42569.99,42371.11,42560.15,750.51298,0.00037842
2023-12-31 00:00:00,42140.29,42278.66,42140.28,42257.85,195.45088,0.00027855
2023-12-31 16:00:00,42457.17,42558.26,42436.47,42556.15,187.52045,0.00033597
2024-01-01 00:00:00,42283.58,42488.09,42261.02,42488.0,431.71082,0.00037409
2024-01-01 08:00:00,42492.46,42529.91,42452.58,42514.28,137.17234,0.00027213
2024-01-01 16:00:00,42783.05,42847.3,42761.68,42839.74,292.26266,0.00033601
2024-01-02 00:00:00,44179.55,44650.0,44148.34,44630.09,2154.59235,0.00065846
2024-01-02 08:00:00,45455.52,45666.67,45326.6,45646.38,588.4528,0.00035179
2024-01-02 16:00:00,45184.83,45274.24,45018.01,45081.09,638.28871,0.0005373
2024-01-03 00:00:00,44946.91,45061.1,44936.79,45005.98,389.41398,0.00021159
2024-01-03 08:00:00,45011.77,45125.0,45001.1,45064.73,494.5245,0.00017123
2024-01-03 16:00:00,43000.01,43567.92,42881.1,43272.88,3247.31504,0.0001
2024-01-04 00:00:00,42845.23,42946.84,42754.0,42936.42,772.14383,0.0001
2024-01-04 08:00:00,42763.08,42916.82,42762.96,42859.29,478.21032,0.0001
2024-01-04 16:00:00,44051.1,44134.8,43827.48,43928.01,1048.10157,0.0001
2024-01-05 08:00:00,43777.48,43872.14,43771.1,43872.13,214.31562,0.0001
2024-01-05 16:00:00,43500.01,43568.18,43419.98,43567.39,442.69977,0.0001
2024-01-06 00:00:00,44145.12,44214.42,44064.52,44120.43,284.19124,0.0001
2024-01-06 08:00:00,43653.2,43665.09,43551.28,43577.02,177.6713,0.0001
2024-01-06 16:00:00,43867.17,43978.78,43844.52,43933.49,271.03156,0.0001
2024-01-07 00:00:00,43968.32,43986.43,43951.13,43959.99,138.62907,0.0001
2024-01-08 00:00:00,43929.01,43986.0,43828.0,43828.01,381.11092,0.0001
2024-01-08 08:00:00,43974.55,44038.43,43924.47,43998.83,262.1845,0.0001
2024-01-08 16:00:00,44963.04,45171.42,44963.03,44997.99,1005.56099,0.0001
2024-01-09 08:00:00,46825.52,46825.52,46700.0,46759.67,342.13134,0.0001
2024-01-09 16:00:00,46868.08,46941.1,46756.48,46927.51,540.32039,0.0001
2024-01-10 00:00:00,46110.0,46200.0,46030.0,46199.99,647.78015,0.0001
2024-01-10 08:00:00,45757.98,45861.1,45757.98,45783.99,267.99174,0.0001
2024-01-10 16:00:00,45546.39,45708.31,45173.97,45296.0,1505.72049,0.0001
2024-01-11 00:00:00,46654.0,46686.68,46312.98,46505.7,1118.67954,0.0001
2024-01-11 08:00:00,46101.4,46196.0,46052.0,46194.56,340.1021,0.0001
2024-01-11 16:00:00,46783.77,47022.07,46020.0,46088.0,3213.4324,0.0001
2024-01-12 08:00:00,46008.19,46008.19,45812.89,45839.2,305.20174,0.0001
2024-01-12 16:00:00,44462.0,44675.88,44293.0,44355.55,2817.00621,0.0001
2024-01-13 00:00:00,42782.74,42997.29,42766.46,42969.35,1207.10859,0.0001
2024-01-13 08:00:00,43102.97,43177.84,43102.96,43150.01,231.04478,0.0001
2024-01-14 00:00:00,42847.99,42890.23,42788.0,42824.88,250.10536,0.0001
2024-01-14 08:00:00,43011.44,43030.0,42950.0,42958.0,179.14093,0.0001
2024-01-15 00:00:00,41732.35,42060.92,41718.05,42045.3,677.90385,0.0001
2024-01-15 08:00:00,42714.78,42748.0,42641.1,42675.84,369.112,0.0001
2024-01-15 16:00:00,42278.99,42371.1,42249.0,42340.3,347.59451,0.0001
2024-01-16 00:00:00,42511.1,42599.98,42466.88,42572.01,326.56051,0.0001
2024-01-16 08:00:00,42791.14,42798.5,42720.06,42751.11,341.88842,0.0001
2024-01-17 00:00:00,43137.94,43175.99,43086.0,43090.45,302.39797,0.0001
2024-01-17 08:00:00,42655.95,42695.15,42564.0,42676.01,448.69565,0.0001
2024-01-17 16:00:00,42482.8,42534.4,42460.02,42495.98,496.07467,0.0001
2024-01-18 08:00:00,42915.32,42930.0,42843.74,42867.34,198.01955,0.0001
2024-01-18 16:00:00,42619.31,42619.32,42467.07,42473.11,347.45329,0.0001
2024-01-19 00:00:00,41327.51,41370.99,41225.73,41256.29,309.78498,0.0001
2024-01-19 08:00:00,41284.26,41316.19,41143.33,41181.38,418.80881,0.0001
2024-01-20 00:00:00,41659.03,41679.52,41552.0,41603.69,299.92347,0.0001
2024-01-20 16:00:00,41570.1,41645.81,41551.1,41613.81,216.56533,0.0001
2024-01-21 00:00:00,41696.05,41727.0,41669.05,41697.43,88.71898,0.0001
2024-01-21 08:00:00,41648.5,41701.87,41648.5,41696.56,106.2507,0.0001
2024-01-21 16:00:00,41656.27,41673.06,41591.1,41627.76,246.11415,0.0001
2024-01-22 00:00:00,41580.32,41641.27,41567.24,41633.23,141.03489,0.0001
2024-01-22 08:00:00,41043.7,41043.71,40827.8,40975.86,702.05704,0.0001
2024-01-22 16:00:00,40772.0,40874.99,40480.55,40535.62,757.62368,0.0001
2024-01-23 00:00:00,39568.02,39732.87,39511.1,39732.19,624.98024,0.0001
2024-01-23 08:00:00,39780.01,39860.0,39584.53,39669.69,797.60914,0.0001
2024-01-23 16:00:00,39204.0,39260.0,38956.56,38972.71,943.24785,0.0001
2024-01-24 00:00:00,39897.59,39952.33,39800.0,39815.02,739.92063,0.0001
2024-01-24 08:00:00,39981.09,40137.44,39971.1,40065.89,328.07813,0.0001
2024-01-24 16:00:00,40050.72,40069.99,39969.49,39990.0,324.33057,0.0001
2024-01-25 00:00:00,40084.89,40089.1,40044.3,40075.27,211.25597,0.0001
2024-01-25 16:00:00,39804.23,39821.1,39666.66,39761.1,484.29043,0.0001
2024-01-26 08:00:00,39970.0,40096.38,39962.14,40095.83,247.93172,0.0001
2024-01-26 16:00:00,41422.98,41660.0,41405.31,41639.63,1090.87184,0.0001
2024-01-27 00:00:00,41823.51,41866.67,41780.0,41856.85,313.08927,8.966e-05
2024-01-27 08:00:00,41710.15,41710.15,41572.86,41589.48,312.1185,0.0001
2024-01-27 16:00:00,41813.99,41869.11,41791.22,41867.85,173.01091,8.3e-05
2024-01-28 00:00:00,42120.63,42145.28,42090.0,42112.11,244.49577,0.0001
2024-01-28 08:00:00,42388.82,42426.4,42323.14,42358.0,324.24902,4.725e-05
2024-01-28 16:00:00,42258.0,42341.1,42245.73,42327.59,199.40307,0.0001
2024-01-29 00:00:00,42031.05,42069.23,41881.99,41916.63,262.72929,0.0001
2024-01-29 16:00:00,42641.75,42800.0,42518.0,42563.6,1367.49871,0.0001
2024-01-30 00:00:00,43302.71,43310.97,43133.9,43188.0,333.1704,0.0001
2024-01-30 08:00:00,43358.24,43358.25,43215.76,43358.0,343.0696,9.492e-05
2024-01-31 00:00:00,42941.1,43107.77,42920.0,43020.0,589.30371,2.154e-05
2024-01-31 08:00:00,43050.01,43091.1,42950.0,42950.01,294.85054,0.0001
2024-01-31 16:00:00,43361.11,43611.8,43294.46,43508.89,954.96771,0.0001
2024-02-01 00:00:00,42580.0,42687.63,42571.81,42602.29,334.76613,0.0001
2024-02-01 08:00:00,42190.15,42236.88,42130.0,42130.0,238.61616,0.0001
2024-02-02 00:00:00,43082.95,43170.0,43046.48,43169.44,271.56859,0.0001
2024-02-02 08:00:00,43086.9,43107.97,43021.27,43022.12,267.24198,0.0001
2024-02-02 16:00:00,43242.1,43488.0,43234.49,43390.0,1310.14933,0.0001
2024-02-03 00:00:00,43199.99,43230.06,43151.11,43212.14,229.89385,7.627e-05
2024-02-03 08:00:00,43053.05,43084.31,43052.79,43084.31,131.73261,9.042e-05
2024-02-04 00:00:00,43011.1,43011.99,42934.21,42958.52,187.74867,8.307e-05
2024-02-04 16:00:00,42943.2,42943.21,42896.11,42904.13,105.15219,0.0001
2024-02-05 00:00:00,42582.88,42595.62,42575.66,42582.47,137.84115,0.0001
2024-02-05 08:00:00,43071.87,43195.36,43058.26,43100.96,451.36637,0.0001
2024-02-05 16:00:00,42644.04,42726.35,42553.0,42661.23,825.97732,0.0001
2024-02-06 00:00:00,42708.7,42730.0,42642.0,42651.99,182.73281,0.0001
2024-02-06 16:00:00,43244.89,43275.27,43159.24,43190.0,437.78313,0.0001
2024-02-07 00:00:00,43098.96,43127.06,43085.19,43085.29,178.86848,7.527e-05
2024-02-07 08:00:00,42918.02,42953.57,42872.37,42912.39,190.48141,5.373e-05
2024-02-07 16:00:00,43071.08,43182.8,43048.0,43170.76,305.85528,8.306e-05
2024-02-08 00:00:00,44349.6,44448.52,44331.1,44344.0,630.57524,0.0001
2024-02-08 08:00:00,44513.25,44629.2,44513.24,44614.48,310.76156,6.535e-05
2024-02-08 16:00:00,45432.3,45498.0,45290.0,45321.24,866.72884,2.59e-05
2024-02-09 00:00:00,45288.66,45378.5,45288.65,45338.07,295.73441,3.16e-05
2024-02-09 08:00:00,46202.01,46346.76,46201.53,46343.37,414.72927,0.0001
2024-02-10 08:00:00,47151.72,47250.66,47146.0,47250.66,206.1434,0.0001
2024-02-10 16:00:00,47353.48,47353.48,47290.53,47309.81,155.66787,0.0001
2024-02-11 00:00:00,47751.08,47779.57,47645.28,47661.42,223.07907,0.0001
2024-02-11 16:00:00,48150.43,48205.0,47981.1,48024.0,330.94703,0.0001
2024-02-12 00:00:00,48300.0,48342.0,48231.1,48281.09,463.75259,0.0001
2024-02-12 08:00:00,48203.98,48241.43,48161.1,48161.11,157.69165,0.0001
2024-02-12 16:00:00,49917.8,49949.95,49634.0,49637.76,2015.05182,0.0001
2024-02-13 00:00:00,49917.28,50048.49,49904.0,49966.9,524.35126,0.0001
2024-02-13 08:00:00,49983.09,50067.51,49972.0,50057.62,308.93199,0.0001
2024-02-13 16:00:00,48727.47,48842.57,48651.0,48696.01,759.12901,0.0001
2024-02-14 00:00:00,49699.6,49712.94,49560.34,49581.57,339.43819,0.0001
2024-02-14 08:00:00,49838.93,49920.02,49741.19,49761.11,522.67392,0.0001
2024-02-14 16:00:00,51590.0,51713.24,51333.79,51493.18,1001.47937,0.00012283
2024-02-15 00:00:00,51795.17,51888.66,51763.47,51870.2,341.25796,0.0001
2024-02-15 08:00:00,51776.6,51808.44,51650.0,51793.02,428.25576,0.0001
2024-02-15 16:00:00,51948.24,52008.85,51742.0,51757.25,1010.47718,0.0001
2024-02-16 00:00:00,51880.01,51960.92,51876.0,51928.47,201.40171,0.0001
2024-02-16 08:00:00,51732.0,51882.94,51688.44,51810.0,456.8205,0.0001
2024-02-16 16:00:00,51888.01,52157.58,51844.42,52148.03,578.69544,0.0001
2024-02-17 00:00:00,52124.1,52159.11,52079.05,52117.99,186.96352,0.0001
2024-02-17 08:00:00,51911.34,51911.34,51821.1,51862.05,164.59323,0.0001
2024-02-17 16:00:00,50984.56,50984.56,50802.22,50815.49,402.43726,0.00016041
2024-02-18 00:00:00,51642.64,51661.1,51608.75,51650.01,165.16773,0.0001724
2024-02-18 08:00:00,51671.1,51736.78,51653.09,51660.85,221.71987,0.00015305
2024-02-18 16:00:00,51774.0,51819.74,51738.02,51812.68,142.96587,0.00017095
2024-02-19 00:00:00,52137.68,52276.99,52101.87,52238.12,325.84433,0.00023064
2024-02-19 08:00:00,52394.04,52410.73,52287.07,52311.75,257.2809,0.00019594
2024-02-19 16:00:00,52127.99,52166.0,52070.01,52085.68,297.45813,0.00013327
2024-02-20 00:00:00,51774.74,51832.01,51739.18,51809.49,260.02231,0.00010461
2024-02-20 08:00:00,51839.28,51883.22,51766.72,51779.67,310.52483,0.00010912
2024-02-20 16:00:00,51679.99,51777.0,51621.1,51680.24,490.89851,0.00020259
2024-02-21 00:00:00,52258.82,52366.8,52230.2,52341.74,314.09012,0.0001
2024-02-21 08:00:00,51568.64,51694.0,51530.29,51618.61,369.78652,0.00011242
2024-02-21 16:00:00,51156.0,51235.55,51010.0,51232.35,576.13953,0.0001
2024-02-22 16:00:00,51602.41,51750.01,51578.61,51706.85,422.60073,0.00012557
2024-02-23 00:00:00,51288.42,51358.0,51263.53,51320.35,172.47722,0.0001
2024-02-23 08:00:00,50915.95,51170.0,50891.1,51168.23,416.69035,0.0001
2024-02-23 16:00:00,50911.1,50943.69,50683.58,50695.15,1055.55103,0.00012991
2024-02-24 00:00:00,50744.15,50798.0,50694.71,50706.01,347.36157,0.0001
2024-02-24 16:00:00,51099.35,51166.0,51094.99,51154.2,162.38434,0.0001
2024-02-25 08:00:00,51719.28,51740.18,51695.01,51740.17,119.67901,0.00015012
2024-02-25 16:00:00,51524.02,51593.42,51460.0,51590.38,355.88717,0.00015062
2024-02-26 00:00:00,51728.85,51735.0,51627.22,51643.38,173.25522,0.00026761
2024-02-26 08:00:00,51293.26,51347.6,51290.0,51290.95,224.39696,0.00021567
2024-02-26 16:00:00,52842.33,53647.71,52753.28,53509.44,4386.97985,0.00027227
2024-02-27 00:00:00,54476.48,54631.97,54476.46,54606.81,391.76398,0.00032262
2024-02-27 08:00:00,56059.09,56333.0,56023.8,56308.66,604.0636,0.00073521
2024-02-27 16:00:00,56745.66,56984.0,56209.0,56473.52,1408.86757,0.00022965
2024-02-28 00:00:00,57037.35,57074.35,56871.1,56935.81,284.17314,0.00026729
2024-02-28 08:00:00,58241.09,58698.19,58171.11,58438.14,1990.35713,0.00023682
2024-02-28 16:00:00,60966.22,61317.99,60931.1,61047.36,1481.42726,0.00053538
2024-02-29 00:00:00,62432.11,62438.22,61583.38,61719.99,1157.01271,0.00069091
2024-02-29 08:00:00,62707.17,63084.51,62651.11,63061.9,1262.60489,0.00076337
2024-02-29 16:00:00,62768.01,62879.3,62590.21,62630.66,967.27437,0.00057031
2024-03-01 00:00:00,61130.99,61338.72,61126.0,61224.49,512.96054,0.00053322
2024-03-01 08:00:00,61434.0,61532.87,61316.67,61502.0,498.12154,0.00064824
2024-03-01 16:00:00,61263.98,61522.03,61234.0,61442.04,718.78096,0.0004601
2024-03-02 00:00:00,62387.9,62433.19,62259.0,62312.78,491.64608,0.00033426
2024-03-02 16:00:00,61771.21,61866.5,61754.1,61837.99,294.04623,0.00056396
2024-03-03 00:00:00,61987.28,61996.17,61828.8,61828.8,282.64404,0.00046267
2024-03-03 08:00:00,61598.01,61710.52,61393.83,61460.26,606.6794,0.00042989
2024-03-03 16:00:00,62164.63,62312.93,62088.0,62282.47,341.89236,0.00044598
2024-03-04 00:00:00,63113.97,63292.0,63020.0,63291.94,705.27858,0.00055071
2024-03-04 08:00:00,64066.62,64881.1,64000.11,64793.99,2479.36177,0.00046833
2024-03-04 16:00:00,66451.65,66800.0,66280.0,66758.65,1389.00425,0.0006362
2024-03-05 00:00:00,68245.71,68366.14,68082.07,68236.34,686.51554,0.0004896
2024-03-05 08:00:00,66129.64,66441.18,65515.15,66414.15,1979.23781,0.00082969
2024-03-05 16:00:00,66773.05,66996.36,64539.21,65385.39,4993.94317,0.00088148
2024-03-06 00:00:00,63724.01,63862.35,63514.44,63660.61,987.54776,0.0003628
2024-03-06 16:00:00,66481.12,66847.56,66430.0,66762.48,569.30428,0.00049354
2024-03-07 00:00:00,66074.04,66250.0,65897.98,66250.0,494.69392,0.00030311
2024-03-07 08:00:00,66387.77,66860.0,66341.11,66766.06,970.52712,0.00040984
2024-03-07 16:00:00,67260.01,67414.94,67012.0,67091.99,882.12891,0.00054217
2024-03-08 00:00:00,66823.18,66883.45,66757.0,66833.49,556.22308,0.00034819
2024-03-08 08:00:00,67223.02,67293.19,67180.44,67180.45,280.15083,0.00043497
2024-03-08 16:00:00,67617.6,67830.0,66082.66,66410.57,4957.09862,0.00062913
2024-03-09 00:00:00,68124.2,68279.0,68005.05,68227.52,415.6916,0.00019134
2024-03-09 16:00:00,68288.19,68315.94,68131.14,68156.01,263.19926,0.00026407
2024-03-10 00:00:00,68313.28,68358.0,68261.1,68272.97,254.34215,0.0003101
2024-03-10 08:00:00,69347.16,69473.05,69331.48,69397.11,250.72678,0.00063451
2024-03-10 16:00:00,69194.83,69418.67,69157.55,69418.66,402.82657,0.00054479
2024-03-11 00:00:00,68955.88,68955.9,68808.11,68846.45,421.60436,0.00035489
2024-03-11 08:00:00,71019.99,71455.0,71019.99,71300.0,1880.387289,0.00078428
2024-03-11 16:00:00,72010.01,72316.95,71795.29,72316.93,1375.71467,0.00066396
2024-03-12 00:00:00,72078.1,72320.0,72046.09,72192.0,594.07329,0.0004447
2024-03-12 08:00:00,72121.1,72188.46,71613.36,71629.99,576.95907,0.000453
2024-03-12 16:00:00,71703.41,71829.11,71230.0,71456.51,911.46525,0.00047935
2024-03-13 00:00:00,71452.0,71745.0,71368.82,71437.33,548.91169,0.00033224
2024-03-13 16:00:00,72634.95,72661.09,72350.0,72388.0,714.14905,0.00045402
2024-03-14 08:00:00,73224.0,73421.91,73215.14,73310.1,377.92838,0.00038753
2024-03-14 16:00:00,70844.0,71149.99,70291.51,70499.99,1587.77086,0.00038258
2024-03-15 00:00:00,71388.94,71550.0,71379.99,71380.0,366.1451,0.00038515
2024-03-15 08:00:00,68448.28,68600.0,68303.18,68365.21,676.90566,0.00014328
2024-03-15 16:00:00,68157.07,68272.79,67520.01,67667.99,1099.86976,0.00015306
2024-03-16 00:00:00,69499.84,69955.84,69422.68,69772.0,731.31713,0.0001
2024-03-16 08:00:00,69432.45,69436.24,69252.02,69338.55,298.84068,0.00023202
2024-03-16 16:00:00,68385.58,68394.48,68248.35,68257.02,370.03912,0.00020813
2024-03-17 00:00:00,65300.64,66087.99,65270.42,65828.83,1341.15343,0.00013089
2024-03-17 08:00:00,65636.68,65781.1,65413.8,65429.32,551.24026,0.00017773
2024-03-17 16:00:00,67965.51,68139.95,67800.1,67864.51,610.48317,0.00024827
2024-03-18 00:00:00,68393.47,68425.97,67855.92,67866.89,733.23165,0.00020181
2024-03-18 08:00:00,68218.38,68229.17,67944.92,67944.93,521.80636,0.00030597
2024-03-19 00:00:00,67610.0,67925.32,67523.0,67888.42,479.965,0.00026923
2024-03-19 08:00:00,64704.23,64710.69,64325.0,64390.01,778.34394,0.00029065
2024-03-20 00:00:00,61937.41,62227.99,61840.0,62128.09,970.11403,0.00015847
2024-03-20 16:00:00,63600.37,63790.0,63300.0,63696.39,828.93808,0.0001
2024-03-21 00:00:00,67840.51,67883.54,67629.28,67775.88,712.8567,0.00010403
2024-03-21 08:00:00,66985.19,67452.59,66980.0,67413.83,651.05606,0.00019304
2024-03-21 16:00:00,66557.77,66558.51,66183.9,66383.83,775.80616,0.0001951
2024-03-22 00:00:00,65501.28,65832.0,65414.5,65789.0,667.93637,0.00016271
2024-03-22 08:00:00,66178.01,66287.92,66146.37,66287.92,273.61174,0.0001
2024-03-22 16:00:00,63877.04,63883.97,63320.0,63650.88,767.09219,0.00011993
2024-03-23 00:00:00,63796.64,63804.0,63640.0,63662.71,357.12188,0.0001
2024-03-23 08:00:00,64575.41,64857.14,64550.0,64552.87,354.24013,0.0001
2024-03-23 16:00:00,65104.06,65213.22,64892.25,65132.0,317.64618,0.00010806
2024-03-24 00:00:00,63990.02,64358.18,63954.85,64172.0,361.12313,0.00010351
2024-03-24 08:00:00,64583.44,65000.99,64476.0,64894.96,677.58649,0.00014616
2024-03-24 16:00:00,65673.36,65838.88,65596.0,65613.99,373.63666,0.00015884
2024-03-25 00:00:00,67210.0,67318.18,66783.73,66863.93,751.34979,0.00025549
2024-03-25 16:00:00,69792.06,69880.0,69440.18,69720.09,818.19656,0.00028815
2024-03-26 00:00:00,69880.0,69974.83,69732.8,69860.0,292.23038,0.00021963
2024-03-26 08:00:00,70486.38,70773.89,70268.66,70630.0,888.3906,0.00018348
2024-03-26 16:00:00,70250.01,70499.0,70000.5,70000.5,755.23172,0.00026764
2024-03-27 00:00:00,69987.99,70034.76,69840.0,69916.02,183.50146,0.00028757
2024-03-27 16:00:00,68873.99,69310.0,68359.18,68648.07,1518.67618,0.00043631
2024-03-28 00:00:00,69469.99,69572.95,69382.0,69539.99,211.34318,0.00024195
2024-03-28 08:00:00,70399.04,70580.29,70328.19,70341.34,535.10722,0.00029899
2024-03-28 16:00:00,71290.38,71320.0,70786.71,70796.01,684.60303,0.0002943
2024-03-29 00:00:00,70780.6,70827.99,70685.21,70716.6,153.50314,0.0001825
2024-03-29 08:00:00,69794.01,70084.01,69712.0,69723.23,577.5111,0.00025456
2024-03-29 16:00:00,69179.99,69431.29,69161.49,69421.13,587.84562,0.0003017
2024-03-30 00:00:00,69850.53,69904.0,69790.0,69832.23,217.15073,0.00019624
2024-03-30 08:00:00,69852.18,69962.97,69826.54,69938.94,157.45029,0.00032267
2024-03-30 16:00:00,69999.99,70034.0,69920.0,69943.8,162.87984,0.0003436
2024-03-31 00:00:00,69582.17,69722.96,69562.99,69722.96,214.64592,0.00032351
2024-03-31 08:00:00,70301.72,70330.0,70265.53,70306.99,161.34222,0.00039889
2024-04-01 00:00:00,71280.0,71288.23,71107.71,71140.01,377.63986,0.00070161
2024-04-01 08:00:00,69594.94,69594.94,69389.93,69474.01,500.36953,0.00033491
2024-04-01 16:00:00,68237.15,68500.0,68062.86,68387.37,865.13384,0.00027469
2024-04-02 16:00:00,64889.99,65457.95,64550.0,65447.48,1530.31192,0.00016456
2024-04-03 00:00:00,65463.99,65610.0,65326.64,65343.99,440.49393,0.0001
2024-04-03 08:00:00,66135.98,66138.0,65990.0,66085.39,322.80604,0.0001
2024-04-03 16:00:00,65836.02,66090.0,65790.21,66090.0,566.98154,0.0001
2024-04-04 00:00:00,65963.27,66220.0,65824.0,66220.0,319.54299,0.0001
2024-04-04 08:00:00,66091.59,66350.0,66028.0,66350.0,280.79286,0.0001
2024-04-04 16:00:00,67648.0,67700.0,67526.5,67700.0,283.15565,0.0001
2024-04-05 00:00:00,68487.8,68492.6,68320.91,68341.08,339.32618,0.0001
2024-04-05 08:00:00,66930.75,67361.85,66917.74,67310.0,350.16575,0.0001
2024-04-05 16:00:00,68190.62,68380.0,68034.84,68046.75,437.25059,0.0001
2024-04-06 00:00:00,67820.63,67863.84,67686.23,67792.2,335.74682,0.0001
2024-04-06 08:00:00,67992.02,68106.88,67947.11,68000.35,222.96824,0.0001
2024-04-06 16:00:00,68104.01,68174.0,67990.6,67998.1,190.70778,0.0001
2024-04-07 00:00:00,68896.0,69109.45,68824.19,69109.44,249.91936,0.0001
2024-04-07 08:00:00,69364.0,69478.2,69350.01,69462.01,139.57457,0.0001
2024-04-07 16:00:00,69543.73,69989.19,69483.9,69900.0,560.69428,0.0001
2024-04-08 08:00:00,70698.64,71333.0,70642.0,71333.0,1728.53061,0.0001
2024-04-09 00:00:00,71620.0,71700.0,71600.0,71699.99,218.27307,0.00020915
2024-04-10 00:00:00,69146.0,69300.0,69100.0,69272.0,207.46582,0.00011929
2024-04-10 16:00:00,68657.31,68873.45,68607.47,68732.01,556.02137,0.0001
2024-04-11 00:00:00,70631.08,70663.21,70335.0,70462.17,372.47056,0.00013979
2024-04-11 08:00:00,70736.0,70833.54,70617.25,70833.54,290.66006,0.00020153
2024-04-11 16:00:00,70000.0,70133.17,69945.28,70008.96,333.92573,0.00019763
2024-04-12 00:00:00,70006.22,70304.96,70002.22,70242.73,254.85121,0.00011258
2024-04-12 16:00:00,69347.3,69580.0,69096.77,69135.99,752.11091,0.00012214
2024-04-13 00:00:00,67116.52,67142.86,66935.48,66945.47,456.31801,0.0001
2024-04-13 08:00:00,67446.53,67455.0,67226.14,67235.0,248.33198,0.0001
2024-04-14 00:00:00,63924.52,64303.87,63747.53,63874.97,1277.41175,0.0001
2024-04-14 08:00:00,64464.3,64625.8,64372.04,64601.16,343.51206,0.0001
2024-04-14 16:00:00,64180.98,64393.94,64126.03,64349.73,346.91262,0.0001
2024-04-15 00:00:00,65661.85,65867.45,65397.0,65712.77,728.42137,0.0001
2024-04-15 16:00:00,64568.8,64868.28,64462.19,64537.02,575.93472,0.0001
2024-04-16 08:00:00,63516.18,63660.0,63344.43,63369.99,428.77997,9.525e-05
2024-04-16 16:00:00,61762.19,62002.1,61700.0,61922.51,720.46696,3.513e-05
2024-04-17 00:00:00,63793.4,63822.14,63581.16,63690.75,538.16261,6.375e-05
2024-04-17 08:00:00,63297.85,63578.29,63289.33,63465.61,413.40677,3.574e-05
2024-04-17 16:00:00,60304.95,61050.0,59678.16,60977.04,2348.90546,6.534e-05
2024-04-18 00:00:00,61277.38,61490.8,61059.98,61118.0,508.23048,6.937e-05
2024-04-18 08:00:00,61178.08,61270.68,60876.0,60968.62,332.95077,5.982e-05
2024-04-18 16:00:00,63498.69,63597.0,63282.48,63383.49,509.86299,-3.334e-05
2024-04-19 08:00:00,64547.18,65099.0,64435.42,64657.52,1033.37551,6.641e-05
2024-04-19 16:00:00,64437.18,64533.29,64070.0,64139.86,506.92534,5.88e-05
2024-04-20 00:00:00,63818.01,63968.0,63643.08,63732.6,513.95754,0.0001
2024-04-20 08:00:00,63961.22,63988.0,63712.31,63784.61,210.01981,-7.66e-06
2024-04-20 16:00:00,64808.35,64969.39,64456.54,64608.1,585.01985,4.204e-05
2024-04-21 00:00:00,64940.58,64960.0,64739.0,64872.0,229.16028,3.186e-05
2024-04-21 08:00:00,65150.67,65222.07,65093.21,65097.96,235.18284,-2.093e-05
2024-04-21 16:00:00,65043.7,65087.92,64430.55,64510.0,1208.31904,8.271e-05
2024-04-22 00:00:00,64941.15,65143.75,64915.86,65110.0,170.49086,4.409e-05
2024-04-22 08:00:00,65980.01,66120.85,65937.5,66045.98,330.99767,2.497e-05
2024-04-22 16:00:00,65994.39,66220.45,65926.17,66187.09,233.98137,8.98e-06
2024-04-23 00:00:00,66819.32,66869.75,66747.1,66808.01,299.4749,-1.236e-05
2024-04-23 08:00:00,66099.79,66181.92,65963.4,65989.66,383.88679,5.24e-05
2024-04-24 00:00:00,66414.0,66655.95,66390.0,66602.19,266.17449,1.413e-05
2024-04-24 08:00:00,66630.89,66681.03,66595.72,66626.01,179.0894,5.302e-05
2024-04-24 16:00:00,64610.1,64959.74,64535.0,64706.0,644.29981,7.047e-05
2024-04-25 00:00:00,64289.58,64410.0,64226.6,64390.18,251.67763,7.02e-05
2024-04-25 08:00:00,64017.99,64092.57,63950.0,64083.87,238.99076,4.069e-05
2024-04-26 08:00:00,64276.94,64439.0,64234.19,64427.44,449.65977,6.85e-06
2024-04-26 16:00:00,63503.22,63662.5,63318.75,63463.07,404.36305,5.562e-05
2024-04-27 00:00:00,63770.0,63904.0,63750.0,63904.0,127.19991,0.0001
2024-04-27 16:00:00,62951.75,63057.48,62940.01,62979.29,212.34444,2.834e-05
2024-04-28 00:00:00,63461.98,63530.0,63461.98,63493.99,180.77846,1.006e-05
2024-04-28 08:00:00,63915.5,63979.27,63843.17,63915.07,150.90059,-2.081e-05
2024-04-28 16:00:00,63540.0,63646.0,63540.0,63606.09,121.92946,2.782e-05
2024-04-29 00:00:00,63118.62,63304.76,63002.86,63304.75,252.12773,2.472e-05
2024-04-29 08:00:00,62399.98,62498.61,62300.0,62339.43,320.21242,5.544e-05
2024-04-29 16:00:00,63039.07,63158.8,62933.4,63066.62,390.30193,6.828e-05
2024-04-30 00:00:00,63866.0,63882.29,63688.04,63727.8,196.06553,9.74e-05
2024-04-30 08:00:00,63148.74,63244.0,62837.49,62837.61,501.7496,9.154e-05
2024-04-30 16:00:00,60796.86,60947.55,60346.21,60733.12,901.18515,0.0001
2024-05-01 00:00:00,60672.01,60841.63,60601.93,60601.93,390.23536,0.0001
2024-05-01 08:00:00,57500.0,57596.63,57000.0,57347.31,3553.79516,8.946e-05
2024-05-01 16:00:00,56886.0,57047.3,56750.1,57019.99,816.85754,9.902e-05
2024-05-02 00:00:00,58364.97,58610.55,58254.9,58267.7,1824.40842,6.634e-05
2024-05-02 08:00:00,57681.08,57867.54,57612.73,57801.4,444.90677,6.169e-05
2024-05-03 00:00:00,59060.6,59131.1,58968.75,59045.84,304.26072,-1.549e-05
2024-05-03 08:00:00,59190.74,59291.1,59136.49,59251.18,194.4525,-3.764e-05
2024-05-03 16:00:00,61690.74,61887.08,61690.74,61770.02,424.42773,8.091e-05
2024-05-04 00:00:00,62882.01,62917.36,62796.22,62917.36,295.0703,2.703e-05
2024-05-04 08:00:00,62959.03,63057.76,62934.62,63045.05,141.70443,7.455e-05
2024-05-04 16:00:00,63609.17,63650.0,63386.01,63505.97,282.96315,6.265e-05
2024-05-05 00:00:00,63892.03,64066.0,63892.03,64025.55,256.99754,6.906e-05
2024-05-05 08:00:00,63736.86,63767.64,63656.02,63677.98,139.19543,6.47e-06
2024-05-05 16:00:00,64428.64,64530.97,64244.84,64530.96,355.01963,3.893e-05
2024-05-06 00:00:00,64012.0,64132.84,64011.01,64091.34,129.12524,6.02e-06
2024-05-06 08:00:00,64540.75,64621.79,64479.81,64508.11,365.58609,-1.031e-05
2024-05-06 16:00:00,63632.01,63747.59,63517.77,63694.01,297.27008,7.746e-05
2024-05-07 00:00:00,63165.18,63308.9,63092.38,63134.2,192.53715,6.064e-05
2024-05-07 08:00:00,63669.69,63827.23,63596.13,63827.22,244.23707,1.581e-05
2024-05-07 16:00:00,63740.48,63895.46,63720.0,63772.13,222.82265,9.028e-05
2024-05-08 00:00:00,62312.07,62500.0,62281.09,62461.98,302.60079,4.891e-05
2024-05-08 08:00:00,62208.0,62310.0,62042.0,62202.01,316.21688,5.553e-05
2024-05-08 16:00:00,62273.07,62296.46,62000.0,62272.51,305.22326,9.292e-05
2024-05-09 00:00:00,61193.03,61332.23,61144.33,61272.82,252.7987,5.648e-05
2024-05-09 08:00:00,61253.16,61420.01,61139.79,61212.61,358.36743,3.315e-05
2024-05-09 16:00:00,62159.06,62509.53,62100.0,62450.89,1066.9496,7.253e-05
2024-05-10 00:00:00,63074.0,63094.01,62908.11,62955.99,252.58767,1.026e-05
2024-05-10 08:00:00,63078.01,63136.06,62901.0,62916.01,308.59359,5.934e-05
2024-05-10 16:00:00,60928.02,61147.0,60255.0,61070.77,1675.86823,7.653e-05
2024-05-11 00:00:00,60799.99,60878.0,60799.99,60853.74,193.46973,8.881e-05
2024-05-11 08:00:00,61018.53,61058.75,60897.15,60915.16,123.08971,3.771e-05
2024-05-11 16:00:00,61174.18,61248.34,61091.84,61248.33,204.9959,5.067e-05
2024-05-12 00:00:00,60825.99,60940.56,60804.0,60940.46,108.77862,2.604e-05
2024-05-12 08:00:00,60819.99,60949.5,60800.0,60860.01,170.0218,2.83e-05
2024-05-12 16:00:00,61419.01,61542.97,61368.4,61493.01,253.12499,0.0001
2024-05-13 16:00:00,63002.0,63090.0,62934.05,62974.21,254.99845,9.151e-05
2024-05-14 00:00:00,62940.09,62950.98,62820.88,62840.07,213.77876,9.866e-05
2024-05-14 08:00:00,62035.39,62045.8,61878.78,61882.22,387.48267,0.0001
2024-05-14 16:00:00,61787.6,61816.34,61570.7,61598.19,407.77324,4.392e-05
2024-05-15 00:00:00,61577.49,61681.7,61558.66,61623.79,95.60655,0.0001
2024-05-15 08:00:00,62195.04,62265.98,62112.95,62112.95,306.37963,-3.85e-06
2024-05-15 16:00:00,64725.12,65065.68,64720.0,65042.55,613.59548,2.373e-05
2024-05-16 08:00:00,66142.62,66460.71,66094.34,66283.59,308.84606,5.148e-05
2024-05-16 16:00:00,65818.89,65827.47,65693.69,65703.77,223.18829,3.543e-05
2024-05-17 00:00:00,65235.21,65363.94,65235.2,65344.21,117.94951,4.647e-05
2024-05-17 08:00:00,66386.93,66457.28,66171.59,66326.04,369.57646,8.15e-06
2024-05-17 16:00:00,67195.09,67273.62,67109.71,67112.0,429.58576,-2.98e-06
2024-05-18 00:00:00,67024.0,67095.88,66890.08,66969.08,426.40299,6.28e-06
2024-05-18 08:00:00,66887.01,67028.0,66840.0,66998.66,163.55601,8.012e-05
2024-05-18 16:00:00,66823.63,66945.45,66722.0,66939.29,184.36962,-7.92e-06
2024-05-19 00:00:00,66915.2,66978.62,66915.19,66960.0,87.12013,3.339e-05
2024-05-19 08:00:00,67324.44,67339.91,67192.4,67220.08,158.26385,5.21e-05
2024-05-19 16:00:00,66889.88,66990.0,66850.21,66850.22,127.08194,4.779e-05
2024-05-20 00:00:00,66274.0,66284.43,66200.34,66200.35,115.43199,5.607e-05
2024-05-20 08:00:00,66825.15,67057.97,66825.14,66910.0,297.20809,2.479e-05
2024-05-21 00:00:00,71446.62,71518.36,71125.37,71270.01,1246.24014,0.0001
2024-05-21 16:00:00,69827.0,69997.46,69680.0,69968.98,637.73319,0.0001
2024-05-22 00:00:00,70148.34,70231.33,70049.99,70159.83,387.43021,0.0001
2024-05-22 08:00:00,69715.0,69902.62,69636.01,69902.61,200.54024,0.00015759
2024-05-22 16:00:00,70455.89,70665.53,70285.71,70661.99,330.62689,0.0001
2024-05-23 00:00:00,69166.62,69336.43,69166.61,69320.69,197.81083,0.0001
2024-05-23 08:00:00,69734.05,69819.3,69696.95,69770.75,169.93203,0.0001
2024-05-23 16:00:00,68075.99,68147.36,67924.32,67924.33,258.81147,0.0001
2024-05-24 00:00:00,67969.66,67991.56,67650.0,67713.06,346.37145,0.0001
2024-05-24 08:00:00,67155.93,67174.12,67001.0,67001.0,204.55557,0.0001
2024-05-24 16:00:00,68326.46,68473.85,68066.53,68066.54,551.09655,0.0001
2024-05-25 00:00:00,68549.99,68668.23,68500.0,68660.7,141.20627,0.0001
2024-05-25 08:00:00,68753.93,68822.59,68749.2,68822.58,98.5856,0.0001
2024-05-25 16:00:00,68930.39,68970.66,68849.5,68919.98,196.05306,0.0001
2024-05-26 00:00:00,69290.56,69319.31,69232.34,69232.35,138.81096,0.0001
2024-05-26 08:00:00,69340.16,69491.06,69260.0,69467.02,226.82263,0.0001
2024-05-26 16:00:00,68847.98,68968.0,68841.07,68924.0,217.64959,0.0001
2024-05-27 00:00:00,68507.67,68630.96,68481.31,68598.71,131.92908,0.0001
2024-05-27 08:00:00,68643.36,68835.55,68643.35,68755.84,139.15694,0.0001
2024-05-27 16:00:00,70373.86,70635.23,70373.85,70568.01,618.78559,0.0001
2024-05-28 00:00:00,69436.43,69472.99,69372.99,69395.87,154.05848,0.0001
2024-05-28 08:00:00,67694.01,67924.0,67582.13,67923.99,592.73744,0.0001
2024-05-28 16:00:00,68374.08,68457.19,68249.96,68340.01,317.1659,0.0001
2024-05-29 08:00:00,67946.89,67999.92,67637.06,67762.77,649.75249,0.0001
2024-05-29 16:00:00,67379.13,67390.0,67124.65,67196.17,738.78651,0.00012558
2024-05-30 00:00:00,67652.41,67783.99,67625.1,67759.15,168.48396,0.0001
2024-05-30 08:00:00,67584.57,67643.99,67202.44,67207.65,725.12681,0.0001
2024-05-30 16:00:00,68530.77,68600.0,68409.81,68419.5,216.80192,0.0001
2024-05-31 00:00:00,68352.17,68403.03,68306.86,68360.0,123.29196,0.00014599
2024-05-31 08:00:00,68175.0,68293.41,68165.18,68271.24,203.56397,0.00012268
2024-05-31 16:00:00,67215.58,67352.41,66825.0,66825.01,1390.34266,0.0001
2024-06-01 00:00:00,67540.01,67703.89,67540.0,67586.61,274.50877,0.0001
2024-06-01 08:00:00,67632.07,67664.12,67618.35,67629.12,98.42376,0.0001
2024-06-02 00:00:00,67766.84,67772.0,67744.0,67753.87,70.20545,0.0001
2024-06-02 08:00:00,67721.01,67768.0,67671.81,67756.55,146.72972,0.0001
2024-06-02 16:00:00,68142.18,68200.0,68063.18,68085.0,139.02741,0.0001
2024-06-03 00:00:00,67765.62,67832.38,67680.87,67832.38,155.23532,0.0001
2024-06-03 08:00:00,68906.7,69039.48,68906.69,69026.9,299.75886,0.00014135
2024-06-03 16:00:00,69615.27,69715.61,69334.12,69352.02,560.29529,0.0001
2024-06-04 00:00:00,68809.89,68890.0,68800.0,68838.33,231.55098,0.00012008
2024-06-04 08:00:00,69013.62,69191.99,68880.99,69110.79,279.52139,0.0001
2024-06-04 16:00:00,70445.0,70636.8,70388.17,70517.77,1205.47936,0.0001
2024-06-05 00:00:00,70537.83,70608.9,70481.4,70481.4,192.60598,0.0001
2024-06-05 08:00:00,71199.99,71243.6,71041.82,71061.88,261.48881,0.00016387
2024-06-05 16:00:00,71580.01,71758.0,71414.78,71645.19,456.64578,0.00013226
2024-06-06 00:00:00,71108.0,71178.52,71087.52,71175.18,133.89809,0.0001
2024-06-06 16:00:00,71300.0,71379.93,71099.95,71128.67,716.52039,0.0001177
2024-06-07 00:00:00,70799.06,70819.99,70740.0,70770.2,101.5829,0.0001
2024-06-07 08:00:00,71110.01,71130.0,71048.12,71079.99,169.40744,0.0001
2024-06-07 16:00:00,71111.55,71116.0,70938.09,71076.47,409.43139,0.00010166
2024-06-08 00:00:00,69355.6,69355.61,69296.41,69339.99,190.37607,0.0001
2024-06-08 08:00:00,69582.2,69582.2,69456.1,69469.25,143.70369,0.0001
2024-06-08 16:00:00,69430.01,69470.16,69399.26,69399.27,104.23893,0.0001
2024-06-09 00:00:00,69310.46,69310.46,69291.3,69300.0,65.11526,0.0001
2024-06-09 08:00:00,69295.64,69343.45,69283.45,69343.44,58.39117,0.0001
2024-06-10 00:00:00,69648.15,69655.11,69525.51,69535.84,143.39059,0.0001
2024-06-10 08:00:00,69304.0,69447.05,69279.35,69420.0,190.27177,0.0001
2024-06-11 08:00:00,67570.18,67641.03,67350.47,67360.0,607.53273,0.0001
2024-06-11 16:00:00,66244.48,66681.24,66161.26,66640.5,795.01476,0.0001
2024-06-12 00:00:00,67314.23,67413.29,67292.8,67413.29,160.46438,0.0001
2024-06-12 08:00:00,67453.64,67532.64,67441.64,67532.64,129.5788,0.0001
2024-06-12 16:00:00,69734.0,69786.46,69666.23,69670.0,296.14312,0.0001
2024-06-13 00:00:00,68263.98,68290.0,68077.04,68093.25,176.70949,0.0001
2024-06-13 16:00:00,66470.01,66824.0,66251.78,66708.14,919.30402,0.0001
2024-06-14 00:00:00,66773.01,66897.96,66738.75,66755.12,280.73068,0.0001
2024-06-14 08:00:00,66904.98,67207.31,66863.46,67188.9,488.09711,0.0001
2024-06-14 16:00:00,66392.0,66520.0,65600.0,65851.41,2288.81109,0.0001
2024-06-15 00:00:00,66043.99,66072.0,65967.5,66049.29,360.80956,0.0001
2024-06-15 08:00:00,66076.99,66168.45,66076.98,66132.27,100.64439,0.0001
2024-06-15 16:00:00,66316.02,66360.0,66237.41,66264.0,147.02618,0.0001
2024-06-16 08:00:00,66266.3,66293.1,66250.0,66284.01,48.89147,0.0001
2024-06-16 16:00:00,66712.8,66744.71,66607.0,66660.0,108.29819,0.0001
2024-06-17 00:00:00,66676.86,66686.77,66549.37,66665.53,436.32676,0.0001
2024-06-17 08:00:00,66172.0,66312.0,66120.0,66312.0,126.58247,0.0001
2024-06-17 16:00:00,65368.0,65553.82,65319.99,65499.98,307.22128,0.0001
2024-06-18 00:00:00,66504.33,66588.23,66366.36,66403.72,164.83347,0.0001
2024-06-18 08:00:00,65672.51,65746.0,65624.84,65686.01,167.40244,8.236e-05
2024-06-18 16:00:00,64705.99,64868.98,64458.0,64466.02,589.64542,0.0001
2024-06-19 16:00:00,64921.99,64982.6,64807.35,64907.31,225.14696,2.967e-05
2024-06-20 00:00:00,64974.37,65000.82,64818.72,65000.0,477.51612,3.934e-05
2024-06-20 08:00:00,65858.84,65927.48,65757.56,65784.0,257.68217,5.953e-05
2024-06-20 16:00:00,64831.24,64859.13,64602.88,64753.87,609.19694,6.879e-05
2024-06-21 00:00:00,64869.99,64928.14,64704.72,64723.82,284.12188,3.344e-05
2024-06-21 08:00:00,64201.63,64368.0,64187.03,64290.97,348.11309,7.328e-05
2024-06-21 16:00:00,63732.02,63838.71,63584.58,63653.04,291.63659,0.0001
2024-06-22 00:00:00,64143.56,64185.9,64110.07,64112.58,112.15954,0.0001
2024-06-22 08:00:00,64519.99,64546.81,64360.0,64399.29,267.80308,4.146e-05
2024-06-22 16:00:00,64307.09,64336.16,64272.29,64282.0,62.69959,0.0001
2024-06-23 00:00:00,64262.01,64354.51,64262.0,64354.51,146.43159,0.0001
2024-06-23 08:00:00,64415.27,64435.72,64406.0,64406.0,29.9029,2.307e-05
2024-06-23 16:00:00,64094.01,64142.85,64040.0,64142.84,112.43974,4.676e-05
2024-06-24 08:00:00,62456.0,62565.78,62340.01,62389.06,208.38287,0.0001
2024-06-24 16:00:00,60843.99,60941.17,60588.23,60911.06,1341.79515,7.488e-05
2024-06-25 00:00:00,60293.3,60343.92,60257.06,60270.01,236.26855,7.447e-05
2024-06-25 08:00:00,60685.16,60900.78,60668.01,60888.02,398.78324,5.949e-05
2024-06-25 16:00:00,61810.0,61939.23,61710.0,61730.0,413.26798,7.752e-05
2024-06-26 08:00:00,61720.02,61754.6,61545.87,61550.36,185.93173,0.0001
2024-06-26 16:00:00,61467.85,61521.83,61373.2,61521.83,243.36046,0.0001
2024-06-27 00:00:00,60864.98,60906.01,60806.01,60840.01,148.13096,0.0001
2024-06-27 16:00:00,61576.0,61783.27,61571.87,61755.86,205.13895,0.0001
2024-06-28 00:00:00,61706.46,61729.85,61647.65,61678.94,267.04036,0.0001
2024-06-28 08:00:00,61350.01,61420.0,61212.11,61330.01,252.68278,0.0001
2024-06-28 16:00:00,61062.0,61119.58,60891.57,60990.13,287.97839,0.0001
2024-06-29 08:00:00,61052.3,61087.36,60951.38,60975.36,196.86679,0.0001
2024-06-29 16:00:00,61106.0,61124.0,61018.22,61018.23,87.41355,0.0001
2024-06-30 00:00:00,60986.68,60999.99,60940.0,60940.01,96.30799,0.0001
2024-06-30 08:00:00,61528.01,61608.07,61393.07,61433.0,270.07181,0.0001
2024-06-30 16:00:00,61717.9,61749.08,61630.0,61664.89,150.29948,0.0001
2024-07-01 00:00:00,62772.01,62809.01,62573.32,62624.0,416.77792,0.0001
2024-07-01 08:00:00,63277.84,63314.99,63258.79,63260.01,118.85658,0.0001
2024-07-02 00:00:00,62900.0,62971.05,62850.06,62858.02,105.08391,0.0001
2024-07-02 08:00:00,62630.0,62701.87,62401.23,62476.17,482.94429,0.0001
2024-07-02 16:00:00,61948.08,61972.11,61806.28,61890.56,304.06538,0.0001
2024-07-03 00:00:00,62135.46,62221.97,62128.59,62221.97,126.98064,0.0001
2024-07-03 16:00:00,60186.25,60339.74,60100.0,60265.99,328.28089,0.0001
2024-07-04 00:00:00,60208.57,60315.0,60208.57,60284.01,281.01131,0.0001
2024-07-04 08:00:00,58219.99,58506.18,58179.74,58321.09,620.52122,0.0001
2024-07-04 16:00:00,58140.0,58140.0,57821.95,57862.34,434.80825,0.0001
2024-07-05 00:00:00,57050.02,57260.76,56727.78,56884.01,1374.98552,0.0001
2024-07-05 08:00:00,54415.04,54451.81,54233.83,54451.81,493.44037,0.0001
2024-07-05 16:00:00,56662.99,56770.0,56372.53,56502.83,873.28456,1.762e-05
2024-07-06 00:00:00,56628.79,56639.99,56445.38,56541.09,356.89867,5.729e-05
2024-07-06 08:00:00,56606.0,56616.93,56506.99,56538.0,110.91198,7.512e-05
2024-07-06 16:00:00,57317.99,57343.59,57185.76,57274.01,154.28165,3.25e-05
2024-07-07 08:00:00,57369.99,57496.29,57369.98,57484.99,256.95288,0.0001
2024-07-07 16:00:00,56825.42,56956.0,56755.55,56871.11,136.17401,0.0001
2024-07-08 00:00:00,55857.81,55926.0,55528.0,55635.98,1205.68197,7.905e-05
2024-07-08 08:00:00,55852.0,56288.0,55741.11,56258.02,762.66257,8.222e-05
2024-07-08 16:00:00,55761.52,56114.0,55730.68,56054.01,327.78532,0.0001
2024-07-09 00:00:00,56714.61,56765.85,56606.79,56650.0,113.83076,0.0001
2024-07-09 16:00:00,57477.0,57635.99,57434.74,57592.01,301.54162,0.0001
2024-07-10 00:00:00,58050.0,58050.0,57843.0,57874.01,99.66577,0.0001
2024-07-10 08:00:00,58977.99,59032.82,58678.01,58737.6,393.07642,9.225e-05
2024-07-10 16:00:00,57699.69,57957.37,57662.55,57903.98,448.87817,5.485e-05
2024-07-12 00:00:00,57339.89,57444.0,57155.6,57284.0,219.03196,6.378e-05
2024-07-12 08:00:00,57106.95,57238.41,57046.16,57228.0,298.5899,3.026e-05
2024-07-12 16:00:00,58213.99,58247.53,58026.0,58032.96,364.90192,4.037e-05
2024-07-13 00:00:00,57889.09,57926.5,57834.79,57875.36,84.79,8.319e-05
2024-07-13 08:00:00,58170.33,58198.46,58108.51,58118.44,90.12265,6.865e-05
2024-07-13 16:00:00,58830.62,58935.61,58773.7,58850.0,206.50959,0.0001
2024-07-14 00:00:00,59204.01,59473.86,59194.01,59436.02,223.76891,8.737e-05
2024-07-14 08:00:00,60062.01,60214.56,60062.0,60120.28,186.91538,3.71e-05
2024-07-14 16:00:00,60084.0,60115.09,59981.98,60088.01,108.10738,8.342e-05
2024-07-15 00:00:00,60797.91,60876.17,60632.3,60682.69,343.52762,4.59e-05
2024-07-15 08:00:00,62840.12,62944.26,62822.4,62888.27,162.61291,3.202e-05
2024-07-15 16:00:00,63026.01,63061.64,62852.0,63025.99,376.39509,-5.14e-06
2024-07-16 00:00:00,64724.06,64955.49,64671.5,64686.67,801.90171,-5.062e-05
2024-07-16 08:00:00,62895.01,63091.39,62866.98,62978.98,387.05857,8.814e-05
2024-07-16 16:00:00,64878.24,65200.0,64448.88,64742.01,1698.3817,2.717e-05
2024-07-17 00:00:00,65044.0,65300.21,64932.31,65257.52,392.95395,-3.419e-05
2024-07-17 16:00:00,64724.01,64766.99,64333.14,64392.03,892.40323,2.143e-05
2024-07-18 00:00:00,64087.99,64186.0,63913.49,63916.8,329.31703,6.89e-06
2024-07-18 08:00:00,64668.0,64834.0,64640.0,64788.88,110.01609,1.546e-05
2024-07-18 16:00:00,63538.12,63680.0,63333.0,63679.99,596.02621,3.127e-05
2024-07-19 00:00:00,63987.92,64030.94,63788.0,63790.01,205.68891,4.029e-05
2024-07-19 08:00:00,63694.01,63814.1,63409.01,63417.35,407.73051,4.855e-05
2024-07-19 16:00:00,65836.76,66360.0,65827.62,66158.0,1758.89912,4.606e-05
2024-07-20 08:00:00,66562.27,66622.0,66507.0,66616.46,112.48777,1.944e-05
2024-07-20 16:00:00,66824.99,66881.49,66763.28,66783.2,169.87625,1.622e-05
2024-07-21 00:00:00,67139.97,67216.0,67063.5,67216.0,107.04862,-5.313e-05
2024-07-21 08:00:00,66702.0,66886.01,66680.0,66865.01,135.98031,2.194e-05
2024-07-21 16:00:00,67164.0,67244.01,67098.0,67204.01,136.09204,6.46e-06
2024-07-22 00:00:00,68165.35,68280.0,68117.36,68122.0,331.29885,9.136e-05
2024-07-22 08:00:00,67236.01,67384.01,67158.0,67384.01,140.36966,5.953e-05
2024-07-22 16:00:00,67063.87,67138.01,66939.05,67122.01,154.61368,2.769e-05
2024-07-23 00:00:00,67532.0,67674.01,67449.65,67664.91,150.90309,4.709e-05
2024-07-23 08:00:00,66576.0,66693.63,66520.0,66608.0,223.04632,4.31e-05
2024-07-23 16:00:00,66584.01,66780.01,66482.41,66630.01,345.27008,4.642e-05
2024-07-24 00:00:00,65936.0,66146.01,65881.28,66048.0,151.69148,0.0001
2024-07-24 08:00:00,66078.0,66332.21,66008.0,66236.01,400.94898,0.0001
2024-07-24 16:00:00,66176.0,66280.0,65963.17,66240.01,722.68292,0.0001
2024-07-25 00:00:00,65376.01,65465.63,65269.4,65440.01,579.27385,0.0001
2024-07-25 08:00:00,64134.0,64175.68,63900.0,64094.01,525.30233,0.0001
2024-07-25 16:00:00,64790.89,64940.01,64630.0,64863.63,285.46055,0.0001
2024-07-26 00:00:00,65799.95,66062.63,65722.63,66062.63,237.00396,0.0001
2024-07-26 08:00:00,66890.56,67047.63,66890.56,67047.62,219.06298,0.0001
2024-07-26 16:00:00,67560.0,67654.01,67500.01,67508.11,145.46307,3.34e-05
2024-07-27 00:00:00,67908.0,67946.01,67811.77,67905.0,126.71872,6.547e-05
2024-07-27 08:00:00,68036.68,68176.44,68031.81,68097.03,127.03551,8.022e-05
2024-07-27 16:00:00,68844.0,68979.32,68706.18,68710.0,182.64452,9.109e-05
2024-07-28 00:00:00,67896.49,67896.5,67260.54,67604.01,499.75957,8.18e-05
2024-07-28 08:00:00,67560.86,67564.48,67447.23,67498.01,94.69114,9.177e-05
2024-07-29 08:00:00,69528.01,69700.0,69489.64,69700.0,158.31505,5.623e-05
2024-07-30 00:00:00,66784.68,66862.45,66626.0,66722.01,183.06173,3.396e-05
2024-07-30 16:00:00,66216.01,66296.81,66145.0,66296.8,126.21947,7.691e-05
2024-07-31 00:00:00,66188.0,66240.01,65881.96,65932.01,220.85709,3.063e-05
2024-07-31 08:00:00,66224.0,66277.97,66044.0,66074.02,230.15352,7.178e-05
2024-07-31 16:00:00,66379.99,66645.99,66330.0,66645.32,165.51675,3.826e-05
2024-08-01 00:00:00,64628.01,64806.8,64601.0,64659.99,252.88444,8.208e-05
2024-08-01 08:00:00,64328.6,64448.91,64310.0,64386.89,142.22432,0.0001
2024-08-01 16:00:00,62907.44,63113.66,62712.0,63057.0,622.04243,0.0001
2024-08-02 00:00:00,65354.02,65480.13,65354.01,65440.01,231.20266,0.0001
2024-08-02 16:00:00,63416.0,63611.24,63197.98,63277.26,658.77935,0.0001
2024-08-03 00:00:00,61498.34,61627.1,61430.09,61588.02,363.721,0.0001
2024-08-03 08:00:00,61662.02,61718.0,61578.98,61652.32,157.51163,9.788e-05
2024-08-04 00:00:00,60697.99,60785.16,60639.81,60744.58,203.70652,0.0001
2024-08-04 08:00:00,60374.0,60464.0,60081.57,60245.99,396.79368,5.343e-05
2024-08-04 16:00:00,59086.01,59314.57,58901.01,59264.23,678.60008,0.0001
2024-08-05 00:00:00,58161.0,58305.59,57464.78,57471.99,646.79339,0.0001
2024-08-05 08:00:00,52674.2,52935.85,52288.0,52671.9,1572.73546,4.429e-05
2024-08-05 16:00:00,54321.08,55052.0,54250.0,54948.02,1376.23385,5.967e-05
2024-08-06 00:00:00,54018.82,55000.0,53950.0,54995.5,808.88919,3.566e-05
2024-08-06 08:00:00,55998.02,56122.0,55717.53,55744.0,912.00064,-2.845e-05
2024-08-06 16:00:00,56405.99,56744.01,56234.8,56710.0,967.15018,4.485e-05
2024-08-07 00:00:00,56022.0,56138.0,55652.0,55682.0,491.18128,-7.3e-06
2024-08-07 16:00:00,56094.51,56210.64,55881.96,56122.5,485.24513,3.241e-05
2024-08-08 08:00:00,57193.48,57275.65,57100.69,57201.42,421.98839,3.086e-05
2024-08-08 16:00:00,59428.03,59860.0,59354.45,59773.47,1314.71514,1.147e-05
2024-08-09 00:00:00,61686.0,61744.37,61328.63,61517.09,720.53466,4.994e-05
2024-08-09 08:00:00,60863.58,60900.0,60600.34,60654.99,311.24688,2.184e-05
2024-08-09 16:00:00,59810.24,60000.01,59700.0,59915.29,325.38363,4.846e-05
2024-08-10 00:00:00,60837.99,60897.82,60701.91,60897.81,254.43381,-3.942e-05
2024-08-10 08:00:00,60842.01,60900.43,60717.03,60777.07,154.79818,-1.379e-05
2024-08-10 16:00:00,60515.9,60611.42,60400.0,60600.01,235.83552,-1.949e-05
2024-08-11 00:00:00,60923.51,61200.0,60892.0,61198.84,201.49709,4.049e-05
2024-08-11 08:00:00,61257.0,61322.66,61181.81,61232.48,143.98171,-1.839e-05
2024-08-12 00:00:00,58712.59,58895.97,58637.99,58884.0,274.58335,1.113e-05
2024-08-12 08:00:00,58674.62,59025.66,58674.61,58812.91,603.67413,8.783e-05
2024-08-12 16:00:00,60207.38,60420.34,59950.01,59956.53,474.27302,-2.238e-05
2024-08-13 00:00:00,59346.64,59628.86,59275.86,59409.5,352.34183,6.14e-05
2024-08-13 08:00:00,59238.05,59279.6,59059.66,59279.6,209.75489,5.21e-06
2024-08-13 16:00:00,59472.25,59796.0,59446.22,59732.06,265.52802,-3.902e-05
2024-08-14 00:00:00,60587.16,60661.15,60425.01,60626.63,121.76458,1.152e-05
2024-08-14 08:00:00,60914.02,60928.36,60716.0,60759.74,130.9073,-1.33e-05
2024-08-14 16:00:00,59435.69,59451.53,59244.89,59388.0,345.23143,-7.811e-05
2024-08-15 00:00:00,58683.39,58864.8,58678.0,58839.03,204.37587,-8.488e-05
2024-08-15 08:00:00,58060.36,58088.88,57964.85,58077.78,358.77459,6.339e-05
2024-08-15 16:00:00,59682.85,59797.74,59588.0,59604.49,287.73768,-6.181e-05
2024-08-16 00:00:00,57541.05,57579.5,57455.01,57498.37,347.95401,-0.00011235
2024-08-16 08:00:00,58456.99,58600.0,58456.99,58520.64,193.98194,-7.387e-05
2024-08-16 16:00:00,58071.07,58292.85,58000.0,58275.45,251.13752,-5.57e-06
2024-08-17 00:00:00,58874.59,58919.0,58809.16,58888.7,102.21001,1.912e-05
2024-08-17 08:00:00,59248.0,59287.85,59183.61,59191.77,69.69841,4.177e-05
2024-08-17 16:00:00,59388.11,59497.95,59388.11,59495.36,90.04092,-1.52e-06
2024-08-18 00:00:00,59491.99,59550.0,59448.0,59448.0,63.7514,3.966e-05
2024-08-18 08:00:00,59573.39,59573.39,59436.0,59546.13,165.72821,-1.323e-05
2024-08-18 16:00:00,59863.99,59909.96,59766.3,59817.53,83.41306,-3.149e-05
2024-08-19 00:00:00,58427.35,58684.89,58250.11,58657.59,839.06372,-3.616e-05
2024-08-19 08:00:00,58502.19,58597.83,58403.16,58544.83,273.29392,-6.75e-05
2024-08-20 00:00:00,59438.5,59475.99,59366.0,59408.0,156.53602,-2.656e-05
2024-08-20 08:00:00,60924.33,60947.4,60764.87,60794.73,166.35368,1.349e-05
2024-08-21 08:00:00,59711.99,59924.13,59377.99,59451.53,497.08199,-5.91e-06
2024-08-22 00:00:00,61156.03,61229.0,61069.53,61100.0,138.28701,-2.229e-05
2024-08-22 08:00:00,60984.31,61032.18,60859.79,60887.99,260.21872,1.338e-05
2024-08-23 00:00:00,60375.83,60557.34,60342.14,60497.98,151.82812,-3.329e-05
2024-08-23 08:00:00,61069.26,61148.01,61036.84,61144.02,158.57636,2.391e-05
2024-08-23 16:00:00,61533.04,61622.65,61349.99,61523.98,289.51356,-4.317e-05
2024-08-24 00:00:00,64037.24,64206.7,63928.0,63957.23,302.08207,-7.72e-06
2024-08-24 16:00:00,63976.0,64094.0,63903.58,64000.86,272.31135,6.395e-05
2024-08-25 00:00:00,64157.02,64507.04,64127.0,64276.0,685.69722,-4.806e-05
2024-08-25 08:00:00,63868.27,63946.98,63806.0,63890.91,145.23262,-1.531e-05
2024-08-25 16:00:00,64132.17,64201.0,64104.97,64115.0,84.61625,3.108e-05
2024-08-26 00:00:00,64219.99,64481.0,64105.01,64142.02,304.06787,2.439e-05
2024-08-26 16:00:00,63532.54,63647.05,63412.06,63537.99,300.77754,3.789e-05
2024-08-27 08:00:00,62902.32,63000.0,62801.21,62850.99,158.34141,1.751e-05
2024-08-27 16:00:00,61709.13,61867.0,61576.0,61852.01,496.24474,7.753e-05
2024-08-28 00:00:00,59415.0,59448.96,59212.0,59314.69,877.53586,-6.803e-05
2024-08-28 08:00:00,58600.98,58914.22,58534.35,58817.01,529.56176,2.433e-05
2024-08-29 00:00:00,59034.9,59170.55,59012.0,59161.92,168.37392,-9.76e-06
2024-08-29 16:00:00,60779.99,60960.0,60770.0,60916.0,228.54226,5.59e-06
2024-08-30 00:00:00,59359.0,59367.0,59180.0,59200.0,153.73479,9.36e-06
2024-08-30 08:00:00,59271.11,59402.0,59271.0,59397.75,296.16321,3.578e-05
2024-08-30 16:00:00,58095.0,58364.84,58017.4,58341.08,449.01874,2.927e-05
2024-08-31 00:00:00,59123.99,59168.0,59070.4,59128.0,79.50844,-1.749e-05
2024-08-31 08:00:00,59095.01,59130.0,59095.0,59112.01,51.85434,3.578e-05
2024-08-31 16:00:00,59006.54,59019.0,58956.89,58961.11,77.74187,3.8e-05
2024-09-01 00:00:00,58974.0,59055.0,58957.01,59038.12,107.03901,4.113e-05
2024-09-01 16:00:00,58217.0,58350.0,58175.64,58343.99,159.25907,-3.82e-06
2024-09-02 16:00:00,58537.99,58653.0,58530.5,58649.0,98.60036,-3.63e-06
2024-09-03 00:00:00,59132.12,59145.0,59064.0,59108.01,115.75278,6.245e-05
2024-09-03 16:00:00,57725.01,57857.15,57683.98,57826.0,236.50967,4.598e-05
2024-09-04 00:00:00,57487.74,57818.0,57467.0,57786.0,190.76979,2.209e-05
2024-09-04 08:00:00,56746.0,56811.0,56668.28,56715.69,184.92283,1.05e-05
2024-09-04 16:00:00,58134.0,58441.1,58121.1,58156.0,978.28256,-1.47e-05
2024-09-05 00:00:00,57970.9,58108.61,57964.0,58091.99,129.01186,9.016e-05
2024-09-05 08:00:00,57155.1,57232.0,57141.4,57166.01,125.95135,2.025e-05
2024-09-06 00:00:00,56180.0,56325.0,56178.0,56299.69,146.80199,2.28e-05
2024-09-06 16:00:00,54045.0,54256.0,54000.0,54128.31,536.63712,1.428e-05
2024-09-07 00:00:00,53962.97,54095.65,53933.99,53939.13,297.82004,-5.57e-06
2024-09-07 08:00:00,54286.0,54340.01,54237.0,54293.59,200.08913,-7.634e-05
2024-09-07 16:00:00,54780.0,54850.0,54696.0,54711.9,161.52167,-7.236e-05
2024-09-08 00:00:00,54160.86,54190.17,54064.0,54117.02,132.15254,3.745e-05
2024-09-08 08:00:00,54436.25,54450.0,54356.0,54359.01,70.836,-5.999e-05
2024-09-08 16:00:00,53686.99,53857.98,53629.01,53757.99,306.30566,-5.245e-05
2024-09-09 00:00:00,54869.95,55150.0,54766.0,54943.98,492.78633,-7.585e-05
2024-09-09 08:00:00,54974.01,55199.44,54960.0,55144.03,426.93795,-7.108e-05
2024-09-10 00:00:00,57042.01,57065.34,56738.0,56738.0,653.81737,-6.028e-05
2024-09-10 08:00:00,57218.56,57378.0,57156.41,57306.0,395.12331,-2.93e-05
2024-09-10 16:00:00,56596.01,56768.0,56566.0,56622.0,236.3713,-1.126e-05
2024-09-11 00:00:00,57635.99,57666.67,57521.1,57591.99,131.29959,-8.953e-05
2024-09-11 08:00:00,56712.01,56716.13,56562.2,56562.21,151.27441,-2.247e-05
2024-09-11 16:00:00,56701.22,57106.63,56646.0,56885.19,565.20116,-5.212e-05
2024-09-12 00:00:00,57338.0,57518.0,57324.0,57461.08,149.99485,-1.951e-05
2024-09-12 08:00:00,58138.15,58288.0,58100.0,58221.01,330.70191,-5.46e-06
2024-09-12 16:00:00,57512.03,57770.84,57494.01,57764.01,281.48532,-2.95e-05
2024-09-13 00:00:00,58132.31,58244.0,58126.01,58221.11,106.67619,-6.9e-07
2024-09-14 00:00:00,60497.99,60592.0,60475.0,60504.02,205.83381,-8.699e-05
2024-09-14 08:00:00,60138.14,60156.0,60020.0,60036.0,200.75225,8.59e-06
2024-09-15 00:00:00,59993.02,60024.0,59988.0,60023.99,54.78683,-4.91e-06
2024-09-15 08:00:00,60195.99,60204.0,60152.0,60159.99,54.47504,1e-08
2024-09-15 16:00:00,60335.41,60352.65,60169.51,60171.54,521.68441,4.02e-06
2024-09-16 00:00:00,59132.0,59210.7,58922.0,58948.01,389.13671,2.402e-05
2024-09-16 16:00:00,57881.7,57928.73,57780.0,57827.99,326.07044,6.762e-05
2024-09-17 08:00:00,58695.39,58848.0,58687.82,58762.41,210.00055,1.911e-05
2024-09-17 16:00:00,61135.49,61261.0,61090.93,61114.01,465.36308,5.327e-05
2024-09-18 00:00:00,60313.99,60334.0,60083.78,60135.99,242.7102,1.344e-05
2024-09-18 08:00:00,60428.01,60428.01,60114.0,60192.0,274.15855,1.678e-05
2024-09-19 00:00:00,61759.98,62122.0,61704.02,62043.99,1488.03655,3.512e-05
2024-09-19 08:00:00,62094.0,62179.99,62030.0,62126.0,184.51286,2.949e-05
2024-09-20 00:00:00,62948.0,63010.0,62831.2,62897.43,194.68947,8.065e-05
2024-09-20 16:00:00,63153.99,63282.0,63099.9,63116.62,247.44634,5.543e-05
2024-09-21 08:00:00,63091.02,63120.0,63034.74,63065.99,170.98926,0.0001
2024-09-21 16:00:00,63167.98,63232.0,63162.0,63176.0,53.76887,8.234e-05
2024-09-22 00:00:00,63348.97,63450.0,63239.99,63270.73,220.73443,6.285e-05
2024-09-22 08:00:00,62936.0,63010.0,62900.0,62966.7,135.93296,9.254e-05
2024-09-22 16:00:00,62652.12,62678.65,62491.39,62491.39,245.40505,5.537e-05
2024-09-23 00:00:00,63578.76,63607.3,63010.0,63044.38,510.42324,6.546e-05
2024-09-23 08:00:00,63548.83,63564.0,63400.0,63410.41,166.15616,1.364e-05
2024-09-23 16:00:00,63617.99,63825.96,63422.0,63505.06,414.40791,5.304e-05
2024-09-24 00:00:00,63339.99,63401.21,63206.2,63254.84,210.45559,2.324e-05
2024-09-24 08:00:00,63559.93,63690.34,63540.0,63614.66,319.43111,2.895e-05
2024-09-25 00:00:00,64262.7,64291.49,64200.12,64215.0,123.49788,1.223e-05
2024-09-25 16:00:00,63495.66,63645.99,63465.0,63592.0,219.00976,1.336e-05
2024-09-26 08:00:00,63852.07,63892.59,63760.0,63768.0,200.18768,6.246e-05
2024-09-26 16:00:00,65229.03,65494.0,65104.0,65296.73,470.82723,0.0001
2024-09-27 00:00:00,65173.99,65173.99,64995.47,65107.99,129.70922,0.0001
2024-09-27 08:00:00,65460.02,65584.21,65414.0,65544.55,286.96774,6.722e-05
2024-09-27 16:00:00,66006.01,66198.4,66006.0,66104.0,251.35235,2.275e-05
2024-09-28 00:00:00,65769.95,65831.42,65764.0,65800.0,124.13062,5.455e-05
2024-09-28 16:00:00,65619.14,65620.0,65582.0,65603.73,64.05039,1.414e-05
2024-09-29 08:00:00,65477.01,65569.72,65450.0,65517.27,144.54153,3.128e-05
2024-09-29 16:00:00,65751.34,65785.75,65719.72,65754.5,89.17104,7.253e-05
2024-09-30 00:00:00,65602.01,65618.8,65450.03,65500.01,219.13587,3.077e-05
2024-09-30 16:00:00,63561.42,63680.0,63528.0,63642.78,243.34255,0.0001
2024-10-01 00:00:00,63327.6,63510.2,63166.84,63207.82,489.73109,0.0001
2024-10-01 08:00:00,64045.92,64096.0,63952.74,63956.02,133.52413,0.0001
2024-10-02 00:00:00,60804.92,60963.4,60767.0,60840.76,355.4388,6.632e-05
2024-10-02 08:00:00,61727.39,61753.57,61603.49,61637.99,108.02273,8.409e-05
2024-10-02 16:00:00,61874.01,62390.31,61836.0,62134.0,733.18359,8.191e-05
2024-10-03 00:00:00,60649.27,60845.08,60536.0,60818.0,275.98989,4.381e-05
2024-10-03 08:00:00,60926.0,60978.0,60530.0,60539.99,307.45639,3.746e-05
2024-10-03 16:00:00,60641.5,60781.53,60556.0,60590.0,315.83295,4.99e-05
2024-10-04 00:00:00,60752.72,60812.0,60681.19,60700.0,149.6348,7.097e-05
2024-10-04 08:00:00,61443.64,61459.02,61340.22,61399.98,264.82891,2.119e-05
2024-10-05 00:00:00,62086.0,62214.0,62079.6,62079.6,282.60749,-1.596e-05
2024-10-05 08:00:00,62076.2,62121.22,62076.19,62095.21,77.67134,1.088e-05
2024-10-05 16:00:00,62167.65,62177.86,62101.0,62101.01,54.83688,8.61e-06
2024-10-06 00:00:00,62058.01,62088.17,61934.95,61939.99,60.40723,5.72e-06
2024-10-06 16:00:00,62720.01,62927.87,62720.01,62820.0,408.69983,4.18e-05
2024-10-07 00:00:00,62819.91,62900.02,62657.44,62797.32,192.83771,4.573e-05
2024-10-07 08:00:00,63532.0,63676.0,63531.99,63613.39,153.97123,-9.52e-06
2024-10-08 00:00:00,62224.01,62383.27,62156.02,62353.25,370.0442,-1.678e-05
2024-10-08 08:00:00,62319.99,62365.49,62220.05,62237.64,158.78358,7.094e-05
2024-10-08 16:00:00,62288.01,62359.85,62023.42,62247.2,341.75556,8.1e-05
2024-10-09 00:00:00,62160.5,62187.5,62059.9,62149.98,242.82892,0.0001
2024-10-09 08:00:00,62276.79,62287.07,62127.55,62224.0,194.49604,5.138e-05
2024-10-09 16:00:00,62316.0,62350.0,62062.0,62078.0,236.35042,7.939e-05
2024-10-10 00:00:00,60636.01,60693.5,60478.58,60607.53,404.41715,2.09e-05
2024-10-10 08:00:00,60900.01,60950.0,60857.42,60892.07,109.11689,1.532e-05
2024-10-10 16:00:00,60789.36,61030.31,60672.24,60748.26,384.23427,0.0001
2024-10-11 00:00:00,60326.4,60360.0,60263.15,60340.02,191.66462,2.231e-05
2024-10-11 08:00:00,60674.68,60735.05,60670.0,60708.03,97.11175,-1.874e-05
2024-10-12 00:00:00,62539.99,62762.0,62500.0,62741.99,221.57179,4.558e-05
2024-10-12 16:00:00,63157.5,63339.42,63157.49,63339.42,178.7258,-1.489e-05
2024-10-13 00:00:00,63206.23,63285.72,63196.63,63207.55,112.20289,6.93e-06
2024-10-13 08:00:00,62843.48,62900.0,62825.92,62899.99,84.78348,1.638e-05
2024-10-13 16:00:00,62229.32,62303.99,62177.67,62278.0,108.82798,3.938e-05
2024-10-14 00:00:00,62870.02,62898.43,62697.1,62697.11,84.1617,5.429e-05
2024-10-14 08:00:00,64620.87,64860.0,64480.6,64488.62,573.16466,0.0001
2024-10-14 16:00:00,65870.0,66014.0,65657.29,65709.09,450.45292,0.0001
2024-10-15 00:00:00,66084.0,66149.97,65920.47,65965.07,345.84659,0.0001
2024-10-15 08:00:00,65638.74,65777.0,65615.57,65772.85,193.50071,0.0001
2024-10-15 16:00:00,66022.01,66477.78,65982.55,66432.69,683.69209,0.0001
2024-10-16 00:00:00,67074.14,67138.96,66882.01,66940.0,232.09388,8.325e-05
2024-10-16 16:00:00,67750.0,67929.99,67626.0,67694.5,336.17229,0.0001
2024-10-17 00:00:00,67620.0,67798.56,67620.0,67707.21,98.82319,0.0001
2024-10-17 08:00:00,67303.18,67399.96,67212.25,67219.35,183.5259,0.0001
2024-10-18 16:00:00,68735.34,68757.58,68360.0,68461.99,566.22212,0.0001
2024-10-19 00:00:00,68427.99,68480.0,68360.0,68367.48,98.14002,0.0001
2024-10-19 08:00:00,68346.54,68370.0,68346.54,68370.0,64.34636,0.0001
2024-10-19 16:00:00,68226.94,68227.54,68145.0,68145.01,96.40617,0.0001
2024-10-20 00:00:00,68377.99,68443.99,68377.99,68439.99,184.80489,0.0001
2024-10-20 08:00:00,68378.01,68416.6,68378.0,68386.01,79.48146,0.0001
2024-10-20 16:00:00,68625.99,68660.0,68540.0,68564.0,92.10967,0.0001
2024-10-21 00:00:00,69032.0,69117.59,68972.56,69117.59,296.24172,0.0001
2024-10-21 08:00:00,68513.99,68661.0,68513.99,68616.62,126.41945,0.0001
2024-10-21 16:00:00,67341.02,67344.0,67182.0,67240.0,395.60997,0.0001
2024-10-22 00:00:00,67377.5,67406.5,67279.9,67288.62,230.14976,0.0001
2024-10-22 08:00:00,67402.0,67402.14,67213.33,67315.98,276.60791,0.0001
2024-10-22 16:00:00,67282.27,67282.28,67050.0,67206.56,303.15,0.0001
2024-10-23 00:00:00,67426.01,67472.83,67209.31,67218.0,165.57803,0.0001
2024-10-23 08:00:00,66852.33,67048.0,66700.0,66989.63,376.39614,0.0001
2024-10-23 16:00:00,66223.45,66288.0,65996.0,66064.37,464.84178,0.0001
2024-10-24 00:00:00,66668.65,66698.74,66600.0,66652.01,94.04205,0.0001
2024-10-24 08:00:00,67123.09,67260.61,67052.09,67224.0,152.46758,0.0001
2024-10-24 16:00:00,67701.21,67789.83,67388.0,67394.0,387.65832,0.0001
2024-10-25 00:00:00,68198.27,68286.56,68130.0,68191.0,122.9323,0.0001
2024-10-25 08:00:00,67531.96,67576.0,67359.91,67430.0,213.76097,0.0001
2024-10-25 16:00:00,67690.01,67890.52,67355.0,67821.08,827.47721,0.0001
2024-10-26 00:00:00,66698.32,66792.38,66564.92,66639.91,413.09581,4.755e-05
2024-10-26 16:00:00,66886.49,66951.33,66799.71,66829.33,176.17778,0.0001
2024-10-27 00:00:00,67092.76,67118.12,67033.0,67033.01,39.59606,0.0001
2024-10-27 08:00:00,67204.0,67254.5,67204.0,67250.01,64.26524,9.724e-05
2024-10-27 16:00:00,67792.0,67855.67,67780.0,67841.48,127.25641,0.0001
2024-10-28 00:00:00,68021.69,68108.04,67966.02,68057.98,175.02728,9.425e-05
2024-10-28 16:00:00,68494.2,68800.0,68452.54,68777.92,208.87727,8.946e-05
2024-10-29 00:00:00,69962.21,70010.0,69760.0,69855.46,164.33993,0.0001
2024-10-29 08:00:00,71017.96,71079.36,70974.0,71030.89,161.96478,0.0001
2024-10-30 00:00:00,72736.41,72785.72,72514.25,72541.58,275.11393,0.0001
2024-10-30 08:00:00,72227.99,72504.81,72220.97,72498.89,225.06996,0.0001
2024-10-31 00:00:00,72344.75,72413.99,72308.0,72349.06,147.78869,0.0001
2024-10-31 08:00:00,72417.19,72452.0,72316.0,72316.0,160.16556,0.0001
2024-10-31 16:00:00,70620.01,70688.0,70355.93,70670.35,623.88987,0.0001
2024-11-01 00:00:00,70292.01,70461.99,70248.96,70461.99,282.23452,0.0001
2024-11-01 08:00:00,69273.7,69446.0,69237.26,69442.0,265.06108,0.0001
2024-11-01 16:00:00,69387.78,70032.61,69352.0,70032.61,1008.36647,0.0001
2024-11-02 00:00:00,69496.0,69646.8,69479.91,69632.01,167.59805,0.0001
2024-11-02 08:00:00,69813.91,69838.62,69730.0,69730.01,92.49223,0.0001
2024-11-02 16:00:00,69393.18,69478.5,69359.3,69380.72,114.93827,0.0001
2024-11-03 00:00:00,69374.74,69391.0,69206.89,69368.01,193.4511,0.0001
2024-11-03 08:00:00,68397.42,68427.49,68299.62,68349.99,154.606,0.0001
2024-11-03 16:00:00,68090.91,68547.98,68054.0,68454.55,693.65501,0.0001
2024-11-04 00:00:00,68775.99,68775.99,68588.12,68641.37,182.93017,0.0001
2024-11-04 08:00:00,68618.0,68755.24,68579.9,68683.99,218.56798,0.0001
2024-11-04 16:00:00,68646.01,68814.32,68466.0,68651.88,375.7185,0.0001
2024-11-05 00:00:00,67850.01,68064.66,67788.0,67930.0,403.56844,0.0001
2024-11-06 00:00:00,69372.01,69765.03,69298.0,69725.99,400.03125,0.0001
2024-11-06 08:00:00,73370.89,73539.53,72656.31,73339.9,2208.81809,0.0001
2024-11-06 16:00:00,74297.99,74540.0,74182.05,74540.0,797.0679,0.0001
2024-11-07 00:00:00,75571.99,75643.64,75333.45,75411.58,462.35724,0.0001
2024-11-07 08:00:00,74757.58,75060.6,74649.54,75026.01,506.53109,0.0001
2024-11-07 16:00:00,76059.68,76200.0,75689.86,75768.0,953.43331,0.0001
2024-11-08 00:00:00,75857.89,76100.0,75844.99,75983.99,374.87077,0.0001
2024-11-08 08:00:00,76148.49,76164.0,75807.47,75844.42,403.54832,0.0001
2024-11-08 16:00:00,76427.72,76514.99,76222.93,76329.81,559.88907,0.0001
2024-11-09 00:00:00,76509.78,76604.0,76424.24,76593.86,117.06397,0.0001
2024-11-09 08:00:00,76529.07,76536.25,76436.0,76521.99,114.80797,0.0001
2024-11-09 16:00:00,76319.91,76324.84,76251.0,76251.01,286.32398,0.0001
2024-11-10 00:00:00,76677.46,76714.96,76492.0,76689.47,419.47255,0.0001
2024-11-10 08:00:00,78832.36,79053.36,78832.36,78972.0,234.49741,0.00025603
2024-11-10 16:00:00,79694.03,79764.0,79554.0,79662.0,501.23689,0.00014113
2024-11-11 08:00:00,81109.11,81366.0,81078.11,81224.0,671.91135,0.0001
2024-11-11 16:00:00,84059.53,84866.8,84000.0,84768.0,2273.968998,0.0001
2024-11-12 08:00:00,88983.35,89089.0,88720.91,88853.99,731.76069,0.00043737
2024-11-12 16:00:00,86632.0,86724.0,85730.35,85756.01,1192.75196,0.00038754
2024-11-13 00:00:00,87952.0,88171.99,87690.0,87708.01,414.18433,0.0001
2024-11-13 16:00:00,92540.0,93259.81,92177.78,93192.03,2520.186494,0.00021856
2024-11-14 08:00:00,90769.42,91438.41,90620.27,91387.51,829.38133,0.0001
2024-11-14 16:00:00,87947.99,88224.0,87526.74,87718.78,1457.35644,0.0001
2024-11-15 00:00:00,87325.59,88303.27,87252.0,88105.61,890.50317,0.0001
2024-11-15 08:00:00,87612.01,87778.23,87368.0,87446.89,385.86964,0.0001
2024-11-15 16:00:00,88445.4,89199.29,88386.99,89152.01,697.99837,0.00010977
2024-11-16 16:00:00,90521.2,90575.76,90186.64,90458.22,276.27992,0.00013231
2024-11-17 00:00:00,90587.98,90696.97,90576.0,90691.45,130.91087,0.00015765
2024-11-17 08:00:00,90550.8,90796.0,90478.99,90688.0,269.01151,0.0001
2024-11-18 00:00:00,89855.98,89966.4,89617.96,89798.56,251.99897,0.0001
2024-11-18 08:00:00,91719.9,92041.71,91555.54,92028.01,437.68933,0.0003645
2024-11-18 16:00:00,92309.51,92584.95,91834.89,92075.54,1213.72718,0.00021318
2024-11-19 00:00:00,90464.07,90647.1,90357.0,90536.01,294.4324,0.00021606
2024-11-19 08:00:00,91620.0,91727.28,91521.35,91551.33,221.66116,0.00030216
2024-11-19 16:00:00,92391.99,92488.0,92201.04,92227.99,349.84354,0.00017959
2024-11-20 08:00:00,92850.38,92982.53,92720.0,92948.73,438.04611,0.0001
2024-11-20 16:00:00,94739.98,94831.97,94166.66,94316.29,947.35896,0.0001
2024-11-21 08:00:00,96912.01,97155.01,96829.37,96954.36,477.90282,0.0001
2024-11-22 00:00:00,98317.12,98516.0,98137.61,98236.01,252.95835,0.0001
2024-11-22 08:00:00,99173.7,99267.19,98990.12,99023.98,538.91062,0.0001
2024-11-23 00:00:00,98892.0,98892.0,98612.5,98688.63,231.69987,0.0001
2024-11-23 08:00:00,98560.84,98623.76,98432.38,98452.0,303.7682,0.0001
2024-11-23 16:00:00,98400.01,98459.56,98250.0,98250.01,341.52494,0.0001
2024-11-24 08:00:00,98431.05,98472.98,98324.01,98403.37,295.7981,0.00016148
2024-11-24 16:00:00,95901.52,96310.63,95734.77,96130.01,1087.02235,0.00023228
2024-11-25 00:00:00,97900.05,97968.58,97654.11,97694.5,342.24051,0.00021035
2024-11-25 08:00:00,98047.34,98248.0,97850.0,98208.0,330.52446,0.0001
2024-11-25 16:00:00,96000.57,96273.75,95686.43,96147.97,1086.45229,0.00025233
2024-11-26 00:00:00,93010.01,93512.21,92727.9,93384.01,1179.75245,0.00021902
2024-11-26 08:00:00,93785.72,93785.72,93210.81,93230.02,659.76734,0.00017936
2024-11-26 16:00:00,92812.99,93324.0,92692.0,93203.86,605.74498,0.00029599
2024-11-27 00:00:00,91965.16,92428.58,91812.0,92427.99,429.12259,0.00031205
2024-11-27 08:00:00,93597.16,93609.93,93305.46,93334.0,295.46514,0.00016795
2024-11-28 00:00:00,95863.11,96037.86,95722.22,95828.0,420.91415,0.0001
2024-11-28 08:00:00,95299.66,95400.0,95090.0,95196.48,238.41119,0.00014326
2024-11-28 16:00:00,95007.15,95308.0,95007.14,95294.49,248.14713,0.00011859
2024-11-29 00:00:00,95643.99,95698.42,95400.0,95500.01,197.84784,0.00020619
2024-11-29 08:00:00,95625.05,95910.84,95616.0,95777.0,302.91429,0.00011747
2024-11-29 16:00:00,98019.46,98343.53,98019.46,98101.0,474.7424,0.00021921
2024-11-30 00:00:00,97460.0,97463.95,97224.01,97236.36,137.8746,0.0001
2024-11-30 08:00:00,96783.38,96841.27,96699.97,96841.26,172.56675,0.00015909
2024-11-30 16:00:00,96645.42,96757.06,96615.52,96652.01,106.03529,0.00012063
2024-12-01 00:00:00,96407.99,96584.0,96350.13,96566.33,98.77594,0.00015901
2024-12-01 08:00:00,96472.97,96723.97,96424.99,96717.21,131.4852,0.00019581
2024-12-01 16:00:00,97028.02,97312.85,97000.0,97239.06,415.41908,0.0001
2024-12-02 16:00:00,97048.01,97356.69,96915.59,97266.42,594.00523,0.00013387
2024-12-03 00:00:00,95840.61,96027.3,95689.61,95966.32,411.88578,0.00012779
2024-12-03 08:00:00,95550.0,95662.94,95476.11,95558.63,227.75212,0.00024926
2024-12-03 16:00:00,95682.54,96169.99,95600.0,95826.15,758.02531,0.00011952
2024-12-04 00:00:00,95849.69,96000.0,95827.0,95934.61,276.89721,0.00026634
2024-12-04 08:00:00,96588.81,96797.41,96588.81,96724.01,273.3995,0.00026254
2024-12-04 16:00:00,95742.8,95820.0,95168.05,95203.5,617.75954,0.00023234
2024-12-05 08:00:00,102236.1,102685.9,102236.1,102616.0,1517.81305,0.00072446
2024-12-05 16:00:00,101292.0,101910.09,101272.0,101453.99,1376.85662,0.00047059
2024-12-06 00:00:00,96945.63,96999.0,95981.72,96656.0,1114.39693,0.0001
2024-12-06 08:00:00,98138.53,98281.79,98013.93,98262.54,306.64669,0.00014634
2024-12-06 16:00:00,99310.0,99500.0,99249.74,99336.0,482.14352,0.0001
2024-12-07 00:00:00,99740.84,100068.88,99529.41,100067.81,315.26111,0.00031972
2024-12-07 08:00:00,99405.2,99561.44,99405.19,99447.35,148.01998,0.00012374
2024-12-07 16:00:00,99756.0,99799.99,99560.01,99574.19,117.12498,0.0001409
2024-12-08 00:00:00,99831.99,99952.0,99728.0,99786.01,150.89725,0.00016985
2024-12-08 08:00:00,99675.11,99687.85,99407.49,99465.42,151.94858,0.00016572
2024-12-08 16:00:00,99912.01,100018.27,99857.77,99922.54,125.65492,0.0001758
2024-12-09 00:00:00,101109.6,101215.93,100687.23,100702.23,310.93328,0.00030413
2024-12-09 08:00:00,99576.51,99646.6,99340.0,99607.25,299.65941,0.00021032
2024-12-10 08:00:00,97196.44,97244.29,96982.67,97017.41,191.51288,0.0001
2024-12-10 16:00:00,95658.79,96101.43,95282.63,95810.6,2005.40433,0.0001
2024-12-11 00:00:00,96593.0,96842.42,96492.0,96756.04,323.45021,0.0001
2024-12-11 08:00:00,97334.59,97899.47,97316.78,97816.0,397.19866,0.0001
2024-12-12 08:00:00,100499.99,100728.0,100470.58,100600.0,174.60845,0.0001
2024-12-13 00:00:00,100004.29,100265.35,99939.85,100003.98,141.73163,0.0001
2024-12-13 08:00:00,100130.01,100238.35,99896.0,99975.28,220.56148,0.0001
2024-12-14 00:00:00,101424.24,101519.42,101333.33,101333.33,142.43173,6.75e-05
2024-12-14 08:00:00,101824.0,101863.64,101683.68,101683.68,87.35,0.0001
2024-12-14 16:00:00,101625.12,101636.0,101420.01,101442.82,123.65377,0.0001
2024-12-15 00:00:00,101420.0,101522.14,101350.03,101515.59,77.02323,0.0001
2024-12-15 08:00:00,101732.09,101794.12,101581.07,101781.0,147.79983,8.194e-05
2024-12-15 16:00:00,102704.0,102939.97,102583.65,102939.96,138.65283,0.0001
2024-12-16 00:00:00,104463.99,104760.0,104324.5,104524.15,418.94078,0.0001
2024-12-16 16:00:00,106332.0,106790.0,106140.0,106598.66,840.98969,9.181e-05
2024-12-17 00:00:00,106058.65,106122.07,105657.34,105976.94,348.1506,7.866e-05
2024-12-17 08:00:00,106805.75,107039.13,106753.53,107039.13,269.08384,0.0001
2024-12-17 16:00:00,106478.48,107058.82,106148.0,107035.99,543.21291,0.0001
2024-12-18 00:00:00,106133.74,106450.0,106050.01,106444.01,201.07866,0.0001
2024-12-18 08:00:00,104250.75,104378.92,104104.79,104224.94,234.57053,9.159e-05
2024-12-18 16:00:00,104428.54,104474.14,103863.84,103899.22,341.00803,0.0001
2024-12-19 00:00:00,100204.01,100841.56,100128.0,100791.97,791.93783,0.0001
2024-12-19 08:00:00,101656.57,101656.58,101380.1,101384.0,163.07756,0.0001
2024-12-19 16:00:00,100679.86,100712.16,99830.0,100057.83,550.23892,0.0001
2024-12-20 00:00:00,97461.86,97814.09,97385.53,97488.16,429.6065,0.0001
2024-12-21 00:00:00,97805.44,97813.59,97349.6,97423.24,326.18275,0.0001
2024-12-21 08:00:00,99040.0,99187.95,98732.5,99020.94,421.96798,1.206e-05
2024-12-22 00:00:00,97292.0,97372.98,97052.0,97174.06,141.54126,0.0001
2024-12-22 08:00:00,96210.25,96524.62,96196.85,96430.54,177.55825,0.0001
2024-12-22 16:00:00,95377.71,95523.06,95200.0,95485.63,325.14414,9.629e-05
2024-12-23 00:00:00,95186.28,95410.77,94828.0,95024.81,330.36175,0.0001
2024-12-23 08:00:00,95404.01,95554.88,95187.24,95455.01,145.7508,0.0001
2024-12-24 00:00:00,94881.47,94881.47,94335.01,94449.2,197.25252,0.0001
2024-12-24 08:00:00,94233.2,94635.7,94125.42,94342.51,238.81678,0.0001
2024-12-25 08:00:00,98084.33,98114.46,97928.2,98079.21,104.91783,0.0001
2024-12-25 16:00:00,98519.99,98696.4,98432.07,98464.27,95.70549,0.0001
2024-12-26 00:00:00,99429.61,99963.7,99429.6,99718.03,429.65683,9.827e-05
2024-12-26 08:00:00,97719.99,97772.13,96690.91,96702.38,1299.59967,7.453e-05
2024-12-26 16:00:00,96042.89,96480.0,95816.86,96339.0,377.74833,8.585e-05
2024-12-27 00:00:00,95791.6,95930.39,95681.19,95741.95,193.60635,0.0001
2024-12-27 08:00:00,95104.76,96050.59,95104.76,96020.49,641.48046,0.0001
2024-12-27 16:00:00,94573.75,94684.14,94150.0,94241.67,552.08188,0.0001
2024-12-28 08:00:00,94381.98,94487.1,94381.98,94434.66,55.76464,7.639e-05
2024-12-28 16:00:00,94447.28,94529.63,94389.45,94448.01,227.91991,5.173e-05
2024-12-29 00:00:00,95300.0,95340.0,95144.0,95190.48,106.63451,8.013e-05
2024-12-29 08:00:00,95272.05,95315.5,95123.0,95166.82,57.7168,0.0001
2024-12-29 16:00:00,94511.11,94578.89,94200.0,94212.3,441.96311,0.0001
2024-12-30 00:00:00,93738.19,93782.38,93510.0,93720.44,202.77714,-4.2e-07
2024-12-30 16:00:00,92130.21,92227.17,91908.76,92013.98,396.56281,0.0001
2024-12-31 00:00:00,92792.05,92907.03,92706.02,92831.1,148.07186,0.0001
2024-12-31 08:00:00,92860.75,93034.11,92842.88,92969.21,149.28872,0.0001
2024-12-31 16:00:00,95412.0,95590.52,95175.5,95480.8,189.52526,0.0001
2025-01-01 08:00:00,93684.11,93756.02,93677.44,93746.39,72.0457,0.0001
2025-01-02 00:00:00,94591.78,94627.53,94462.88,94530.31,146.5212,0.0001
2025-01-02 16:00:00,96455.01,96721.23,96040.04,96652.57,411.77326,0.0001
2025-01-03 00:00:00,96984.79,97080.96,96945.21,96945.21,85.9827,0.0001
2025-01-03 08:00:00,96304.0,96466.65,96304.0,96463.93,134.57358,0.0001
2025-01-03 16:00:00,97521.36,97726.52,97406.54,97633.12,370.91718,5.242e-05
2025-01-04 00:00:00,98174.17,98288.0,98016.69,98111.11,184.50531,7.699e-05
2025-01-04 08:00:00,98271.87,98306.22,98213.84,98248.99,61.35765,0.0001
2025-01-04 16:00:00,97657.95,97800.0,97623.99,97780.29,129.81106,7.98e-06
2025-01-05 00:00:00,98220.51,98328.09,98154.18,98286.77,82.75449,0.0001
2025-01-05 08:00:00,98268.77,98268.78,97908.02,97951.01,213.82709,0.0001
2025-01-05 16:00:00,98028.98,98332.54,97988.88,98195.62,242.08021,8.32e-05
2025-01-06 00:00:00,98363.61,98626.77,98363.61,98455.89,159.94725,0.0001
2025-01-06 16:00:00,102147.95,102465.6,101973.11,102198.37,748.98551,0.0001
2025-01-07 00:00:00,102235.6,102255.0,101972.5,102031.96,171.7048,0.0001
2025-01-07 08:00:00,101664.81,101738.26,101626.0,101636.37,134.10219,8.903e-05
2025-01-08 08:00:00,95657.09,95766.97,95528.56,95695.72,248.10962,0.0001
2025-01-08 16:00:00,95493.77,95555.25,94860.01,95013.43,446.18853,0.0001
2025-01-09 00:00:00,95060.61,95060.61,94900.26,94949.18,131.97746,0.0001
2025-01-09 08:00:00,93221.59,93312.44,92839.3,92926.58,758.46378,9.834e-05
2025-01-09 16:00:00,94244.02,94685.25,94170.42,94406.29,515.46876,-5.44e-06
2025-01-10 00:00:00,92552.49,92764.54,92524.08,92637.77,305.13092,3.966e-05
2025-01-10 08:00:00,94492.62,94733.33,94388.5,94733.23,242.62444,-1.06e-05
2025-01-10 16:00:00,93730.93,93860.0,93388.01,93637.28,654.67722,8.078e-05
2025-01-11 00:00:00,94726.1,94746.37,94629.23,94661.91,90.25479,5.68e-05
2025-01-11 08:00:00,94246.36,94385.58,94202.0,94385.57,50.9673,4.055e-05
2025-01-11 16:00:00,94410.26,94484.85,94312.56,94421.89,73.27694,2.608e-05
2025-01-12 00:00:00,94599.99,94655.22,94546.62,94619.73,71.30699,5.009e-05
2025-01-12 08:00:00,94323.85,94393.57,94323.84,94362.17,33.58897,3.21e-05
2025-01-12 16:00:00,95071.91,95131.05,94848.48,94848.49,92.83885,6.647e-05
2025-01-13 00:00:00,94545.07,94636.37,94463.32,94566.13,89.89224,5.266e-05
2025-01-13 08:00:00,93590.24,93661.55,93342.49,93439.93,167.00015,6.989e-05
2025-01-13 16:00:00,92123.75,92289.07,91609.86,91816.81,558.76713,8.81e-06
2025-01-14 00:00:00,94536.11,94563.11,94369.15,94418.09,141.4013,0.0001
2025-01-14 08:00:00,94863.99,95585.06,94860.11,95536.46,386.93312,0.0001
2025-01-14 16:00:00,96471.65,96471.66,95650.01,96045.56,925.62498,9.496e-05
2025-01-15 00:00:00,96560.85,96864.61,96500.0,96853.45,168.22771,4.989e-05
2025-01-15 08:00:00,97301.35,97462.82,97224.7,97342.44,153.80585,8.795e-05
2025-01-15 16:00:00,98992.42,99479.53,98992.42,99434.94,450.99361,5.844e-05
2025-01-16 00:00:00,100497.35,100866.66,100298.15,100299.13,655.67553,7.28e-06
2025-01-16 08:00:00,99800.0,99816.34,99715.51,99790.5,175.45273,7.568e-05
2025-01-16 16:00:00,99296.17,99815.27,99180.99,99418.82,786.54795,4.598e-05
2025-01-17 08:00:00,101440.51,101772.36,101439.77,101696.01,356.70861,9.386e-05
2025-01-18 00:00:00,104077.47,104401.06,104075.34,104359.99,303.52601,6.707e-05
2025-01-18 16:00:00,104568.96,104719.29,104289.24,104334.0,466.99049,0.0001
2025-01-19 00:00:00,104556.23,104556.23,104290.01,104313.86,184.6251,0.0001
2025-01-19 08:00:00,105167.11,105167.12,104822.57,104822.58,241.9181,0.0001
2025-01-19 16:00:00,104936.35,105057.43,104725.94,104782.67,214.28073,0.0001
2025-01-20 00:00:00,101331.57,101677.71,100654.8,101408.0,1300.20163,0.0001
2025-01-20 16:00:00,104957.99,105831.52,103708.0,104513.09,1810.54024,0.0001
2025-01-21 00:00:00,102260.0,102580.0,101720.49,102403.56,533.08465,0.0001
2025-01-21 08:00:00,101989.06,102490.13,101740.82,102380.67,359.89426,0.0001
2025-01-21 16:00:00,103942.99,106300.0,103822.02,106043.46,1746.63991,0.0001
2025-01-22 00:00:00,106143.82,106218.73,105871.15,105989.41,215.14039,0.0001
2025-01-22 08:00:00,105084.77,105163.14,104939.39,105019.99,266.26829,0.0001
2025-01-22 16:00:00,104180.01,104232.64,103700.0,103809.55,540.31748,0.0001
2025-01-23 08:00:00,102710.28,102724.94,102387.93,102481.75,200.62825,0.0001
2025-01-23 16:00:00,105263.52,106579.99,105052.0,106500.0,1977.71521,8.616e-05
2025-01-24 00:00:00,103910.35,104157.98,103793.72,103831.13,230.51743,3.34e-06
2025-01-24 08:00:00,105046.79,105251.25,104922.41,105229.99,157.01232,7.537e-05
2025-01-24 16:00:00,105859.99,106126.06,105720.87,105957.27,380.97663,9.54e-05
2025-01-25 00:00:00,104870.51,104870.51,104508.51,104527.83,159.3796,5.702e-05
2025-01-25 08:00:00,104385.99,104450.12,104301.09,104436.0,99.38696,8.495e-05
2025-01-26 00:00:00,104746.86,104841.84,104699.0,104741.62,95.724,8.363e-05
2025-01-26 08:00:00,104998.36,105221.36,104890.56,105085.67,148.56823,0.0001
2025-01-26 16:00:00,104967.02,105022.07,104907.55,104907.55,45.75823,8.443e-05
2025-01-27 00:00:00,102620.01,103260.0,102313.12,102987.28,690.01303,9.084e-05
2025-01-27 08:00:00,99048.01,99208.54,98700.0,99150.63,546.32872,3.712e-05
2025-01-27 16:00:00,101112.03,101250.56,100850.43,101045.58,464.62869,9.8e-07
2025-01-28 00:00:00,102082.83,102892.0,102067.8,102458.67,545.7842,0.0001
2025-01-28 08:00:00,102789.72,102913.69,102607.34,102833.51,135.76035,3.714e-05
2025-01-28 16:00:00,102777.99,102907.98,102253.52,102267.4,462.40414,9.848e-05
2025-01-29 00:00:00,101335.52,101587.49,101328.01,101534.89,146.27438,0.0001
2025-01-29 08:00:00,102755.81,103000.0,102736.17,102767.99,232.52059,0.0001
2025-01-29 16:00:00,101980.78,102122.86,101780.61,101886.03,146.80464,9.949e-05
2025-01-30 00:00:00,103733.25,103818.69,103518.51,103576.45,278.19054,7.59e-05
2025-01-30 08:00:00,105132.07,105368.84,105004.84,105011.08,213.62875,0.0001
2025-01-30 16:00:00,105563.99,105849.98,105455.3,105638.3,248.85288,9.499e-05
2025-01-31 00:00:00,104722.94,104850.0,104535.0,104564.92,181.55202,1.225e-05
2025-01-31 08:00:00,104188.57,104321.98,104116.03,104116.04,137.74568,0.0001
2025-01-31 16:00:00,105464.0,105574.4,105120.01,105240.0,377.52157,0.0001
2025-02-01 00:00:00,102429.56,102570.64,102274.5,102531.98,140.4053,8.098e-05
2025-02-01 08:00:00,102166.49,102276.99,102166.48,102205.63,66.35876,5.369e-05
2025-02-01 16:00:00,102073.89,102209.98,102039.21,102063.38,80.45881,5.968e-05
2025-02-02 08:00:00,99643.3,99842.29,99400.24,99412.75,238.96116,3.38e-05
2025-02-02 16:00:00,99346.87,99361.97,98964.0,98993.02,235.82449,-8.61e-06
2025-02-03 00:00:00,97700.59,97782.79,97261.24,97314.01,540.20703,0.0001
2025-02-03 08:00:00,95333.01,95400.0,94915.25,95400.0,592.26783,0.0001
2025-02-03 16:00:00,98842.0,99041.89,98164.0,98478.06,1171.41995,4.845e-05
2025-02-04 00:00:00,101328.51,101660.94,101328.51,101618.4,295.53483,2.612e-05
2025-02-04 16:00:00,99347.18,99949.5,99050.0,99861.99,576.75053,4.138e-05
2025-02-05 16:00:00,98116.24,98160.0,97636.38,97696.0,431.73824,1.61e-05
2025-02-06 16:00:00,97333.09,97545.79,97209.53,97533.46,361.82009,5.903e-05
2025-02-07 00:00:00,96554.35,96922.83,96539.84,96763.48,218.61324,7.983e-05
2025-02-07 08:00:00,96757.04,96952.79,96613.24,96793.99,212.29645,6.989e-05
2025-02-07 16:00:00,98283.98,98323.5,97638.29,97895.03,727.30706,5.167e-05
2025-02-08 00:00:00,96506.8,96521.74,96370.21,96441.6,110.21599,-4.1e-05
2025-02-08 08:00:00,96209.92,96293.48,96137.41,96158.49,65.42091,1.137e-05
2025-02-08 16:00:00,95843.74,96018.87,95843.73,95934.0,128.80908,3.24e-06
2025-02-09 00:00:00,96444.75,96509.44,96408.16,96460.0,146.0225,3.873e-05
2025-02-09 08:00:00,97057.83,97294.46,97057.82,97213.02,141.18833,9.6e-05
2025-02-09 16:00:00,96488.14,96545.65,96363.22,96545.65,103.21646,2.839e-05
2025-02-10 00:00:00,96462.75,97095.52,96452.09,96946.65,428.0346,1.802e-05
2025-02-10 08:00:00,97429.83,97876.64,97358.79,97761.98,509.28914,9.176e-05
2025-02-10 16:00:00,97218.68,97380.0,97133.37,97180.6,293.80626,7.457e-05
2025-02-11 00:00:00,97430.82,97830.19,97416.62,97735.32,165.4624,4.218e-05
2025-02-11 08:00:00,98268.98,98330.0,98150.0,98199.99,126.91069,7.09e-05
2025-02-11 16:00:00,97007.54,97045.53,96816.78,97013.22,239.42763,-2.446e-05
2025-02-12 00:00:00,95778.21,95983.9,95692.21,95983.74,123.4351,1.298e-05
2025-02-12 08:00:00,96069.58,96270.69,96047.73,96224.03,126.62185,4.899e-05
2025-02-13 08:00:00,96070.23,96175.34,95976.11,96015.99,141.9107,4.117e-05
2025-02-14 00:00:00,96608.13,96737.9,96575.21,96594.62,115.72635,4.1e-05
2025-02-14 16:00:00,96924.57,97030.58,96700.0,96810.0,199.48378,7.093e-05
2025-02-15 00:00:00,97500.47,97500.48,97356.42,97453.65,138.27578,5.5e-07
2025-02-15 08:00:00,97346.27,97460.21,97301.77,97372.01,73.22634,3.297e-05
2025-02-15 16:00:00,97633.21,97714.39,97565.08,97605.1,80.10679,3.735e-05
2025-02-16 00:00:00,97569.67,97626.53,97554.65,97623.71,34.36502,3.39e-05
2025-02-16 08:00:00,97248.98,97331.42,97201.0,97305.7,58.22929,1.82e-06
2025-02-16 16:00:00,96911.01,97064.39,96880.0,97038.34,96.28841,3.799e-05
2025-02-17 00:00:00,96118.12,96298.99,96023.17,96202.42,198.91093,6.239e-05
2025-02-17 08:00:00,96068.21,96211.84,95937.05,96191.35,98.60715,6.397e-05
2025-02-17 16:00:00,95659.45,95945.49,95550.0,95613.82,526.93726,2.009e-05
2025-02-18 00:00:00,95780.01,96058.62,95780.0,95900.88,181.44259,9.488e-05
2025-02-18 08:00:00,95456.92,95482.0,95263.0,95326.0,174.16638,0.0001
2025-02-18 16:00:00,95546.49,95624.14,95381.07,95402.58,170.3334,0.0001
2025-02-19 00:00:00,95671.74,95849.06,95568.11,95584.0,587.87486,7.007e-05
2025-02-19 08:00:00,95687.71,95811.05,95672.02,95737.08,67.4907,7.779e-05
2025-02-19 16:00:00,95943.74,96220.0,95930.54,96197.97,204.03484,8.96e-05
2025-02-20 00:00:00,96644.37,96688.73,96512.81,96544.8,72.61371,2.42e-05
2025-02-20 08:00:00,96867.92,96888.28,96801.61,96875.91,64.51687,3.269e-05
2025-02-20 16:00:00,96903.76,97666.63,96888.0,97413.51,405.46815,7.346e-05
2025-02-21 08:00:00,98179.77,98261.91,98170.0,98248.71,101.49855,2.286e-05
2025-02-21 16:00:00,98104.04,98588.0,97709.92,98587.99,889.5066,-9.7e-07
2025-02-22 00:00:00,96181.99,96186.5,95888.0,95986.51,236.01287,0.0001
2025-02-22 08:00:00,96288.09,96348.6,96163.46,96163.46,164.93089,6.466e-05
2025-02-22 16:00:00,96592.01,96800.0,96592.0,96734.88,232.09532,2.318e-05
2025-02-23 00:00:00,96551.01,96551.01,96492.0,96497.9,100.79589,4.112e-05
2025-02-23 08:00:00,96508.85,96508.86,96396.3,96432.14,59.25337,3.14e-05
2025-02-23 16:00:00,95436.19,95624.31,95428.89,95561.45,201.49846,1.478e-05
2025-02-24 00:00:00,96258.0,96500.0,96194.88,96465.82,203.30991,-2.97e-05
2025-02-24 08:00:00,95872.02,95945.0,95679.95,95719.8,252.53305,6.881e-05
2025-02-24 16:00:00,94323.95,94980.0,94153.72,94726.87,885.73775,2.05e-05
2025-02-25 00:00:00,91552.88,91960.98,90912.01,91006.62,1404.0671,0.0001
2025-02-25 08:00:00,89320.01,89978.83,89012.03,89841.17,1515.84795,5.245e-05
2025-02-25 16:00:00,87231.63,87320.76,86741.33,87102.98,1190.17543,1.385e-05
2025-02-26 00:00:00,88680.39,88690.0,88428.57,88489.43,382.18427,3.521e-05
2025-02-26 08:00:00,88720.01,88807.8,88138.0,88357.0,491.62366,6.005e-05
2025-02-26 16:00:00,87567.53,87806.62,86761.41,86872.0,934.78852,0.0001
2025-02-27 08:00:00,86272.01,86447.61,86221.73,86232.73,215.7214,-6.17e-06
2025-02-27 16:00:00,85500.84,85691.51,85492.64,85576.58,430.98578,9.433e-05
2025-02-28 08:00:00,79204.6,79438.33,78646.13,78786.02,1080.47347,9.521e-05
2025-02-28 16:00:00,84005.05,84099.99,83490.56,83601.62,803.64391,-3.73e-06
2025-03-01 00:00:00,84349.95,84536.52,84257.15,84536.52,100.10315,-1.4e-07
2025-03-01 08:00:00,84740.16,85041.83,84740.15,85022.22,513.97492,-6.108e-05
2025-03-02 00:00:00,86064.54,86300.0,85967.77,86026.01,188.53993,-1.094e-05
2025-03-02 08:00:00,86232.42,86263.23,85750.0,85766.0,306.03353,-2.783e-05
2025-03-02 16:00:00,87428.0,88168.81,87278.51,88147.51,1789.97744,-2.869e-05
2025-03-03 08:00:00,92363.58,92394.03,92169.81,92193.05,216.02001,7.91e-06
2025-03-03 16:00:00,90035.38,90372.74,89691.02,90015.43,745.68893,5.272e-05
2025-03-04 16:00:00,82985.05,83143.78,82336.36,82916.32,427.5695,1.306e-05
2025-03-05 00:00:00,87281.98,87281.98,87012.12,87141.99,273.52112,4.113e-05
2025-03-05 08:00:00,87619.49,87735.85,87600.0,87725.79,165.85792,2.722e-05
2025-03-05 16:00:00,88344.25,88431.18,87622.64,87919.83,723.67135,5.028e-05
2025-03-06 00:00:00,90606.0,90815.31,90477.45,90508.43,325.98412,3.538e-05
2025-03-06 16:00:00,90820.69,91066.44,90668.17,90754.72,370.42112,6.818e-05
2025-03-07 00:00:00,89931.88,91283.02,89860.03,90218.0,832.09869,-6.12e-06
2025-03-07 16:00:00,88457.99,88983.33,88147.05,88680.0,870.35222,2.028e-05
2025-03-08 00:00:00,86801.74,86801.75,86557.2,86619.86,198.87341,5.328e-05
2025-03-09 08:00:00,86004.61,86098.0,85919.11,85932.27,83.48589,3.218e-05
2025-03-09 16:00:00,83080.4,83551.98,82650.0,83516.86,652.93605,0.0001
2025-03-10 00:00:00,80734.48,81423.89,80688.55,80917.31,553.29622,3.952e-05
2025-03-10 08:00:00,82318.78,82391.75,82008.0,82142.59,189.83147,1.344e-05
2025-03-10 16:00:00,80043.84,80250.0,79646.07,80015.27,551.20201,4.037e-05
2025-03-11 00:00:00,78595.86,79235.77,78595.86,78759.91,635.51072,4.705e-05
2025-03-11 08:00:00,80424.94,80839.8,80325.22,80811.51,544.94387,3.26e-05
2025-03-12 00:00:00,82932.99,83000.0,82691.86,82781.43,132.33563,5.76e-06
2025-03-12 08:00:00,82447.78,82841.82,82380.87,82719.86,384.75728,5.815e-05
2025-03-13 00:00:00,83680.12,83831.43,83577.73,83655.0,281.97279,4.3e-06
2025-03-13 08:00:00,83152.0,83262.58,83101.01,83101.01,100.85029,2.069e-05
2025-03-13 16:00:00,81044.72,81212.0,80852.0,80949.99,586.56654,3.19e-05
2025-03-14 00:00:00,81115.78,81131.62,80818.84,81011.17,219.20574,5.386e-05
2025-03-14 08:00:00,82170.84,82362.32,82170.84,82313.55,102.59809,5.331e-05
2025-03-14 16:00:00,84724.58,84950.0,84508.07,84512.7,799.7982,3.57e-06
2025-03-15 00:00:00,83983.19,84200.0,83964.57,84170.1,137.4624,-6.035e-05
2025-03-15 08:00:00,83827.32,83921.53,83731.86,83778.03,429.77059,-2.389e-05
2025-03-15 16:00:00,84346.03,84410.0,84244.7,84301.89,242.96061,-3.21e-06
2025-03-16 00:00:00,84338.44,84391.06,84263.2,84332.67,54.78668,4.32e-06
2025-03-16 08:00:00,84273.95,84335.43,84224.2,84275.31,45.83683,4.236e-05
2025-03-16 16:00:00,83320.83,85117.04,83293.42,84149.15,1910.36378,1.247e-05
2025-03-17 00:00:00,82574.52,82831.75,82523.0,82743.46,197.68679,1.065e-05
2025-03-17 08:00:00,83567.88,83594.34,83327.82,83391.72,115.48429,8.474e-05
2025-03-17 16:00:00,83531.07,83878.9,83444.73,83739.14,302.32309,8.59e-06
2025-03-18 00:00:00,84010.02,84021.74,83877.76,83877.76,88.92235,7.03e-06
2025-03-18 08:00:00,83163.81,83318.47,83100.0,83101.92,103.09617,2.059e-05
2025-03-18 16:00:00,81610.22,81843.43,81547.22,81841.38,181.17339,3.514e-05
2025-03-19 00:00:00,82715.03,82791.9,82603.2,82741.09,136.11858,2e-06
2025-03-19 08:00:00,83190.0,83397.23,83178.74,83357.34,252.1039,5.961e-05
2025-03-19 16:00:00,84733.05,84826.29,84485.17,84506.52,348.51686,5.024e-05
2025-03-20 00:00:00,86845.93,87453.67,86845.93,87271.08,769.78985,1.944e-05
2025-03-20 08:00:00,85816.39,85903.99,85705.18,85764.26,78.17153,3.79e-05
2025-03-20 16:00:00,84691.27,84908.0,84359.12,84467.69,518.64183,1.086e-05
2025-03-21 00:00:00,84223.38,84475.0,84180.09,84432.12,106.83342,1.615e-05
2025-03-21 08:00:00,83937.99,84156.0,83831.94,84119.59,104.04231,5.324e-05
2025-03-21 16:00:00,83565.47,83846.6,83379.0,83815.1,279.25788,2.518e-05
2025-03-22 00:00:00,84088.79,84144.0,84043.47,84078.59,81.45223,2.836e-05
2025-03-22 16:00:00,84109.08,84109.09,84063.53,84102.55,72.15496,5.092e-05
2025-03-23 00:00:00,83840.59,83919.5,83809.75,83893.55,88.49423,2.099e-05
2025-03-23 08:00:00,84279.82,84308.43,84263.05,84293.32,55.74546,-1.84e-06
2025-03-23 16:00:00,85189.41,85329.53,85059.74,85307.52,142.26762,4.02e-05
2025-03-24 00:00:00,86082.5,86087.74,85865.64,85967.4,229.26991,2.039e-05
2025-03-24 08:00:00,86874.52,87185.55,86838.76,87146.0,308.20777,5.512e-05
2025-03-24 16:00:00,88350.01,88499.98,88285.22,88423.83,399.73773,-3.422e-05
2025-03-25 08:00:00,86436.82,86572.0,86428.13,86503.77,166.19324,1.15e-05
2025-03-25 16:00:00,87774.37,87960.71,87700.0,87902.13,196.65883,-3.776e-05
2025-03-26 00:00:00,87392.88,87497.71,87199.99,87304.34,256.18183,-2.99e-05
2025-03-26 08:00:00,88140.45,88200.0,88007.23,88053.83,146.98788,1.659e-05
2025-03-28 16:00:00,84051.15,84217.61,83890.55,83891.33,361.35999,8.118e-05
2025-03-29 00:00:00,84424.38,84470.39,84362.04,84470.38,73.84465,5.364e-05
2025-03-29 08:00:00,83731.83,83803.25,83666.65,83782.0,115.73909,8.214e-05
2025-03-29 16:00:00,82414.22,82683.78,82414.22,82666.01,87.17036,2.53e-05
2025-03-30 00:00:00,82648.53,82744.88,82566.0,82741.46,61.73743,3.41e-06
2025-03-30 08:00:00,83076.58,83261.87,83076.58,83261.87,80.52392,4.27e-06
2025-03-30 16:00:00,82729.57,82792.46,82700.0,82741.47,59.43858,4.588e-05
2025-03-31 00:00:00,82390.0,82444.89,82176.0,82280.55,214.3517,2.643e-05
2025-03-31 08:00:00,81933.51,82250.02,81908.19,82162.35,232.80413,6.02e-05
2025-03-31 16:00:00,83418.78,83694.29,83260.39,83339.99,213.46297,1.845e-05
2025-04-01 00:00:00,82550.0,82712.54,82483.49,82483.49,113.81865,3.961e-05
2025-04-01 16:00:00,85280.88,85493.0,85105.99,85179.73,442.67986,3.573e-05
2025-04-02 08:00:00,84426.32,84426.33,84311.58,84332.64,103.45733,3.036e-05
2025-04-02 16:00:00,86757.67,86941.84,86589.58,86886.34,1113.49513,7.33e-06
2025-04-03 00:00:00,82516.28,82800.0,82175.98,82761.36,647.21555,5.862e-05
2025-04-03 08:00:00,83456.76,83666.66,83456.74,83642.01,195.26061,5.038e-05
2025-04-03 16:00:00,82039.32,82448.21,81980.0,82149.36,415.03689,6.484e-05
2025-04-04 00:00:00,83213.09,83295.68,83050.0,83084.65,443.61556,4.283e-05
2025-04-04 08:00:00,83992.85,84315.0,83992.85,84250.53,600.14148,4.736e-05
2025-04-04 16:00:00,82860.0,83555.0,82855.55,83427.99,435.61035,8.038e-05
2025-04-05 00:00:00,83889.87,83889.88,83649.91,83752.17,89.99732,8.559e-05
2025-04-05 08:00:00,83525.33,83648.63,83516.06,83536.34,64.38368,7.437e-05
2025-04-05 16:00:00,82618.25,82731.98,82611.8,82724.6,70.30724,4.08e-06
2025-04-06 00:00:00,83537.99,83620.01,83422.91,83462.82,102.91875,2.21e-06
2025-04-06 08:00:00,83024.97,83038.68,82876.02,82876.03,175.16334,5.363e-05
2025-04-07 00:00:00,78430.0,78520.0,77419.9,77448.63,922.56682,4.946e-05
2025-04-07 08:00:00,75126.01,75949.5,75085.74,75527.89,1166.8952,6.857e-05
2025-04-07 16:00:00,78479.91,78497.55,78068.0,78281.82,417.23174,4.998e-05
2025-04-08 00:00:00,79163.24,79509.4,79083.33,79509.39,454.6603,4.074e-05
2025-04-08 08:00:00,79496.01,79528.35,79043.71,79060.01,291.47751,3.575e-05
2025-04-08 16:00:00,78498.0,78522.72,78190.0,78190.0,494.48329,3.134e-05
2025-04-09 00:00:00,76322.42,76738.88,75926.52,76645.98,780.24343,9.568e-05
2025-04-09 16:00:00,77258.01,77850.4,77136.0,77760.99,351.35181,6.856e-05
2025-04-10 00:00:00,82615.22,82753.21,82457.55,82479.99,511.84945,7.705e-05
2025-04-10 08:00:00,81595.81,81853.2,81521.73,81759.46,222.48056,1.14e-06
2025-04-10 16:00:00,78757.24,79278.55,78464.36,78884.74,895.27399,6.775e-05
2025-04-11 08:00:00,81266.76,81936.71,80782.43,81449.99,1198.14883,-4.294e-05
2025-04-11 16:00:00,82521.74,82633.73,82260.86,82281.91,240.81497,3.29e-05
2025-04-12 00:00:00,83423.83,83500.0,83276.11,83276.12,170.72832,3.654e-05
2025-04-12 16:00:00,85008.4,85212.81,84826.08,84909.34,275.31233,5.388e-05
2025-04-13 00:00:00,85276.91,85448.89,85272.63,85448.89,82.89863,5.057e-05
2025-04-13 08:00:00,84413.1,84444.38,84277.03,84304.09,194.59412,8.429e-05
2025-04-13 16:00:00,83849.66,84217.4,83845.13,84082.28,223.23465,9.642e-05
2025-04-14 00:00:00,83760.0,84200.0,83678.0,84146.0,246.45378,8.113e-05
2025-04-14 08:00:00,84580.77,84800.0,84443.49,84529.62,184.48114,7.127e-05
2025-04-14 16:00:00,84101.16,84391.12,83863.63,84083.99,360.6431,2.428e-05
2025-04-15 00:00:00,84591.58,84699.31,84454.64,84459.11,149.18799,-2.073e-05
2025-04-15 08:00:00,85716.77,85915.4,85657.62,85863.85,465.57773,6.606e-05
2025-04-16 00:00:00,83643.99,83700.0,83301.0,83314.39,339.06689,2.428e-05
2025-04-16 08:00:00,83363.17,83378.55,83140.89,83170.7,228.73962,6.917e-05
2025-04-16 16:00:00,84846.58,85109.67,84846.58,84996.45,158.60266,1.978e-05
2025-04-17 08:00:00,84669.98,84763.29,84649.27,84700.0,63.84875,5.679e-05
2025-04-18 00:00:00,84947.92,85018.97,84869.56,84943.76,100.21069,1.788e-05
2025-04-18 08:00:00,84654.68,84754.72,84654.68,84754.72,111.08142,7.071e-05
2025-04-18 16:00:00,84374.6,84465.86,84303.96,84433.25,95.48029,2.995e-05
2025-04-19 00:00:00,84474.7,84485.02,84370.76,84409.93,51.18731,2.93e-05
2025-04-19 08:00:00,85217.38,85256.02,85141.44,85141.44,52.14766,6.024e-05
2025-04-19 16:00:00,85191.18,85328.3,85173.91,85228.88,163.76293,-1.953e-05
2025-04-20 00:00:00,85077.0,85220.0,85050.27,85200.0,203.04671,-2.98e-06
2025-04-20 08:00:00,84784.01,84784.01,84722.22,84774.12,44.43522,-1.078e-05
2025-04-20 16:00:00,84344.65,84438.88,84272.74,84438.87,103.87429,-2.258e-05
2025-04-21 00:00:00,85179.24,85361.04,85144.76,85330.97,224.91804,5.232e-05
2025-04-22 08:00:00,88476.82,88638.98,88440.0,88546.82,263.43142,-7.44e-06
2025-04-22 16:00:00,90934.61,91041.97,90716.54,90809.52,633.83599,-7.045e-05
2025-04-23 00:00:00,93442.99,93786.34,93380.01,93484.27,482.97946,-1.389e-05
2025-04-23 16:00:00,93195.28,93371.11,93000.0,93152.0,309.96589,4.587e-05
2025-04-24 00:00:00,93691.07,93787.65,93364.91,93434.78,453.45483,-2.671e-05
2025-04-26 08:00:00,94570.31,94627.36,94408.81,94596.0,106.63641,-2.774e-05
2025-04-27 08:00:00,94065.99,94199.99,94020.0,94159.51,77.28972,-6.6e-06
2025-04-27 16:00:00,93901.09,93925.8,93857.66,93911.13,61.64318,-4.21e-06
2025-04-29 00:00:00,95011.18,95028.66,94841.0,94857.58,93.61198,-7.73e-06
2025-04-29 08:00:00,94917.61,95000.0,94890.23,94976.01,119.9797,4.13e-06
2025-04-30 08:00:00,94620.99,94725.11,94556.08,94725.1,95.13003,2.939e-05
2025-05-01 00:00:00,94172.0,94347.83,94130.43,94269.04,120.12412,3.519e-05
2025-05-01 08:00:00,95025.84,95086.64,94913.04,95017.31,79.89716,5.755e-05
2025-05-02 00:00:00,96489.9,96674.61,96466.21,96619.04,232.34516,-0.00012232
2025-05-02 08:00:00,96350.01,96579.37,96350.0,96567.54,132.92033,-9.382e-05
2025-05-03 00:00:00,96887.13,96935.67,96806.18,96806.19,193.78458,-5.953e-05
2025-05-03 08:00:00,96322.68,96322.69,96150.0,96160.01,171.74188,3.198e-05
2025-05-03 16:00:00,96418.68,96428.33,96288.83,96288.83,90.4207,-1.483e-05
2025-05-05 00:00:00,94277.61,94505.36,94200.0,94443.77,459.90836,-2.404e-05
2025-05-05 08:00:00,94761.91,94798.01,94652.36,94666.66,266.73959,3.636e-05
2025-05-06 16:00:00,94558.94,94850.0,94388.02,94818.01,246.46353,7.57e-06
2025-05-07 08:00:00,96994.82,97004.04,96861.57,96861.58,142.48734,-2.5e-07
2025-05-08 00:00:00,97030.5,97117.35,96981.45,97082.57,102.61243,2.318e-05
2025-05-09 16:00:00,102895.99,102928.0,102514.0,102821.64,290.05279,4.378e-05
2025-05-10 08:00:00,103759.71,104079.37,103726.65,103802.85,385.51766,0.0001
2025-05-11 00:00:00,104809.53,104972.0,104626.0,104636.0,418.20168,0.0001
2025-05-12 08:00:00,104467.99,104528.92,104077.7,104296.96,366.87856,0.0001
2025-05-12 16:00:00,102527.27,102800.0,102421.83,102799.99,315.65025,2.301e-05
2025-05-13 00:00:00,102791.32,102791.32,102546.0,102584.04,235.77036,6.847e-05
2025-05-14 08:00:00,103716.55,103888.0,103464.29,103569.03,354.85268,7.542e-05
2025-05-15 00:00:00,103507.83,103705.0,103492.06,103704.99,73.85147,2.978e-05
2025-05-15 16:00:00,103251.36,103380.96,103090.08,103090.08,216.15733,1.439e-05
2025-05-16 08:00:00,103710.17,103760.0,103464.62,103481.47,241.28066,7.535e-05
2025-05-16 16:00:00,104183.32,104550.33,104181.84,104301.99,613.94243,4.768e-05
2025-05-17 00:00:00,103463.9,103537.0,103400.0,103536.99,108.40705,2.821e-05
2025-05-18 00:00:00,103126.65,103227.99,103105.33,103217.39,73.82175,6.742e-05
2025-05-18 08:00:00,103919.39,104088.2,103879.64,103902.07,310.53782,5.903e-05
2025-05-18 16:00:00,105518.0,105644.59,105400.0,105427.78,200.60786,0.0001
2025-05-19 00:00:00,106454.27,107108.62,106324.22,106542.32,1034.04847,5.99e-05
2025-05-20 00:00:00,105573.73,106000.0,105554.31,105999.99,319.26205,8.378e-05
2025-05-20 16:00:00,105333.67,105480.0,105090.9,105151.48,179.06059,1.266e-05
2025-05-21 00:00:00,106850.0,107000.0,106727.27,107000.0,202.54519,8.767e-05
2025-05-22 08:00:00,111045.45,111140.0,110932.0,110999.99,216.4532,0.0001
2025-05-23 08:00:00,110715.41,110843.04,110715.41,110826.08,89.43713,7.261e-05
2025-05-24 08:00:00,107587.75,108009.84,107587.74,107858.55,188.85385,4.59e-05
2025-05-25 08:00:00,107681.82,107700.65,107430.17,107496.35,108.21564,5.113e-05
2025-05-25 16:00:00,106967.97,107056.0,106843.61,106901.74,577.30864,3.651e-05
2025-05-26 00:00:00,109004.2,109045.45,108898.01,108929.03,141.55792,7.331e-05
2025-05-26 08:00:00,110094.62,110173.92,109837.74,109905.2,170.8987,0.0001
2025-05-29 00:00:00,107781.78,107820.29,107421.12,107546.5,203.7871,3.186e-05
2025-05-29 16:00:00,107019.9,107168.23,106641.59,106931.07,427.19869,8.379e-05
2025-05-30 16:00:00,105543.0,105560.98,105285.71,105331.12,152.21387,7.392e-05
2025-05-31 00:00:00,103985.47,104184.5,103915.84,103969.9,301.9152,8.506e-05
2025-05-31 08:00:00,103747.03,103809.51,103600.0,103600.0,72.46801,7.552e-05
2025-05-31 16:00:00,104556.08,104695.33,104400.0,104620.6,173.08185,4.687e-05
2025-06-01 16:00:00,104715.1,105299.21,104659.47,105097.58,501.81055,4.117e-05
2025-06-02 08:00:00,105387.67,105580.0,105356.57,105520.0,137.23686,5.593e-05
2025-06-02 16:00:00,104438.79,104450.01,104223.43,104240.43,123.6214,4.467e-05
2025-06-03 00:00:00,105858.0,106170.0,105747.14,106150.0,242.54669,5.005e-05
2025-06-03 08:00:00,105170.76,105245.29,105008.88,105037.12,146.0618,6.066e-05
2025-06-04 00:00:00,105376.9,105524.96,105333.33,105379.63,87.57589,-1.1e-07
2025-06-04 08:00:00,105320.75,105410.76,105320.75,105380.79,100.06903,2.611e-05
2025-06-04 16:00:00,105298.26,105388.6,105242.72,105242.72,163.20961,9.62e-06
2025-06-05 08:00:00,104518.05,104660.0,104518.05,104570.66,75.14558,2.871e-05
2025-06-05 16:00:00,104531.5,104598.87,104381.31,104381.32,82.52046,5.156e-05
2025-06-06 08:00:00,103150.44,103366.23,103150.43,103366.22,94.78161,-3.03e-05
2025-06-07 00:00:00,104288.43,104331.88,104087.39,104087.57,82.92696,-2.89e-05
2025-06-07 08:00:00,104867.03,104921.68,104838.02,104838.02,64.30061,-3.158e-05
2025-06-08 00:00:00,105552.15,105552.16,105446.79,105446.8,79.99617,4.808e-05
2025-06-08 08:00:00,105426.46,105495.99,105426.45,105464.67,46.54888,5.613e-05
2025-06-08 16:00:00,105984.53,106228.08,105943.91,106156.53,167.17373,-3.602e-05
2025-06-09 00:00:00,105734.01,105791.83,105592.0,105686.28,255.38312,-2.164e-05
2025-06-10 00:00:00,110263.02,110276.92,109943.77,109971.01,161.47366,6.374e-05
2025-06-11 00:00:00,110274.39,110274.4,109961.24,109987.29,165.72649,8.779e-05
2025-06-11 08:00:00,109446.74,109588.34,109446.73,109564.5,103.76541,8.39e-05
2025-06-13 00:00:00,105671.74,105694.0,104040.0,104328.68,2302.5461,-1.801e-05
2025-06-14 00:00:00,106066.59,106072.0,105926.16,105947.98,104.32877,1.958e-05
2025-06-14 08:00:00,105076.59,105102.94,104892.79,104896.74,71.71131,3.858e-05
2025-06-14 16:00:00,104841.29,104900.0,104700.88,104810.4,68.35347,1.135e-05
2025-06-15 16:00:00,105563.99,105687.74,105501.01,105544.0,116.41367,7.369e-05
2025-06-16 00:00:00,105594.02,105617.65,105466.85,105509.36,113.48305,9.36e-06
2025-06-16 08:00:00,107061.8,107135.72,107060.0,107111.32,110.38185,5.07e-05
2025-06-17 00:00:00,106794.53,106828.75,106147.55,106231.89,712.61513,1.847e-05
2025-06-19 16:00:00,104096.94,104333.57,104096.93,104293.5,75.08447,2.396e-05
2025-06-20 00:00:00,104658.59,104800.0,104563.25,104694.63,128.69114,3.565e-05
2025-06-21 16:00:00,103560.9,103640.0,103475.33,103568.4,62.71749,7.44e-05
2025-06-22 08:00:00,102424.61,102543.2,102318.04,102419.82,128.38252,0.0001
2025-06-23 00:00:00,100963.87,100963.87,100580.03,100626.51,224.92476,-1.061e-05
2025-06-24 08:00:00,104933.74,105057.36,104689.26,104831.99,330.20716,1.218e-05
2025-06-24 16:00:00,105244.72,105439.77,105172.64,105253.94,119.22697,4.47e-06
2025-06-25 08:00:00,106600.0,106644.92,106517.09,106620.99,91.40918,2.747e-05
2025-06-26 00:00:00,107340.59,107529.36,107340.58,107507.84,159.56729,1.41e-06
2025-06-27 00:00:00,106947.06,107153.84,106925.01,107016.0,77.64994,1.113e-05
2025-06-27 08:00:00,106869.72,107033.01,106817.64,106889.06,217.20549,2.663e-05
2025-06-28 16:00:00,107449.28,107520.32,107380.74,107431.48,73.42602,4.434e-05
2025-06-30 00:00:00,108356.93,108450.0,108255.81,108439.9,159.85185,1.084e-05
2025-07-01 16:00:00,105955.19,106280.0,105831.5,106248.0,128.30317,1.109e-05
2025-07-02 08:00:00,107080.0,107421.83,107080.0,107373.58,217.67211,3.403e-05
2025-07-07 00:00:00,109203.85,109273.07,109103.19,109273.06,56.48447,2.36e-05
2025-07-07 16:00:00,108292.59,108391.88,108250.0,108285.5,138.80888,4.271e-05
2025-07-08 16:00:00,108268.35,108346.28,108127.12,108152.0,85.73361,3.601e-05
2025-07-10 08:00:00,111229.99,111229.99,111102.78,111123.94,104.61832,8.523e-05
2025-07-12 00:00:00,117527.66,117646.97,117462.68,117547.17,48.52609,0.0001
2025-07-14 00:00:00,119086.65,119132.0,118916.17,119132.0,76.55249,8.051e-05
2025-07-14 08:00:00,122736.04,122769.19,122341.0,122400.0,276.31455,0.0001
2025-07-14 16:00:00,119878.22,119899.93,119350.0,119390.27,443.85967,0.0001
2025-07-15 08:00:00,116779.13,116857.75,116668.94,116788.33,186.64622,0.0001
2025-07-15 16:00:00,116391.43,117172.07,116362.97,116909.26,463.03925,0.0001
2025-07-16 00:00:00,117758.08,117789.06,117425.27,117436.55,110.28646,0.0001
2025-07-16 08:00:00,118189.24,118259.11,118113.82,118169.65,236.48324,0.0001
2025-07-17 08:00:00,118311.75,118345.42,118082.99,118133.28,113.31594,0.0001
2025-07-17 16:00:00,118881.99,118954.66,118501.87,118658.85,98.77958,0.0001
2025-07-18 08:00:00,119339.51,119469.21,119182.17,119221.62,523.40818,0.0001
2025-07-18 16:00:00,117860.24,118054.92,117695.23,117695.23,198.22874,0.0001
2025-07-19 08:00:00,118163.07,118265.95,118070.84,118072.01,61.47242,0.0001
2025-07-20 00:00:00,117840.01,117875.48,117700.0,117700.01,31.10831,0.0001
2025-07-20 08:00:00,118029.49,118255.14,118029.49,118255.14,91.09136,0.0001
2025-07-20 16:00:00,118671.12,118856.8,118546.6,118621.54,221.51619,0.0001
2025-07-21 08:00:00,119364.18,119500.0,119339.27,119380.01,130.17259,0.0001
2025-07-22 00:00:00,117380.36,117402.55,117252.89,117319.66,74.12198,0.0001
2025-07-23 00:00:00,119954.43,119954.43,119768.02,119768.02,92.44994,0.0001
2025-07-24 00:00:00,118756.0,118802.32,118571.17,118747.99,142.16821,0.0001
2025-07-24 16:00:00,119092.65,119190.41,118831.0,118890.91,165.30789,0.0001
2025-07-25 00:00:00,118340.98,118451.57,118043.44,118162.41,162.4288,0.0001
2025-07-25 08:00:00,115320.01,115665.0,115263.81,115665.0,533.95987,0.0001
2025-07-25 16:00:00,115727.07,115925.46,115659.28,115858.18,232.314,0.0001
2025-07-27 08:00:00,118095.95,118129.75,118016.45,118102.86,60.23531,0.0001
2025-07-28 08:00:00,118900.01,119056.96,118818.71,118914.75,140.76351,0.0001
2025-07-28 16:00:00,118174.89,118174.9,118003.55,118074.0,99.21599,0.0001
2025-07-29 08:00:00,118882.37,119012.65,118832.97,118989.39,72.7348,0.0001
2025-07-29 16:00:00,117400.02,117509.38,117330.94,117437.79,247.16746,0.0001
2025-07-30 08:00:00,118123.0,118263.76,118022.23,118022.24,70.43339,0.0001
2025-07-31 00:00:00,117840.29,117932.93,117781.87,117896.23,74.58497,5.694e-05
2025-07-31 16:00:00,118306.18,118425.22,118242.39,118348.22,233.08657,0.0001
2025-08-01 16:00:00,115357.82,115695.52,115305.64,115620.01,122.50219,5.681e-05
2025-08-02 08:00:00,113982.49,113998.0,113942.91,113967.99,54.02027,8.94e-06
2025-08-02 16:00:00,112840.7,112978.7,112700.07,112766.42,232.30504,4.437e-05
2025-08-03 00:00:00,112546.35,112722.63,112507.1,112659.79,106.61045,5.633e-05
2025-08-03 08:00:00,113700.0,113780.0,113699.99,113779.99,74.90459,4.533e-05
2025-08-04 08:00:00,114652.98,114742.23,114608.41,114644.78,106.54197,5.719e-05
2025-08-05 00:00:00,115055.03,115127.81,114935.48,115020.01,180.49492,7.101e-05
2025-08-05 08:00:00,113969.7,114131.53,113928.87,114003.82,124.2783,8.589e-05
2025-08-05 16:00:00,112934.0,113149.62,112836.0,113127.88,147.55367,4.784e-05
2025-08-06 08:00:00,114227.9,114250.0,114033.32,114062.0,163.1254,9.275e-05
2025-08-06 16:00:00,115413.87,115477.06,115128.79,115204.77,251.99757,8.288e-05
2025-08-08 16:00:00,116207.7,116364.82,116082.37,116140.0,125.49466,7.973e-05
2025-08-09 08:00:00,116756.0,116797.92,116756.0,116769.24,49.31964,9.087e-05
2025-08-11 00:00:00,119294.27,119310.82,119141.45,119220.01,200.28928,0.0001
2025-08-11 08:00:00,121537.14,121667.24,121207.34,121650.69,448.44007,0.0001
2025-08-11 16:00:00,120314.4,120790.0,120232.0,120688.98,349.75049,0.0001
2025-08-12 00:00:00,118686.0,118780.0,118593.39,118729.02,100.26182,0.0001
2025-08-13 00:00:00,120134.09,120192.1,120005.67,120064.72,139.77815,7.123e-05
2025-08-14 16:00:00,118257.26,118257.26,117612.0,117646.41,529.48554,0.0001
2025-08-15 00:00:00,118295.09,118473.18,118223.81,118473.18,103.00313,1.939e-05
2025-08-15 08:00:00,118956.45,119064.0,118937.57,118937.57,72.27003,7.99e-05
2025-08-15 16:00:00,117275.23,117360.0,116807.0,117045.66,292.87198,3.722e-05
2025-08-16 08:00:00,117596.07,117600.66,117514.57,117540.0,40.48332,8.268e-05
2025-08-17 00:00:00,117380.66,117380.67,117304.5,117330.84,64.75622,8.206e-05
2025-08-18 00:00:00,117405.01,117543.75,117336.04,117512.99,94.26649,2.846e-05
2025-08-19 00:00:00,116227.05,116299.99,116152.41,116269.3,72.90554,7.137e-05
2025-08-19 16:00:00,113786.39,113897.58,113700.0,113702.01,268.73591,3.167e-05
2025-08-20 00:00:00,112872.95,113256.03,112843.14,113022.93,174.55832,4.543e-05
2025-08-20 08:00:00,113490.14,113609.94,113401.0,113609.94,119.43721,1.364e-05
2025-08-20 16:00:00,113353.94,113651.28,113278.49,113651.28,206.45823,4.936e-05
2025-08-21 08:00:00,113896.03,113990.0,113815.83,113940.0,73.69941,7.757e-05
2025-08-23 16:00:00,114812.88,114828.0,114684.11,114724.93,104.05447,9.711e-05
2025-08-25 00:00:00,113493.59,113516.16,113357.33,113409.76,139.53354,0.0001
2025-08-26 00:00:00,110111.98,110111.98,109504.75,109715.98,423.05633,4.522e-05
2025-08-26 08:00:00,110303.2,110396.53,110200.0,110280.01,122.68117,3.9e-05
2025-08-26 16:00:00,109666.34,109779.21,109500.0,109509.45,201.30229,0.0001
2025-08-27 08:00:00,110725.19,110837.77,110641.0,110689.69,93.33569,5.503e-05
2025-08-28 00:00:00,111262.01,111467.95,111211.67,111467.94,78.7206,5.297e-05
2025-08-29 00:00:00,112566.9,112566.91,112352.29,112428.76,105.73921,4.261e-05
2025-08-29 08:00:00,110019.38,110270.3,109950.01,110052.73,291.02174,5.856e-05
2025-08-30 00:00:00,108377.4,108396.65,108250.95,108250.96,179.47774,7.523e-05
2025-08-31 08:00:00,108708.25,108834.58,108708.25,108834.58,48.23237,4.749e-05
2025-09-01 00:00:00,108246.36,108332.35,107970.65,107970.66,422.51571,4.66e-05
2025-09-01 08:00:00,109432.99,109820.02,109432.99,109514.48,580.06184,0.0001
2025-09-02 00:00:00,109237.43,109269.95,109052.95,109092.0,133.56172,6.946e-05
2025-09-04 08:00:00,110463.36,110717.34,110415.72,110660.57,122.45492,4.385e-05
2025-09-04 16:00:00,109510.32,109688.0,109450.0,109644.94,154.87654,7.941e-05
2025-09-05 16:00:00,110716.82,110800.02,110537.99,110789.73,169.89226,7.872e-05
2025-09-06 00:00:00,110660.0,110692.17,110577.08,110692.17,79.0557,1.297e-05
2025-09-06 16:00:00,110384.16,110402.0,110117.65,110314.99,284.39729,5.11e-05
2025-09-07 00:00:00,110187.98,110254.63,110180.0,110254.62,101.26194,1.97e-05
2025-09-07 08:00:00,110753.41,110857.98,110720.01,110831.26,97.2403,3.611e-05
2025-09-07 16:00:00,111329.99,111371.35,111229.72,111257.95,98.71714,6.969e-05
2025-09-08 08:00:00,111280.4,111386.74,111252.9,111266.39,89.79343,6.682e-05
2025-09-08 16:00:00,112631.74,112652.02,112417.54,112417.57,138.24078,7.311e-05
2025-09-09 00:00:00,112065.23,112104.41,111972.77,112027.42,154.37123,3.799e-05
2025-09-09 08:00:00,112991.11,113113.45,112969.32,113029.65,114.12468,0.0001
2025-09-09 16:00:00,110880.76,111124.46,110817.1,111115.26,359.46095,0.0001
2025-09-10 00:00:00,111546.38,111572.57,111383.62,111414.0,85.28389,5.805e-05
2025-09-10 16:00:00,113853.99,113936.99,113712.44,113736.05,140.02022,0.0001
2025-09-11 00:00:00,113960.0,114008.87,113900.0,113900.01,206.84842,5.843e-05
2025-09-11 08:00:00,114083.58,114180.65,113972.0,114139.23,120.30844,4.283e-05
2025-09-13 16:00:00,115768.68,115817.37,115621.12,115650.29,116.83225,3.137e-05
2025-09-14 08:00:00,115805.39,115805.39,115759.44,115794.0,28.68205,4.78e-05
2025-09-16 08:00:00,115839.99,115963.17,115803.08,115947.54,126.65132,6.991e-05
2025-09-16 16:00:00,115905.88,116000.0,115753.6,115760.41,322.41086,6.472e-05
2025-09-17 08:00:00,117162.48,117189.86,117000.0,117000.0,112.08185,8.441e-05
2025-09-18 16:00:00,117583.56,117700.0,117500.01,117695.16,114.88777,4.208e-05
2025-09-19 00:00:00,117073.53,117151.26,117020.0,117069.13,99.18202,-2.31e-06
2025-09-19 16:00:00,115884.03,116000.0,115800.0,115972.92,160.17692,5.264e-05
2025-09-20 00:00:00,115632.39,115670.36,115593.08,115627.96,74.91968,3.757e-05
2025-09-20 08:00:00,115968.56,115968.57,115831.55,115855.97,57.88519,-2.7e-07
2025-09-21 00:00:00,115685.63,115725.1,115679.28,115725.09,36.14004,-5.322e-05
2025-09-21 08:00:00,115815.98,115819.06,115651.62,115651.63,55.36082,2.563e-05
2025-09-21 16:00:00,115531.62,115549.9,115471.67,115471.68,32.76767,3.742e-05
2025-09-22 16:00:00,112815.5,112888.0,112702.15,112804.96,86.01391,4.838e-05
2025-09-23 00:00:00,112650.99,112690.44,112498.1,112550.03,90.89544,7.062e-05
2025-09-23 16:00:00,112882.2,112916.2,112486.37,112578.19,119.07102,7.478e-05
2025-09-25 00:00:00,113307.01,113510.23,113272.58,113480.0,95.54854,-2.2e-06
2025-09-25 16:00:00,111580.77,111672.58,111468.77,111527.92,150.86139,9.56e-05
2025-09-26 00:00:00,108994.49,109360.0,108946.22,109301.01,303.44467,3.143e-05
2025-09-26 08:00:00,109320.02,109500.0,109304.72,109438.26,174.18933,4.36e-05
2025-09-27 00:00:00,109643.46,109651.09,109580.0,109594.43,55.84957,-1e-07
2025-09-28 00:00:00,109635.85,109666.19,109548.0,109567.81,42.57862,3.314e-05
2025-09-28 08:00:00,109513.06,109585.39,109484.14,109507.09,30.4263,4.976e-05
2025-09-28 16:00:00,110037.92,110393.63,110037.92,110195.21,261.86503,5.261e-05
2025-09-29 00:00:00,112163.96,112274.0,112046.61,112109.19,226.03927,2.312e-05
2025-09-30 16:00:00,113106.15,113184.15,112994.01,113069.39,92.81886,2.584e-05
2025-10-01 00:00:00,114048.94,114308.0,114048.93,114156.18,117.94697,3.355e-05
2025-10-01 08:00:00,114539.02,114595.52,114484.43,114577.85,113.49958,3.457e-05
2025-10-01 16:00:00,117423.73,117773.0,117319.04,117773.0,365.84071,0.0001
2025-10-02 00:00:00,118594.99,119456.92,118594.98,119153.8,1179.60969,7.784e-05
2025-10-02 16:00:00,119910.78,120300.0,119689.0,120133.43,942.78099,9.543e-05
2025-10-03 16:00:00,122258.04,123298.0,122258.04,123123.23,1854.6279,0.0001
2025-10-04 08:00:00,122324.08,122539.83,122296.75,122460.47,114.8305,0.0001
2025-10-04 16:00:00,121791.31,121964.95,121620.21,121690.56,172.20493,8.312e-05
2025-10-05 00:00:00,122390.99,122410.0,122253.3,122253.31,41.94994,8.648e-05
2025-10-07 00:00:00,124658.54,124846.64,124621.43,124766.13,136.96354,0.0001
2025-10-07 16:00:00,121846.01,121860.25,121391.01,121531.67,510.63469,6.194e-05
2025-10-08 00:00:00,121332.96,121614.66,121332.96,121551.37,129.34341,2.542e-05
2025-10-09 08:00:00,121906.09,121960.97,121685.69,121734.21,129.41313,5.35e-05
2025-10-09 16:00:00,121147.15,121401.88,121140.54,121246.07,203.25869,1.455e-05
2025-10-11 00:00:00,112774.49,113000.0,112228.17,112344.76,1254.10261,0.0001
2025-10-11 16:00:00,111793.21,112089.92,111793.2,112059.61,188.78853,4.67e-06
2025-10-12 16:00:00,113198.2,114312.3,113198.2,113900.01,1585.59478,-0.00010915
2025-10-14 00:00:00,115166.0,115226.16,115049.16,115226.15,165.71874,-4.041e-05
2025-10-14 08:00:00,111724.41,111904.99,111513.63,111884.76,340.95687,7.12e-06
2025-10-14 16:00:00,112900.44,112929.26,112284.96,112509.99,533.49853,-4.498e-05
2025-10-15 16:00:00,110798.01,111125.18,110616.0,110930.28,308.62497,2.25e-06
2025-10-16 00:00:00,110763.28,110856.11,110550.0,110550.01,149.08468,-2.741e-05
2025-10-18 00:00:00,106431.68,106462.11,106351.86,106362.15,102.59197,-4.819e-05
2025-10-20 16:00:00,111144.55,111303.05,110569.99,111069.08,510.5634,-1.8e-07
2025-10-21 08:00:00,108086.38,108098.72,107759.7,107804.31,213.50517,2.222e-05
2025-10-21 16:00:00,113422.6,113567.32,113103.89,113534.64,526.01027,-2.506e-05
2025-10-22 08:00:00,108321.64,108321.64,108084.72,108096.24,66.94695,2.445e-05
2025-10-22 16:00:00,108416.5,108657.85,108268.46,108429.79,219.70654,5.702e-05
2025-10-23 00:00:00,107567.45,107709.36,107500.0,107684.97,100.13717,8.911e-05
2025-10-24 00:00:00,110078.19,110286.88,109983.93,110219.75,129.89917,3.391e-05
2025-10-24 08:00:00,111054.61,111226.02,110818.44,111088.59,221.2738,1.783e-05
2025-10-25 00:00:00,111004.9,111044.86,110867.83,110867.83,49.66134,5.02e-05
2025-10-26 16:00:00,113694.97,113742.0,113434.44,113445.45,154.14533,6.904e-05
2025-10-27 00:00:00,114559.41,114905.0,114362.26,114872.12,371.33677,0.0001
2025-10-27 16:00:00,114969.68,115352.94,114872.12,115263.76,245.49687,7.304e-05
2025-10-28 00:00:00,114107.65,114138.05,113911.54,114089.3,182.29693,6.059e-05
2025-10-28 08:00:00,114188.38,114236.45,114113.3,114118.96,56.85924,7.806e-05
2025-10-29 16:00:00,111509.74,111523.32,110960.0,111052.16,569.92524,5.003e-05
2025-10-31 00:00:00,108322.87,108657.59,108275.28,108657.59,324.35111,2.13e-06
2025-11-01 08:00:00,110071.4,110194.58,110071.4,110160.0,71.37445,0.0001
2025-11-01 16:00:00,110310.65,110470.54,110213.49,110213.49,232.87733,9.782e-05
2025-11-02 08:00:00,110895.53,111013.43,110790.06,110798.9,178.68019,8.15e-05
2025-11-03 00:00:00,110540.69,110750.0,110500.0,110686.31,103.02808,6.098e-05
2025-11-03 16:00:00,105745.71,106176.33,105306.56,106073.24,1218.26908,5.329e-05
2025-11-04 16:00:00,103197.02,103500.05,103000.0,103078.91,882.41766,6.339e-05
2025-11-05 00:00:00,101497.23,101752.96,101077.0,101105.43,350.82983,7.132e-05
2025-11-05 08:00:00,101993.03,102000.02,101654.58,101706.58,275.34376,2.831e-05
2025-11-06 08:00:00,103184.75,103273.4,102971.99,103273.4,237.56452,7.916e-05
2025-11-09 08:00:00,101944.6,101973.16,101885.34,101973.15,50.2556,4.187e-05
2025-11-10 00:00:00,104722.95,105072.0,104265.02,105028.26,435.09134,8.87e-05
2025-11-10 08:00:00,106461.46,106554.0,106250.0,106255.78,331.31323,7.355e-05
2025-11-11 08:00:00,104783.99,105164.37,104762.23,105055.49,134.77754,-2.775e-05
2025-11-12 00:00:00,103059.0,103340.59,102812.64,102928.02,183.69243,2.462e-05
2025-11-12 16:00:00,102173.51,102285.18,101300.0,101511.99,1012.55225,5.786e-05
2025-11-13 08:00:00,103475.66,103633.81,103275.02,103464.51,236.49438,9.352e-05
2025-11-14 00:00:00,99692.03,99731.0,99088.17,99329.41,488.15143,8.569e-05
2025-11-14 08:00:00,97151.97,97210.03,96840.23,96909.66,334.30622,9.126e-05
2025-11-15 08:00:00,96333.87,96350.52,95993.99,96148.55,200.40351,0.0001
2025-11-16 08:00:00,96099.98,96238.0,95924.99,95958.93,120.95345,0.0001
2025-11-16 16:00:00,94573.46,94945.52,94378.0,94415.07,490.27007,7.06e-05
2025-11-17 16:00:00,93959.68,94010.39,93145.22,93176.54,1031.68163,7.208e-05
2025-11-18 16:00:00,92910.1,93261.56,92579.23,93146.28,739.16699,3.725e-05
2025-11-19 00:00:00,92960.83,92980.22,92500.01,92512.33,172.15983,7.496e-05
2025-11-19 08:00:00,91863.64,91906.0,91677.99,91795.73,155.14833,5.012e-05
2025-11-20 00:00:00,91554.96,91557.59,91185.26,91492.9,180.49011,4.259e-05
2025-11-20 08:00:00,92320.18,92400.94,92093.46,92131.05,196.07665,0.0001
2025-11-20 16:00:00,89869.88,89911.73,88411.38,88720.19,1818.39767,8.999e-05
2025-11-21 08:00:00,84049.38,84693.21,83702.35,84505.74,1208.89549,4.524e-05
2025-11-22 08:00:00,84580.06,84586.62,84446.09,84530.79,108.58148,6.735e-05
2025-11-22 16:00:00,84284.01,84592.93,84219.62,84592.93,148.76183,5.057e-05
2025-11-23 00:00:00,84739.75,85187.05,84667.57,85187.01,184.1804,3.812e-05
2025-11-24 08:00:00,87050.39,87050.39,86734.43,86923.66,244.39514,-1.34e-06
2025-11-25 00:00:00,88300.01,88300.01,88000.0,88032.92,233.30705,-5.29e-05
2025-11-26 16:00:00,86977.99,87574.81,86956.61,87564.07,419.31244,-4.19e-06
2025-11-27 08:00:00,91408.34,91511.83,91221.17,91248.82,180.19857,2.408e-05
2025-11-28 08:00:00,90910.87,91241.26,90907.98,91125.77,187.2272,6.007e-05
2025-11-29 00:00:00,90890.71,90964.0,90863.53,90869.0,49.97358,-1.982e-05
2025-11-30 08:00:00,90968.16,91039.9,90927.16,90986.37,115.38778,3.556e-05
2025-12-01 00:00:00,90360.01,90417.0,88874.72,88920.0,1504.72762,3.593e-05
2025-12-01 16:00:00,84677.87,84862.66,84120.0,84141.12,412.31631,1.491e-05
2025-12-02 08:00:00,87012.64,87058.41,86680.0,86765.74,135.13933,2.643e-05
2025-12-02 16:00:00,90850.01,91296.72,90788.2,90897.99,565.22655,3.999e-05
2025-12-03 00:00:00,91277.88,91525.98,91171.64,91302.53,342.76166,-1.732e-05
2025-12-03 08:00:00,93000.0,93173.93,92888.3,92986.6,163.98906,4.206e-05
2025-12-04 08:00:00,93397.67,93600.0,93052.0,93148.0,184.49406,7.435e-05
2025-12-05 00:00:00,92078.06,92275.05,92058.82,92075.38,79.51871,4.837e-05
2025-12-05 08:00:00,92258.64,92258.65,92066.28,92102.73,75.17036,4.944e-05
2025-12-07 00:00:00,89236.8,89383.46,89176.52,89184.0,69.34099,4.192e-05
2025-12-07 16:00:00,89554.52,89554.53,89179.63,89233.6,309.16013,5.212e-05
2025-12-08 00:00:00,90395.32,90407.98,90051.81,90069.21,153.42382,-5.39e-06
2025-12-08 08:00:00,91565.46,91605.98,91486.46,91593.96,95.08112,6.545e-05
2025-12-11 08:00:00,90272.76,90272.76,89996.66,90066.75,152.46196,-1.577e-05
2025-12-11 16:00:00,89872.51,89980.01,89358.48,89395.91,278.14619,6.1e-05
2025-12-13 16:00:00,90092.17,90268.13,90084.96,90187.68,62.11423,6.041e-05
2025-12-14 00:00:00,90240.0,90268.18,90117.05,90268.18,73.09647,0.0001
2025-12-15 00:00:00,88172.16,88485.04,88114.52,88163.92,190.4395,1.9e-06
2025-12-15 08:00:00,89753.43,89820.0,89655.52,89707.98,70.48652,-8.93e-06
2025-12-15 16:00:00,87033.21,87220.0,86787.25,86888.0,338.2673,3.081e-05
2025-12-16 08:00:00,86021.51,86239.26,85930.97,86155.95,151.2549,1.35e-05
2025-12-17 08:00:00,87045.59,87045.59,86800.0,86800.0,144.35712,8.987e-05
2025-12-17 16:00:00,87233.44,87769.23,86976.0,86976.01,591.59047,5.917e-05
2025-12-19 00:00:00,85516.41,85596.56,85411.24,85494.22,71.20187,5.491e-05
2025-12-19 16:00:00,87951.86,88500.0,87881.92,88380.0,293.75188,0.0001
2025-12-20 08:00:00,88275.41,88386.37,88275.41,88311.16,38.24468,1.234e-05
2025-12-21 00:00:00,88360.91,88392.54,88306.0,88326.49,32.84177,9.682e-05
2025-12-21 16:00:00,88067.96,88160.0,88000.0,88049.62,63.46714,3.977e-05
2025-12-22 00:00:00,88658.87,89481.72,88658.86,89480.0,414.92648,4.389e-05
2025-12-23 00:00:00,88620.79,88620.79,88504.78,88550.82,33.80841,2.633e-05
2025-12-23 08:00:00,87574.78,87650.0,87506.01,87597.37,109.28221,5.231e-05
2025-12-24 16:00:00,87050.0,87200.0,86979.74,87125.13,214.69384,5.927e-05
2025-12-25 00:00:00,87669.44,87726.46,87562.0,87659.49,58.23137,5.953e-05
2025-12-27 00:00:00,87369.56,87402.0,87279.8,87321.02,115.19193,1.809e-05
2025-12-27 08:00:00,87539.26,87606.1,87539.25,87559.69,31.83168,2.788e-05
2025-12-28 08:00:00,87730.86,87814.72,87730.86,87796.91,29.98694,7.955e-05
2025-12-28 16:00:00,87836.27,87898.42,87827.74,87860.0,53.7433,9.464e-05
2025-12-29 16:00:00,87691.62,87840.08,87600.43,87770.46,104.42537,4.826e-05
2026-01-02 16:00:00,89418.1,89771.41,89205.92,89771.4,383.67359,4.813e-05
2026-01-03 08:00:00,89577.13,89696.0,89420.75,89530.0,143.56073,1.055e-05
2026-01-03 16:00:00,89969.31,90034.0,89968.0,90026.71,33.27694,6.938e-05
2026-01-04 00:00:00,90628.01,91610.17,90628.0,91399.99,1156.10794,9.488e-05
2026-01-04 08:00:00,91532.0,91536.0,91253.89,91312.39,249.47926,5.813e-05
2026-01-05 00:00:00,91529.74,92070.0,91514.81,91895.35,992.50076,8.893e-05
2026-01-05 08:00:00,92520.63,92664.29,92501.57,92655.64,130.2741,5.23e-05
2026-01-05 16:00:00,93957.74,94050.1,93769.59,93927.14,488.36221,7.723e-05
2026-01-06 08:00:00,93255.08,93420.11,93207.51,93380.0,98.77042,2.816e-05
2026-01-06 16:00:00,93649.0,93775.6,93378.39,93481.3,262.99475,2.691e-05
2026-01-08 08:00:00,90548.02,90634.64,90453.55,90627.29,181.7808,0.0001
2026-01-08 16:00:00,90781.57,90917.71,90560.36,90700.48,363.97077,6.436e-05
2026-01-09 08:00:00,90741.85,90835.0,90494.45,90676.0,323.97689,7.258e-05
2026-01-10 00:00:00,90641.27,90693.89,90580.61,90580.61,50.81041,5.643e-05
2026-01-11 16:00:00,90875.79,90990.28,90875.79,90886.22,83.53053,1.667e-05
2026-01-12 08:00:00,91408.09,91630.13,91299.94,91548.02,257.00944,2.902e-05
2026-01-12 16:00:00,91664.99,91874.0,91628.93,91793.7,322.53761,4.65e-05
2026-01-14 00:00:00,95413.99,95647.91,95363.86,95503.27,240.14336,1.29e-06
2026-01-15 00:00:00,96951.78,96995.83,96783.06,96980.76,186.60424,-3.67e-06
2026-01-16 00:00:00,95604.81,95737.79,95570.96,95671.96,63.13738,7.34e-05
2026-01-16 08:00:00,95653.16,95712.26,95570.68,95712.25,98.88123,7.337e-05
2026-01-17 00:00:00,95550.94,95578.2,95520.04,95538.68,23.56344,-1.78e-06
2026-01-17 08:00:00,95101.67,95186.3,95021.67,95172.1,44.65805,3.007e-05
2026-01-18 08:00:00,95028.27,95061.26,95021.44,95048.26,42.54694,9.616e-05
2026-01-18 16:00:00,95119.27,95186.3,95073.02,95153.13,39.36817,6.571e-05
2026-01-23 08:00:00,89549.45,89632.18,89490.0,89552.21,85.23281,3.39e-05
2026-01-26 00:00:00,86670.36,87079.32,86633.93,87051.28,231.48985,4.067e-05
2026-01-26 16:00:00,87641.41,87781.39,87281.5,87410.24,200.57992,5.606e-05
2026-01-27 08:00:00,88320.41,88396.4,88301.03,88366.92,57.11401,6.028e-05
2026-01-27 16:00:00,88047.46,88700.0,88002.57,88431.68,508.83944,7.503e-05
2026-01-28 00:00:00,89249.99,89284.73,89154.8,89247.75,49.04394,6.237e-05
2026-01-28 08:00:00,89134.35,89258.02,89106.39,89146.01,153.08579,6.174e-05
2026-01-28 16:00:00,89479.66,89523.0,89248.61,89264.94,139.23125,3.83e-05
2026-01-29 00:00:00,89300.0,89348.0,89100.0,89100.01,108.02015,7.21e-05
2026-01-29 16:00:00,84934.02,84980.0,84425.68,84769.56,1215.07136,4.023e-05
2026-01-30 08:00:00,82816.98,82904.91,82602.53,82904.9,337.8971,1.714e-05
2026-01-31 00:00:00,84260.5,84260.5,84110.0,84174.74,98.83872,9.693e-05
2026-02-01 16:00:00,77593.4,77606.16,77087.76,77571.98,335.0313,1.722e-05
2026-02-02 00:00:00,76968.22,77707.13,76606.39,77541.03,846.61078,6.8e-07
2026-02-02 16:00:00,78850.06,79185.05,78617.16,79066.1,520.14717,-5.713e-05
2026-02-03 00:00:00,78738.6,78783.77,78408.05,78576.85,267.89217,-2.203e-05
2026-02-03 16:00:00,78132.34,78134.53,77350.0,77363.77,349.7928,-4.65e-06
2026-02-04 16:00:00,74136.48,74209.98,73593.1,73896.34,858.86267,4.618e-05
2026-02-05 08:00:00,70756.86,71105.93,70683.58,71079.99,482.03733,2.98e-06
2026-02-06 00:00:00,62909.87,63074.76,60100.0,60255.65,6300.6132,-1.597e-05
2026-02-06 16:00:00,68625.99,69450.26,68428.19,69290.0,1929.39207,-0.00013478
2026-02-07 08:00:00,68087.13,68482.92,67747.65,68247.69,1154.3685,-8.326e-05
2026-02-08 08:00:00,69710.69,69892.5,69574.97,69622.0,193.09805,-3.546e-05
2026-02-08 16:00:00,71188.99,71256.97,70990.92,70990.92,139.55688,-4.864e-05
2026-02-10 00:00:00,70138.0,70255.36,69978.1,70184.8,139.14554,-8.798e-05
2026-02-10 16:00:00,69293.37,69720.0,68945.23,69679.8,435.31408,-8.816e-05
2026-02-11 00:00:00,68841.28,68978.88,68784.47,68801.85,85.40068,1.4e-05
2026-02-11 16:00:00,66519.72,67250.0,66415.09,67150.26,551.10188,-1.169e-05
2026-02-12 00:00:00,67082.52,67381.67,67055.53,67365.56,185.47189,-1.381e-05
2026-02-15 00:00:00,69822.94,69864.74,69670.58,69681.93,70.0756,-1.068e-05
2026-02-15 16:00:00,69100.0,69100.0,68658.0,68987.81,723.0028,-2.371e-05
2026-02-16 16:00:00,67539.53,67838.15,67513.94,67739.99,374.38791,-4.112e-05
2026-02-18 00:00:00,67503.52,67627.97,67501.82,67625.38,32.01906,3.215e-05
2026-02-18 08:00:00,68106.44,68272.8,68095.06,68221.2,119.04059,-1.41e-06
2026-02-19 08:00:00,67206.45,67206.45,67034.0,67062.91,235.3716,2.686e-05
2026-02-20 00:00:00,67003.73,67193.99,66949.41,67191.72,82.52418,5.365e-05
2026-02-20 08:00:00,67825.91,67896.53,67803.57,67869.99,68.66069,1.302e-05
2026-02-20 16:00:00,67582.95,67796.4,67502.38,67725.13,458.30545,-6.71e-06
2026-02-21 08:00:00,67856.01,67910.5,67807.3,67910.49,64.03227,2.485e-05
2026-02-22 16:00:00,67684.15,67718.13,67572.39,67581.6,86.74336,4.972e-05
2026-02-23 08:00:00,65958.94,65958.94,65700.0,65845.72,356.61855,-9.317e-05
2026-02-23 16:00:00,65660.1,65689.99,65178.83,65225.99,525.57343,2.251e-05
2026-02-24 08:00:00,63192.79,63274.65,63009.92,63218.67,211.72998,-1.193e-05
2026-02-25 16:00:00,67412.32,67788.52,67404.0,67601.23,481.88619,-9.68e-06
2026-02-26 00:00:00,67988.04,68172.0,67727.52,68153.57,331.99165,-1.998e-05
2026-02-27 08:00:00,67690.6,68050.0,67655.86,67890.94,175.39531,-8.123e-05
2026-02-28 00:00:00,65872.09,66025.52,65830.0,65998.04,114.94719,4.041e-05
2026-02-28 08:00:00,63825.99,63877.09,63540.03,63623.2,394.73057,-3.727e-05
2026-03-01 08:00:00,67141.4,67287.31,66917.14,67269.74,199.71795,4.563e-05
2026-03-02 16:00:00,69130.2,69775.91,68933.69,69665.12,1044.8841,-1.083e-05
2026-03-03 00:00:00,68830.06,69004.4,68750.68,68809.99,168.97074,-1.86e-06
2026-03-03 08:00:00,68172.79,68311.83,67981.23,68010.75,144.48707,1.437e-05
2026-03-04 16:00:00,73396.87,73500.0,72748.78,72843.2,1283.76162,4.683e-05
2026-03-05 00:00:00,72666.77,72854.0,72553.65,72705.48,329.75836,3.567e-05
2026-03-05 08:00:00,72055.5,72083.68,71786.0,71825.43,275.3268,4.965e-05
2026-03-08 08:00:00,67319.9,67399.01,67168.54,67239.55,401.60012,-1.115e-05
2026-03-09 00:00:00,65971.2,66402.23,65944.1,66324.43,175.61856,-5.77e-05
2026-03-11 00:00:00,69948.64,70083.69,69759.63,70050.08,181.95949,-0.00011052
2026-03-12 00:00:00,70191.86,70316.14,70130.23,70267.67,169.6338,-7.802e-05
2026-03-12 08:00:00,69826.19,69965.01,69721.0,69772.39,240.07002,-5.392e-05
2026-03-12 16:00:00,70334.89,70500.0,69905.71,70122.87,404.34135,-7.381e-05
2026-03-13 16:00:00,71831.46,71944.57,71583.46,71728.2,503.92074,-6.38e-06
2026-03-14 08:00:00,70596.68,70705.43,70567.14,70697.04,143.57113,-3.988e-05
2026-03-15 00:00:00,71211.95,71215.49,71027.36,71088.25,123.90316,-1.883e-05
2026-03-15 08:00:00,71453.59,71627.28,71453.59,71594.53,83.80226,-6.461e-05
2026-03-15 16:00:00,71481.24,71586.75,71454.62,71559.98,35.8406,2.659e-05
2026-03-16 00:00:00,72815.25,73008.94,72714.59,72714.59,251.02228,2.513e-05
2026-03-16 16:00:00,73274.75,73503.31,73160.66,73342.48,241.19959,2.015e-05
2026-03-17 00:00:00,74884.67,75462.09,74614.18,75409.33,999.34529,2.41e-06
2026-03-19 00:00:00,71246.55,71303.26,71089.42,71179.85,170.65149,-9.74e-06
2026-03-20 08:00:00,70854.66,71367.0,70800.0,71274.16,458.11803,7.53e-06
2026-03-20 16:00:00,69860.09,70083.43,69851.83,69988.51,289.30502,-2.23e-06
2026-03-21 00:00:00,70510.73,70599.44,70467.36,70594.76,69.15004,-1.493e-05
2026-03-21 08:00:00,70727.33,70753.79,70685.52,70685.55,218.40762,-7.38e-06
2026-03-23 00:00:00,67859.0,68123.86,67779.33,67957.48,305.76761,-2.079e-05
2026-03-24 00:00:00,70906.45,71099.96,70773.86,70786.55,228.21799,4.229e-05
2026-03-24 08:00:00,71291.7,71349.1,71086.0,71132.08,261.27138,3.675e-05
2026-03-25 00:00:00,70556.74,70753.65,70528.17,70726.0,130.0744,2.31e-05
2026-03-25 08:00:00,70926.88,71010.92,70800.0,70811.41,212.93358,1.074e-05
2026-03-26 16:00:00,69082.64,69082.64,68950.11,69022.57,278.51322,-2.103e-05
2026-03-27 08:00:00,68540.49,68635.07,68460.0,68476.06,308.96493,-6.298e-05
2026-03-27 16:00:00,66112.82,66112.83,65812.43,65978.14,403.74495,-5.841e-05
2026-03-28 16:00:00,67014.92,67094.14,66926.44,67026.78,122.09013,-1.73e-06
2026-03-29 16:00:00,66523.01,66558.11,66445.89,66447.22,57.1208,2.677e-05
2026-03-30 00:00:00,66010.93,66086.94,65802.0,65853.46,129.74171,3e-06
2026-03-30 16:00:00,67629.4,67641.65,67339.59,67441.4,173.73027,7.58e-06
2026-03-31 00:00:00,66797.38,66821.35,66570.67,66653.19,135.6177,1.16e-06
2026-03-31 08:00:00,67367.7,67496.0,67193.5,67351.38,202.12318,-1.921e-05
2026-03-31 16:00:00,66736.79,67006.75,66729.28,66931.28,174.13915,-2.763e-05
2026-04-01 00:00:00,68284.49,68284.49,68030.0,68046.0,124.90553,-3.449e-05
2026-04-01 08:00:00,68692.0,68771.36,68513.82,68528.31,404.02443,-4.61e-06
2026-04-01 16:00:00,68918.52,68929.97,68645.04,68671.85,173.94495,5.77e-06
2026-04-03 00:00:00,66901.99,67000.0,66794.16,66883.68,92.20949,-8.31e-06
2026-04-04 00:00:00,66964.29,66964.3,66876.7,66911.19,51.42608,3.761e-05
2026-04-04 16:00:00,67383.66,67400.0,67333.1,67350.87,56.65316,1.651e-05
2026-04-05 08:00:00,66820.64,66884.0,66819.42,66862.19,47.10954,3.812e-05
2026-04-07 00:00:00,68853.66,69128.2,68800.16,68942.01,163.42963,-3.15e-06
2026-04-07 08:00:00,68624.6,68840.65,68603.6,68734.97,95.66784,3.703e-05
2026-04-07 16:00:00,68168.11,68454.23,68095.0,68154.12,226.49873,7.393e-05
2026-04-08 00:00:00,71924.22,72110.65,71794.51,71966.18,405.13558,6.02e-05
2026-04-08 08:00:00,71627.59,71816.5,71627.59,71712.49,169.95618,1.563e-05
2026-04-09 00:00:00,71069.93,71133.71,70986.61,70997.74,87.22145,-1.47e-06
2026-04-10 00:00:00,71787.98,71894.85,71709.01,71816.0,367.00844,4.11e-06
2026-04-10 16:00:00,72460.52,72707.34,72387.41,72695.0,187.28128,-2.187e-05
2026-04-11 00:00:00,72962.71,72962.71,72810.62,72871.39,234.79732,-7.225e-05
2026-04-11 08:00:00,72745.38,72784.22,72715.13,72770.73,33.64332,-6.083e-05
2026-04-12 00:00:00,73043.16,73071.33,72873.25,73015.01,158.10394,-8.108e-05
2026-04-12 08:00:00,71664.99,71710.69,71632.56,71644.28,430.62595,-3.69e-05
2026-04-12 16:00:00,70892.04,70959.51,70849.11,70935.4,98.66945,-3.35e-06
2026-04-13 16:00:00,71866.59,72044.16,71679.8,72030.33,261.19403,-5.409e-05
2026-04-15 00:00:00,74131.55,74677.19,74126.32,74542.32,275.27521,-9.313e-05
2026-04-15 08:00:00,73730.43,73849.47,73675.96,73846.59,123.44424,-5.085e-05
2026-04-15 16:00:00,73844.07,74017.63,73762.89,74010.35,92.66963,-7.151e-05
2026-04-16 08:00:00,74707.02,74744.35,74500.0,74520.72,290.43522,-2.841e-05
2026-04-16 16:00:00,74697.2,74932.0,74642.0,74658.58,174.8448,-2.225e-05
2026-04-18 16:00:00,76167.33,76211.57,76031.73,76194.23,65.93985,-4.586e-05
2026-04-20 00:00:00,73801.8,74187.79,73724.31,74044.28,305.06868,-4.615e-05
2026-04-20 08:00:00,74837.18,74876.01,74663.36,74833.6,140.28354,-4.778e-05
2026-04-21 00:00:00,75840.97,75924.42,75700.0,75867.21,91.7639,-7.937e-05
2026-04-22 08:00:00,78012.78,78182.0,78012.78,78141.2,219.40395,3.56e-05
2026-04-22 16:00:00,79272.91,79472.82,79114.11,79201.01,295.39319,-7.49e-06
2026-04-23 00:00:00,78178.22,78403.02,77888.0,77888.01,498.73985,-7.87e-05
2026-04-23 08:00:00,78048.61,78175.52,77920.58,78109.0,82.33323,-3.553e-05
2026-04-24 08:00:00,77644.59,77699.41,77550.73,77694.88,233.46251,-7.865e-05
2026-04-24 16:00:00,78038.63,78060.29,77792.45,77792.45,116.25716,-3.152e-05
2026-04-25 00:00:00,77437.13,77502.99,77409.42,77427.38,170.46095,-1.077e-05
2026-04-27 08:00:00,77606.59,77727.43,77592.46,77632.09,109.96505,-8.659e-05
2026-04-28 08:00:00,76879.28,76895.0,76786.48,76844.97,128.21672,-3.204e-05
2026-04-30 08:00:00,76161.67,76208.92,76076.06,76092.07,81.00347,-1.837e-05
2026-04-30 16:00:00,76473.6,76484.6,76362.59,76473.61,54.53985,-2.904e-05
2026-05-01 00:00:00,76346.58,76514.0,76320.42,76469.81,186.86833,-3.746e-05
2026-05-01 16:00:00,78445.88,78683.23,78390.33,78390.33,196.58019,-3.143e-05
2026-05-02 08:00:00,78220.0,78266.01,78165.3,78262.66,39.65362,-5.103e-05
2026-05-03 16:00:00,78668.36,78700.0,78619.09,78623.9,36.88323,7.03e-06
2026-05-04 00:00:00,78568.58,78572.57,78423.43,78511.67,139.20474,4.304e-05
2026-05-04 08:00:00,79696.75,79796.37,79602.32,79796.36,114.21068,-1.58e-06
2026-05-05 00:00:00,79861.01,80010.0,79808.72,79953.36,254.34809,-3.83e-06
2026-05-05 16:00:00,81525.19,81615.33,81429.85,81449.23,135.44343,-8.24e-05
2026-05-06 08:00:00,81359.82,81620.92,81328.68,81547.5,245.04536,-6.15e-05
2026-05-07 00:00:00,81447.01,81490.03,81366.49,81426.58,98.72977,-5.856e-05
2026-05-07 08:00:00,81518.57,81590.0,81448.17,81508.85,172.05871,-4.568e-05
2026-05-09 00:00:00,80193.18,80205.74,80133.08,80161.45,54.88325,1.841e-05
2026-05-10 08:00:00,80736.03,80815.77,80715.33,80769.93,52.47167,4.626e-05
2026-05-10 16:00:00,81418.01,81500.0,81361.43,81477.8,275.47004,5.764e-05
2026-05-11 00:00:00,82210.07,82380.0,81877.72,81877.72,396.72626,5.798e-05
2026-05-11 08:00:00,80740.4,80785.96,80646.56,80750.23,88.82576,2.592e-05
2026-05-11 16:00:00,81445.89,81786.73,81344.72,81786.73,343.63376,4.555e-05
2026-05-12 16:00:00,80336.01,80435.99,80204.69,80385.98,219.88566,5.822e-05
2026-05-14 08:00:00,79745.99,79884.55,79644.44,79837.12,145.52831,2.928e-05
2026-05-14 16:00:00,81301.22,81590.29,81301.22,81551.04,911.13647,4.094e-05
2026-05-15 00:00:00,81090.0,81480.3,81068.52,81480.29,149.19465,-4.239e-05
2026-05-16 08:00:00,78369.78,78472.82,78334.21,78420.0,106.88172,-2.1e-06
2026-05-17 00:00:00,78148.05,78243.19,78148.04,78195.31,42.60431,4.037e-05
2026-05-20 16:00:00,77455.45,77557.0,77434.0,77494.08,46.03938,6.858e-05
2026-05-21 08:00:00,77889.01,78200.0,77889.01,78137.12,196.93567,4.003e-05
2026-05-21 16:00:00,77259.45,77344.01,77226.09,77275.9,84.53877,6.13e-05
2026-05-22 00:00:00,77615.52,77628.38,77440.85,77442.49,79.26462,3.564e-05
2026-05-24 16:00:00,76371.59,76693.32,76371.59,76605.77,167.10207,6.265e-05
2026-05-26 00:00:00,77322.01,77345.0,77214.0,77231.99,68.06383,8.058e-05
2026-05-26 16:00:00,76518.1,76533.69,76209.58,76350.0,1296.04374,5.776e-05
2026-05-27 00:00:00,75930.01,76018.66,75919.99,75981.36,324.06146,0.0001
2026-05-28 08:00:00,73498.0,73500.0,73340.85,73448.97,162.94292,5.011e-05
2026-05-29 00:00:00,73617.52,73788.22,73617.51,73745.47,230.32169,0.0001
2026-05-30 00:00:00,73460.78,73526.69,73428.1,73491.46,51.43495,3.464e-05
2026-05-30 16:00:00,73930.13,73979.23,73880.1,73968.03,49.53163,6.214e-05
2026-05-31 00:00:00,73884.38,73932.0,73858.56,73880.0,86.45376,4.432e-05
2026-05-31 08:00:00,73871.25,73971.31,73868.61,73906.13,88.13814,5.663e-05
2026-06-01 16:00:00,71129.62,71196.25,70686.68,70884.01,744.49409,0.0001
2026-06-02 00:00:00,71408.9,71408.9,71255.16,71268.01,223.69576,0.0001
2026-06-02 08:00:00,70118.42,70172.0,69966.97,70055.01,228.20189,5.99e-05
2026-06-02 16:00:00,67304.29,67969.68,67228.45,67928.45,464.09168,8.345e-05
2026-06-03 08:00:00,67220.03,67264.34,67066.55,67070.0,504.29252,5.229e-05
2026-06-04 08:00:00,63603.15,63904.63,63333.0,63360.0,345.21408,1.519e-05
2026-06-05 00:00:00,63885.99,63885.99,63647.99,63662.77,180.44837,1.315e-05
2026-06-06 00:00:00,61056.47,61462.0,61045.01,61425.56,264.67721,-1.234e-05
2026-06-06 08:00:00,61004.95,61166.0,60884.0,61144.52,162.15999,2.675e-05
2026-06-06 16:00:00,60784.01,60971.24,60698.86,60784.72,132.96858,-5.11e-06
2026-06-07 08:00:00,62404.72,62444.15,62259.37,62383.58,314.51201,4.07e-06
2026-06-07 16:00:00,62093.99,62188.86,61966.0,62158.0,106.18337,2.742e-05
2026-06-08 00:00:00,63332.01,63344.0,63147.1,63242.84,188.88216,3.533e-05
2026-06-09 00:00:00,63086.0,63148.38,63000.0,63004.7,108.05721,-1.565e-05
2026-06-09 08:00:00,63198.44,63208.86,62769.52,62923.49,392.70576,3.041e-05
2026-06-11 00:00:00,61510.99,61692.1,61510.99,61690.01,130.11216,-8.11e-06
2026-06-11 16:00:00,62749.44,62832.01,62675.99,62825.99,103.9318,2.736e-05
2026-06-12 00:00:00,63626.0,63810.01,63544.52,63736.58,552.64424,-1.303e-05
2026-06-12 08:00:00,63100.8,63346.0,63100.8,63304.41,144.11828,2.446e-05
2026-06-12 16:00:00,63593.02,63986.71,63510.16,63861.34,289.23312,8.4e-06
2026-06-13 00:00:00,63580.0,63608.58,63535.3,63592.05,318.61029,5.357e-05
2026-06-14 16:00:00,64025.06,64132.84,64006.11,64108.01,49.64086,-3.265e-05
2026-06-16 00:00:00,66328.74,66405.17,66276.67,66391.97,92.47759,-4.28e-06
2026-06-16 08:00:00,66372.0,66503.24,66345.06,66472.0,92.61167,-1.11e-05
2026-06-17 08:00:00,65539.51,65574.0,65340.49,65340.5,145.19575,-6.685e-05
2026-06-17 16:00:00,65751.99,65881.0,65722.0,65847.99,413.23477,-2.582e-05
2026-06-18 08:00:00,64510.45,64646.75,64386.46,64535.99,378.02676,1.896e-05
2026-06-20 08:00:00,63655.21,63664.39,63500.0,63546.0,172.97341,2.633e-05
2026-06-21 00:00:00,64298.01,64302.25,64242.15,64268.11,59.01723,7.78e-06
2026-06-21 08:00:00,64191.06,64228.0,64116.79,64120.6,79.89529,3.034e-05
2026-06-21 16:00:00,64224.0,64251.46,64113.77,64141.99,58.8147,4.189e-05
2026-06-22 00:00:00,63312.0,63590.0,63312.0,63512.43,167.93069,6.572e-05
2026-06-22 08:00:00,64211.2,64313.6,64106.7,64313.6,84.6097,1.514e-05
2026-06-25 00:00:00,61078.0,61163.16,61034.03,61097.95,122.22789,-1.423e-05
2026-06-25 08:00:00,61911.03,61920.0,61760.0,61799.5,91.36631,-1.803e-05
2026-06-25 16:00:00,59557.99,60067.0,59468.0,59762.0,762.80808,1.58e-05
2026-06-26 16:00:00,60328.18,60583.0,60147.36,60178.0,418.74818,7.308e-05
2026-06-27 00:00:00,60097.27,60197.0,60068.0,60114.0,107.58106,5.255e-05
2026-06-27 08:00:00,60548.06,60548.74,60452.0,60480.01,209.74301,4.284e-05
2026-06-28 00:00:00,60029.01,60145.39,60018.0,60137.3,74.21183,4.258e-05
2026-06-28 16:00:00,59890.35,59943.9,59822.0,59832.46,82.08614,4.43e-05
2026-06-30 00:00:00,60260.2,60276.54,60151.04,60202.0,182.17039,6.175e-05
2026-06-30 08:00:00,59524.01,59551.03,59431.86,59431.87,142.64526,8.349e-05
2026-07-01 00:00:00,58624.71,58750.68,58607.99,58646.01,331.11534,5.532e-05
2026-07-01 08:00:00,58768.64,58813.99,58663.34,58700.13,72.17954,1.853e-05
2026-07-01 16:00:00,60147.15,60225.08,60072.97,60132.01,361.1059,7.073e-05
2026-07-02 00:00:00,60024.0,60028.0,59900.0,59942.99,170.50829,8.001e-05
2026-07-02 08:00:00,60149.99,60364.0,60132.51,60308.0,158.49645,5.238e-05
2026-07-02 16:00:00,61612.93,61750.0,61508.0,61698.0,152.7439,5.261e-05
2026-07-03 00:00:00,61560.0,61578.0,61350.0,61416.0,271.57689,0.0001
2026-07-03 16:00:00,61922.71,61993.63,61911.65,61926.99,52.63358,3.74e-05
2026-07-04 00:00:00,62583.26,62946.0,62578.55,62827.73,239.57752,0.0001
2026-07-04 08:00:00,62576.0,62581.86,62516.46,62551.25,40.42678,0.0001
2026-07-05 16:00:00,62740.01,62772.86,62700.0,62707.7,94.31771,8.608e-05
2026-07-06 00:00:00,63650.01,63713.47,63480.01,63594.0,189.21741,7.7e-05
2026-07-06 08:00:00,63089.42,63244.0,63011.77,63060.0,194.24049,6.12e-05
2026-07-06 16:00:00,63545.98,63863.0,63386.01,63749.23,697.2339,0.0001
2026-07-07 00:00:00,64042.93,64099.0,64018.64,64024.99,160.19993,0.0001
2026-07-07 08:00:00,63083.19,63184.0,63038.0,63122.01,99.85663,5.792e-05
2026-07-07 16:00:00,63930.5,64043.64,63816.0,63870.01,261.63493,6.825e-05
2026-07-08 00:00:00,63364.0,63509.71,63307.36,63494.01,102.07155,4.846e-05
2026-07-08 08:00:00,62888.34,62941.46,62788.0,62830.0,236.45701,7.24e-06
2026-07-08 16:00:00,61704.01,61894.0,61692.0,61833.3,153.11976,7.171e-05
2026-07-09 00:00:00,62290.01,62309.88,62155.29,62241.69,95.03681,6.16e-05
2026-07-10 00:00:00,63230.01,63255.49,63130.32,63223.0,117.57516,9.058e-05
2026-07-11 00:00:00,64161.72,64168.49,64059.27,64068.76,156.93118,0.0001
2026-07-11 08:00:00,64162.18,64250.0,64153.87,64230.77,51.26858,9.42e-06
2026-07-11 16:00:00,64175.75,64214.0,64084.0,64186.68,174.03571,4.156e-05
2026-07-12 00:00:00,63819.01,63909.92,63781.81,63782.0,217.12438,4.651e-05
2026-07-12 16:00:00,64176.0,64209.64,64042.0,64061.23,118.86901,7.578e-05
2026-07-13 00:00:00,63780.0,64295.0,63725.37,64295.0,317.60469,1.521e-05
2026-07-14 00:00:00,62334.52,62484.0,62272.2,62436.61,305.84055,8.256e-05
2026-07-15 16:00:00,65427.6,65470.0,65048.09,65089.22,410.97185,4.457e-05
2026-07-16 00:00:00,64756.28,64845.5,64747.69,64823.99,311.28816,2.426e-05
2026-07-17 00:00:00,63830.2,63850.0,63750.0,63790.57,129.15253,7.639e-05
2026-07-18 00:00:00,63931.67,63970.0,63895.33,63968.0,115.59572,3.074e-05
2026-07-18 08:00:00,64002.75,64018.0,63960.0,63979.99,86.71183,6.955e-05
2026-07-19 08:00:00,64711.04,64726.52,64670.65,64705.15,347.09051,6.905e-05
2026-07-20 00:00:00,64722.55,65057.08,64572.0,65020.0,304.23976,4.89e-05
2026-07-21 08:00:00,66186.86,66289.0,66129.19,66282.21,291.96246,8.926e-05
2026-07-22 00:00:00,66556.15,66684.47,66525.54,66684.46,134.96453,3.928e-05
2026-07-22 08:00:00,65843.48,66072.0,65843.47,66032.81,505.42991,5.448e-05
