Date,Open,High,Low,Close,Volume,funding_rate
2021-01-02 00:00:00,29331.7,29469.0,28946.53,29351.95,7393.028526,0.0001
2021-01-02 08:00:00,29751.47,29899.0,29473.91,29755.0,9226.804608,0.00020151
2021-01-03 08:00:00,34451.78,34670.41,33403.0,34413.53,22651.532867,0.00114744
2021-01-04 00:00:00,33000.05,33588.0,32400.25,33505.16,14536.79062,0.00164126
2021-01-04 08:00:00,32068.84,32567.88,28130.0,30743.06,46591.471025,0.00236482
2021-01-04 16:00:00,31745.71,31920.0,30626.36,31665.51,19886.660603,0.00056137
2021-01-06 16:00:00,34566.18,35695.0,34372.92,34816.72,18876.49598,0.00149253
2021-01-07 08:00:00,36863.04,37913.72,36300.0,37822.09,17213.968918,0.00142744
2021-01-08 00:00:00,39432.48,39699.87,36500.0,38347.1,23563.558207,0.00213517
2021-01-08 08:00:00,38929.56,41500.45,38222.0,41286.67,26858.313228,0.00092044
2021-01-08 16:00:00,40829.07,41600.0,39800.0,40365.09,20523.08366,0.00131892
2021-01-09 16:00:00,40525.16,40880.0,39869.0,40665.91,10121.055377,0.00146942
2021-01-10 00:00:00,40088.22,41350.0,40087.15,40316.64,11827.445704,0.00145604
2021-01-10 16:00:00,39671.82,39757.55,37111.0,37456.77,26106.908154,0.00052988
2021-01-11 00:00:00,38150.02,38264.74,33600.0,35438.23,37334.824103,0.00086486
2021-01-11 16:00:00,31582.82,33585.17,30420.0,32254.62,51176.262042,0.00053444
2021-01-12 00:00:00,35410.37,35547.19,33677.03,34984.96,20156.062178,0.00033526
2021-01-12 08:00:00,36413.6,36499.98,34757.0,35410.99,20129.584186,0.00050855
2021-01-13 08:00:00,34986.9,35250.0,34200.0,34385.48,21211.79171,0.0002259
2021-01-14 00:00:00,37371.38,38172.22,37000.0,37045.13,16138.473791,0.00078331
2021-01-14 16:00:00,39546.01,40000.0,39212.15,39876.98,14738.643826,0.00068503
2021-01-15 08:00:00,38473.07,38780.0,37923.0,38108.88,11723.414644,0.00064483
2021-01-16 00:00:00,36737.43,37669.0,35852.93,36532.92,15996.272919,0.0001
2021-01-16 16:00:00,37463.46,37713.94,36200.0,36376.39,12777.18605,0.00068496
2021-01-17 08:00:00,34760.91,35400.0,33850.0,35267.17,20790.970257,0.00030276
2021-01-18 00:00:00,35824.99,36208.0,34842.99,35106.25,12865.201223,0.00055375
2021-01-18 16:00:00,36405.99,36565.0,35400.0,35956.14,10602.829967,0.0010355
2021-01-19 00:00:00,36622.46,37280.0,36364.43,36465.3,15332.388515,0.0006167
2021-01-21 00:00:00,35468.23,35600.0,34230.76,34571.09,10995.708084,0.00042078
2021-01-21 08:00:00,34624.27,34681.73,32009.68,32208.62,32172.086072,0.00048357
2021-01-23 00:00:00,32950.0,32974.89,32053.33,32365.01,12211.52203,0.0001
2021-01-23 16:00:00,31877.1,32500.0,31759.65,32348.79,9253.459243,0.0001
2021-01-25 16:00:00,34458.31,34600.0,33373.92,33411.54,14607.087725,0.00042414
2021-01-26 08:00:00,31643.61,32450.0,31373.0,31796.95,13170.891552,0.0001
2021-01-26 16:00:00,31750.24,32403.88,31300.69,32208.33,14712.052128,0.0001
2021-01-27 00:00:00,32464.01,32557.29,31568.28,31800.86,10374.370726,0.0001
2021-01-28 00:00:00,30362.19,31526.78,29842.1,31404.25,14152.379268,0.0001
2021-01-28 08:00:00,31170.2,31600.0,30812.26,31437.37,11864.190133,0.0001
2021-01-28 16:00:00,31926.49,32747.78,31650.0,32564.71,16889.869122,0.00022262
2021-01-29 08:00:00,32266.36,37990.0,32006.91,37025.32,74717.370406,0.00064803
2021-01-29 16:00:00,37129.4,37569.0,33500.0,34318.57,41001.26865,0.00166789
2021-01-30 00:00:00,34246.28,34933.0,32825.0,33273.36,19111.756794,0.00039208
2021-01-30 08:00:00,34046.82,34424.7,33510.0,33660.4,15905.5068,0.000332
2021-01-30 16:00:00,34210.18,34400.02,33520.0,34286.5,13229.455441,0.00052428
2021-01-31 08:00:00,33607.68,33832.94,33205.0,33563.23,9660.993404,0.00046117
2021-01-31 16:00:00,32862.65,33077.9,32171.67,32808.8,15824.566268,0.00044234
2021-02-01 16:00:00,33160.0,34100.0,33133.26,33838.13,9133.519374,0.00066848
2021-02-02 00:00:00,33517.09,34161.39,33418.0,33550.32,9103.943225,0.00036787
2021-02-02 16:00:00,34708.47,35800.0,34556.85,35762.03,13461.671642,0.00122181
2021-02-04 08:00:00,37843.4,38708.27,36662.45,37321.75,23737.165773,0.00074286
2021-02-05 16:00:00,37960.76,38163.34,37230.0,37608.92,12503.52316,0.00099154
2021-02-06 16:00:00,40865.12,40955.51,39940.44,40179.42,14276.247857,0.00102371
2021-02-07 00:00:00,39181.01,39611.04,38344.0,38841.46,16160.624673,0.00155546
2021-02-08 00:00:00,38795.69,39130.0,37988.89,38076.06,10542.216863,0.00059267
2021-02-08 16:00:00,43703.23,44280.0,42521.62,43051.95,19943.671285,0.00248993
2021-02-11 00:00:00,44807.58,45051.27,43994.02,44582.07,7762.676796,0.00076742
2021-02-11 08:00:00,44700.0,46546.47,44500.0,46061.49,15019.00178,0.0008307
2021-02-11 16:00:00,47960.86,48298.0,46900.0,47754.03,15046.197477,0.0017411
2021-02-12 00:00:00,47968.66,48985.8,47338.35,47587.31,15421.007452,0.00128772
2021-02-12 08:00:00,47318.02,47999.0,47027.03,47562.42,11750.767892,0.0012563
2021-02-12 16:00:00,47021.05,47980.0,46915.32,47272.95,14218.669404,0.00105533
2021-02-13 16:00:00,47076.02,47400.14,46708.94,46870.15,8667.447457,0.00075946
2021-02-14 08:00:00,48725.18,49349.76,48389.55,49055.16,11298.429907,0.00146185
2021-02-15 00:00:00,48580.47,49010.92,45570.79,47120.3,22312.047185,0.0011786
2021-02-15 16:00:00,47938.84,48800.0,47938.83,48657.31,10563.589591,0.00068133
2021-02-16 08:00:00,49161.75,49318.47,48700.0,48915.48,9119.55574,0.00123546
2021-02-18 08:00:00,51901.95,52168.75,51133.0,51374.07,10579.246624,0.00154303
2021-02-20 00:00:00,55906.0,56609.14,55322.0,55706.07,15272.233075,0.00156318
2021-02-20 16:00:00,56136.55,57425.0,56136.55,56975.12,11639.209496,0.00122535
2021-02-22 16:00:00,53236.69,53847.56,51570.0,53581.69,18340.983593,0.00077864
2021-02-23 00:00:00,54087.67,54183.59,50901.0,51906.36,17682.466426,0.00024947
2021-02-23 16:00:00,48602.02,49247.69,45500.0,45523.0,17945.358124,0.00013281
2021-02-25 08:00:00,50395.58,50513.35,48581.71,50294.8,13127.823046,0.00018247
2021-02-26 00:00:00,47073.73,47800.0,46000.0,47330.24,23059.555339,0.0001
2021-02-27 08:00:00,47153.01,47640.03,46224.84,47299.99,10802.247562,0.0004457
2021-02-27 16:00:00,46528.82,47450.26,46271.0,47405.39,7068.379626,0.00010038
2021-02-28 16:00:00,43391.14,44521.66,43000.0,44405.32,13480.337496,0.00037706
2021-03-01 00:00:00,45134.11,46796.94,44950.53,46336.37,12482.260849,0.00016921
2021-03-02 00:00:00,49595.76,50200.0,48710.0,48974.75,12041.508215,0.0001
2021-03-02 08:00:00,48331.6,49265.54,48270.69,48844.13,9344.921392,0.0001
2021-03-03 00:00:00,48436.61,49000.51,48100.71,48704.75,6913.508963,0.0001
2021-03-03 16:00:00,50767.35,51600.0,50260.0,50857.17,13237.073303,0.00045078
2021-03-04 00:00:00,50349.37,51773.88,49401.3,49574.89,14366.740391,0.0001
2021-03-05 00:00:00,48374.09,48376.2,46300.0,47289.81,17004.010427,0.0001
2021-03-06 00:00:00,48746.81,49156.0,48350.0,48657.72,3957.47899,0.0001
2021-03-06 08:00:00,48820.13,49100.0,48000.0,48171.01,7673.972275,0.0001
2021-03-06 16:00:00,47267.88,48690.6,47104.85,48341.01,8749.545083,0.0001
2021-03-08 00:00:00,50959.11,51847.38,50234.98,50598.49,11347.012986,0.0001
2021-03-08 08:00:00,49755.24,50560.0,49274.67,50496.82,11504.639727,0.0001
2021-03-09 00:00:00,52375.18,54100.0,51789.41,53840.62,18755.992184,0.00072419
2021-03-09 08:00:00,53546.89,54355.0,53274.96,54233.32,11100.984222,0.00041976
2021-03-09 16:00:00,54097.03,54338.0,53626.97,54108.79,7759.159092,0.00057038
2021-03-11 00:00:00,55851.59,56499.98,55170.22,55992.6,11273.764538,0.00095931
2021-03-11 08:00:00,55034.21,56270.75,54272.82,56227.34,15160.924651,0.00099305
2021-03-13 00:00:00,57221.72,57307.2,56078.23,56694.32,9358.059297,0.00047834
2021-03-13 16:00:00,59693.0,60864.97,59458.67,60773.56,11563.139783,0.00057114
2021-03-14 08:00:00,60494.8,61110.53,59354.62,60308.31,11590.662658,0.00084593
2021-03-14 16:00:00,59681.21,60369.99,59300.0,59931.7,7635.76908,0.00115069
2021-03-17 08:00:00,55819.23,56052.63,54326.27,54840.0,11559.239532,0.00019234
2021-03-18 08:00:00,58355.14,58660.0,57870.38,58170.37,8520.875667,0.00029259
2021-03-18 16:00:00,59533.67,60129.97,57200.0,57293.79,17711.636937,0.00032547
2021-03-19 16:00:00,58977.04,59180.0,58345.14,58826.56,7315.781858,0.0003326
2021-03-20 00:00:00,58030.01,58913.98,57820.17,58367.74,6481.212614,0.0004928
2021-03-20 08:00:00,58402.41,59299.0,58402.4,59242.47,7801.519147,0.00044452
2021-03-21 00:00:00,58100.02,58589.1,57363.07,57790.0,7341.722024,0.00031366
2021-03-21 08:00:00,56972.68,57325.45,55450.11,56267.65,11052.710576,0.00042375
2021-03-21 16:00:00,57159.04,57676.0,56750.0,57513.18,6649.476078,0.0001
2021-03-22 16:00:00,57082.99,57195.0,55508.0,55524.99,11230.027768,0.00048977
2021-03-23 00:00:00,54083.25,55344.26,53777.68,54684.83,10523.357656,0.0002421
2021-03-24 08:00:00,55464.46,56662.08,55452.14,56541.03,13246.796385,0.00016567
2021-03-24 16:00:00,56298.12,56422.02,54666.66,54736.53,12040.844638,0.00026422
2021-03-25 00:00:00,52303.66,52900.0,51500.0,52122.86,14806.595798,0.00011828
2021-03-25 08:00:00,52270.72,53160.85,52101.0,52163.19,10479.969662,0.0001
2021-03-25 16:00:00,50996.15,52532.0,50550.0,52195.19,14297.646312,0.0001
2021-03-26 08:00:00,53569.24,53826.48,52570.0,52710.96,13085.113465,0.0001
2021-03-27 08:00:00,54950.27,55146.23,54311.6,54442.89,7416.604288,0.0001
2021-03-28 00:00:00,55817.14,56200.0,55572.0,56052.05,6162.209791,0.0001
2021-03-28 08:00:00,56200.66,56559.75,55683.56,55787.03,6006.465729,0.0001
2021-03-29 08:00:00,55911.99,58350.0,55911.99,57854.32,18699.79886,0.0001
2021-03-29 16:00:00,57719.74,58290.0,57170.0,57676.42,10846.657096,0.00018171
2021-03-31 00:00:00,58746.57,59050.0,58369.0,58608.63,7115.162323,0.00080754
2021-03-31 08:00:00,58173.82,58275.45,56769.0,58015.02,12654.036794,0.00070889
2021-03-31 16:00:00,59304.76,59648.52,58453.3,58553.12,11099.559151,0.00058414
2021-04-02 00:00:00,58720.45,60200.0,58455.1,59869.79,13962.716252,0.00071058
2021-04-02 08:00:00,59421.21,59685.0,59218.0,59542.78,5599.281222,0.00106221
2021-04-02 16:00:00,59480.06,59600.0,58525.01,58850.0,7392.765688,0.0010197
2021-04-03 08:00:00,59301.8,59791.72,58750.96,59255.02,7896.693743,0.00107843
2021-04-03 16:00:00,58829.99,59143.71,57707.7,58597.04,11601.275779,0.00101313
2021-04-04 00:00:00,57051.95,57583.32,56388.0,57492.42,10461.903604,0.0005209
2021-04-04 08:00:00,57614.52,57787.79,57033.85,57275.55,5903.715811,0.00048495
2021-04-05 00:00:00,58202.01,58387.35,57320.0,57467.12,7281.081454,0.00039464
2021-04-06 08:00:00,58576.59,59000.0,58300.0,58541.34,9964.362868,0.00057776
2021-04-07 00:00:00,57990.03,58200.01,57161.86,57922.75,8169.498381,0.00057609
2021-04-09 00:00:00,58077.52,58419.45,57806.03,57985.71,5235.243334,0.00019611
2021-04-10 16:00:00,60247.26,60550.0,59550.0,59567.38,8707.685139,0.00119652
2021-04-11 08:00:00,59655.5,60144.7,59450.0,59721.84,6455.016917,0.00099427
2021-04-11 16:00:00,59645.45,60190.0,59405.18,59705.53,7050.787283,0.00105998
2021-04-14 08:00:00,64288.8,64787.98,63012.84,64511.21,15881.755071,0.00108567
2021-04-15 08:00:00,62842.56,63137.92,62020.0,62361.12,8516.094074,0.00082082
2021-04-16 08:00:00,61414.88,61607.83,60000.0,60853.81,18201.041988,0.00120022
2021-04-17 08:00:00,62114.99,62458.28,60700.55,60886.91,11323.908231,0.00054007
2021-04-18 16:00:00,55452.45,55967.66,54859.75,55720.66,11851.771742,0.0001
2021-04-19 00:00:00,56150.01,57291.0,55690.62,57030.9,10659.382877,0.0001
2021-04-19 08:00:00,57323.34,57526.81,56120.03,57107.4,16466.710209,0.0001
2021-04-20 08:00:00,54410.57,56419.13,54230.38,56266.83,13231.942552,0.0001
2021-04-22 00:00:00,53787.62,54638.0,52561.0,53497.09,20660.958027,0.0001
2021-04-22 08:00:00,54146.01,55223.0,53080.0,54866.62,15193.810899,0.0001
2021-04-25 00:00:00,50047.84,50452.85,49600.0,49615.54,6421.008713,0.000217
2021-04-25 16:00:00,50257.97,50434.0,49295.09,49333.01,8232.075006,0.0001
2021-04-27 00:00:00,54001.38,54160.61,53267.71,53460.3,7766.386738,0.0001
2021-04-27 08:00:00,54545.0,55242.32,54248.92,55152.43,9661.994348,0.0001
2021-04-28 00:00:00,55011.97,55738.0,54769.42,54774.05,9735.221767,0.0001
2021-04-28 08:00:00,54255.98,55087.85,53917.64,54853.26,8471.396246,0.0001
2021-05-01 16:00:00,57356.59,57998.97,57218.0,57770.31,6358.756896,0.00032496
2021-05-03 08:00:00,58787.88,58981.44,58277.12,58657.63,9368.154323,0.00036188
2021-05-06 16:00:00,57088.48,57475.0,55200.0,56128.42,17181.908263,0.0009352
2021-05-07 00:00:00,56393.68,57122.17,55476.74,55705.67,13216.079461,0.00044645
2021-05-07 08:00:00,55766.33,56784.0,55570.35,56464.74,10430.293682,0.00053313
2021-05-08 08:00:00,58463.06,59379.26,58305.0,58556.09,13405.425347,0.00046279
2021-05-08 16:00:00,57599.86,59300.0,57560.63,59030.56,13538.222106,0.00046426
2021-05-09 16:00:00,57379.58,57883.11,57048.96,57266.97,8143.732782,0.00063864
2021-05-10 08:00:00,58370.17,58593.79,57301.81,58070.63,12483.083175,0.00090258
2021-05-11 00:00:00,55816.14,56435.48,54370.0,55142.46,14287.879015,0.00039557
2021-05-11 08:00:00,55737.89,56190.0,55125.71,55210.47,11000.371098,0.00050874
2021-05-13 08:00:00,50879.73,50950.0,48457.12,49777.01,28154.674056,0.0001
2021-05-16 00:00:00,46762.99,48406.44,46467.0,48383.46,12801.101382,0.00040248
2021-05-17 16:00:00,43357.0,44400.0,42001.0,44197.73,30883.162039,0.00059294
2021-05-19 00:00:00,42849.78,43584.9,40125.0,40591.15,36126.910476,0.0001
2021-05-20 08:00:00,39959.67,40690.56,38700.0,40475.17,29967.717243,0.0001
2021-05-21 00:00:00,40525.39,42200.0,40408.84,40666.91,16888.741956,0.0001
2021-05-21 08:00:00,39842.58,41230.67,39277.0,41124.29,21578.030744,-1.001e-05
2021-05-25 00:00:00,38810.99,39791.77,37800.5,38304.51,21694.802875,0.0001
2021-05-25 16:00:00,38277.55,38299.88,37011.0,37292.69,12652.656689,0.0001
2021-05-27 00:00:00,39241.92,39243.1,37134.27,37621.56,15983.293792,0.0001
2021-05-27 16:00:00,39666.99,39721.28,38500.0,38768.35,14102.539844,0.0001
2021-05-28 16:00:00,36751.59,36845.93,35551.06,35789.3,22911.388747,0.0001
2021-05-29 08:00:00,36145.0,36350.0,34567.89,35375.0,19419.647304,0.0001
2021-05-29 16:00:00,34416.26,35049.0,33632.76,34025.43,21833.742633,0.00010375
2021-05-31 08:00:00,35850.17,37195.0,35588.08,36836.46,22947.486232,0.0001
2021-05-31 16:00:00,36961.16,37457.07,36510.01,36863.67,14199.653047,0.0001
2021-06-02 08:00:00,37219.99,37538.07,36851.45,37203.08,12842.303598,0.0001
2021-06-05 00:00:00,36829.15,37846.6,36613.22,37410.0,9026.45342,0.0001
2021-06-06 00:00:00,35516.07,36257.34,35405.61,35989.67,8393.518369,0.0001
2021-06-06 16:00:00,36157.47,36317.81,35705.0,35747.15,6657.597267,0.0001
2021-06-08 00:00:00,33556.96,34068.01,32351.0,32817.09,27138.252213,0.0001
2021-06-08 08:00:00,32966.7,33373.01,32651.52,33089.99,16467.157709,1.015e-05
2021-06-09 16:00:00,36356.42,37000.0,35650.16,36260.45,25218.74536,-0.00014842
2021-06-10 16:00:00,36896.65,37150.0,36100.0,36675.09,15795.991631,0.0001
2021-06-12 08:00:00,35289.06,35900.0,34600.36,35596.7,18010.310808,0.0001
2021-06-13 08:00:00,35282.02,36099.0,35171.55,35904.03,10701.328348,2.852e-05
2021-06-14 00:00:00,39020.56,39800.0,38730.0,38975.14,19015.540586,0.0001
2021-06-14 16:00:00,40685.37,40740.03,39323.1,39716.06,19945.827005,-3.144e-05
2021-06-15 00:00:00,40516.28,40900.0,39856.6,40404.86,12104.794455,8.002e-05
2021-06-15 08:00:00,40367.41,40400.0,39531.0,39839.9,13863.182145,0.0001
2021-06-16 16:00:00,38775.66,39735.52,38301.68,38680.11,23114.725115,0.0001
2021-06-17 08:00:00,39208.67,39559.88,39057.27,39146.36,10847.197426,0.0001
2021-06-19 16:00:00,36114.85,36210.0,35360.08,35943.65,10375.918859,7.475e-05
2021-06-20 08:00:00,35637.72,35693.88,33724.48,33872.9,24304.190491,0.0001
2021-06-21 08:00:00,33025.5,33577.12,31710.0,32520.56,46870.924317,0.0001
2021-06-23 08:00:00,33982.26,34500.0,33650.21,33911.39,18341.765169,-0.00013693
2021-06-23 16:00:00,33490.14,33947.17,32870.99,32879.97,16689.643728,-0.00019895
2021-06-25 16:00:00,32607.07,32910.64,31500.0,32220.74,28395.534991,0.0001
2021-06-26 08:00:00,30713.54,31883.6,30151.0,31777.73,28487.352901,-0.00013121
2021-06-29 08:00:00,34849.2,35768.9,34730.0,35555.62,18117.627803,0.0001
2021-06-29 16:00:00,36248.99,36600.0,36050.0,36382.39,12608.467034,3.883e-05
2021-07-01 00:00:00,35045.0,35057.57,34120.0,34120.01,9448.171889,0.0001
2021-07-03 08:00:00,34499.53,34780.0,34406.0,34608.04,9722.860693,-0.0001355
2021-07-05 08:00:00,34257.37,34558.99,33300.0,33379.96,13547.302676,0.0001
2021-07-06 16:00:00,34042.44,34190.0,33532.0,34019.99,8290.837757,-8.213e-05
2021-07-09 00:00:00,32875.71,33100.0,32261.07,32941.81,10152.733529,-0.00010885
2021-07-09 16:00:00,33558.81,33696.4,33287.0,33445.31,4967.912524,-0.00018845
2021-07-10 08:00:00,33766.01,33950.0,33565.0,33793.94,5564.214357,7.847e-05
2021-07-12 00:00:00,34259.0,34537.39,34006.92,34447.92,6394.399189,8.851e-05
2021-07-12 16:00:00,33337.49,33441.0,32750.0,32822.85,10522.022448,0.0001
2021-07-13 00:00:00,33086.94,33229.0,32830.98,33071.14,4947.521628,0.0001
2021-07-14 00:00:00,32729.12,32807.41,31650.61,31830.01,9403.244579,0.0001
2021-07-14 08:00:00,31920.01,32707.27,31550.0,32451.99,10994.019873,1.317e-05
2021-07-15 16:00:00,31678.5,31800.0,31133.0,31533.62,11274.224241,1.576e-05
2021-07-16 00:00:00,31874.49,32049.45,31556.95,31914.89,7547.70563,-0.00011529
2021-07-16 08:00:00,31779.98,31779.99,31020.0,31086.53,9817.259645,6.105e-05
2021-07-18 00:00:00,31520.07,32435.0,31463.0,32166.0,9525.16544,0.0001
2021-07-21 08:00:00,30817.84,31655.0,30716.37,31534.11,13814.799534,-0.00039139
2021-07-23 08:00:00,32489.99,32540.2,32210.0,32296.51,7547.760923,-0.00016985
2021-07-24 00:00:00,33634.1,33780.23,33401.14,33669.98,9212.223806,-7.246e-05
2021-07-25 16:00:00,34174.08,34600.0,34090.63,34353.25,6901.216215,-5.198e-05
2021-07-26 00:00:00,35381.02,39799.97,35205.78,38283.98,44848.513162,-0.00054841
2021-07-26 08:00:00,38149.99,38738.51,37661.7,38473.61,15469.519285,0.0001
2021-07-26 16:00:00,38562.21,40550.0,38492.31,39365.15,26121.200603,0.0001
2021-07-28 00:00:00,39456.61,40350.0,38904.11,39817.56,18736.761129,-2.037e-05
2021-07-29 08:00:00,39935.0,40640.0,39501.78,39769.99,12722.691769,8.276e-05
2021-07-30 08:00:00,39726.0,39763.14,38313.23,38642.46,17816.371192,0.0001
2021-07-30 16:00:00,39072.65,39871.45,38871.74,39853.72,6298.828153,-2.377e-05
2021-07-31 00:00:00,42206.36,42448.0,41627.6,41810.01,11056.64972,0.0001
2021-08-02 00:00:00,39850.27,40099.36,39250.0,39785.59,8426.723834,0.0001
2021-08-03 00:00:00,39146.86,39780.0,38512.0,38655.74,10785.426738,0.0001
2021-08-03 08:00:00,38593.43,38809.0,38315.0,38490.01,6220.139519,0.0001
2021-08-04 00:00:00,38207.04,38566.82,37890.54,37976.81,5603.620628,0.0001
2021-08-04 08:00:00,37828.84,38260.0,37508.56,38160.06,7663.712387,0.0001
2021-08-05 00:00:00,39723.17,39849.61,39167.0,39435.09,7934.420985,0.0001
2021-08-05 08:00:00,38870.58,38958.64,37821.0,38008.38,13385.779722,0.0001
2021-08-06 00:00:00,40862.46,41015.99,39900.39,40219.47,10179.812665,0.0001
2021-08-08 00:00:00,44572.54,44776.0,43785.0,44322.42,10785.358595,0.0001
2021-08-09 00:00:00,43794.36,43960.84,42779.0,43496.09,9844.910581,0.0001
2021-08-09 08:00:00,43800.74,46048.5,43600.92,45930.01,19251.354881,0.0001
2021-08-10 00:00:00,46248.87,46700.0,45629.67,45708.76,8694.648525,0.0001
2021-08-10 16:00:00,45161.75,45565.18,44589.46,45495.73,8533.184582,0.0001
2021-08-11 16:00:00,46456.91,46607.94,46205.37,46448.0,7047.21965,0.0001
2021-08-12 16:00:00,44196.19,44512.2,43770.0,44371.32,8352.499571,0.0001
2021-08-13 00:00:00,44400.06,44922.0,44217.39,44847.26,4783.844532,0.0001
2021-08-13 08:00:00,46103.5,46537.15,45959.9,46138.47,10390.653815,0.0001
2021-08-14 08:00:00,47616.12,48144.0,45971.03,46569.99,17186.760903,0.0001
2021-08-14 16:00:00,46944.47,47374.67,46568.21,47033.76,5068.16556,0.0001
2021-08-15 08:00:00,45738.34,46167.26,45555.55,45923.57,7872.99736,0.0001
2021-08-18 00:00:00,44695.95,45135.4,44203.28,45055.78,12688.753168,0.0001
2021-08-18 08:00:00,44951.31,45560.0,44650.0,44746.59,7560.814954,0.0001
2021-08-19 00:00:00,44699.37,45234.56,44044.65,44046.97,8549.993527,0.0001
2021-08-19 16:00:00,45779.59,46757.01,45405.86,46710.0,11398.806555,0.0001
2021-08-20 00:00:00,46760.62,47390.0,46622.99,47054.74,8538.716411,0.0001
2021-08-21 16:00:00,49180.98,49757.04,48765.0,48978.68,9541.764534,0.00016694
2021-08-24 16:00:00,48310.73,48422.12,47749.1,48243.2,12715.715601,0.00041348
2021-08-25 08:00:00,48144.58,48169.43,47126.28,47570.01,11569.056612,0.0001
2021-08-25 16:00:00,48817.41,49172.58,48507.71,48652.14,6574.337584,0.0001
2021-08-28 00:00:00,49069.9,49299.0,48835.0,48852.99,5599.988315,0.0001
2021-08-28 08:00:00,48949.03,49072.07,48627.31,48674.72,3988.09609,0.0003224
2021-08-28 16:00:00,48811.12,49172.31,48500.0,48651.93,4272.79771,0.00023137
2021-08-29 00:00:00,48895.35,49632.27,48067.53,48227.31,9312.334933,0.0001
2021-08-30 16:00:00,48012.78,48620.0,47956.63,48619.99,6266.5895,0.0002255
2021-08-31 00:00:00,46982.91,47220.97,46700.0,47150.68,6898.22753,0.00036162
2021-09-01 00:00:00,47100.89,47321.42,46512.0,47043.65,7128.97958,0.00044618
2021-09-01 16:00:00,47488.5,49156.0,47386.66,48150.0,15849.59515,0.00033967
2021-09-03 08:00:00,49305.1,50485.0,49255.57,50168.54,13547.575416,0.00033375
2021-09-05 16:00:00,50214.95,50875.08,50120.0,50684.56,6604.24031,0.0001
2021-09-08 08:00:00,45075.72,46780.0,44412.02,46394.09,15065.44703,0.0001
2021-09-08 16:00:00,46082.9,46530.0,45860.01,46436.32,7256.39211,0.0001
2021-09-11 00:00:00,44842.2,45498.27,44722.22,45191.88,5650.93156,0.0001
2021-09-11 16:00:00,45573.99,45987.93,45300.0,45357.06,4719.55798,0.0001
2021-09-12 00:00:00,45173.68,45343.6,44742.06,45316.28,4635.71867,0.0001
2021-09-12 16:00:00,45890.61,46146.89,45761.01,45902.87,3785.11755,0.0001
2021-09-13 00:00:00,46025.23,46285.71,44555.0,44617.79,7721.53199,0.0001
2021-09-14 08:00:00,45720.03,46178.43,45678.01,45973.8,6091.2912,0.0001
2021-09-17 00:00:00,47737.81,48094.26,47450.44,47899.83,4491.37281,0.0001
2021-09-18 00:00:00,47299.98,47987.49,47035.56,47924.57,4564.24787,0.0001
2021-09-20 08:00:00,44830.01,45295.0,43240.33,43739.75,15247.64765,0.0001
2021-09-21 16:00:00,43072.81,43295.66,41502.0,42013.63,13878.37868,0.0001
2021-09-22 16:00:00,43222.96,44000.55,42855.01,43384.9,13704.78238,0.0001
2021-09-23 08:00:00,44229.99,44297.25,43361.0,43648.15,8152.76247,7.835e-05
2021-09-24 00:00:00,44865.26,44978.53,44205.0,44283.03,7011.65212,-7.856e-05
2021-09-24 16:00:00,41944.0,42533.47,41742.01,42371.43,6655.70748,3.978e-05
2021-09-26 08:00:00,41227.07,43746.9,41037.13,43063.57,16196.41116,0.0001
2021-09-27 00:00:00,43160.9,44350.0,42933.0,44038.75,7631.49537,0.0001
2021-09-27 16:00:00,43293.27,43416.42,42850.0,43011.82,6042.74948,0.0001
2021-09-28 00:00:00,42147.35,42703.65,41942.0,42558.4,6135.42718,2.549e-05
2021-09-28 16:00:00,41447.18,41763.97,41115.0,41601.99,6244.9725,9.756e-05
2021-09-29 00:00:00,41025.01,42274.76,40753.88,42199.99,7546.17963,4.448e-05
2021-09-29 16:00:00,41698.97,41824.01,41052.4,41207.86,5907.52309,5.661e-05
2021-09-30 00:00:00,41524.29,43729.68,41410.17,43591.23,10700.82651,0.0001
2021-10-01 16:00:00,47363.69,48190.0,47232.98,48030.0,8403.11668,0.0001
2021-10-02 00:00:00,48141.6,48224.01,47443.98,47520.84,6138.50236,5.277e-05
2021-10-04 08:00:00,47838.54,47962.51,47352.77,47585.85,4662.09258,0.0001
2021-10-04 16:00:00,47758.22,49536.12,47694.41,49380.0,14116.14153,0.0001
2021-10-06 08:00:00,51450.0,51500.0,50382.41,51306.56,14543.35572,0.0001
2021-10-07 16:00:00,53902.39,54330.0,53400.0,53962.76,7836.33158,0.00032669
2021-10-09 16:00:00,54977.29,55149.96,54592.21,54656.81,11444.01939,0.00015717
2021-10-10 00:00:00,54949.72,55199.0,54080.0,55049.15,13788.55433,0.0001
2021-10-10 16:00:00,55370.28,55523.36,55000.0,55450.25,11798.42221,0.0001
2021-10-13 16:00:00,56168.85,57300.0,56072.75,57259.77,10095.6927,0.0001
2021-10-14 16:00:00,57331.3,58086.98,56818.05,57833.12,8438.51013,0.00017282
2021-10-16 08:00:00,61733.96,62062.55,61324.79,61597.26,7202.4555,0.00027876
2021-10-19 08:00:00,62297.06,62574.42,61743.61,62128.39,4998.06071,0.00014974
2021-10-19 16:00:00,62395.99,64299.0,62311.02,64177.15,12224.148546,0.0001
2021-10-21 00:00:00,66001.4,66033.64,64062.82,65069.02,12539.65522,0.00068927
2021-10-21 08:00:00,65100.7,66639.74,64175.0,64827.9,14228.5991,0.00057124
2021-10-26 16:00:00,62514.59,62743.86,61826.08,62000.0,5640.88431,0.00055995
2021-10-27 08:00:00,59949.99,59953.94,58000.0,58564.0,20358.22032,0.00030309
2021-10-28 08:00:00,58993.71,61257.82,58988.04,60960.61,11782.03327,0.0001
2021-10-29 00:00:00,60575.9,62100.0,60174.81,61642.99,7694.29381,0.0002352
2021-10-30 00:00:00,62253.7,62359.25,61604.98,61679.95,4865.41623,0.00016972
2021-11-02 00:00:00,60911.12,61566.0,60624.68,61074.5,5799.33428,0.00015524
2021-11-03 08:00:00,63394.62,63399.71,62872.94,63108.43,5366.51076,0.00043965
2021-11-05 00:00:00,61395.01,62332.04,60820.0,62203.8,5401.65251,0.00018372
2021-11-06 08:00:00,60790.87,61350.0,60081.21,60327.47,7026.55184,0.00045326
2021-11-08 08:00:00,65941.88,66423.0,65600.01,66037.21,8440.65891,0.00049328
2021-11-08 16:00:00,66382.01,66538.53,65743.17,65835.01,5039.10665,0.0004876
2021-11-09 00:00:00,67525.82,68524.25,67015.2,68490.0,8713.082478,0.00038683
2021-11-10 00:00:00,66947.67,67378.7,66355.05,66487.23,5220.67502,0.00037679
2021-11-12 00:00:00,64774.25,65450.7,64052.0,64826.63,5984.47508,0.00018008
2021-11-12 08:00:00,64488.11,64957.97,63501.0,63753.19,9783.10951,0.00035543
2021-11-13 00:00:00,64122.22,64455.0,63576.1,63773.94,3286.91262,0.00015442
2021-11-14 16:00:00,64070.41,64422.35,63576.27,64170.0,4876.26848,0.00013059
2021-11-15 08:00:00,65579.71,66401.82,65244.47,65733.06,5327.95612,0.00020745
2021-11-15 16:00:00,64288.16,64444.61,63624.54,64265.9,6982.24848,0.00040989
2021-11-16 00:00:00,63606.73,63617.31,60422.2,60907.41,20081.96292,0.00035998
2021-11-19 00:00:00,56891.62,57517.14,55600.0,55900.0,11263.12431,0.0001
2021-11-19 08:00:00,55987.83,57487.2,55986.05,56989.59,9231.01807,0.0001
2021-11-20 08:00:00,58380.06,58800.0,58315.75,58625.67,3892.78724,0.0001
2021-11-21 00:00:00,59707.52,59770.78,58500.0,58674.67,5140.47491,0.0001
2021-11-21 16:00:00,59199.26,60029.76,59122.38,59314.13,7107.42088,0.0001
2021-11-22 08:00:00,57259.54,57830.99,56952.35,57180.51,4668.49861,0.0001
2021-11-22 16:00:00,58194.78,58250.0,55800.0,55993.03,10242.33335,0.0001
2021-11-25 00:00:00,57138.29,58270.0,57108.74,57749.99,7949.67795,0.00014549
2021-11-25 16:00:00,59048.5,59390.0,58667.01,58853.83,7112.50053,0.00011888
2021-11-26 00:00:00,58960.37,59150.0,57857.0,57900.91,6724.56509,0.00013863
2021-11-26 08:00:00,56966.32,56966.32,53680.45,53719.3,28211.18841,0.00033741
2021-11-28 08:00:00,54515.6,54933.8,54130.72,54493.09,3648.45682,0.0001
2021-11-29 16:00:00,57125.93,58865.97,57000.01,57880.67,10467.38329,0.00020774
2021-11-30 00:00:00,57776.25,57964.18,56770.01,57092.92,6347.17192,0.0002781
2021-11-30 16:00:00,57233.8,58380.41,56500.0,57629.99,10961.4101,0.0001
2021-12-01 00:00:00,56950.56,57686.12,56630.0,57362.01,5939.8025,0.00012689
2021-12-01 08:00:00,57163.87,57850.0,56717.22,57157.93,7795.17026,0.00029146
2021-12-02 00:00:00,57184.07,57375.47,55777.77,56300.12,8596.70554,0.00015951
2021-12-04 16:00:00,48203.74,49444.0,47742.09,49250.0,9852.62283,2.893e-05
2021-12-06 16:00:00,48942.67,49366.0,48653.05,49103.0,7911.93339,0.0001
2021-12-07 08:00:00,50907.27,51500.0,50810.03,51456.2,5985.50837,3.977e-05
2021-12-07 16:00:00,51734.15,51866.88,50666.0,50884.48,6009.71255,0.0001
2021-12-08 00:00:00,50588.95,50795.45,50100.0,50110.91,4341.24089,0.0001
2021-12-09 08:00:00,50016.86,50016.89,48898.0,49160.53,5915.54716,0.0001
2021-12-09 16:00:00,48462.08,48838.29,47500.0,47613.53,7734.7886,0.0001
2021-12-10 00:00:00,47535.9,48788.29,47439.29,48373.48,6187.65819,0.0001
2021-12-11 16:00:00,48745.11,49276.0,48385.98,48407.25,4611.81629,0.0001
2021-12-13 16:00:00,47252.02,47932.19,45672.75,46739.36,18201.15961,0.0001
2021-12-14 08:00:00,46999.99,47740.0,46789.69,47622.0,7640.60562,0.0001
2021-12-15 00:00:00,48336.95,48761.0,47836.0,48262.41,5125.38507,0.0001
2021-12-16 16:00:00,48578.61,48717.43,47666.0,47866.01,6570.83557,0.0001
2021-12-17 00:00:00,47632.38,47995.96,47390.43,47766.07,3499.96478,0.0001
2021-12-18 16:00:00,46858.56,46992.14,46325.61,46643.68,3928.87071,8.402e-05
2021-12-19 08:00:00,47515.09,47641.77,46807.27,47152.72,4167.80619,0.0001
2021-12-22 00:00:00,48887.59,49576.13,48600.0,49249.0,4651.07812,0.0001
2021-12-23 08:00:00,48129.61,48541.86,48060.0,48354.77,3872.9704,0.0001
2021-12-23 16:00:00,48819.33,51375.0,48677.52,51109.99,12941.20882,4.018e-05
2021-12-24 08:00:00,50994.75,51550.0,50858.0,50993.88,4900.76074,0.0001
2021-12-25 00:00:00,50819.99,51131.25,50600.0,50844.14,2536.10175,0.0001
2021-12-26 16:00:00,50049.34,50465.54,50018.38,50342.51,2880.28208,0.0001
2021-12-27 16:00:00,51450.58,52088.0,51200.0,51204.64,6133.86149,0.0001
2021-12-28 00:00:00,50701.44,50704.05,49500.0,49828.06,9367.72,0.0001
2021-12-28 16:00:00,48937.47,48974.85,47313.01,47689.46,9612.96288,0.0001
2021-12-31 16:00:00,48005.37,48118.45,45678.96,45728.28,9090.79287,0.0001
2022-01-01 16:00:00,47219.04,47954.63,47186.07,47329.78,4061.67681,0.0001
2022-01-02 08:00:00,47173.44,47499.45,46970.05,47235.5,2119.84865,0.0001
2022-01-02 16:00:00,47340.47,47990.0,46654.0,46907.68,5597.88593,0.0001
2022-01-04 00:00:00,46446.1,46549.19,45934.5,46313.97,3604.76267,0.0001
2022-01-05 16:00:00,46622.53,46674.37,44500.0,44685.93,13258.75934,0.0001
2022-01-07 08:00:00,41706.71,42883.47,41607.5,42258.62,7627.20984,0.0001
2022-01-08 16:00:00,41609.6,41740.53,40501.0,40831.07,12549.74604,0.0001
2022-01-09 08:00:00,41791.5,41990.0,41410.0,41857.62,3137.48125,0.0001
2022-01-09 16:00:00,41621.11,42740.0,41556.49,42695.26,5802.65087,0.0001
2022-01-10 00:00:00,41864.62,42037.05,41601.0,41967.59,3090.07632,0.0001
2022-01-11 16:00:00,41733.92,43100.0,41680.44,42972.05,11896.68845,0.0001
2022-01-12 16:00:00,43560.29,43886.26,43317.0,43743.11,4601.65301,-5.342e-05
2022-01-13 08:00:00,43699.99,44014.51,43500.0,43602.31,4607.65385,0.0001
2022-01-14 00:00:00,42558.35,42784.0,42362.91,42623.87,4534.92179,5.92e-06
2022-01-15 00:00:00,43059.96,43174.0,42864.49,42927.96,2973.19446,2.282e-05
2022-01-15 16:00:00,43401.21,43564.15,43233.33,43528.34,4570.18496,2.661e-05
2022-01-16 00:00:00,43084.29,43153.63,42838.0,42977.22,2783.29728,9.07e-05
2022-01-18 08:00:00,42065.42,42065.42,41453.0,41854.14,6023.27637,9.998e-05
2022-01-19 08:00:00,41287.1,42178.48,41138.56,42033.0,6485.56373,0.0001
2022-01-19 16:00:00,41981.27,42355.9,41697.46,41873.79,5457.34151,0.0001
2022-01-20 08:00:00,42058.31,42232.76,41807.94,42129.44,3148.83581,0.0001
2022-01-20 16:00:00,43308.7,43505.0,42805.0,42917.32,6495.57509,0.0001
2022-01-21 16:00:00,38857.24,39071.13,37850.0,37984.12,8202.7099,8.226e-05
2022-01-24 08:00:00,34887.9,35562.15,33029.54,33697.11,23802.116495,5.605e-05
2022-01-25 00:00:00,36660.35,36691.87,35955.43,36424.49,6255.52219,0.0001
2022-01-25 08:00:00,36044.01,36800.0,36003.3,36406.0,8110.56818,8.126e-05
2022-01-26 00:00:00,36958.32,37522.24,36550.2,37389.76,6842.03768,6.76e-06
2022-01-28 00:00:00,37160.11,37467.98,36500.0,37351.83,8117.63862,-4.93e-06
2022-01-28 08:00:00,36799.82,36882.22,36287.03,36448.28,6628.45526,7.165e-05
2022-01-29 08:00:00,37836.98,37923.0,37544.94,37736.07,2819.87215,5.239e-05
2022-01-30 16:00:00,37977.47,38074.76,37442.52,37512.37,3351.24867,0.0001
2022-01-31 00:00:00,37881.75,37951.07,36632.61,37025.68,7138.36907,8.927e-05
2022-01-31 08:00:00,37121.84,37399.93,36880.0,37265.16,4020.70047,-7.369e-05
2022-01-31 16:00:00,37722.91,38744.0,37671.46,38415.79,9491.10461,-5.648e-05
2022-02-01 08:00:00,38440.76,39100.0,38000.0,38425.06,8201.00865,6.113e-05
2022-02-02 08:00:00,38282.14,38597.95,38225.0,38490.0,3440.8378,0.0001
2022-02-03 08:00:00,37024.16,37106.91,36250.73,36785.0,6375.43998,1.168e-05
2022-02-03 16:00:00,36910.06,37104.6,36449.43,36551.7,4410.35527,-1.533e-05
2022-02-05 08:00:00,41379.99,41669.0,41099.92,41430.0,5220.42031,0.0001
2022-02-05 16:00:00,41761.87,41854.81,40843.01,41544.9,5915.46066,0.0001
2022-02-06 00:00:00,41382.6,41640.0,41340.35,41444.04,2064.25705,0.0001
2022-02-06 08:00:00,41612.32,41700.01,41444.0,41522.0,2030.31116,0.0001
2022-02-06 16:00:00,41519.48,41747.4,41417.23,41717.94,2735.98951,0.0001
2022-02-09 00:00:00,44043.0,44341.88,43117.92,43343.28,6322.35073,8.216e-05
2022-02-10 08:00:00,44092.43,45177.96,44055.86,44834.09,7254.84317,-1.799e-05
2022-02-11 00:00:00,43495.44,43749.86,42600.0,43343.71,10110.9273,3.895e-05
2022-02-17 08:00:00,43919.46,44022.36,42900.0,43164.05,7089.09929,0.0001
2022-02-18 00:00:00,40515.71,40950.0,40300.0,40691.98,5300.41799,-4.38e-06
2022-02-18 16:00:00,39832.02,40438.27,39450.0,40216.8,9738.09073,-9.36e-06
2022-02-19 08:00:00,40263.7,40301.11,39648.6,39842.54,4264.32645,9.61e-06
2022-02-21 00:00:00,38386.89,39388.0,38182.98,38919.25,6481.37951,6.5e-05
2022-02-22 08:00:00,36771.65,37865.0,36756.53,37519.48,8567.41295,2.477e-05
2022-02-22 16:00:00,37759.9,38169.08,37380.0,38065.32,9337.43038,-3.085e-05
2022-02-25 00:00:00,38328.68,39030.01,38138.54,38923.36,8429.24948,0.0001
2022-02-27 08:00:00,38790.92,39548.17,38621.57,39479.8,5715.77884,1.803e-05
2022-02-27 16:00:00,39357.03,39450.94,37500.0,37606.49,7929.41099,-6.28e-06
2022-02-28 00:00:00,37699.08,38483.53,37450.17,37793.8,6810.98035,-0.00021167
2022-03-01 16:00:00,43643.69,44078.65,43111.46,43719.49,8785.545,4.369e-05
2022-03-02 00:00:00,44421.2,44750.0,43819.97,44324.65,9115.71853,-5.07e-06
2022-03-02 08:00:00,43973.09,44341.25,43738.27,44103.28,7152.87993,0.0001
2022-03-03 00:00:00,43892.99,44063.15,43193.52,43305.77,7348.58337,0.0001
2022-03-03 08:00:00,43477.04,43621.22,43064.46,43382.23,5817.41058,0.0001
2022-03-04 08:00:00,41436.98,41904.88,40863.01,41662.07,9526.57356,0.0001
2022-03-04 16:00:00,40694.32,40958.66,39665.72,39782.13,10513.61893,0.0001
2022-03-05 16:00:00,39160.0,39613.24,39122.33,39433.71,5368.18462,1.656e-05
2022-03-06 08:00:00,39387.56,39387.57,38088.57,38352.48,9928.79688,-9.6e-06
2022-03-07 16:00:00,39071.49,39547.57,37192.78,37308.94,16135.35156,-3.177e-05
2022-03-08 16:00:00,38658.34,39362.08,38139.84,38764.88,13936.82276,0.0001
2022-03-09 08:00:00,41791.1,42438.81,41626.28,42151.66,12223.35193,0.0001
2022-03-10 00:00:00,41941.7,42039.63,40545.08,40768.51,13241.63659,0.0001
2022-03-10 16:00:00,39179.55,39567.05,38904.63,39430.56,7255.40933,-8.919e-05
2022-03-11 08:00:00,39132.1,40219.34,38806.86,39893.68,11697.23979,-7.765e-05
2022-03-13 08:00:00,39089.76,39129.22,38601.81,38741.12,5962.88967,6.13e-06
2022-03-15 08:00:00,38439.5,38786.74,38254.35,38645.01,5916.53334,4.476e-05
2022-03-16 08:00:00,39581.01,40731.3,39563.63,40521.6,12080.41639,5.871e-05
2022-03-17 08:00:00,40726.06,40899.92,40500.0,40748.51,5658.62207,0.0001
2022-03-18 00:00:00,40917.89,40933.11,40215.59,40522.19,5738.83291,0.0001
2022-03-18 08:00:00,40570.67,40750.0,40135.04,40390.41,6651.79284,1.662e-05
2022-03-19 16:00:00,41937.68,42163.5,41802.02,42034.88,5383.35958,0.0001
2022-03-20 00:00:00,42201.13,42296.26,41770.38,41942.34,5015.94482,0.0001
2022-03-23 08:00:00,42107.73,42345.32,41878.82,42039.78,5650.57243,0.0001
2022-03-26 16:00:00,44205.3,44464.92,44140.76,44367.49,3615.69321,0.0001
2022-03-28 16:00:00,47422.51,48189.84,47300.65,47956.28,9757.82491,0.0001
2022-03-29 00:00:00,47122.21,47606.01,47050.0,47335.06,5242.31903,0.0001
2022-03-29 16:00:00,47440.0,47871.02,47105.5,47701.49,7773.60832,9.594e-05
2022-03-30 00:00:00,47434.79,47457.16,46445.42,47435.46,8942.75297,0.0001
2022-03-31 08:00:00,47160.75,47386.7,47000.0,47152.01,5507.35999,0.0001
2022-04-01 00:00:00,45510.35,45644.86,44200.0,44599.98,14410.94822,0.0001
2022-04-01 08:00:00,45015.68,45323.91,44990.48,45064.26,7590.61016,7.626e-05
2022-04-02 00:00:00,46283.49,47213.0,46081.93,46599.93,9564.4453,0.0001
2022-04-04 08:00:00,46174.0,46287.97,45787.0,46160.09,5813.68717,0.0001
2022-04-05 00:00:00,46580.5,46777.77,46412.62,46645.82,4322.48655,0.0001
2022-04-06 16:00:00,44168.36,44298.61,43177.11,43754.57,16441.42217,0.0001
2022-04-07 08:00:00,43445.34,43834.52,43269.5,43766.74,5920.47052,0.0001
2022-04-07 16:00:00,43331.82,43819.99,43266.68,43388.92,6100.29038,2.421e-05
2022-04-08 00:00:00,43444.2,43694.15,43305.57,43605.96,3345.33727,4.306e-05
2022-04-09 08:00:00,42481.08,42540.0,42322.72,42445.1,2234.73344,9.279e-05
2022-04-11 00:00:00,42158.85,42414.71,41755.0,42111.22,8832.70042,2.43e-06
2022-04-11 08:00:00,42305.74,42350.0,40968.11,41067.63,13854.6847,0.0001
2022-04-12 00:00:00,39530.45,39852.95,39290.0,39747.13,8594.24884,-6.795e-05
2022-04-14 08:00:00,41271.66,41324.93,40851.5,40919.99,5505.86335,3.533e-05
2022-04-15 16:00:00,40412.21,40650.01,40203.68,40313.35,3710.21959,7.697e-05
2022-04-17 00:00:00,40378.7,40423.0,40122.05,40230.86,1874.24876,7.2e-06
2022-04-17 16:00:00,40445.3,40476.07,39833.31,40370.46,4612.88726,0.0001
2022-04-18 16:00:00,39254.5,41116.73,39000.0,40680.68,17442.75352,-5.436e-05
2022-04-19 16:00:00,41445.88,41547.65,41167.92,41417.24,5996.32668,-5.028e-05
2022-04-20 16:00:00,41261.72,41452.46,40820.0,41193.89,7135.0335,3.714e-05
2022-04-21 00:00:00,41358.19,41785.48,41320.47,41693.58,4229.07933,1.77e-06
2022-04-21 08:00:00,41855.69,42690.0,41741.1,42440.0,12460.78719,-5.245e-05
2022-04-23 00:00:00,39709.19,39872.64,39406.25,39463.02,3424.42174,-9.023e-05
2022-04-23 08:00:00,39600.98,39686.64,39501.41,39602.93,3146.8226,-7.562e-05
2022-04-24 16:00:00,39656.49,39807.94,38929.62,39703.74,9005.87557,-3.654e-05
2022-04-25 16:00:00,38976.76,40384.61,38911.57,40225.97,15129.76861,7.223e-05
2022-04-26 08:00:00,40584.5,40797.31,40229.41,40467.03,6014.80782,0.0001
2022-04-27 08:00:00,39113.06,39221.65,38645.42,39017.19,10348.77109,-0.00011034
2022-04-28 00:00:00,39235.72,39689.49,39152.96,39342.07,6496.2659,-5.716e-05
2022-04-29 00:00:00,39742.06,39925.25,39286.01,39533.01,5774.9573,0.0001
2022-04-30 00:00:00,38596.11,38795.38,38551.12,38656.37,3285.16232,-9.371e-05
2022-05-01 00:00:00,37630.8,38077.1,37386.38,38041.44,6984.2714,2.403e-05
2022-05-01 08:00:00,37970.27,38094.16,37866.62,37942.78,3237.20228,9.5e-07
2022-05-02 16:00:00,38696.05,38868.88,38052.0,38563.38,11174.75641,0.0001
2022-05-03 08:00:00,38559.99,38651.51,38261.16,38570.01,5286.30706,0.0001
2022-05-04 16:00:00,38973.2,40023.77,38590.97,39859.22,23795.82319,0.0001
2022-05-08 00:00:00,35472.4,35514.22,34210.0,34480.24,21158.18057,-2.659e-05
2022-05-09 00:00:00,34038.39,34243.15,33267.26,33563.15,22777.9039,0.0001
2022-05-09 16:00:00,32341.53,32588.2,30334.07,30944.82,65857.017215,0.0001
2022-05-10 00:00:00,30074.23,31463.42,29730.4,30642.55,43184.30366,0.0001
2022-05-12 08:00:00,28193.4,29294.0,27477.7,28472.98,32019.77444,-0.00041995
2022-05-13 16:00:00,30340.0,30537.78,29382.66,30084.11,19172.22802,6.045e-05
2022-05-14 00:00:00,29287.05,29824.69,29219.37,29569.89,7434.38559,0.0001
2022-05-14 08:00:00,29431.58,29599.51,28830.0,29074.24,10335.95009,0.0001
2022-05-15 00:00:00,30086.74,30273.21,29553.47,29721.65,5969.18229,8.29e-05
2022-05-15 08:00:00,29826.0,30327.68,29547.48,30241.46,6947.0254,0.0001
2022-05-15 16:00:00,30013.46,30500.0,29936.49,30457.88,6526.86779,9.053e-05
2022-05-17 00:00:00,29874.01,30508.0,29780.97,30363.59,7228.39782,0.0001
2022-05-19 00:00:00,28715.33,29337.52,28691.38,29196.78,8850.96512,-3.41e-06
2022-05-22 16:00:00,29844.01,30177.93,29738.57,29936.01,5103.79741,0.0001
2022-05-23 08:00:00,30457.01,30616.18,30281.89,30397.11,7605.66272,0.0001
2022-05-24 08:00:00,29404.54,29430.83,29123.89,29295.74,6631.70627,-6.76e-06
2022-05-25 08:00:00,29701.47,29941.41,29294.21,29409.01,10798.23324,0.0001
2022-05-26 16:00:00,29393.1,29787.69,29370.0,29379.76,11893.16434,7.21e-06
2022-05-27 16:00:00,28850.46,29056.0,28282.9,28880.0,19660.36734,0.0001
2022-05-29 00:00:00,29031.33,29045.34,28839.21,28984.32,3673.31893,0.0001
2022-05-30 00:00:00,29468.1,30400.0,29299.62,30353.07,14864.36484,0.0001
2022-05-31 08:00:00,31573.76,31842.69,31496.09,31767.0,7210.98946,0.0001
2022-05-31 16:00:00,32058.52,32399.0,31570.53,31625.71,15969.57927,0.0001
2022-06-01 00:00:00,31801.05,31982.97,31614.01,31627.3,7102.39992,0.0001
2022-06-01 16:00:00,30742.59,30744.19,29901.29,30126.72,37935.29665,0.0001
2022-06-02 00:00:00,29805.84,29903.74,29594.55,29730.12,7552.00044,-1.452e-05
2022-06-04 08:00:00,29700.96,29800.0,29594.91,29681.69,3438.0592,4.795e-05
2022-06-05 16:00:00,29972.23,30189.0,29761.0,30049.86,6667.26436,4.753e-05
2022-06-06 00:00:00,29919.2,31276.87,29890.23,31251.0,18199.91513,6.036e-05
2022-06-06 16:00:00,31541.41,31555.75,31000.01,31470.72,10469.56476,0.0001
2022-06-07 00:00:00,31373.1,31381.03,29218.96,29563.62,34125.65523,0.0001
2022-06-07 16:00:00,29891.17,31429.85,29747.62,31059.71,14712.7556,-3.705e-05
2022-06-09 00:00:00,30204.77,30323.51,30070.24,30293.49,4608.91792,0.0001
2022-06-09 08:00:00,30487.53,30700.0,30251.89,30299.47,7928.2471,9.106e-05
2022-06-09 16:00:00,30302.23,30450.0,29976.0,30017.12,7988.5499,0.0001
2022-06-10 08:00:00,30052.44,30114.25,29868.0,30020.56,9266.04408,9.289e-05
2022-06-11 16:00:00,28405.55,28794.46,28099.99,28595.28,12871.63441,6.606e-05
2022-06-13 08:00:00,24811.59,24941.17,23500.0,23729.43,54841.110157,-3.182e-05
2022-06-15 00:00:00,22136.42,22297.37,21406.68,21455.8,15540.4174,-2.077e-05
2022-06-16 16:00:00,21074.77,21500.0,20818.0,20875.48,14792.65041,-5.277e-05
2022-06-17 16:00:00,20661.95,20791.96,20440.92,20515.59,11352.50026,5.092e-05
2022-06-20 08:00:00,20086.62,21022.0,20023.14,20801.79,26862.62188,-5.4e-06
2022-06-22 00:00:00,20723.51,20736.68,20253.96,20317.88,13979.31912,1.78e-06
2022-06-23 00:00:00,19988.0,20612.22,19890.07,20213.79,14363.65967,-8.72e-06
2022-06-23 08:00:00,20461.83,20812.12,20454.32,20638.79,14202.04066,-1.577e-05
2022-06-25 16:00:00,20961.89,21271.62,20915.0,21206.2,6430.18304,0.0001
2022-06-27 08:00:00,21363.23,21539.85,21285.48,21304.55,9031.44056,3.533e-05
2022-06-29 00:00:00,20281.28,20398.0,20152.0,20282.96,9403.50591,4.188e-05
2022-06-29 16:00:00,20084.48,20268.0,19921.85,20223.63,9428.79866,5.319e-05
2022-06-30 00:00:00,20123.0,20179.08,19951.08,20077.01,7486.04781,3.24e-06
2022-06-30 08:00:00,19435.89,19440.73,18921.59,19101.36,19458.59354,-5.159e-05
2022-06-30 16:00:00,19143.97,19295.89,18850.21,18927.34,11722.71426,-0.00015879
2022-07-02 00:00:00,19279.8,19387.44,19063.52,19130.9,11055.38947,-2.913e-05
2022-07-02 08:00:00,19126.81,19285.01,18977.01,19195.21,8754.55003,5.218e-05
2022-07-04 16:00:00,19801.48,20050.0,19676.9,19829.99,12091.86186,2.248e-05
2022-07-05 00:00:00,20236.71,20478.4,20159.59,20312.98,10723.86043,5.291e-05
2022-07-05 08:00:00,20215.68,20215.69,19478.0,19520.39,16101.90897,0.0001
2022-07-06 08:00:00,20162.21,20303.65,20033.37,20103.43,10987.55751,0.0001
2022-07-06 16:00:00,20148.85,20478.08,20133.55,20328.55,13872.42224,8.373e-05
2022-07-08 16:00:00,21964.3,21979.51,21550.0,21811.9,118059.32596,0.0001
2022-07-09 00:00:00,21594.75,21696.39,21403.24,21612.62,37760.75629,0.0001
2022-07-09 08:00:00,21654.72,21778.73,21322.12,21447.29,27589.95645,0.0001
2022-07-11 00:00:00,20861.11,20868.48,20453.36,20540.69,23077.88556,4.543e-05
2022-07-12 00:00:00,19963.61,20006.54,19786.46,19942.33,19173.11575,8.003e-05
2022-07-12 16:00:00,19886.33,20007.23,19278.0,19398.74,24209.03639,2.667e-05
2022-07-14 16:00:00,20390.0,20900.0,20143.96,20605.75,38641.83273,3.451e-05
2022-07-17 00:00:00,21195.6,21460.85,21082.8,21324.18,18547.58908,8.038e-05
2022-07-19 00:00:00,22432.58,22961.72,21807.46,21903.55,55617.52641,0.0001
2022-07-19 08:00:00,21764.88,22230.0,21696.6,21974.49,28896.23227,0.0001
2022-07-20 08:00:00,23381.18,23888.04,23313.9,23728.55,37527.86088,0.0001
2022-07-21 00:00:00,23223.3,23442.77,22666.0,22777.2,31345.35804,0.0001
2022-07-22 08:00:00,23121.63,23634.4,23068.0,23610.58,34290.2736,0.0001
2022-07-22 16:00:00,23290.71,23344.62,22543.64,22586.26,36877.18728,5.172e-05
2022-07-24 00:00:00,22448.58,22677.37,22288.0,22331.86,14961.07067,3.77e-05
2022-07-24 16:00:00,22847.08,22880.87,22630.0,22700.4,15935.18301,8.293e-05
2022-07-25 00:00:00,22577.13,22666.0,21753.57,21867.75,33119.0354,0.0001
2022-07-26 08:00:00,21066.86,21161.37,20932.7,21090.22,20342.85229,3.654e-05
2022-07-26 16:00:00,20746.81,21083.49,20734.79,20915.57,27918.74151,8.659e-05
2022-07-27 08:00:00,21346.11,21439.29,21129.65,21200.23,21108.09122,5.085e-05
2022-07-29 00:00:00,23845.25,23947.73,23701.0,23912.85,25679.75202,0.0001
2022-07-29 08:00:00,23941.63,24131.54,23530.96,23720.56,33097.55799,0.0001
2022-07-29 16:00:00,24012.76,24051.22,23606.18,23895.13,34146.24673,0.0001
2022-07-30 16:00:00,24526.57,24593.02,23862.0,23920.65,24101.00978,0.0001
2022-08-02 00:00:00,23266.9,23447.62,22780.0,22853.11,23861.8006,0.0001
2022-08-05 08:00:00,23185.08,23441.1,23095.17,23405.13,25397.19562,6.774e-05
2022-08-05 16:00:00,22988.26,23104.0,22754.13,22932.83,27002.4136,2.115e-05
2022-08-06 08:00:00,23204.77,23258.61,23100.0,23157.42,12641.35947,8.589e-05
2022-08-07 08:00:00,23014.6,23055.0,22890.52,23038.48,13104.13907,-7.37e-06
2022-08-08 16:00:00,23991.38,24011.93,23793.33,23926.83,24331.51732,0.0001
2022-08-09 08:00:00,23878.12,23890.47,23182.55,23263.92,36406.15298,7.92e-05
2022-08-09 16:00:00,23075.0,23132.11,22970.0,23053.82,22428.47764,0.0001
2022-08-10 00:00:00,23151.32,23151.32,22664.69,22863.75,27322.38638,-1.314e-05
2022-08-11 08:00:00,24431.88,24685.2,24345.08,24559.37,31586.25817,0.0001
2022-08-11 16:00:00,24343.68,24418.5,24081.22,24221.81,39040.82428,4.911e-05
2022-08-12 08:00:00,23960.99,24143.0,23583.0,23672.99,33894.47421,1.412e-05
2022-08-14 00:00:00,24443.06,24640.0,24343.3,24570.02,21999.26985,2.396e-05
2022-08-14 08:00:00,24873.32,24883.24,24524.32,24564.49,28622.92667,-3.33e-06
2022-08-14 16:00:00,24525.51,24568.74,24144.0,24284.07,29371.84503,1.239e-05
2022-08-16 16:00:00,23901.0,24058.0,23691.06,23930.24,36967.30007,2.87e-05
2022-08-19 00:00:00,23191.45,23208.67,22711.11,22769.05,41226.7643,0.0001
2022-08-19 08:00:00,21907.37,21915.88,21261.96,21467.91,55689.19945,2.108e-05
2022-08-20 00:00:00,20834.39,21212.67,20792.92,21140.34,33280.56478,1.07e-05
2022-08-20 16:00:00,21300.5,21360.0,20941.63,20988.36,35287.95553,-4.567e-05
2022-08-21 16:00:00,21419.0,21557.26,21330.75,21512.01,21034.03801,-3.234e-05
2022-08-23 00:00:00,21400.75,21468.51,21218.28,21239.18,25560.09622,-3.345e-05
2022-08-24 16:00:00,21618.46,21900.0,21605.0,21707.58,32108.0372,-3.538e-05
2022-08-25 08:00:00,21744.22,21819.88,21611.22,21720.31,31114.16042,1.547e-05
2022-08-26 16:00:00,20780.86,20832.23,20529.74,20644.47,44696.99841,2.599e-05
2022-08-28 08:00:00,20055.85,20107.52,19943.0,20034.97,18745.8172,-8.758e-05
2022-08-28 16:00:00,20022.03,20155.62,19955.1,19973.76,23600.20388,-2.443e-05
2022-08-29 00:00:00,19555.61,19966.56,19550.79,19868.14,35747.04123,-0.00013623
2022-08-29 08:00:00,19897.01,19923.63,19762.3,19825.09,25639.12076,-0.00010056
2022-08-31 00:00:00,19813.03,20459.32,19797.94,20402.87,43434.99397,-2.089e-05
2022-09-01 08:00:00,19894.97,20126.23,19820.6,20074.01,40982.81672,2.266e-05
2022-09-02 16:00:00,20355.85,20387.3,19755.29,19910.43,64356.56312,4.443e-05
2022-09-03 00:00:00,19950.98,20055.93,19866.77,19899.69,25987.89995,-1.99e-06
2022-09-04 16:00:00,19790.84,19956.54,19722.0,19882.69,25831.56173,2.119e-05
2022-09-08 08:00:00,19171.6,19397.71,19142.29,19311.15,38445.38899,3.327e-05
2022-09-09 08:00:00,20631.76,21200.0,20625.26,20937.72,77966.44551,0.0001
2022-09-09 16:00:00,21266.76,21437.9,21129.0,21291.62,79607.75533,0.0001
2022-09-10 08:00:00,21283.89,21393.99,21253.5,21285.11,42611.26446,9.764e-05
2022-09-12 16:00:00,22112.59,22454.0,22010.96,22426.08,57352.90302,0.0001
2022-09-13 08:00:00,22271.59,22713.92,22182.09,22522.74,65382.90597,0.0001
2022-09-13 16:00:00,20829.77,20927.73,20030.0,20283.58,76799.9066,0.0001
2022-09-14 00:00:00,20173.62,20541.48,20042.15,20323.04,52365.02585,-3.953e-05
2022-09-14 08:00:00,20243.22,20419.83,20091.19,20225.35,51545.65753,7.27e-06
2022-09-14 16:00:00,20178.16,20238.71,19617.62,19952.11,71429.90144,1.004e-05
2022-09-16 00:00:00,19701.88,19814.99,19582.05,19744.77,39694.45813,8.055e-05
2022-09-16 08:00:00,19739.1,19890.0,19610.13,19867.82,42860.06736,4.349e-05
2022-09-16 16:00:00,19661.24,19661.89,19320.01,19618.91,69991.76218,2.919e-05
2022-09-17 00:00:00,19803.3,20071.09,19770.0,19884.93,34184.08705,3.024e-05
2022-09-18 00:00:00,20112.61,20117.26,19949.95,20000.33,28644.14045,6.428e-05
2022-09-18 16:00:00,19814.63,19879.44,19562.45,19725.87,58816.15437,3.564e-05
2022-09-20 16:00:00,19238.09,19319.28,18711.87,18993.33,75149.48271,1.721e-05
2022-09-21 16:00:00,19191.81,19956.0,18666.0,19001.03,129660.78978,2.732e-05
2022-09-22 00:00:00,18461.36,18789.04,18356.39,18690.39,59304.30733,-0.00011779
2022-09-22 08:00:00,18934.29,19285.12,18906.1,19229.81,65982.97543,-6.911e-05
2022-09-24 00:00:00,19288.57,19316.14,19029.8,19121.92,47764.24279,2.947e-05
2022-09-24 16:00:00,19124.14,19195.0,19050.03,19103.3,33486.61434,5.345e-05
2022-09-25 08:00:00,19098.09,19180.21,18982.0,19117.94,26380.66333,3.653e-05
2022-09-26 16:00:00,19113.48,19269.69,18967.59,19202.77,74843.64765,4.497e-05
2022-09-28 08:00:00,18782.49,19155.08,18565.0,18955.43,101051.98922,-1.071e-05
2022-09-28 16:00:00,19487.79,19666.66,19256.07,19546.72,100562.72795,5.332e-05
2022-09-29 08:00:00,19360.4,19550.0,19301.27,19463.04,51468.77584,7.641e-05
2022-09-29 16:00:00,19288.78,19645.52,19117.5,19405.37,80158.72186,6.685e-05
2022-10-01 16:00:00,19332.42,19353.81,19206.63,19266.15,28936.5307,7.005e-05
2022-10-02 00:00:00,19312.24,19345.88,19236.0,19310.83,23507.0187,4.262e-05
2022-10-02 08:00:00,19284.93,19300.55,19036.0,19192.43,39205.18396,5.816e-05
2022-10-03 00:00:00,19057.74,19258.96,18959.68,19168.29,51382.5756,3.996e-05
2022-10-05 00:00:00,20337.82,20365.6,20142.95,20189.83,36048.69819,0.0001
2022-10-05 08:00:00,20227.2,20245.58,19952.12,20027.43,49833.12646,0.0001
2022-10-07 00:00:00,19960.67,20054.41,19940.9,19981.88,22330.80432,0.0001
2022-10-07 08:00:00,19928.0,20024.7,19913.63,19998.9,24295.73874,0.0001
2022-10-09 00:00:00,19416.52,19455.0,19327.77,19366.58,15622.05078,3.246e-05
2022-10-10 08:00:00,19412.25,19419.78,19107.0,19331.62,42539.31282,6.069e-05
2022-10-11 16:00:00,19147.6,19185.52,18918.01,18999.25,62863.50025,0.0001
2022-10-12 08:00:00,19111.5,19201.82,19089.51,19114.62,29801.48633,0.0001
2022-10-12 16:00:00,19137.36,19179.26,19041.74,19137.18,43061.46223,0.0001
2022-10-14 08:00:00,19642.2,19748.54,19530.0,19596.25,52283.78825,0.0001
2022-10-16 08:00:00,19134.31,19195.0,19087.37,19144.69,19470.20494,4.61e-06
2022-10-18 16:00:00,19375.71,19442.0,19091.0,19216.21,52650.55356,0.0001
2022-10-20 00:00:00,19123.35,19165.34,18900.0,19042.09,29823.96779,0.0001
2022-10-20 16:00:00,19253.88,19256.55,18964.02,19063.82,53032.20372,2.095e-05
2022-10-21 16:00:00,19168.44,19250.0,19089.0,19189.22,55099.94775,-8.9e-06
2022-10-22 00:00:00,19164.37,19183.39,19112.72,19151.22,17604.99004,3.721e-05
2022-10-22 16:00:00,19234.8,19248.85,19134.0,19183.83,21607.12362,-3.19e-06
2022-10-23 08:00:00,19162.16,19188.7,19125.63,19151.78,15471.09367,1.171e-05
2022-10-25 16:00:00,19748.48,20415.87,19718.0,20273.14,119097.10993,-1.66e-06
2022-10-26 16:00:00,20846.66,20997.13,20639.98,20763.54,64776.09859,6.122e-05
2022-10-28 00:00:00,20295.11,20337.8,20160.0,20292.81,41598.64181,-1.228e-05
2022-10-28 08:00:00,20080.01,20248.64,20026.0,20173.74,44669.4375,3.541e-05
2022-10-29 00:00:00,20591.84,20823.81,20554.01,20754.27,31867.55531,2.484e-05
2022-10-30 00:00:00,20809.68,20841.11,20701.15,20775.5,24897.3423,-2.515e-05
2022-10-31 08:00:00,20547.08,20845.92,20449.86,20730.54,56721.14914,3.842e-05
2022-11-01 00:00:00,20490.74,20589.67,20440.64,20482.57,42530.18742,7.22e-06
2022-11-01 08:00:00,20598.74,20700.0,20489.92,20522.79,53368.52562,-1.088e-05
2022-11-01 16:00:00,20444.0,20517.77,20372.85,20451.45,45119.33416,1.302e-05
2022-11-02 00:00:00,20482.81,20558.35,20407.66,20520.34,35736.13079,4.787e-05
2022-11-02 08:00:00,20421.64,20539.9,20339.99,20431.33,43427.03759,1.203e-05
2022-11-04 00:00:00,20207.12,20330.87,20180.96,20321.79,43072.76992,4.429e-05
2022-11-06 08:00:00,21193.88,21310.0,21173.03,21255.08,38346.71333,9.732e-05
2022-11-08 00:00:00,20590.67,20673.38,20116.13,20148.66,81205.83173,6.515e-05
2022-11-09 00:00:00,18545.38,18587.76,18000.0,18313.68,91433.92399,-0.00013884
2022-11-10 08:00:00,16752.36,16959.99,16258.74,16397.57,93401.92308,-0.00111953
2022-11-11 00:00:00,17602.45,17695.0,16888.76,17064.12,74718.85795,-0.00019452
2022-11-12 16:00:00,16935.74,16964.37,16830.0,16891.32,18213.15975,6.521e-05
2022-11-13 08:00:00,16774.99,16795.92,16435.23,16659.23,39883.47029,-7.357e-05
2022-11-14 00:00:00,16331.78,16411.99,15911.61,16139.79,53021.52334,-3.809e-05
2022-11-14 08:00:00,16822.96,16935.59,16640.01,16749.8,54555.43829,-7.645e-05
2022-11-14 16:00:00,16593.77,16674.97,16181.0,16258.21,51176.10236,-1.132e-05
2022-11-17 00:00:00,16661.61,16751.0,16505.0,16526.18,32466.67392,-4.542e-05
2022-11-17 08:00:00,16611.9,16635.82,16471.36,16595.08,36987.28275,-5.138e-05
2022-11-18 16:00:00,16695.06,16732.85,16546.04,16656.37,35507.74399,9.55e-06
2022-11-19 00:00:00,16699.43,16708.77,16573.94,16628.7,17108.8338,5.556e-05
2022-11-20 16:00:00,16580.53,16613.35,16530.22,16587.8,16743.05612,-9.79e-06
2022-11-21 16:00:00,16130.45,16139.19,15589.68,15722.98,66317.78175,2.302e-05
2022-11-22 00:00:00,15781.29,15967.76,15746.16,15847.82,37286.75927,-7.485e-05
2022-11-22 08:00:00,15760.42,15824.16,15660.0,15747.88,34287.55487,2.033e-05
2022-11-22 16:00:00,16241.3,16290.27,16049.87,16168.38,38015.74078,7.881e-05
2022-11-23 00:00:00,16227.96,16593.8,16160.2,16586.55,50293.37765,9.406e-05
2022-11-25 16:00:00,16513.0,16553.88,16458.46,16523.21,24601.27357,1.329e-05
2022-11-26 08:00:00,16584.13,16638.23,16556.66,16580.31,26143.57104,-2.455e-05
2022-11-26 16:00:00,16512.35,16532.91,16420.45,16488.43,22355.97481,3.523e-05
2022-11-27 08:00:00,16562.98,16593.91,16513.0,16550.91,26995.40669,-3.066e-05
2022-11-29 00:00:00,16212.18,16309.03,16100.0,16287.66,37524.80992,4.76e-05
2022-11-29 16:00:00,16394.34,16479.84,16342.59,16426.56,32741.57854,4.171e-05
2022-11-30 08:00:00,16883.87,16930.66,16835.75,16879.32,31050.82315,4.038e-05
2022-12-01 16:00:00,16977.6,17000.0,16897.15,16951.8,33234.91929,0.0001
2022-12-03 08:00:00,16964.51,16987.0,16880.88,16943.43,29069.57376,5.123e-05
2022-12-04 08:00:00,16996.39,17050.0,16905.01,16948.64,26725.06059,6.437e-05
2022-12-07 00:00:00,17088.96,17142.21,17018.94,17025.03,32672.43476,7.887e-05
2022-12-07 08:00:00,16763.03,16836.69,16678.83,16793.29,40654.46263,6.58e-06
2022-12-07 16:00:00,16837.48,16850.24,16778.21,16815.73,31381.52031,-1.492e-05
2022-12-08 08:00:00,16825.55,16863.01,16733.49,16851.02,31992.18247,2.152e-05
2022-12-09 16:00:00,17181.5,17187.51,17119.03,17142.67,33791.84635,3.198e-05
2022-12-12 00:00:00,17085.05,17087.67,16871.85,16918.97,59583.90532,2.406e-05
2022-12-12 16:00:00,17010.19,17046.43,16981.03,17043.22,22763.79302,-1.67e-05
2022-12-13 00:00:00,17208.93,17238.7,17119.02,17152.37,28009.77348,3.003e-05
2022-12-15 00:00:00,17804.01,17854.82,17561.0,17729.56,34212.62671,0.0001
2022-12-19 00:00:00,16739.0,16815.99,16627.35,16681.47,25799.30572,6.468e-05
2022-12-19 08:00:00,16722.23,16784.0,16707.1,16734.46,21364.79632,3.493e-05
2022-12-19 16:00:00,16668.23,16702.83,16505.0,16555.74,40426.17758,4.496e-05
2022-12-20 16:00:00,16918.15,16936.32,16767.0,16900.3,37387.83316,3.401e-05
2022-12-22 08:00:00,16826.23,16868.52,16801.3,16834.8,24143.10225,8.167e-05
2022-12-23 08:00:00,16848.45,16890.89,16810.23,16844.02,22397.94279,0.0001
2022-12-23 16:00:00,16832.15,16860.07,16816.0,16844.79,22060.25162,8.903e-05
2022-12-25 00:00:00,16835.73,16852.95,16823.02,16832.14,13169.46243,5.21e-06
2022-12-25 16:00:00,16793.49,16822.27,16727.0,16794.07,23046.51009,3.06e-05
2022-12-26 08:00:00,16843.76,16873.15,16818.0,16864.04,19606.41357,-5.064e-05
2022-12-29 08:00:00,16556.37,16630.0,16517.54,16598.7,28212.71787,8.532e-05
2022-12-30 00:00:00,16633.47,16648.77,16579.75,16599.08,20857.62793,0.0001
2022-12-30 08:00:00,16475.1,16531.1,16458.25,16496.27,20505.90685,7.132e-05
2022-12-30 16:00:00,16555.26,16577.0,16515.45,16525.37,25853.48693,0.0001
2022-12-31 08:00:00,16564.81,16583.9,16540.01,16567.15,20777.75988,0.0001
2022-12-31 16:00:00,16590.1,16613.3,16565.1,16570.14,16498.8751,0.0001
2023-01-01 00:00:00,16541.77,16559.77,16508.39,16533.04,15515.82327,0.0001
2023-01-01 16:00:00,16558.73,16623.65,16558.0,16603.08,18532.64857,6.91e-06
2023-01-02 00:00:00,16617.17,16707.25,16548.7,16661.94,19463.4751,-1.488e-05
2023-01-03 16:00:00,16677.54,16688.2,16605.28,16643.37,29519.13275,3.322e-05
2023-01-04 00:00:00,16675.65,16877.65,16652.66,16862.02,41904.57254,6.489e-05
2023-01-05 16:00:00,16842.94,16875.5,16800.5,16863.85,30157.4645,7.264e-05
2023-01-06 16:00:00,16840.1,16965.41,16805.04,16939.91,42771.69765,8.658e-05
2023-01-07 16:00:00,16940.6,16946.13,16916.0,16944.05,16073.99982,0.0001
2023-01-08 08:00:00,16953.77,16967.67,16925.05,16927.42,20434.41029,0.0001
2023-01-09 08:00:00,17198.01,17285.48,17186.95,17238.93,38468.19722,-6.66e-06
2023-01-10 16:00:00,17327.7,17456.07,17282.0,17432.85,43079.81645,3.129e-05
2023-01-12 00:00:00,17943.26,18385.71,17907.25,18224.68,82494.53271,7.549e-05
2023-01-12 08:00:00,18138.21,18222.59,18071.06,18200.8,34254.13454,0.0001
2023-01-12 16:00:00,18087.28,19060.0,18054.61,18885.35,110884.4527,0.0001
2023-01-13 08:00:00,18825.0,19057.7,18810.01,18920.95,53635.34061,0.0001
2023-01-14 00:00:00,19930.01,21258.0,19888.05,20967.23,132906.52741,8.746e-05
2023-01-14 16:00:00,20785.85,20911.23,20660.0,20783.68,40261.90826,0.0001
2023-01-15 16:00:00,20906.97,21050.74,20665.0,20870.15,37663.66746,0.00019892
2023-01-16 16:00:00,20995.37,21414.42,20916.43,21308.57,57585.03731,0.0001
2023-01-19 00:00:00,20677.47,20817.85,20659.19,20748.04,37267.51378,0.0001
2023-01-20 00:00:00,21071.59,21219.6,21013.96,21087.74,37141.33047,0.0001
2023-01-20 08:00:00,20958.43,20993.99,20898.79,20963.51,33292.86295,0.0001
2023-01-20 16:00:00,21145.05,21529.0,21140.99,21496.67,68762.00358,0.0001
2023-01-22 00:00:00,22783.35,22979.88,22602.55,22758.3,43093.66569,0.0001
2023-01-22 08:00:00,22895.49,22938.12,22726.02,22783.61,31739.4919,0.0001
2023-01-24 16:00:00,22931.36,23079.0,22785.59,23018.53,44205.31571,0.0001
2023-01-25 08:00:00,22711.85,22739.11,22475.0,22598.47,39000.61252,0.0001
2023-01-27 08:00:00,23072.29,23083.87,22903.03,22967.47,33552.11913,9.541e-05
2023-01-27 16:00:00,22932.2,23284.32,22924.01,23253.06,49014.72696,0.0001
2023-01-29 08:00:00,23203.39,23605.74,23153.64,23432.17,55739.69077,0.0001
2023-01-30 08:00:00,23642.81,23676.98,23017.0,23077.47,72543.62927,0.0001
2023-01-30 16:00:00,23178.51,23248.86,22627.9,22784.86,58798.23417,0.0001
2023-01-31 08:00:00,22978.24,22996.84,22810.03,22865.43,35127.03829,0.0001
2023-02-01 08:00:00,23076.67,23100.0,22919.33,23077.52,37238.66144,0.0001
2023-02-03 08:00:00,23456.22,23541.7,23322.3,23534.13,47896.72547,0.0001
2023-02-03 16:00:00,23604.62,23715.7,23300.76,23307.99,68730.83213,0.0001
2023-02-04 08:00:00,23329.18,23376.27,23292.19,23363.76,23614.83087,0.0001
2023-02-04 16:00:00,23421.45,23472.5,23358.57,23425.89,26883.53409,0.0001
2023-02-06 08:00:00,22880.91,22939.99,22735.46,22878.23,40012.24453,0.0001
2023-02-08 16:00:00,22871.28,23042.95,22665.85,22874.89,73007.67562,0.0001
2023-02-12 08:00:00,21798.42,21960.0,21798.01,21888.31,32585.21424,0.0001
2023-02-15 08:00:00,22109.89,22500.0,22089.11,22445.13,49264.71292,2.63e-05
2023-02-16 08:00:00,24611.51,24664.49,24509.07,24568.55,39484.86925,0.0001
2023-02-17 16:00:00,24130.5,24560.64,23917.65,24524.49,115198.92622,0.0001
2023-02-18 08:00:00,24519.01,24607.82,24436.46,24519.42,33957.71014,0.0001
2023-02-22 16:00:00,23714.94,23972.97,23574.69,23791.67,74769.74135,0.0001
2023-02-26 16:00:00,23247.96,23544.93,23137.0,23499.33,42223.44384,6.581e-05
2023-02-27 16:00:00,23557.66,23618.3,23150.0,23276.35,71456.59915,6.826e-05
2023-03-01 08:00:00,23716.06,24000.0,23673.44,23739.17,45593.75366,0.0001
2023-03-02 16:00:00,23361.1,23507.97,23231.29,23463.99,46562.98279,8.395e-05
2023-03-03 00:00:00,23465.32,23476.95,21971.13,22319.69,105002.30763,0.0001
2023-03-03 16:00:00,22335.84,22448.25,22229.25,22358.48,42253.91274,-2.26e-06
2023-03-05 00:00:00,22346.57,22662.09,22189.22,22387.02,47822.67957,1.874e-05
2023-03-05 08:00:00,22375.7,22448.8,22316.63,22389.77,20090.00817,5.44e-06
2023-03-06 16:00:00,22554.43,22586.98,22358.0,22393.35,45283.05605,5.414e-05
2023-03-08 00:00:00,22198.56,22287.0,22084.3,22152.52,30155.52102,2.917e-05
2023-03-10 00:00:00,20362.21,20367.78,19776.22,20052.07,111144.42259,-8.895e-05
2023-03-10 08:00:00,19953.58,19977.0,19549.09,19760.78,96978.28705,5.26e-06
2023-03-12 08:00:00,20346.71,20497.34,20333.8,20445.43,39710.54197,9.088e-05
2023-03-15 08:00:00,24872.54,24922.22,24255.0,24754.5,92660.51407,0.00024127
2023-03-18 08:00:00,27360.43,27500.0,27055.83,27443.09,48227.50229,0.0001
2023-03-19 16:00:00,27546.62,28376.0,27470.0,28255.87,113916.61398,0.0001
2023-03-22 00:00:00,28107.81,28280.0,27945.44,28154.14,37000.16051,2.68e-06
2023-03-22 16:00:00,28595.06,28868.05,26650.27,26667.33,84244.59506,5.334e-05
2023-03-26 00:00:00,27462.96,27650.0,27417.76,27529.26,5328.00445,6.1e-07
2023-03-26 16:00:00,27803.89,27934.57,27635.18,27827.95,5605.98308,3.634e-05
2023-03-27 16:00:00,26903.63,27313.42,26858.79,26968.94,16613.0284,-3.96e-06
2023-03-28 08:00:00,26962.89,27155.38,26631.78,27057.36,15726.76618,1.123e-05
2023-03-30 00:00:00,28348.6,29184.68,28090.06,28489.18,28533.03962,6.987e-05
2023-03-30 08:00:00,28725.0,28748.76,28500.0,28644.79,10631.82494,5.638e-05
2023-04-01 00:00:00,28465.36,28819.71,28408.57,28541.1,7594.11361,0.0001
2023-04-01 08:00:00,28424.98,28485.11,28360.65,28372.85,4134.1087,0.0001
2023-04-03 00:00:00,28171.87,28182.17,27560.0,27753.85,11150.24369,1.759e-05
2023-04-05 00:00:00,28165.47,28775.0,28099.68,28544.72,14845.01269,2.76e-05
2023-04-06 00:00:00,28170.01,28182.05,27878.6,28128.42,6441.25347,1.442e-05
2023-04-06 16:00:00,28090.39,28165.88,27950.9,28017.77,5293.83638,-2.975e-05
2023-04-07 16:00:00,27944.09,27953.47,27856.0,27897.52,2550.36482,1.055e-05
2023-04-08 00:00:00,27906.34,28059.39,27859.02,28023.39,3614.73585,2.68e-06
2023-04-10 00:00:00,28323.76,28425.43,28244.18,28278.45,5372.26276,0.0001
2023-04-13 16:00:00,30441.43,30535.76,30262.4,30335.13,9458.03277,0.0001
2023-04-17 16:00:00,29358.3,29580.17,29330.85,29467.24,7312.65763,0.0001
2023-04-18 16:00:00,30184.85,30274.21,29945.58,30221.52,9976.92726,6.772e-05
2023-04-19 16:00:00,29260.43,29370.0,29080.0,29227.07,8902.9979,-8.1e-07
2023-04-22 00:00:00,27262.84,27367.77,27140.35,27322.16,5410.17958,0.0001
2023-04-22 08:00:00,27277.75,27324.58,27184.24,27286.65,4851.36968,6.858e-05
2023-04-24 00:00:00,27590.59,28000.0,27427.3,27790.48,8178.33983,4.679e-05
2023-04-30 08:00:00,29266.43,29348.31,29160.53,29197.01,2785.88414,3.501e-05
2023-05-02 16:00:00,28540.69,28879.88,28431.48,28686.14,10323.68451,1.204e-05
2023-05-04 00:00:00,29026.16,29195.94,28950.98,29096.86,6023.39211,0.0001
2023-05-04 08:00:00,29058.2,29379.83,28982.58,29154.66,6802.18312,9.992e-05
2023-05-05 08:00:00,29062.29,29195.97,29022.27,29149.36,5306.30763,9.909e-05
2023-05-05 16:00:00,29356.44,29677.0,29315.78,29561.66,13062.47594,8.548e-05
2023-05-06 08:00:00,29363.34,29367.2,29132.14,29266.15,7223.00274,0.0001
2023-05-06 16:00:00,28576.62,28964.68,28535.26,28842.82,7823.22553,0.0001
2023-05-07 00:00:00,28848.19,29138.29,28744.08,28798.56,6222.87665,4.321e-05
2023-05-07 08:00:00,28910.42,28960.03,28705.12,28840.06,4273.23723,4.047e-05
2023-05-08 00:00:00,28430.09,28631.01,28004.23,28199.71,14859.1196,7.2e-06
2023-05-09 08:00:00,27666.63,27728.99,27517.7,27678.31,6095.98208,6.841e-05
2023-05-09 16:00:00,27400.39,27750.0,27353.0,27716.32,7606.46136,3.78e-06
2023-05-10 16:00:00,28153.21,28299.15,26777.0,27692.26,27681.52219,3.792e-05
2023-05-11 08:00:00,27450.07,27490.29,27257.98,27405.61,5364.94429,6.926e-05
2023-05-13 00:00:00,26795.01,26983.98,26692.03,26808.27,5326.73837,-1e-07
2023-05-13 08:00:00,26771.87,26877.0,26746.53,26823.94,2880.66763,5.385e-05
2023-05-16 08:00:00,27252.58,27286.08,26987.02,27059.03,6519.02741,3.165e-05
2023-05-16 16:00:00,27038.01,27151.51,26880.0,26933.05,5291.70789,5.8e-05
2023-05-17 08:00:00,26845.14,26914.3,26573.62,26637.62,7683.56934,7.029e-05
2023-05-18 00:00:00,27405.62,27485.33,27286.58,27365.69,4794.02065,0.0001
2023-05-19 00:00:00,26821.28,26929.04,26749.33,26834.73,3284.92163,2.716e-05
2023-05-19 16:00:00,26883.65,26973.56,26780.73,26834.46,5009.72566,3.815e-05
2023-05-22 08:00:00,26843.12,26900.0,26767.34,26826.78,2625.2567,2.1e-06
2023-05-24 00:00:00,27219.61,27219.61,26649.88,26786.0,8310.29731,0.0001
2023-05-25 00:00:00,26329.0,26394.37,25871.89,26183.72,8738.553,5.82e-05
2023-05-26 00:00:00,26473.8,26539.34,26350.0,26435.14,4447.14298,0.0001
2023-05-28 16:00:00,27272.17,27746.33,27212.91,27525.99,10140.27075,0.0001
2023-05-29 00:00:00,28065.01,28447.14,27914.28,27954.99,12178.46709,0.0001
2023-05-30 08:00:00,27733.22,28038.59,27712.19,28021.4,6468.5174,9.036e-05
2023-05-31 08:00:00,27167.91,27203.73,26994.33,27097.18,7051.71041,2.864e-05
2023-05-31 16:00:00,26911.55,27123.43,26839.01,27010.57,5607.89699,9.865e-05
2023-06-01 16:00:00,26894.47,27175.0,26656.0,26862.68,8974.24713,0.0001
2023-06-02 00:00:00,26817.93,27017.0,26505.0,27000.0,7016.0416,4.77e-05
2023-06-03 00:00:00,27242.59,27242.6,27092.0,27143.2,2715.88602,7.42e-05
2023-06-04 00:00:00,27069.22,27100.43,26951.0,27061.38,2017.63875,4.85e-05
2023-06-04 08:00:00,27150.46,27249.86,27123.81,27198.55,2737.05084,0.0001
2023-06-04 16:00:00,27179.0,27222.0,27155.0,27213.11,1986.61888,0.0001
2023-06-05 08:00:00,26830.0,26840.77,26668.0,26773.39,4723.46593,9.538e-05
2023-06-05 16:00:00,26007.53,26074.51,25388.0,25629.99,27456.05814,7.856e-05
2023-06-06 00:00:00,25728.2,25801.09,25601.0,25730.83,5737.28976,-7.157e-05
2023-06-07 00:00:00,27230.07,27391.77,26720.47,26909.01,11374.06381,0.0001
2023-06-07 16:00:00,26349.52,26553.78,26240.47,26482.42,7669.83392,4.005e-05
2023-06-08 08:00:00,26444.68,26504.94,26368.04,26432.0,3204.5364,3.09e-05
2023-06-08 16:00:00,26721.69,26732.24,26414.02,26539.9,5458.16496,4.011e-05
2023-06-09 00:00:00,26498.62,26596.58,26269.91,26483.7,5322.52752,6.588e-05
2023-06-09 08:00:00,26493.44,26685.43,26491.66,26610.19,4887.18214,7.916e-05
2023-06-09 16:00:00,26477.36,26529.54,26383.05,26407.15,4445.40191,4.404e-05
2023-06-10 00:00:00,26477.8,26533.87,26266.0,26323.07,5021.65979,8.702e-05
2023-06-10 08:00:00,25651.08,25750.25,25561.25,25731.4,7165.46892,2.417e-05
2023-06-10 16:00:00,25628.81,26154.0,25358.0,25750.0,14974.92299,3.854e-05
2023-06-11 08:00:00,25741.32,25842.44,25695.0,25796.06,3776.68664,3.197e-05
2023-06-11 16:00:00,25751.36,26106.66,25738.07,26030.89,8314.30254,5.925e-05
2023-06-12 00:00:00,25925.54,26028.5,25602.11,25791.29,6665.93933,8.66e-05
2023-06-12 08:00:00,25802.97,26106.48,25780.0,25988.83,5833.76222,3.065e-05
2023-06-13 00:00:00,25905.2,26157.99,25818.07,26063.85,6646.9644,0.0001
2023-06-13 08:00:00,26073.91,26272.25,26060.77,26191.81,7274.19395,6.18e-05
2023-06-13 16:00:00,25759.54,25978.37,25739.38,25902.84,4582.14533,6.503e-05
2023-06-14 00:00:00,25934.24,26055.99,25911.6,25985.07,3250.7713,2.438e-05
2023-06-14 08:00:00,25897.71,26028.58,25885.35,25975.71,3129.69928,2.716e-05
2023-06-14 16:00:00,25986.74,26098.0,25753.38,25874.59,8531.61707,3.661e-05
2023-06-15 00:00:00,25128.6,25206.52,25030.01,25065.35,4255.38633,-3.265e-05
2023-06-15 08:00:00,24983.81,25050.0,24800.0,25014.97,8784.77975,6.193e-05
2023-06-15 16:00:00,24959.96,25518.49,24929.0,25455.49,9617.56919,6.687e-05
2023-06-16 00:00:00,25598.49,25606.59,25440.39,25561.74,3915.20068,3.971e-05
2023-06-16 08:00:00,25537.0,25624.38,25462.03,25474.51,5108.24521,7.81e-06
2023-06-16 16:00:00,25840.0,26518.0,25774.02,26382.43,20866.29228,2.36e-06
2023-06-17 00:00:00,26345.01,26372.4,26181.0,26262.16,3497.08278,9.868e-05
2023-06-17 08:00:00,26593.58,26657.09,26473.5,26507.76,4665.11979,0.0001
2023-06-17 16:00:00,26410.82,26538.37,26378.95,26475.3,2713.13332,7.543e-05
2023-06-18 00:00:00,26516.99,26548.63,26378.98,26548.45,2397.66907,3.706e-05
2023-06-18 08:00:00,26584.99,26596.0,26456.83,26500.0,2525.69386,8.233e-05
2023-06-18 16:00:00,26562.09,26657.99,26525.99,26650.0,2834.3115,6.705e-05
2023-06-19 00:00:00,26339.98,26469.58,26256.61,26403.36,2818.66359,7.04e-05
2023-06-19 08:00:00,26428.0,26459.18,26364.4,26447.73,2824.90303,6.397e-05
2023-06-19 16:00:00,26443.99,27068.09,26308.45,26682.28,16596.08384,3.69e-05
2023-06-20 08:00:00,26832.45,26912.0,26702.47,26907.99,4550.36223,-4.48e-06
2023-06-20 16:00:00,27071.94,28140.0,27001.73,27982.77,30469.11578,-2.597e-05
2023-06-21 00:00:00,28308.0,29088.09,28257.99,28711.15,17152.45801,6.295e-05
2023-06-21 08:00:00,28872.28,29221.99,28787.7,28930.0,11143.04259,0.0001
2023-06-21 16:00:00,29851.58,30800.0,29763.37,30112.03,32165.45866,2.551e-05
2023-06-22 00:00:00,29993.89,30500.0,29891.15,30296.01,10104.59967,0.0001
2023-06-22 16:00:00,29850.65,30234.83,29821.5,30213.11,8943.57285,9.236e-05
2023-06-23 00:00:00,29884.92,30054.0,29800.0,30007.96,4581.18928,0.0001
2023-06-23 08:00:00,29932.0,30195.0,29906.71,30140.87,6057.11746,0.0001
2023-06-23 16:00:00,31238.01,31431.94,30615.33,30880.87,25886.97674,0.0001
2023-06-24 00:00:00,30688.51,30794.11,30410.0,30730.01,6049.00866,0.0001
2023-06-24 08:00:00,30567.58,30742.73,30552.78,30684.38,3478.09199,0.0001
2023-06-24 16:00:00,30398.72,30709.36,30250.0,30627.84,6143.31292,0.0001
2023-06-25 00:00:00,30527.44,30783.68,30465.41,30748.46,3538.22628,0.0001
2023-06-25 08:00:00,30723.78,30761.7,30584.51,30716.03,3922.90014,0.0001
2023-06-25 16:00:00,30585.16,30655.11,30328.0,30429.78,4871.42995,0.0001
2023-06-26 00:00:00,30462.67,30550.0,29963.6,30296.36,9207.88051,0.0001
2023-06-26 08:00:00,30404.28,30428.36,30130.0,30322.89,5433.69289,0.0001
2023-06-26 16:00:00,30419.63,30432.0,29930.0,30243.97,11221.92192,0.0001
2023-06-27 00:00:00,30267.99,30496.88,30226.17,30371.57,4890.13774,0.0001
2023-06-27 08:00:00,30411.23,30786.99,30336.0,30729.1,8932.93349,0.0001
2023-06-27 16:00:00,30498.74,30769.96,30455.5,30648.03,7509.05985,0.0001
2023-06-28 00:00:00,30692.44,30709.74,30336.36,30452.75,5422.85,0.0001
2023-06-28 08:00:00,30186.14,30388.0,30150.98,30310.73,4469.60145,9.302e-05
2023-06-28 16:00:00,30411.07,30466.36,29858.8,30100.0,9490.07497,4.598e-05
2023-06-29 00:00:00,30077.4,30245.9,30049.98,30176.0,2950.73551,6.574e-05
2023-06-29 08:00:00,30340.29,30750.0,30337.23,30670.94,9512.82089,9.3e-05
2023-06-29 16:00:00,30478.79,30663.37,30416.63,30584.99,5567.6853,0.0001
2023-06-30 00:00:00,30447.31,30883.68,30347.17,30745.05,7913.86236,0.0001
2023-06-30 08:00:00,30765.1,30963.2,30717.5,30910.01,6842.23429,0.0001
2023-07-01 00:00:00,30471.99,30534.74,30375.85,30398.01,4008.04076,0.0001
2023-07-01 08:00:00,30459.87,30600.0,30420.77,30523.02,2775.7443,0.0001
2023-07-01 16:00:00,30572.59,30633.92,30543.99,30609.51,2240.4209,0.0001
2023-07-02 00:00:00,30585.9,30649.99,30463.16,30509.31,3211.40133,0.0001
2023-07-02 08:00:00,30513.01,30552.0,30484.0,30544.74,1915.72134,0.0001
2023-07-03 00:00:00,30617.02,30800.01,30587.77,30756.65,3617.65215,0.0001
2023-07-03 08:00:00,30667.19,30700.92,30583.01,30625.22,5651.3227,0.0001
2023-07-03 16:00:00,31068.64,31380.0,30800.8,31255.84,12496.68998,0.0001
2023-07-04 08:00:00,30911.4,31080.0,30867.68,31067.99,4279.90524,0.0001
2023-07-04 16:00:00,30964.38,31130.0,30620.0,30696.84,8695.01225,0.0001
2023-07-05 00:00:00,30766.52,30878.07,30752.0,30868.71,2838.19206,0.0001
2023-07-05 08:00:00,30774.24,30810.34,30350.0,30404.3,9136.14566,0.0001
2023-07-05 16:00:00,30356.11,30591.57,30333.7,30431.95,4635.72484,0.0001
2023-07-06 00:00:00,30504.8,30560.51,30327.0,30490.85,2865.18104,0.0001
2023-07-06 08:00:00,30803.2,31500.0,30701.0,30846.55,20483.84413,7.72e-05
2023-07-06 16:00:00,30407.0,30464.13,30157.41,30309.88,7633.47953,1.492e-05
2023-07-07 00:00:00,29895.42,30165.64,29701.02,30135.4,8889.61673,6.98e-06
2023-07-07 08:00:00,30007.41,30199.0,29970.0,30118.7,4267.97548,4.221e-05
2023-07-07 16:00:00,30390.83,30449.0,30116.0,30246.2,4029.29082,-6.58e-06
2023-07-08 00:00:00,30344.7,30386.81,30257.07,30274.83,2033.13323,3.757e-05
2023-07-08 08:00:00,30193.36,30313.98,30156.23,30201.71,2090.67845,2.631e-05
2023-07-08 16:00:00,30208.01,30318.25,30044.47,30112.0,2961.09304,1.686e-05
2023-07-09 00:00:00,30284.63,30402.98,30246.47,30287.99,2693.84185,5.707e-05
2023-07-09 08:00:00,30265.0,30310.0,30240.0,30266.69,1557.55664,6.821e-05
2023-07-09 16:00:00,30349.47,30349.74,30204.0,30242.42,1814.15215,6.153e-05
2023-07-10 00:00:00,30160.71,30240.0,29950.0,30156.17,5431.19593,-2.182e-05
2023-07-10 08:00:00,30112.11,30245.9,30000.02,30240.0,4702.37808,4.85e-05
2023-07-10 16:00:00,30312.82,30840.0,30241.0,30837.4,7615.41653,2.995e-05
2023-07-11 00:00:00,30411.57,30600.0,30363.29,30476.0,4533.99483,8.01e-05
2023-07-11 08:00:00,30535.38,30567.32,30344.28,30404.31,4397.68536,8.265e-05
2023-07-11 16:00:00,30596.44,30693.87,30405.0,30581.99,4536.83905,3.954e-05
2023-07-12 00:00:00,30622.1,30671.38,30497.95,30588.32,3576.286,7.041e-05
2023-07-12 08:00:00,30740.0,30809.13,30656.0,30776.25,3490.22801,6.479e-05
2023-07-12 16:00:00,30524.63,30538.44,30210.0,30287.47,7668.51251,4.65e-05
2023-07-13 00:00:00,30380.0,30433.25,30274.0,30298.01,3210.23446,-1.135e-05
2023-07-13 08:00:00,30366.01,30637.06,30345.05,30543.99,4724.52462,6.12e-05
2023-07-13 16:00:00,30917.48,31804.2,30718.27,31606.01,33413.97579,5.29e-06
2023-07-14 00:00:00,31454.23,31630.0,31333.0,31460.0,8667.09146,0.0001
2023-07-14 08:00:00,31098.75,31287.85,31083.95,31209.59,4545.37951,0.0001
2023-07-14 16:00:00,31240.49,31275.5,29900.0,30115.17,29179.61822,0.0001
2023-07-15 00:00:00,30312.0,30390.9,30200.0,30292.91,3765.02048,-7.313e-05
2023-07-15 08:00:00,30338.0,30371.67,30263.25,30311.99,2699.92345,3.007e-05
2023-07-15 16:00:00,30303.4,30358.18,30256.89,30326.47,1864.0798,2.984e-05
2023-07-16 08:00:00,30265.23,30350.0,30265.22,30306.01,2061.54158,7.772e-05
2023-07-16 16:00:00,30379.96,30403.13,30200.43,30252.93,2207.15898,4.583e-05
2023-07-17 00:00:00,30232.0,30336.96,30176.03,30312.66,2046.85414,2.785e-05
2023-07-17 08:00:00,30281.01,30328.0,29965.39,30161.7,6972.3241,6.278e-05
2023-07-17 16:00:00,30174.84,30241.03,29659.2,29884.39,10264.88813,6.261e-05
2023-07-18 00:00:00,30138.01,30239.78,30073.96,30073.96,2946.84335,3.983e-05
2023-07-18 08:00:00,29968.13,30111.68,29810.0,29884.01,5367.53981,6.798e-05
2023-07-18 16:00:00,29912.01,29964.99,29512.0,29715.99,7221.04629,7.477e-05
2023-07-19 00:00:00,29859.14,30076.71,29839.5,30059.11,3876.95657,0.0001
2023-07-19 08:00:00,30000.68,30046.0,29867.17,30012.63,3539.89276,5.224e-05
2023-07-20 00:00:00,29909.21,30047.95,29881.29,29948.01,2444.85301,2.652e-05
2023-07-20 08:00:00,30202.78,30417.46,30166.67,30284.9,7608.78698,9.641e-05
2023-07-20 16:00:00,29810.17,29872.71,29570.96,29756.0,6738.857,5.563e-05
2023-07-21 08:00:00,29766.81,29851.37,29729.76,29778.51,3237.11897,7.77e-06
2023-07-21 16:00:00,29866.0,30061.7,29770.0,29875.99,5597.68776,3.717e-05
2023-07-22 00:00:00,29901.72,29999.0,29896.0,29903.41,2730.91284,2.195e-05
2023-07-22 08:00:00,29944.78,29979.92,29864.48,29886.94,2527.3291,9.44e-06
2023-07-22 16:00:00,29900.23,29908.71,29801.66,29836.0,1801.40881,1.77e-06
2023-07-23 00:00:00,29793.99,29893.77,29730.0,29845.72,2210.12963,2.908e-05
2023-07-23 08:00:00,29916.0,29959.0,29884.0,29888.58,2006.54126,0.0001
2023-07-23 16:00:00,29897.64,30350.0,29897.63,30093.12,6979.01521,9.372e-05
2023-07-24 00:00:00,30083.75,30099.58,29669.83,29716.01,4955.72652,0.0001
2023-07-24 08:00:00,29828.0,29832.54,29000.0,29269.99,12633.36871,4.338e-05
2023-07-24 16:00:00,29093.78,29157.15,29000.0,29117.99,4363.62637,0.0001
2023-07-25 00:00:00,29176.5,29183.34,29047.65,29111.0,3185.67346,7.702e-05
2023-07-25 08:00:00,29142.46,29282.0,29120.0,29128.29,3420.58834,6.913e-05
2023-07-25 16:00:00,29181.5,29376.0,29181.5,29198.83,3475.16328,9.465e-05
2023-07-26 00:00:00,29228.91,29412.88,29096.94,29242.81,4301.44969,9.451e-05
2023-07-26 16:00:00,29324.01,29499.0,29195.0,29401.93,9364.62077,5.768e-05
2023-07-27 00:00:00,29351.95,29450.44,29302.01,29405.78,2433.06591,3.136e-05
2023-07-27 08:00:00,29412.18,29567.49,29396.0,29507.03,3279.97998,3.83e-05
2023-07-28 00:00:00,29222.78,29305.3,29188.15,29253.85,3009.31278,4.373e-05
2023-07-28 08:00:00,29140.79,29246.08,29123.12,29206.59,3823.62755,6.675e-05
2023-07-28 16:00:00,29387.99,29399.98,29194.05,29316.0,4641.51658,0.0001
2023-07-29 00:00:00,29314.14,29396.15,29296.0,29371.89,2528.35734,0.0001
2023-07-29 08:00:00,29295.0,29330.55,29256.18,29267.16,1989.92338,4.567e-05
2023-07-30 00:00:00,29352.9,29352.92,29306.03,29314.92,971.6578,8.151e-05
2023-07-30 08:00:00,29294.3,29326.47,29232.22,29314.0,2125.5252,5.56e-05
2023-07-30 16:00:00,29349.36,29405.66,29113.51,29202.28,3341.76402,4.357e-05
2023-07-31 00:00:00,29281.09,29530.0,29264.0,29421.99,4109.65797,2.369e-05
2023-07-31 08:00:00,29373.62,29420.06,29332.32,29405.99,3067.69901,7.362e-05
2023-08-01 00:00:00,29232.26,29347.16,28720.0,28835.0,8673.02328,6.3e-05
2023-08-01 08:00:00,28937.31,28995.59,28862.18,28862.19,3644.73244,6.768e-05
2023-08-01 16:00:00,28953.99,29335.0,28864.01,29274.41,8846.63298,0.0001
2023-08-02 00:00:00,29705.99,30047.5,29622.5,29632.96,12892.26158,0.0001
2023-08-02 08:00:00,29577.25,29577.26,29378.62,29562.49,6827.56627,0.0001
2023-08-02 16:00:00,29321.39,29364.0,28927.5,29151.56,11051.05572,0.0001
2023-08-03 00:00:00,29186.0,29275.8,29126.34,29182.14,3369.62096,0.0001
2023-08-03 08:00:00,29044.16,29197.78,28968.0,29146.01,3557.08908,0.0001
2023-08-04 00:00:00,29193.65,29251.68,29100.0,29161.29,2758.43275,8.116e-05
2023-08-04 08:00:00,29212.91,29263.52,29137.0,29167.51,3233.96545,0.0001
2023-08-04 16:00:00,29274.28,29286.7,28950.0,29032.06,5475.27303,0.0001
2023-08-05 00:00:00,29114.0,29152.23,29065.11,29094.53,2238.91853,4.181e-05
2023-08-05 08:00:00,29052.81,29090.39,29044.37,29048.0,2385.2365,0.0001
2023-08-06 00:00:00,29072.13,29078.95,29036.0,29063.99,1730.38101,0.0001
2023-08-07 00:00:00,29088.43,29229.62,29018.25,29162.67,3469.1155,0.0001
2023-08-07 08:00:00,29094.09,29153.86,29045.14,29091.44,2870.95625,7.669e-05
2023-08-07 16:00:00,28858.45,29186.74,28701.03,29154.91,10217.00216,0.0001
2023-08-08 00:00:00,29211.06,29260.1,29146.45,29195.08,2613.81378,0.0001
2023-08-08 08:00:00,29187.62,29441.96,29171.47,29438.63,4673.9121,9.136e-05
2023-08-08 16:00:00,29535.38,29950.0,29535.38,29884.24,13510.46737,5.944e-05
2023-08-09 00:00:00,29770.41,29883.1,29613.0,29716.01,5699.9951,8.11e-05
2023-08-09 08:00:00,29818.01,29914.19,29740.01,29888.32,4765.65488,9.527e-05
2023-08-09 16:00:00,29761.7,29774.0,29396.95,29416.22,8420.25502,8.877e-05
2023-08-10 08:00:00,29511.99,29559.98,29476.0,29504.01,3463.97279,0.0001
2023-08-10 16:00:00,29465.99,29478.07,29320.2,29444.52,3677.42824,8.277e-05
2023-08-11 00:00:00,29455.76,29498.17,29352.47,29412.0,2899.21477,0.0001
2023-08-11 08:00:00,29417.28,29452.33,29350.0,29445.96,3809.67776,0.0001
2023-08-11 16:00:00,29395.9,29431.03,29252.45,29396.76,3515.35274,7.123e-05
2023-08-12 00:00:00,29426.02,29460.73,29381.56,29402.07,1581.2942,0.0001
2023-08-12 08:00:00,29421.48,29434.35,29390.57,29429.85,2189.80574,0.0001
2023-08-12 16:00:00,29438.81,29481.35,29411.58,29416.16,1263.44937,9.305e-05
2023-08-13 00:00:00,29430.18,29455.21,29400.0,29418.56,1168.69051,0.0001
2023-08-13 08:00:00,29396.37,29416.53,29375.49,29383.38,1855.11829,4.637e-05
2023-08-13 16:00:00,29374.19,29474.65,29328.21,29442.91,2401.6459,0.0001
2023-08-14 08:00:00,29422.01,29495.76,29383.63,29409.99,3167.54657,0.0001
2023-08-14 16:00:00,29600.0,29695.32,29257.0,29360.54,6860.28114,0.0001
2023-08-15 08:00:00,29408.83,29457.44,29358.0,29366.0,4590.74949,0.0001
2023-08-15 16:00:00,29332.67,29369.23,29059.6,29181.73,7775.93801,0.0001
2023-08-16 00:00:00,29200.01,29259.85,29184.96,29228.51,3589.09589,0.0001
2023-08-16 16:00:00,29106.55,29235.0,28956.0,29111.7,6779.88052,0.0001
2023-08-17 00:00:00,28730.51,28783.48,28342.0,28657.31,10139.13995,0.0001
2023-08-17 08:00:00,28622.0,28635.3,28483.89,28545.11,5762.14855,0.0001
2023-08-17 16:00:00,27934.02,28089.78,27700.0,27894.01,14489.295,0.0001
2023-08-18 00:00:00,26623.41,26832.6,26321.18,26398.0,11747.28054,0.0001
2023-08-18 08:00:00,26430.0,26609.65,26381.6,26494.0,8403.77999,-4.6e-07
2023-08-18 16:00:00,26001.99,26313.33,25619.0,26065.01,16489.27194,5.166e-05
2023-08-19 00:00:00,26054.0,26154.57,25924.0,25967.51,3998.46404,-2.74e-06
2023-08-19 08:00:00,25918.0,25999.01,25884.0,25900.08,4023.9561,-3.22e-06
2023-08-19 16:00:00,26216.01,26281.0,26026.96,26125.62,5104.24597,-5.286e-05
2023-08-20 00:00:00,26100.01,26207.88,26046.4,26105.24,2661.66837,-3.069e-05
2023-08-20 08:00:00,26088.44,26198.72,26058.98,26176.7,3036.61074,-4.364e-05
2023-08-20 16:00:00,26106.83,26162.34,26002.51,26137.25,2456.00338,-1.93e-06
2023-08-21 00:00:00,26190.0,26195.12,26070.0,26090.66,3015.05087,-2.797e-05
2023-08-21 08:00:00,26023.33,26088.32,25880.2,26031.6,5803.825,8.16e-06
2023-08-21 16:00:00,25939.59,26164.0,25937.6,26097.74,4995.45618,-1.619e-05
2023-08-22 00:00:00,26126.92,26139.42,26025.54,26055.99,2759.8298,-3.08e-06
2023-08-22 08:00:00,26106.69,26112.44,26027.22,26049.64,2844.91271,-1.928e-05
2023-08-22 16:00:00,25936.62,26054.73,25726.29,25779.99,10251.20292,3.048e-05
2023-08-23 00:00:00,26055.99,26187.99,25990.15,26006.32,4736.45838,7.39e-06
2023-08-23 08:00:00,26057.12,26096.0,25902.62,25939.49,3695.73713,-1.02e-05
2023-08-23 16:00:00,26143.99,26819.27,26127.24,26632.0,15370.84219,3.247e-05
2023-08-24 00:00:00,26432.71,26547.89,26345.76,26442.01,4085.62274,-2.822e-05
2023-08-24 08:00:00,26477.39,26577.87,26409.4,26444.02,3940.98697,2.506e-05
2023-08-24 16:00:00,25996.35,26163.0,25864.0,26039.44,6438.38839,4.9e-05
2023-08-25 00:00:00,26180.05,26187.34,26011.41,26106.0,2777.0727,-6.59e-06
2023-08-25 08:00:00,25980.5,26128.75,25980.49,26096.4,2924.78322,2.802e-05
2023-08-25 16:00:00,25932.01,26066.62,25832.25,25972.36,4923.47202,5.218e-05
2023-08-26 00:00:00,26060.0,26125.77,26027.2,26087.15,1584.31997,3.82e-05
2023-08-26 08:00:00,26050.82,26060.0,26001.83,26045.87,1545.41373,5.334e-05
2023-08-26 16:00:00,26054.0,26060.0,26004.77,26034.21,1625.43664,2.096e-05
2023-08-27 00:00:00,26017.38,26030.55,25966.11,26021.96,1957.15103,9.9e-07
2023-08-27 08:00:00,26043.61,26095.6,26033.78,26060.44,2365.95212,3.976e-05
2023-08-27 16:00:00,26122.14,26179.0,26037.27,26125.49,2530.06704,1.232e-05
2023-08-28 00:00:00,26101.78,26105.0,25986.41,26012.98,3309.2282,-3.95e-06
2023-08-29 00:00:00,26120.0,26206.24,26066.36,26083.19,2640.28117,8.24e-06
2023-08-29 08:00:00,26004.2,26046.0,25922.0,25975.55,3858.26938,3.769e-05
2023-08-29 16:00:00,27423.44,28142.85,27350.01,27831.33,23108.38949,-0.00010934
2023-08-30 00:00:00,27716.34,27768.57,27280.99,27391.13,7647.4885,4.868e-05
2023-08-30 08:00:00,27436.25,27499.0,27310.05,27338.51,4292.3234,5.731e-05
2023-08-30 16:00:00,27201.63,27286.88,27067.9,27178.28,5043.37898,3.944e-05
2023-08-31 00:00:00,27299.99,27303.36,27178.88,27217.27,2159.40313,2.909e-05
2023-08-31 08:00:00,27261.03,27587.51,27184.99,27303.96,6087.65912,6.859e-05
2023-08-31 16:00:00,26922.01,26924.87,25928.0,26162.79,20012.11138,8.105e-05
2023-09-01 00:00:00,25940.77,26100.0,25931.11,26081.01,3653.53305,2.583e-05
2023-09-01 08:00:00,25990.92,26072.34,25957.37,26047.49,3334.17072,5.968e-05
2023-09-02 00:00:00,25805.04,25840.0,25752.47,25798.08,2127.00305,4.998e-05
2023-09-02 08:00:00,25795.46,25860.0,25774.81,25813.54,2779.60231,1.937e-05
2023-09-02 16:00:00,25894.77,25937.91,25763.2,25833.39,3407.85698,-2.018e-05
2023-09-03 00:00:00,25869.52,25907.53,25826.29,25863.91,1838.85883,4.839e-05
2023-09-03 08:00:00,25956.23,25956.3,25877.3,25943.38,2252.14569,2.35e-06
2023-09-03 16:00:00,25873.5,26039.99,25800.0,26011.16,4105.96819,2.89e-05
2023-09-04 00:00:00,25971.21,26108.02,25877.66,25987.56,2742.29835,2.69e-05
2023-09-04 08:00:00,25964.97,26011.24,25865.57,25892.49,3211.69182,1.469e-05
2023-09-04 16:00:00,25814.24,25948.15,25810.0,25893.18,2750.22985,-1.059e-05
2023-09-05 00:00:00,25826.03,25844.48,25562.62,25692.45,3386.10818,5.3e-07
2023-09-05 08:00:00,25735.57,25812.09,25654.0,25783.68,3542.48738,1.975e-05
2023-09-05 16:00:00,25759.38,25845.0,25683.93,25683.93,3526.88435,3.366e-05
2023-09-06 00:00:00,25792.11,25870.51,25773.12,25782.86,2108.7925,1.737e-05
2023-09-06 08:00:00,25728.93,25777.2,25715.16,25733.29,2008.48748,-2.763e-05
2023-09-07 00:00:00,25759.95,25839.5,25724.78,25837.88,1892.99921,3.83e-05
2023-09-07 08:00:00,25762.89,25762.9,25691.07,25708.6,2016.54017,3.883e-05
2023-09-07 16:00:00,25779.35,25977.75,25773.52,25880.01,5075.15246,6.924e-05
2023-09-08 00:00:00,26255.0,26445.5,26198.91,26252.8,4810.99373,-1.525e-05
2023-09-08 08:00:00,26256.21,26266.93,25647.26,25839.51,8537.78801,5.12e-06
2023-09-08 16:00:00,25844.64,25895.63,25719.8,25895.62,4267.45166,-1.691e-05
2023-09-09 00:00:00,25910.5,25910.5,25850.82,25875.0,1941.95487,-5.057e-05
2023-09-09 08:00:00,25886.14,25907.75,25849.05,25863.03,1850.2598,-3.77e-06
2023-09-09 16:00:00,25894.1,25945.09,25845.7,25868.43,1669.62981,1.423e-05
2023-09-10 00:00:00,25901.6,25902.68,25825.8,25861.39,1632.63627,-7.3e-07
2023-09-10 08:00:00,25852.25,25872.11,25795.33,25795.33,1981.33529,3.294e-05
2023-09-10 16:00:00,25775.02,25860.0,25570.57,25800.0,4870.21069,2.609e-05
2023-09-11 00:00:00,25841.6,25876.73,25652.78,25740.39,2981.1259,-3e-06
2023-09-11 08:00:00,25813.65,25830.95,25577.3,25601.27,6042.88827,1.823e-05
2023-09-12 00:00:00,25162.53,25950.0,25131.48,25797.97,9471.3342,2.73e-05
2023-09-12 08:00:00,25822.71,26331.38,25735.29,26098.99,12127.23937,5.425e-05
2023-09-12 16:00:00,26205.98,26567.0,25882.43,26066.33,10617.06419,-3.502e-05
2023-09-13 00:00:00,25840.1,25985.91,25764.17,25879.24,4479.57494,2.342e-05
2023-09-13 08:00:00,25879.91,26247.79,25866.17,26198.41,5303.36042,1.26e-05
2023-09-13 16:00:00,26241.31,26405.22,26055.0,26140.01,6947.90282,3.099e-05
2023-09-14 00:00:00,26222.0,26541.77,26126.77,26265.68,7110.56563,4.61e-06
2023-09-14 16:00:00,26693.97,26860.49,26546.6,26678.14,5794.82245,-4.748e-05
2023-09-15 00:00:00,26522.73,26624.52,26448.19,26615.39,2958.71535,-2.641e-05
2023-09-15 08:00:00,26565.69,26690.0,26375.01,26425.16,4924.84493,-7.61e-06
2023-09-15 16:00:00,26321.2,26444.45,26315.02,26397.38,2849.35983,7.561e-05
2023-09-16 00:00:00,26599.99,26777.0,26571.42,26616.43,3344.48979,-1.381e-05
2023-09-16 08:00:00,26494.5,26581.98,26445.0,26524.09,2406.5603,-4.32e-05
2023-09-16 16:00:00,26507.12,26622.22,26496.14,26532.8,2049.68196,-3.161e-05
2023-09-17 00:00:00,26559.67,26559.68,26416.16,26529.25,2710.33559,8.97e-06
2023-09-17 08:00:00,26495.94,26623.25,26493.13,26566.67,2353.14044,1.142e-05
2023-09-17 16:00:00,26549.98,26551.0,26464.64,26505.15,1859.40393,6.49e-06
2023-09-18 00:00:00,26527.5,26750.0,26377.35,26658.66,5170.61491,-5.08e-06
2023-09-18 08:00:00,26710.67,27240.0,26684.02,27196.98,10966.96512,5.79e-06
2023-09-18 16:00:00,27269.43,27310.0,26631.0,26814.79,10706.60074,-6.774e-05
2023-09-19 00:00:00,26762.5,26840.67,26667.79,26818.42,3113.83028,2.468e-05
2023-09-19 16:00:00,27422.24,27483.57,27069.9,27185.44,6638.06144,-1.756e-05
2023-09-20 00:00:00,27210.25,27388.63,27085.0,27119.48,4518.58217,-2.614e-05
2023-09-20 08:00:00,27105.61,27197.66,26950.0,27098.08,5250.00781,-3.777e-05
2023-09-20 16:00:00,27180.62,27300.0,26800.0,26930.61,8978.6126,-9.91e-06
2023-09-21 08:00:00,26990.11,27017.0,26618.9,26730.78,8251.18162,4.303e-05
2023-09-21 16:00:00,26584.01,26696.6,26545.82,26599.95,4279.24653,7.429e-05
2023-09-22 00:00:00,26568.08,26670.13,26468.77,26627.77,3453.40638,-6.2e-07
2023-09-22 08:00:00,26674.8,26743.38,26590.0,26640.26,3120.40678,1.034e-05
2023-09-22 16:00:00,26631.01,26644.98,26531.01,26540.1,2659.9022,2.136e-05
2023-09-23 00:00:00,26580.14,26614.98,26524.59,26532.2,1739.54774,6.676e-05
2023-09-23 08:00:00,26585.32,26594.78,26554.49,26575.21,1236.67479,1.556e-05
2023-09-23 16:00:00,26581.55,26632.81,26559.83,26610.09,1599.62309,2.09e-06
2023-09-24 00:00:00,26575.97,26590.01,26558.85,26570.93,877.32467,-1.392e-05
2023-09-24 08:00:00,26563.43,26611.8,26563.43,26596.71,1426.11493,4.721e-05
2023-09-24 16:00:00,26578.06,26738.54,26335.81,26449.17,6185.41964,2.887e-05
2023-09-25 00:00:00,26248.39,26343.1,26000.0,26157.45,6213.18391,-1.26e-05
2023-09-25 08:00:00,26189.21,26233.43,26020.01,26075.41,3525.81677,8.565e-05
2023-09-25 16:00:00,26243.73,26425.63,26222.32,26331.83,5674.61846,4.792e-05
2023-09-26 00:00:00,26304.8,26397.46,26234.37,26353.87,2622.22978,-3.91e-05
2023-09-26 08:00:00,26272.0,26334.75,26188.26,26273.83,3123.5531,-1.215e-05
2023-09-26 16:00:00,26126.66,26295.99,26115.0,26247.7,3410.21082,5.626e-05
2023-09-27 00:00:00,26221.68,26289.5,26202.96,26278.04,1904.53237,9.944e-05
2023-09-27 16:00:00,26304.42,26313.79,26112.06,26267.8,4419.72965,2.074e-05
2023-09-28 00:00:00,26373.0,26557.75,26342.4,26379.15,4434.7586,6.74e-06
2023-09-28 08:00:00,26459.99,26623.84,26389.29,26476.93,4838.50281,-1.581e-05
2023-09-28 16:00:00,27019.99,27308.48,26848.71,27100.0,14201.72571,-4.732e-05
2023-09-29 00:00:00,27021.39,27134.16,26859.7,26957.99,4943.53529,-3.894e-05
2023-09-29 08:00:00,27179.99,27179.99,26963.7,26970.78,3627.86592,-2.567e-05
2023-09-29 16:00:00,26888.57,26954.09,26750.0,26926.52,3506.19154,4.76e-06
2023-09-30 00:00:00,26906.96,26946.98,26886.31,26915.3,1275.44354,6.43e-06
2023-09-30 08:00:00,26931.76,26997.0,26923.18,26936.02,2013.51121,1.864e-05
2023-09-30 16:00:00,26996.29,27043.61,26970.72,27020.7,2382.42914,1.525e-05
2023-10-01 00:00:00,26962.57,27048.0,26954.09,27044.76,1349.47617,2.95e-06
2023-10-01 08:00:00,27107.94,27289.08,27086.74,27187.71,3969.23722,-6.19e-06
2023-10-01 16:00:00,27153.17,27155.0,27035.78,27103.02,2119.78834,-2.263e-05
2023-10-02 00:00:00,27992.58,28210.0,27826.65,28126.54,8265.67461,5.831e-05
2023-10-02 08:00:00,28311.91,28484.28,28187.69,28198.04,9240.50392,7.28e-06
2023-10-02 16:00:00,28026.3,28123.39,27631.41,27964.99,9935.03954,-1.477e-05
2023-10-03 00:00:00,27494.51,27640.0,27381.48,27601.55,5450.72832,4.172e-05
2023-10-03 08:00:00,27540.65,27642.83,27475.0,27559.99,3884.9952,1.667e-05
2023-10-03 16:00:00,27345.0,27486.2,27250.0,27275.0,4195.05272,2.5e-05
2023-10-04 00:00:00,27426.45,27510.29,27202.0,27430.43,6836.89213,6.031e-05
2023-10-04 08:00:00,27453.77,27643.09,27434.1,27572.43,4588.85168,6.2e-05
2023-10-04 16:00:00,27404.21,27839.72,27400.94,27618.1,6502.51104,-2.857e-05
2023-10-05 00:00:00,27778.57,27896.07,27650.01,27651.73,3136.44638,-3.807e-05
2023-10-05 08:00:00,27607.98,27774.55,27593.23,27725.68,2893.52044,-4.268e-05
2023-10-06 00:00:00,27410.39,27590.0,27389.99,27559.2,3193.26664,-1.106e-05
2023-10-06 08:00:00,27638.51,27801.0,27588.53,27760.0,5204.72994,1.436e-05
2023-10-06 16:00:00,27941.12,28038.0,27789.14,27952.36,7070.26306,-3.149e-05
2023-10-07 00:00:00,27931.1,27955.9,27842.08,27900.41,2783.26342,2.124e-05
2023-10-07 08:00:00,27890.79,28029.67,27880.01,27942.12,2905.54923,2.849e-05
2023-10-07 16:00:00,27939.8,27964.2,27850.0,27865.48,2398.58265,2.083e-05
2023-10-08 00:00:00,27956.67,28095.14,27943.9,28064.87,3093.52502,3.14e-06
2023-10-08 16:00:00,27892.74,27948.68,27807.82,27894.99,2423.88211,5.163e-05
2023-10-09 00:00:00,27917.06,27987.93,27796.53,27921.73,2583.18056,3.992e-05
2023-10-09 08:00:00,27813.27,27842.03,27412.21,27468.92,9638.88315,3.515e-05
2023-10-09 16:00:00,27443.32,27750.03,27260.0,27616.66,8727.0625,7.838e-05
2023-10-10 00:00:00,27590.12,27697.56,27492.6,27632.32,2606.13865,6.349e-05
2023-10-10 08:00:00,27651.46,27735.0,27500.0,27508.87,3351.41272,1.894e-05
2023-10-10 16:00:00,27408.01,27511.96,27298.0,27397.3,5069.48339,4.548e-05
2023-10-11 00:00:00,27390.12,27477.39,27011.01,27016.05,6378.12491,5.918e-05
2023-10-11 08:00:00,27021.95,27332.0,27017.0,27196.26,4863.81154,8.33e-05
2023-10-11 16:00:00,26779.45,26795.63,26538.66,26763.2,9821.60446,6.319e-05
2023-10-12 00:00:00,26875.52,26947.04,26735.83,26847.07,4058.09199,0.0001
2023-10-12 08:00:00,26810.66,26867.14,26655.6,26837.84,5012.39582,2.661e-05
2023-10-12 16:00:00,26674.99,26804.99,26555.0,26712.9,4951.99519,7.304e-05
2023-10-13 00:00:00,26759.63,26876.06,26750.0,26781.69,2278.52858,2.294e-05
2023-10-13 08:00:00,26874.99,26903.94,26737.4,26820.92,3719.69143,2.039e-05
2023-10-13 16:00:00,26706.83,26807.1,26685.0,26778.57,3064.36424,2.326e-05
2023-10-14 00:00:00,26862.0,26989.58,26845.0,26930.78,2165.1795,1.05e-06
2023-10-14 08:00:00,26868.8,26900.0,26847.87,26872.35,1215.45022,2.211e-05
2023-10-14 16:00:00,26942.56,26953.18,26850.0,26864.29,1640.26284,2.456e-05
2023-10-15 00:00:00,26852.48,26916.77,26815.76,26880.46,1322.5614,-1.509e-05
2023-10-15 08:00:00,26882.51,26919.0,26843.79,26852.47,1287.85693,4.292e-05
2023-10-15 16:00:00,26898.87,27081.0,26893.41,27043.75,2777.70323,2.224e-05
2023-10-16 00:00:00,27154.14,27285.91,27112.66,27235.92,4516.03559,5.11e-06
2023-10-16 08:00:00,27849.05,27902.99,27641.72,27749.6,5907.32864,2.8e-07
2023-10-16 16:00:00,28064.16,28808.51,28064.16,28468.85,11103.90409,9.644e-05
2023-10-17 00:00:00,28500.77,28549.34,28231.01,28269.99,6029.14123,2.04e-06
2023-10-17 08:00:00,28430.62,28609.38,28350.11,28422.63,5901.16695,1.493e-05
2023-10-17 16:00:00,28461.72,28613.65,28306.42,28516.47,5911.15044,-2.311e-05
2023-10-18 00:00:00,28395.91,28514.66,28320.29,28514.42,2906.41295,-3.343e-05
2023-10-18 08:00:00,28494.55,28599.0,28236.41,28340.64,5054.62129,-1.216e-05
2023-10-18 16:00:00,28247.46,28437.41,28230.2,28245.62,5434.84346,1.644e-05
2023-10-19 00:00:00,28320.0,28418.0,28100.66,28260.0,5118.8446,-1.028e-05
2023-10-19 16:00:00,28680.09,28916.89,28457.56,28750.75,8031.46796,-0.00011006
2023-10-20 00:00:00,28713.71,29400.0,28578.29,29235.38,9163.6178,-9.272e-05
2023-10-20 16:00:00,29550.98,29592.71,29321.0,29561.41,5075.99041,2.687e-05
2023-10-21 00:00:00,29669.05,29699.68,29464.77,29604.43,2997.17987,-1.585e-05
2023-10-21 08:00:00,29695.8,29878.83,29634.56,29804.99,4484.08264,4.374e-05
2023-10-21 16:00:00,29937.37,30379.99,29846.0,30145.04,8767.01436,5.827e-05
2023-10-22 00:00:00,29909.8,30075.0,29843.2,29907.38,3204.67567,2.567e-05
2023-10-22 08:00:00,29816.27,29991.05,29780.11,29909.67,3326.38573,2.579e-05
2023-10-22 16:00:00,29825.61,29946.77,29805.13,29842.75,2320.10659,3.115e-05
2023-10-23 00:00:00,29992.46,30799.0,29883.6,30736.69,12607.00915,8.25e-05
2023-10-24 00:00:00,33069.99,35280.0,32832.34,34061.6,34138.22019,0.0001
2023-10-24 08:00:00,33999.98,34876.4,33948.97,34542.91,16414.89876,0.0001
2023-10-24 16:00:00,33668.89,34386.12,33380.01,33796.5,13340.86259,0.0001
2023-10-25 00:00:00,33922.73,34399.82,33773.74,33999.39,7966.44126,0.0001
2023-10-25 08:00:00,33857.53,34446.42,33783.0,34199.2,7981.4462,0.0001
2023-10-26 08:00:00,34647.35,34745.86,33960.39,34102.66,9246.8653,0.0001
2023-10-26 16:00:00,34044.44,34123.6,33751.0,34044.02,6049.7206,0.0001
2023-10-27 00:00:00,34151.66,34171.28,33780.0,34117.08,4153.96403,0.0001
2023-10-27 08:00:00,33941.99,34177.0,33935.59,34047.01,4103.34074,0.0001
2023-10-27 16:00:00,33999.48,34033.48,33390.95,33698.54,7648.42293,0.0001
2023-10-28 00:00:00,33892.01,34146.0,33860.0,34060.0,2335.65739,0.0001
2023-10-28 16:00:00,34192.97,34219.58,34077.0,34112.07,2130.66221,0.0001
2023-10-29 00:00:00,34081.01,34099.62,33952.0,33970.87,2004.83179,0.0001
2023-10-29 08:00:00,34076.6,34321.89,34074.44,34253.81,2878.54864,0.0001
2023-10-29 16:00:00,34449.99,34750.11,34372.0,34561.97,5585.25816,0.0001
2023-10-30 00:00:00,34525.88,34570.51,34181.47,34270.42,4239.81737,0.0001
2023-10-30 08:00:00,34193.46,34679.81,34161.1,34608.51,6064.00017,0.0001
2023-10-30 16:00:00,34656.33,34656.33,34062.84,34432.11,7331.80509,0.0001
2023-10-31 08:00:00,34145.22,34535.75,34025.0,34488.27,5689.4344,0.0001
2023-10-31 16:00:00,34272.19,34588.0,34223.26,34540.3,4824.38383,0.0001
2023-11-01 00:00:00,34639.78,34668.05,34400.0,34418.4,3748.08595,0.0001
2023-11-01 08:00:00,34451.28,34493.48,34345.0,34424.07,3350.79713,0.0001
2023-11-01 16:00:00,34291.94,34738.07,34280.02,34557.67,9620.10712,0.0001
2023-11-02 08:00:00,35279.86,35478.02,35095.0,35373.56,5508.48405,0.0001
2023-11-02 16:00:00,34640.01,35017.42,34300.0,35000.01,8717.23406,0.0001
2023-11-03 00:00:00,34941.58,34946.5,34366.7,34681.92,6231.00684,0.0001
2023-11-03 08:00:00,34464.98,34626.12,34120.0,34252.4,9096.58315,0.0001
2023-11-03 16:00:00,34763.71,34822.15,34323.37,34530.71,6448.30059,0.0001
2023-11-04 00:00:00,34716.78,34786.68,34632.47,34708.9,2289.85455,0.0001
2023-11-04 08:00:00,34767.99,34884.93,34680.13,34712.37,2852.30152,0.0001
2023-11-04 16:00:00,34709.91,34795.46,34692.52,34730.73,1532.96881,0.0001
2023-11-05 00:00:00,35062.06,35300.0,34935.0,35277.01,3702.56606,0.0001
2023-11-05 08:00:00,35162.46,35188.68,35000.2,35085.98,3592.01797,0.0001
2023-11-05 16:00:00,34882.92,35278.54,34867.14,34988.21,3621.09621,0.0001
2023-11-06 00:00:00,35011.89,35118.71,34830.0,34978.38,3649.8404,0.0001
2023-11-06 16:00:00,35080.95,35111.1,34810.64,35054.68,3397.16247,0.0001
2023-11-07 08:00:00,34937.71,34975.9,34551.0,34627.83,5977.50833,0.0001
2023-11-07 16:00:00,34721.23,35579.7,34560.0,35453.98,12011.04393,0.0001
2023-11-08 00:00:00,35399.13,35419.29,35231.08,35269.68,2888.44478,0.0001
2023-11-08 08:00:00,35226.39,35437.09,35185.95,35330.79,4576.58915,0.0001
2023-11-08 16:00:00,35225.67,35768.84,35185.0,35621.99,6363.85633,0.0001
2023-11-09 00:00:00,35624.72,36550.0,35534.05,36438.37,11800.31687,0.0001
2023-11-09 08:00:00,36533.05,36990.0,36530.0,36805.71,7641.34765,0.0001
2023-11-09 16:00:00,37084.03,37211.1,35600.0,36382.2,20436.92683,0.00020027
2023-11-10 00:00:00,36701.1,36919.06,36446.2,36733.27,5576.15963,0.0001
2023-11-10 08:00:00,36439.98,37147.2,36324.71,37071.09,7391.3202,0.00011682
2023-11-10 16:00:00,37082.13,37455.0,37080.0,37225.96,9459.37419,0.0001
2023-11-11 00:00:00,37301.63,37408.26,36900.1,37039.97,5167.05914,0.0001
2023-11-11 08:00:00,37006.4,37056.25,36910.0,36988.52,2618.7763,0.00016607
2023-11-11 16:00:00,37050.78,37175.0,37030.2,37148.79,3185.90598,0.00014648
2023-11-12 00:00:00,37129.99,37180.0,36731.1,36988.77,3440.45414,0.0001543
2023-11-12 08:00:00,37127.95,37132.36,37026.69,37055.5,2825.04469,0.00023487
2023-11-13 00:00:00,37064.13,37417.99,36852.11,36914.01,5822.70718,0.00032467
2023-11-13 08:00:00,36960.28,37050.0,36692.58,36810.02,4369.7462,0.00010893
2023-11-13 16:00:00,36841.9,37031.45,36601.0,36844.98,4846.32949,0.00020492
2023-11-14 00:00:00,36462.93,36490.22,36190.17,36448.07,4651.02522,0.00017382
2023-11-14 08:00:00,36683.86,36744.0,36236.36,36259.18,5833.01448,0.00016369
2023-11-15 00:00:00,35551.2,35665.45,35360.0,35381.99,5203.09563,0.0001
2023-11-15 08:00:00,35576.88,36278.62,35576.88,36240.94,7279.36097,0.0001
2023-11-15 16:00:00,36402.43,37774.14,36254.0,37499.99,19742.8556,0.0001
2023-11-16 00:00:00,37858.2,37929.54,37337.57,37454.98,5899.68672,0.0001
2023-11-16 08:00:00,37437.25,37544.0,37121.09,37247.48,5941.88084,0.00015199
2023-11-17 00:00:00,36163.51,36673.69,36101.44,36483.99,5583.82188,0.0001
2023-11-18 00:00:00,36613.91,36613.92,36360.22,36371.81,2299.53542,0.0001
2023-11-18 08:00:00,36417.15,36538.61,36375.28,36402.8,2149.96659,0.0001
2023-11-18 16:00:00,36664.17,36845.49,36600.1,36679.1,3784.84081,0.0001
2023-11-19 00:00:00,36568.11,36573.44,36388.27,36521.11,2116.93728,0.0001
2023-11-19 08:00:00,36611.49,36716.0,36384.02,36453.62,2580.92549,0.0001
2023-11-19 16:00:00,36568.27,36986.44,36511.11,36948.97,4671.72416,0.0001
2023-11-20 00:00:00,37359.85,37382.68,37038.3,37114.34,4380.59501,0.0001
2023-11-20 08:00:00,37244.47,37420.0,37061.1,37147.5,5201.70628,0.0001
2023-11-20 16:00:00,37461.62,37750.0,36812.13,37569.23,11506.10421,0.0001
2023-11-21 00:00:00,37448.79,37649.44,37304.72,37464.86,3770.22936,0.0001
2023-11-21 08:00:00,37279.91,37418.0,37150.0,37174.97,2879.73137,0.0001
2023-11-21 16:00:00,36975.03,37500.0,36580.0,36980.0,11546.8478,0.0001
2023-11-22 00:00:00,35741.65,36380.0,35632.01,36380.0,8021.60838,0.0001
2023-11-22 08:00:00,36439.8,36773.53,36391.03,36463.93,4677.7764,0.0001
2023-11-22 16:00:00,36481.15,37431.21,36372.58,37289.98,10097.37881,0.0001
2023-11-23 00:00:00,37408.35,37535.1,37240.0,37299.69,4156.03807,0.0001
2023-11-23 08:00:00,37369.22,37653.44,37159.95,37370.0,5573.62407,0.0001
2023-11-24 00:00:00,37294.27,37494.57,37251.51,37315.65,2460.68333,0.0001
2023-11-24 08:00:00,37522.99,38035.46,37423.9,37741.99,11102.76664,0.0001
2023-11-24 16:00:00,38221.1,38349.0,37550.32,37766.11,11475.45047,0.0001
2023-11-25 00:00:00,37713.57,37839.44,37676.03,37798.0,2373.98986,0.0001
2023-11-25 08:00:00,37802.4,37828.93,37591.1,37652.51,2311.89117,0.0001
2023-11-25 16:00:00,37704.38,37835.39,37699.99,37819.43,1622.06417,0.0001
2023-11-26 00:00:00,37780.67,37784.63,37662.18,37730.38,1377.5552,0.0001
2023-11-26 08:00:00,37789.77,37814.63,37666.8,37679.31,1757.13236,0.0001
2023-11-26 16:00:00,37437.11,37500.2,37150.0,37380.07,5225.6127,0.0001
2023-11-27 00:00:00,37447.42,37569.23,37200.0,37309.25,3126.25061,0.0001
2023-11-27 16:00:00,36751.01,37143.43,36707.0,36877.0,5701.39398,0.0001
2023-11-28 00:00:00,37242.7,37343.57,37102.47,37129.56,2560.73388,0.0001
2023-11-28 08:00:00,37105.11,37262.02,36931.1,37251.42,3375.56303,0.0001
2023-11-28 16:00:00,37513.2,38377.0,37513.19,38114.26,15744.36369,0.0001
2023-11-29 08:00:00,38096.7,38450.0,37878.17,38104.65,8172.68572,0.0001
2023-11-29 16:00:00,37830.74,37932.77,37650.0,37874.2,4122.44625,0.0001
2023-11-30 00:00:00,37854.65,38051.84,37686.84,38051.84,3089.37694,0.0001
2023-11-30 08:00:00,37792.98,37905.26,37553.6,37885.15,4251.2581,0.0001
2023-11-30 16:00:00,37619.85,37807.37,37535.0,37749.34,3031.87293,0.0001
2023-12-01 00:00:00,37723.97,38082.42,37615.86,38043.05,4933.88554,0.0001
2023-12-01 08:00:00,38244.08,38833.0,38215.0,38580.17,11354.6813,0.0001
2023-12-01 16:00:00,38413.51,38999.0,38395.0,38762.4,9900.23568,0.0001
2023-12-02 00:00:00,38682.51,38795.05,38641.61,38782.27,2236.42755,9.95e-05
2023-12-02 08:00:00,38702.48,38789.52,38651.1,38740.16,2142.02023,6.973e-05
2023-12-02 16:00:00,38811.76,39705.0,38703.44,39420.0,10333.55099,8.541e-05
2023-12-03 00:00:00,39450.35,39555.53,39274.86,39381.11,3283.21647,0.0001
2023-12-03 08:00:00,39478.71,39544.0,39400.0,39479.7,2096.23661,0.0001
2023-12-03 16:00:00,39760.42,39841.1,39430.01,39565.99,4098.19535,0.0001
2023-12-04 00:00:00,39972.26,40884.98,39972.26,40709.77,11807.31888,0.0001
2023-12-04 08:00:00,41441.1,42154.83,41349.43,41596.01,19218.60165,0.0001
2023-12-04 16:00:00,41270.32,42049.97,41179.55,41987.28,8928.03794,0.0001
2023-12-05 00:00:00,41991.1,41991.1,41622.21,41829.99,5569.22291,0.0001
2023-12-05 08:00:00,41528.0,41758.77,41420.0,41726.09,5282.22923,0.0001
2023-12-05 16:00:00,42268.28,44100.0,42133.66,43814.36,25610.5034,0.0001
2023-12-06 00:00:00,44073.82,44146.08,43565.62,43736.06,8344.08213,0.0001
2023-12-06 08:00:00,43688.87,44297.21,43335.28,43839.21,12015.24809,0.0001
2023-12-06 16:00:00,43785.2,44146.71,43730.47,43984.71,7167.73459,0.0001
2023-12-07 00:00:00,43762.69,43999.84,43710.0,43926.84,2845.29665,0.0001
2023-12-07 08:00:00,43884.01,43896.48,42821.1,43188.03,14235.78276,0.0001
2023-12-07 16:00:00,43659.99,43755.26,43058.42,43203.58,10159.41241,0.0001
2023-12-08 00:00:00,43273.15,43524.99,43261.1,43366.01,4504.95753,0.0001
2023-12-08 08:00:00,43166.01,43729.73,43081.1,43653.82,6857.83835,0.00023288
2023-12-08 16:00:00,43760.94,43970.0,43638.68,43945.11,5870.37306,0.00020242
2023-12-09 00:00:00,44171.0,44281.23,44043.61,44139.38,3650.70918,0.00011504
2023-12-09 08:00:00,44180.21,44191.58,43720.0,43817.35,5794.84719,0.00030159
2023-12-09 16:00:00,44045.09,44082.19,43877.34,43924.39,2936.10136,0.00017192
2023-12-10 00:00:00,43713.59,43864.04,43672.0,43845.32,2450.32524,0.00020724
2023-12-10 08:00:00,43966.44,44049.0,43603.88,43738.02,3795.09728,0.00020383
2023-12-10 16:00:00,43903.74,43931.13,43750.0,43797.1,2572.46554,0.00023923
2023-12-11 00:00:00,43789.5,43804.5,40400.0,42309.58,18908.6688,0.0001473
2023-12-11 08:00:00,42132.52,42481.1,41975.44,42344.01,7859.82672,0.0001
2023-12-11 16:00:00,41803.43,41857.08,40222.0,40779.99,20686.60455,0.0001
2023-12-12 00:00:00,41253.41,41938.8,41178.28,41735.29,6744.62632,0.0001
2023-12-12 08:00:00,41916.26,42104.12,41545.54,41584.57,5780.94254,0.0001
2023-12-12 16:00:00,41347.99,41457.35,40680.0,41137.99,9334.53079,0.0001
2023-12-13 00:00:00,41492.38,41506.0,40555.0,40829.36,7310.16225,0.00011909
2023-12-13 08:00:00,41115.28,41280.0,40953.17,41004.69,4029.02932,0.00010162
2023-12-14 00:00:00,42869.03,42948.55,42648.95,42713.86,5203.10028,0.0001
2023-12-14 08:00:00,42898.98,43311.1,42685.2,43267.06,5533.8289,0.0001
2023-12-14 16:00:00,42448.28,43420.0,42448.28,43094.13,8986.88383,0.0001
2023-12-15 00:00:00,43022.26,43080.81,42479.14,42795.94,4425.94195,0.0001
2023-12-15 08:00:00,42699.99,43026.33,42630.43,42776.03,4825.88804,0.0001
2023-12-15 16:00:00,41909.56,42192.48,41696.09,42096.08,5828.02612,0.0001
2023-12-16 00:00:00,41940.29,42410.99,41605.0,42333.79,4472.49888,0.0001
2023-12-16 08:00:00,42222.67,42339.55,42097.18,42331.99,3132.85327,0.0001
2023-12-17 00:00:00,42278.02,42298.82,41860.21,41925.55,3253.92773,0.0001
2023-12-17 08:00:00,41886.75,42016.83,41661.36,41960.07,3895.17552,0.0001
2023-12-17 16:00:00,41811.37,42424.07,41683.99,42105.91,7138.15215,0.0001
2023-12-18 00:00:00,41374.64,41470.1,40801.0,41090.92,8056.5341,0.00013355
2023-12-18 16:00:00,41265.95,41735.5,41146.83,41701.1,4760.51462,0.00015611
2023-12-19 00:00:00,42657.8,43497.0,42567.69,43082.2,9415.10546,0.0001
2023-12-19 08:00:00,43036.17,43268.74,42942.0,42976.11,6507.20412,0.0001
2023-12-19 16:00:00,42486.85,42646.66,41811.1,42341.96,8193.50655,0.0001
2023-12-20 00:00:00,42275.99,42493.2,42206.0,42419.75,3428.07755,0.00010506
2023-12-20 08:00:00,42924.23,42998.08,42675.0,42864.44,4763.28129,0.0001
2023-12-20 16:00:00,44027.2,44250.0,43486.0,43738.01,9819.94341,0.00023637
2023-12-21 00:00:00,43668.92,43731.08,43286.72,43649.37,4790.55223,0.00027143
2023-12-21 08:00:00,43764.49,44100.0,43579.22,43931.6,6686.08927,0.00029216
2023-12-21 16:00:00,43824.0,43927.7,43370.4,43588.8,6170.9554,0.00028948
2023-12-22 00:00:00,43861.79,44251.0,43722.46,44008.0,5039.97364,0.00030806
2023-12-22 08:00:00,43584.37,43839.22,43463.0,43753.94,5847.93033,0.0002961
2023-12-22 16:00:00,43671.1,43992.0,43481.14,43640.79,5097.02561,0.00018011
2023-12-23 00:00:00,43969.04,43988.68,43456.0,43526.43,4037.34134,0.00016285
2023-12-23 16:00:00,43756.24,43850.0,43695.03,43703.81,2133.70247,0.00015066
2023-12-24 00:00:00,43702.15,43907.57,43606.18,43834.48,2902.02733,0.0001
2023-12-24 08:00:00,43651.17,43694.72,43405.0,43634.2,3167.95205,0.0002079
2023-12-24 16:00:00,43680.23,43713.86,43550.0,43618.07,2583.11278,0.00019729
2023-12-25 00:00:00,42991.5,43158.59,42720.43,43152.78,3868.54726,0.0001
2023-12-25 08:00:00,43208.15,43291.05,43045.43,43171.11,3716.03265,0.0001
2023-12-25 16:00:00,43618.01,43710.01,43343.83,43474.25,5196.06699,0.00037908
2023-12-26 00:00:00,43576.12,43592.68,43362.23,43451.46,3221.59168,0.00043391
2023-12-26 08:00:00,42774.12,42798.0,42150.0,42685.55,8870.72819,0.00023757
2023-12-26 16:00:00,42391.51,42434.2,41637.6,42109.11,10403.73943,0.00029559
2023-12-27 00:00:00,42508.93,42541.1,42098.69,42234.66,3610.05423,0.00027621
2023-12-27 08:00:00,42455.82,43220.0,42399.72,43019.11,7678.46442,0.00037942
2023-12-27 16:00:00,42980.64,43215.0,42862.56,43154.34,5972.52558,0.00032304
2023-12-28 00:00:00,43428.86,43787.57,43304.27,43408.41,6082.45863,0.00013021
2023-12-28 08:00:00,43049.17,43192.17,42868.36,43059.98,4444.14335,0.00037879
2023-12-28 16:00:00,42445.99,42725.3,42241.79,42610.64,5662.59381,0.00050152
2023-12-29 08:00:00,42273.35,42934.0,42268.26,42862.01,5291.84387,0.00049912
2023-12-29 16:00:00,42271.09,42351.1,41650.0,42116.51,10317.88826,0.00047082
2023-12-30 08:00:00,41947.16,41988.62,41520.3,41893.96,4706.52607,0.0004358
2023-12-30 16:00:00,42374.97,42612.32,42247.44,42361.13,5264.43841,0.00037842
2023-12-31 00:00:00,42140.29,42433.49,41965.84,42176.0,3144.53455,0.00027855
2023-12-31 16:00:00,42457.17,42719.8,42436.47,42619.04,3036.19166,0.00033597
2024-01-01 00:00:00,42283.58,42775.0,42230.08,42330.49,3948.08335,0.00037409
2024-01-01 08:00:00,42492.46,42762.39,42452.58,42690.2,2948.80274,0.00027213
2024-01-01 16:00:00,42783.05,43550.0,42664.42,43517.99,5686.97164,0.00033601
2024-01-02 00:00:00,44179.55,45500.0,44148.34,45402.38,17093.28659,0.00065846
2024-01-02 08:00:00,45455.52,45879.63,45200.0,45433.99,10027.39458,0.00035179
2024-01-02 16:00:00,45184.83,45399.84,44790.96,45039.49,9745.60445,0.0005373
2024-01-03 00:00:00,44946.91,45410.91,44862.11,45262.69,4750.68596,0.00021159
2024-01-03 08:00:00,45011.77,45500.0,43500.0,43702.88,13237.52778,0.00017123
2024-01-03 16:00:00,43000.01,43567.92,42000.0,42596.67,16895.34192,0.0001
2024-01-04 00:00:00,42845.23,43220.56,42613.77,43102.8,5488.13855,0.0001
2024-01-04 08:00:00,42763.08,43233.81,42616.28,43176.32,6746.40949,0.0001
2024-01-04 16:00:00,44051.1,44437.5,43777.86,43956.48,9399.52176,0.0001
2024-01-05 08:00:00,43777.48,44324.8,43433.0,43771.34,7055.63723,0.0001
2024-01-05 16:00:00,43500.01,43808.07,43100.46,43600.0,7460.07613,0.0001
2024-01-06 00:00:00,44145.12,44214.42,43812.5,43931.1,3123.46193,0.0001
2024-01-06 08:00:00,43653.2,43771.1,43551.28,43671.96,2449.54997,0.0001
2024-01-06 16:00:00,43867.17,44148.58,43828.5,43906.36,2971.24432,0.0001
2024-01-07 00:00:00,43968.32,44259.29,43833.4,43940.41,3397.43777,0.0001
2024-01-08 00:00:00,43929.01,43986.0,43175.0,43518.2,7371.99098,0.0001
2024-01-08 08:00:00,43974.55,44688.0,43641.73,44635.99,6636.26767,0.0001
2024-01-08 16:00:00,44963.04,47248.99,44793.97,46979.35,24462.97732,0.0001
2024-01-09 08:00:00,46825.52,46874.94,46381.1,46615.99,6018.83491,0.0001
2024-01-09 16:00:00,46868.08,46975.0,46500.0,46876.01,7310.48299,0.0001
2024-01-10 00:00:00,46110.0,46249.14,45622.0,46117.1,6964.52629,0.0001
2024-01-10 08:00:00,45757.98,45861.1,45000.0,45515.89,8371.11286,0.0001
2024-01-10 16:00:00,45546.39,46666.0,45173.97,46489.18,17808.51212,0.0001
2024-01-11 00:00:00,46654.0,46750.0,46200.0,46502.16,7964.915,0.0001
2024-01-11 08:00:00,46101.4,47150.0,46052.0,47060.0,8538.48554,0.0001
2024-01-11 16:00:00,46783.77,47022.07,45606.06,46692.3,19172.2659,0.0001
2024-01-12 08:00:00,46008.19,46267.0,45537.37,45954.35,7038.70566,0.0001
2024-01-12 16:00:00,44462.0,44675.88,43212.0,43472.55,26388.04032,0.0001
2024-01-13 00:00:00,42782.74,42997.29,42436.12,42609.94,9945.53429,0.0001
2024-01-13 08:00:00,43102.97,43254.96,42509.11,42624.0,6962.30044,0.0001
2024-01-14 00:00:00,42847.99,42890.23,42643.98,42681.82,2769.17313,0.0001
2024-01-14 08:00:00,43011.44,43079.0,42759.34,42829.99,2885.27669,0.0001
2024-01-15 00:00:00,41732.35,42640.0,41718.05,42565.99,5828.29771,0.0001
2024-01-15 08:00:00,42714.78,42775.0,42540.0,42697.99,3812.52325,0.0001
2024-01-15 16:00:00,42278.99,43400.43,42249.0,42992.67,12331.30651,0.0001
2024-01-16 00:00:00,42511.1,42939.5,42466.88,42924.56,4025.27939,0.0001
2024-01-16 08:00:00,42791.14,43153.66,42720.06,42900.54,4849.24572,0.0001
2024-01-17 00:00:00,43137.94,43198.0,42844.98,42849.0,3711.95254,0.0001
2024-01-17 08:00:00,42655.95,42850.55,42564.0,42680.16,4412.74724,0.0001
2024-01-17 16:00:00,42482.8,42745.99,42200.69,42611.11,6233.49263,0.0001
2024-01-18 08:00:00,42915.32,42930.0,42387.68,42544.59,4867.13625,0.0001
2024-01-18 16:00:00,42619.31,42619.32,40831.99,41022.32,17408.6553,0.0001
2024-01-19 00:00:00,41327.51,41370.99,40752.26,41055.87,5747.52107,0.0001
2024-01-19 08:00:00,41284.26,41509.69,41143.33,41475.37,4432.7711,0.0001
2024-01-20 00:00:00,41659.03,41700.0,41456.3,41634.65,2986.2123,0.0001
2024-01-20 16:00:00,41570.1,41684.94,41526.36,41632.96,2143.21383,0.0001
2024-01-21 00:00:00,41696.05,41730.0,41629.87,41680.82,1600.89363,0.0001
2024-01-21 08:00:00,41648.5,41826.97,41648.5,41719.89,1972.92769,0.0001
2024-01-21 16:00:00,41656.27,41729.77,41525.0,41719.4,2101.04396,0.0001
2024-01-22 00:00:00,41580.32,41689.65,41058.22,41197.04,5194.67726,0.0001
2024-01-22 08:00:00,41043.7,41047.51,40364.63,40815.99,8780.2842,0.0001
2024-01-22 16:00:00,40772.0,40874.99,39431.58,39820.31,15416.76046,0.0001
2024-01-23 00:00:00,39568.02,40118.87,39511.1,40000.44,4446.81496,0.0001
2024-01-23 08:00:00,39780.01,39860.0,38657.0,38845.56,16327.77748,0.0001
2024-01-23 16:00:00,39204.0,39654.34,38925.2,39148.07,11699.79651,0.0001
2024-01-24 00:00:00,39897.59,40250.0,39570.43,39614.0,7508.24416,0.0001
2024-01-24 08:00:00,39981.09,40555.0,39859.51,40209.34,6433.12337,0.0001
2024-01-24 16:00:00,40050.72,40207.0,39615.76,39803.05,5715.16915,0.0001
2024-01-25 00:00:00,40084.89,40178.84,39914.0,40012.01,3484.6591,0.0001
2024-01-25 16:00:00,39804.23,40044.91,39550.0,39989.25,7402.16761,0.0001
2024-01-26 08:00:00,39970.0,41348.13,39962.14,41289.52,11523.32786,0.0001
2024-01-26 16:00:00,41422.98,42193.8,41405.31,42064.49,11360.11294,0.0001
2024-01-27 00:00:00,41823.51,41933.17,41708.0,41815.01,2776.36693,8.966e-05
2024-01-27 08:00:00,41710.15,41800.0,41394.34,41761.23,3747.33899,0.0001
2024-01-27 16:00:00,41813.99,41986.06,41745.26,41910.47,2256.20513,8.3e-05
2024-01-28 00:00:00,42120.63,42244.0,41925.0,42231.83,3931.90769,0.0001
2024-01-28 08:00:00,42388.82,42698.0,42323.14,42471.98,4448.08445,4.725e-05
2024-01-28 16:00:00,42258.0,42354.7,41721.08,41785.92,3819.55464,0.0001
2024-01-29 00:00:00,42031.05,42504.0,41874.94,42331.2,3437.68599,0.0001
2024-01-29 16:00:00,42641.75,43313.8,42518.0,42995.99,11314.8288,0.0001
2024-01-30 00:00:00,43302.71,43787.35,43133.9,43519.71,6762.21682,0.0001
2024-01-30 08:00:00,43358.24,43564.85,43215.76,43537.74,4124.1533,9.492e-05
2024-01-31 00:00:00,42941.1,43107.77,42655.07,42930.07,4913.47979,2.154e-05
2024-01-31 08:00:00,43050.01,43091.1,42355.0,42647.98,6116.23013,0.0001
2024-01-31 16:00:00,43361.11,43745.11,43041.1,43334.64,8260.76136,0.0001
2024-02-01 00:00:00,42580.0,42687.63,41884.28,42015.65,6159.26638,0.0001
2024-02-01 08:00:00,42190.15,42331.1,42026.52,42087.52,4002.75251,0.0001
2024-02-02 00:00:00,43082.95,43432.63,43026.15,43037.25,4246.33741,0.0001
2024-02-02 08:00:00,43086.9,43199.0,42941.1,43148.41,4094.76501,0.0001
2024-02-02 16:00:00,43242.1,43488.0,42783.09,43061.97,6362.66369,0.0001
2024-02-03 00:00:00,43199.99,43380.01,43142.0,43173.94,2223.22292,7.627e-05
2024-02-03 08:00:00,43053.05,43125.28,42973.66,42995.04,1810.42438,9.042e-05
2024-02-04 00:00:00,43011.1,43068.79,42880.01,43027.16,1456.91888,8.307e-05
2024-02-04 16:00:00,42943.2,42969.79,42573.17,42636.44,3608.11375,0.0001
2024-02-05 00:00:00,42582.88,42729.02,42258.1,42718.31,3709.0102,0.0001
2024-02-05 08:00:00,43071.87,43268.98,42954.54,43194.08,4074.55774,0.0001
2024-02-05 16:00:00,42644.04,42869.66,42501.0,42765.36,5069.38976,0.0001
2024-02-06 00:00:00,42708.7,42960.01,42574.0,42851.11,2897.16519,0.0001
2024-02-06 16:00:00,43244.89,43399.98,43000.0,43278.78,5091.59374,0.0001
2024-02-07 00:00:00,43098.96,43192.0,42788.0,42800.0,2968.09769,7.527e-05
2024-02-07 08:00:00,42918.02,43200.0,42838.01,42928.29,3301.4154,5.373e-05
2024-02-07 16:00:00,43071.08,43710.0,43013.75,43615.47,9646.8143,8.306e-05
2024-02-08 00:00:00,44349.6,44780.0,44331.1,44540.99,8836.19603,0.0001
2024-02-08 08:00:00,44513.25,44885.0,44513.24,44698.97,5858.27712,6.535e-05
2024-02-08 16:00:00,45432.3,45498.0,44890.0,45284.14,8933.58857,2.59e-05
2024-02-09 00:00:00,45288.66,46384.27,45242.12,46060.74,9482.53987,3.16e-05
2024-02-09 08:00:00,46202.01,47299.88,46201.53,47180.02,11572.91301,0.0001
2024-02-10 08:00:00,47151.72,47274.0,46800.0,47182.0,4546.93534,0.0001
2024-02-10 16:00:00,47353.48,47660.0,47154.52,47531.09,3381.00187,0.0001
2024-02-11 00:00:00,47751.08,48557.0,47557.16,48519.61,6452.94117,0.0001
2024-02-11 16:00:00,48150.43,48394.29,47948.38,48284.0,4641.41321,0.0001
2024-02-12 00:00:00,48300.0,48826.81,48009.52,48145.0,7723.68614,0.0001
2024-02-12 08:00:00,48203.98,48311.15,47710.01,47903.03,5444.77082,0.0001
2024-02-12 16:00:00,49917.8,50334.82,49372.22,49532.03,17277.9458,0.0001
2024-02-13 00:00:00,49917.28,50368.61,49724.33,49789.99,6175.21021,0.0001
2024-02-13 08:00:00,49983.09,50247.0,49650.0,49988.12,8824.89385,0.0001
2024-02-13 16:00:00,48727.47,49268.21,48300.95,49036.73,10392.26078,0.0001
2024-02-14 00:00:00,49699.6,49712.94,49333.0,49518.61,3206.45301,0.0001
2024-02-14 08:00:00,49838.93,51723.08,49741.19,51555.12,19901.12485,0.0001
2024-02-14 16:00:00,51590.0,51750.0,51200.24,51678.0,8869.42094,0.00012283
2024-02-15 00:00:00,51795.17,52500.0,51717.58,52343.32,9485.19698,0.0001
2024-02-15 08:00:00,51776.6,52498.12,51650.0,52330.0,6781.21145,0.0001
2024-02-15 16:00:00,51948.24,52380.0,51725.0,52002.01,9258.37794,0.0001
2024-02-16 00:00:00,51880.01,52328.0,51803.6,52280.25,4925.24862,0.0001
2024-02-16 08:00:00,51732.0,52435.86,51566.0,52213.86,8723.49444,0.0001
2024-02-16 16:00:00,51888.01,52245.0,51655.0,51756.29,4781.76179,0.0001
2024-02-17 00:00:00,52124.1,52162.82,51846.84,51968.75,1748.64047,0.0001
2024-02-17 08:00:00,51911.34,51911.34,51500.0,51690.48,3811.13615,0.0001
2024-02-17 16:00:00,50984.56,51444.0,50741.1,51394.43,4387.33024,0.00016041
2024-02-18 00:00:00,51642.64,51798.99,51163.28,51479.99,3342.20712,0.0001724
2024-02-18 08:00:00,51671.1,52069.0,51644.0,51832.01,3445.09907,0.00015305
2024-02-18 16:00:00,51774.0,51980.73,51647.25,51758.12,3340.56645,0.00017095
2024-02-19 00:00:00,52137.68,52428.78,51904.83,52063.81,4612.31179,0.00023064
2024-02-19 08:00:00,52394.04,52450.0,52063.52,52336.22,4670.2242,0.00019594
2024-02-19 16:00:00,52127.99,52230.0,51677.0,51820.61,6367.05864,0.00013327
2024-02-20 00:00:00,51774.74,51832.01,51311.0,51580.23,5264.00845,0.00010461
2024-02-20 08:00:00,51839.28,52380.0,51560.0,52286.8,7446.13718,0.00010912
2024-02-20 16:00:00,51679.99,52138.31,50760.37,52101.11,10418.63903,0.00020259
2024-02-21 00:00:00,52258.82,52366.8,51988.91,52001.99,3369.43954,0.0001
2024-02-21 08:00:00,51568.64,51787.04,50813.0,50965.53,9380.34826,0.00011242
2024-02-21 16:00:00,51156.0,51427.43,50649.28,51058.0,7754.08258,0.0001
2024-02-22 16:00:00,51602.41,51750.01,51400.0,51509.99,5304.8486,0.00012557
2024-02-23 00:00:00,51288.42,51548.54,50971.11,51100.0,4695.56436,0.0001
2024-02-23 08:00:00,50915.95,51263.22,50830.0,51218.95,4762.093,0.0001
2024-02-23 16:00:00,50911.1,51195.18,50629.33,51099.09,5650.6788,0.00012991
2024-02-24 00:00:00,50744.15,50907.14,50585.0,50849.97,2775.43339,0.0001
2024-02-24 16:00:00,51099.35,51698.0,51094.99,51557.07,4634.38652,0.0001
2024-02-25 08:00:00,51719.28,51777.64,51531.73,51645.0,1998.19169,0.00015012
2024-02-25 16:00:00,51524.02,51738.85,51279.8,51672.96,3855.78862,0.00015062
2024-02-26 00:00:00,51728.85,51796.5,51400.0,51555.59,2849.5668,0.00026761
2024-02-26 08:00:00,51293.26,51374.66,50901.44,51090.01,5428.89999,0.00021567
2024-02-26 16:00:00,52842.33,54512.02,52753.28,54487.11,19931.38279,0.00027227
2024-02-27 00:00:00,54476.48,57073.84,54450.13,55667.6,17222.6943,0.00032262
2024-02-27 08:00:00,56059.09,56818.02,56023.8,56527.79,8262.13357,0.00073521
2024-02-27 16:00:00,56745.66,57588.15,56209.0,57339.68,10002.01696,0.00022965
2024-02-28 00:00:00,57037.35,57101.1,56691.85,56916.4,3603.53596,0.00026729
2024-02-28 08:00:00,58241.09,59494.06,58171.11,58941.11,19224.20294,0.00023682
2024-02-28 16:00:00,60966.22,64000.0,58700.0,60951.11,45415.5681,0.00053538
2024-02-29 00:00:00,62432.11,62438.22,61021.1,61561.33,10084.02851,0.00069091
2024-02-29 08:00:00,62707.17,63340.95,62111.1,62936.02,11918.80476,0.00076337
2024-02-29 16:00:00,62768.01,62879.3,60364.7,61600.0,17118.2411,0.00057031
2024-03-01 00:00:00,61130.99,61749.0,60777.0,61105.91,6345.57641,0.00053322
2024-03-01 08:00:00,61434.0,62243.53,61316.67,61863.72,8452.27991,0.00064824
2024-03-01 16:00:00,61263.98,62494.31,61234.0,62215.5,7886.35574,0.0004601
2024-03-02 00:00:00,62387.9,62433.19,61949.03,62307.45,5441.91324,0.00033426
2024-03-02 16:00:00,61771.21,62114.77,61625.0,62114.77,3418.28795,0.00056396
2024-03-03 00:00:00,61987.28,62000.0,61642.39,61931.09,3127.09906,0.00046267
2024-03-03 08:00:00,61598.01,61890.96,61393.83,61831.1,3942.85361,0.00042989
2024-03-03 16:00:00,62164.63,62989.0,62088.0,62730.0,5623.12318,0.00044598
2024-03-04 00:00:00,63113.97,64268.24,62300.0,63458.72,12563.71291,0.00055071
2024-03-04 08:00:00,64066.62,65555.0,64000.11,65230.0,16002.48076,0.00046833
2024-03-04 16:00:00,66451.65,67524.99,66039.31,67405.26,17313.10625,0.0006362
2024-03-05 00:00:00,68245.71,68686.8,67535.31,68113.94,11448.26318,0.0004896
2024-03-05 08:00:00,66129.64,67150.0,65515.15,66656.31,11938.90863,0.00082969
2024-03-05 16:00:00,66773.05,66996.36,59005.0,61410.98,42797.37895,0.00088148
2024-03-06 00:00:00,63724.01,64146.45,62779.14,63263.21,9495.88692,0.0003628
2024-03-06 16:00:00,66481.12,67465.0,66221.1,66739.48,10674.76219,0.00049354
2024-03-07 00:00:00,66074.04,66467.88,65551.0,65847.29,7749.00312,0.00030311
2024-03-07 08:00:00,66387.77,67275.2,66341.11,66905.34,8562.6623,0.00040984
2024-03-07 16:00:00,67260.01,67980.0,67012.0,67498.02,9547.44499,0.00054217
2024-03-08 00:00:00,66823.18,67256.18,66757.0,67156.09,5636.13131,0.00034819
2024-03-08 08:00:00,67223.02,67753.4,67038.71,67741.21,6407.54695,0.00043497
2024-03-08 16:00:00,67617.6,68864.0,66082.66,68863.99,22384.90145,0.00062913
2024-03-09 00:00:00,68124.2,68279.0,67861.1,68247.34,3976.42864,0.00019134
2024-03-09 16:00:00,68288.19,68325.0,68000.0,68193.51,3079.82488,0.00026407
2024-03-10 00:00:00,68313.28,69216.0,68200.0,69136.79,7144.0803,0.0003101
2024-03-10 08:00:00,69347.16,69887.61,69162.0,69568.46,7712.18719,0.00063451
2024-03-10 16:00:00,69194.83,69768.58,69111.89,69400.19,4006.35572,0.00054479
2024-03-11 00:00:00,68955.88,68955.9,67024.96,68604.42,9122.59767,0.00035489
2024-03-11 08:00:00,71019.99,72226.3,71019.99,71487.2,16023.350068,0.00078428
2024-03-11 16:00:00,72010.01,72800.0,71760.0,71970.0,11603.115722,0.00066396
2024-03-12 00:00:00,72078.1,72470.41,71400.0,71619.0,6941.41973,0.0004447
2024-03-12 08:00:00,72121.1,72376.0,71388.0,72023.82,7323.42979,0.000453
2024-03-12 16:00:00,71703.41,71829.11,68620.82,71349.99,24015.90765,0.00047935
2024-03-13 00:00:00,71452.0,72217.79,71333.31,72057.43,6367.1435,0.00033224
2024-03-13 16:00:00,72634.95,73394.19,72350.0,73349.24,8727.85823,0.00045402
2024-03-14 08:00:00,73224.0,73528.11,72627.0,72884.0,6407.33652,0.00038753
2024-03-14 16:00:00,70844.0,71458.0,68555.0,69415.09,22921.42581,0.00038258
2024-03-15 00:00:00,71388.94,72419.71,66699.0,68224.01,22422.85781,0.00038515
2024-03-15 08:00:00,68448.28,68600.0,65600.0,67757.76,22721.61196,0.00014328
2024-03-15 16:00:00,68157.07,70650.0,67520.01,68964.0,17320.34953,0.00015306
2024-03-16 00:00:00,69499.84,70043.0,68932.01,69200.08,7063.23297,0.0001
2024-03-16 08:00:00,69432.45,69436.24,67725.53,68256.01,7874.19098,0.00023202
2024-03-16 16:00:00,68385.58,68407.94,66670.0,66911.52,11754.26553,0.00020813
2024-03-17 00:00:00,65300.64,66576.39,65122.23,66538.99,10190.42681,0.00013089
2024-03-17 08:00:00,65636.68,67515.0,65290.0,66955.49,9037.77471,0.00017773
2024-03-17 16:00:00,67965.51,68693.75,67769.86,68536.73,6689.53988,0.00024827
2024-03-18 00:00:00,68393.47,68425.97,66800.0,67972.01,9044.36516,0.00020181
2024-03-18 08:00:00,68218.38,68483.96,67300.0,68253.4,8039.1486,0.00030597
2024-03-19 00:00:00,67610.0,68124.11,64860.0,65876.01,16347.35381,0.00026923
2024-03-19 08:00:00,64704.23,64710.69,62505.0,63081.34,21759.46345,0.00029065
2024-03-20 00:00:00,61937.41,63466.21,61666.0,61860.81,14260.123,0.00015847
2024-03-20 16:00:00,63600.37,66000.0,62022.0,65784.46,19560.39962,0.0001
2024-03-21 00:00:00,67840.51,68240.47,66340.0,66654.45,9548.03051,0.00010403
2024-03-21 08:00:00,66985.19,67659.53,66650.0,67044.0,6826.1452,0.00019304
2024-03-21 16:00:00,66557.77,67000.0,64871.01,65223.74,11883.44847,0.0001951
2024-03-22 00:00:00,65501.28,66160.0,65120.01,65981.99,6860.14662,0.00016271
2024-03-22 08:00:00,66178.01,66363.1,64065.72,64233.9,8364.76408,0.0001
2024-03-22 16:00:00,63877.04,64126.09,62766.63,63866.93,8473.14688,0.00011993
2024-03-23 00:00:00,63796.64,64374.91,63000.0,63556.0,5352.28065,0.0001
2024-03-23 08:00:00,64575.41,64857.14,64186.21,64629.62,3461.5518,0.0001
2024-03-23 16:00:00,65104.06,65999.0,64786.25,64872.9,5268.49718,0.00010806
2024-03-24 00:00:00,63990.02,64723.16,63922.85,63962.98,2935.71455,0.00010351
2024-03-24 08:00:00,64583.44,65368.66,64476.0,65334.01,4489.73276,0.00014616
2024-03-24 16:00:00,65673.36,66045.99,64600.01,65843.02,6877.2094,0.00015884
2024-03-25 00:00:00,67210.0,67350.0,66385.06,67350.0,5111.47135,0.00025549
2024-03-25 16:00:00,69792.06,71000.0,69440.18,70960.89,12949.80008,0.00028815
2024-03-26 00:00:00,69880.0,70606.0,69732.8,70423.11,4442.88157,0.00021963
2024-03-26 08:00:00,70486.38,71280.0,70268.66,70693.16,6034.6806,0.00018348
2024-03-26 16:00:00,70250.01,70499.0,69412.0,69477.67,7627.77768,0.00026764
2024-03-27 00:00:00,69987.99,70739.65,69840.0,70387.99,4372.6997,0.00028757
2024-03-27 16:00:00,68873.99,69406.0,68359.18,68652.0,8096.55097,0.00043631
2024-03-28 00:00:00,69469.99,69980.0,68903.62,69290.0,4222.74545,0.00024195
2024-03-28 08:00:00,70399.04,70962.63,70292.44,70647.18,6772.71614,0.00029899
2024-03-28 16:00:00,71290.38,71320.0,70404.0,70798.26,5199.87249,0.0002943
2024-03-29 00:00:00,70780.6,70916.16,70274.07,70442.22,3035.25826,0.0001825
2024-03-29 08:00:00,69794.01,70318.0,69566.0,70142.78,4708.66434,0.00025456
2024-03-29 16:00:00,69179.99,69666.0,69078.62,69665.99,4246.066,0.0003017
2024-03-30 00:00:00,69850.53,70177.87,69710.0,69773.99,2533.94601,0.00019624
2024-03-30 08:00:00,69852.18,70183.67,69811.37,70183.55,2073.90457,0.00032267
2024-03-30 16:00:00,69999.99,70280.06,69670.0,69896.34,2564.18678,0.0003436
2024-03-31 00:00:00,69582.17,70165.86,69562.99,69916.61,2971.88718,0.00032351
2024-03-31 08:00:00,70301.72,70470.0,70147.77,70369.99,1973.67988,0.00039889
2024-04-01 00:00:00,71280.0,71288.23,70520.51,70588.01,3360.81417,0.00070161
2024-04-01 08:00:00,69594.94,69799.98,69165.35,69460.01,4785.74482,0.00033491
2024-04-01 16:00:00,68237.15,69816.24,68062.86,69648.01,8342.53739,0.00027469
2024-04-02 16:00:00,64889.99,66200.0,64550.0,65914.9,11481.41905,0.00016456
2024-04-03 00:00:00,65463.99,66288.88,64493.07,66225.79,9351.12963,0.0001
2024-04-03 08:00:00,66135.98,66642.36,65538.06,66059.76,6489.92426,0.0001
2024-04-03 16:00:00,65836.02,66550.0,65451.62,65784.0,6431.99952,0.0001
2024-04-04 00:00:00,65963.27,66354.83,65454.55,65620.01,3770.13451,0.0001
2024-04-04 08:00:00,66091.59,66468.99,66028.0,66353.67,3428.64196,0.0001
2024-04-04 16:00:00,67648.0,69309.91,67526.5,68500.0,11282.70659,0.0001
2024-04-05 00:00:00,68487.8,68756.67,67435.67,67863.99,5774.35522,0.0001
2024-04-05 08:00:00,66930.75,67684.26,66383.01,66478.0,5920.7343,0.0001
2024-04-05 16:00:00,68190.62,68380.0,67316.0,67412.4,6064.18449,0.0001
2024-04-06 00:00:00,67820.63,68065.2,67447.83,67788.01,3176.77641,0.0001
2024-04-06 08:00:00,67992.02,68120.0,67615.22,67668.16,2642.86157,0.0001
2024-04-06 16:00:00,68104.01,68484.09,67948.83,68259.98,2363.11858,0.0001
2024-04-07 00:00:00,68896.0,69777.0,68824.0,69408.05,4070.3115,0.0001
2024-04-07 08:00:00,69364.0,69555.0,69199.01,69357.0,2408.97704,0.0001
2024-04-07 16:00:00,69543.73,70326.29,68849.77,69068.01,6365.63132,0.0001
2024-04-08 08:00:00,70698.64,72650.0,70642.0,72404.0,17583.55254,0.0001
2024-04-09 00:00:00,71620.0,71758.19,70833.33,71285.0,4291.79016,0.00020915
2024-04-10 00:00:00,69146.0,69594.15,68466.63,69150.18,4540.58603,0.00011929
2024-04-10 16:00:00,68657.31,70098.89,68556.0,70083.99,9298.63372,0.0001
2024-04-11 00:00:00,70631.08,71062.0,70285.13,70851.67,4013.72496,0.00013979
2024-04-11 08:00:00,70736.0,71256.27,69881.31,69983.16,5151.60119,0.00020153
2024-04-11 16:00:00,70000.0,70529.73,69574.88,70459.67,4574.37082,0.00019763
2024-04-12 00:00:00,70006.22,70996.91,70002.22,70977.27,4545.17393,0.00011258
2024-04-12 16:00:00,69347.3,69580.0,65086.86,66843.98,26206.56931,0.00012214
2024-04-13 00:00:00,67116.52,67168.0,65731.27,67160.55,7747.05556,0.0001
2024-04-13 08:00:00,67446.53,67825.91,67090.83,67360.0,3376.15097,0.0001
2024-04-14 00:00:00,63924.52,64303.87,62134.0,63437.55,14435.88247,0.0001
2024-04-14 08:00:00,64464.3,64887.99,63855.45,64166.05,7342.92314,0.0001
2024-04-14 16:00:00,64180.98,64747.25,62573.66,64168.62,10439.26301,0.0001
2024-04-15 00:00:00,65661.85,65867.45,64937.01,65138.19,6221.13657,0.0001
2024-04-15 16:00:00,64568.8,64868.28,62274.4,63301.11,13199.26326,0.0001
2024-04-16 08:00:00,63516.18,63660.0,61600.0,63094.77,9560.71907,9.525e-05
2024-04-16 16:00:00,61762.19,63280.75,61694.02,62721.43,9939.37779,3.513e-05
2024-04-17 00:00:00,63793.4,64295.0,63581.16,63842.02,4408.10123,6.375e-05
2024-04-17 08:00:00,63297.85,63587.88,62541.13,62595.04,4528.8573,3.574e-05
2024-04-17 16:00:00,60304.95,61956.42,59678.16,61022.35,13090.32351,6.534e-05
2024-04-18 00:00:00,61277.38,62229.9,60939.92,61988.0,5112.05762,6.937e-05
2024-04-18 08:00:00,61178.08,63072.27,60864.0,62597.92,8854.03421,5.982e-05
2024-04-18 16:00:00,63498.69,63866.19,62310.03,63477.04,7383.52292,-3.334e-05
2024-04-19 08:00:00,64547.18,65450.0,64098.13,64870.74,10760.55037,6.641e-05
2024-04-19 16:00:00,64437.18,64808.54,63506.57,64325.25,7338.37595,5.88e-05
2024-04-20 00:00:00,63818.01,64263.41,63090.07,63956.0,4907.95296,0.0001
2024-04-20 08:00:00,63961.22,63988.0,63277.0,63707.17,3210.87149,-7.66e-06
2024-04-20 16:00:00,64808.35,65419.0,64456.54,64866.44,6438.0366,4.204e-05
2024-04-21 00:00:00,64940.58,65695.56,64608.0,65170.0,3453.01051,3.186e-05
2024-04-21 08:00:00,65150.67,65440.95,64763.15,65234.01,3450.14128,-2.093e-05
2024-04-21 16:00:00,65043.7,65087.92,64237.5,64538.0,4176.1013,8.271e-05
2024-04-22 00:00:00,64941.15,66090.69,64500.0,65703.5,7919.96299,4.409e-05
2024-04-22 08:00:00,65980.01,66204.44,65702.0,65877.47,3405.5687,2.497e-05
2024-04-22 16:00:00,65994.39,66824.28,65913.52,66524.77,4574.61291,8.98e-06
2024-04-23 00:00:00,66819.32,67183.01,66419.55,66435.01,3243.03761,-1.236e-05
2024-04-23 08:00:00,66099.79,66310.44,65852.35,66043.99,3664.65129,5.24e-05
2024-04-24 00:00:00,66414.0,66900.0,66390.0,66608.14,3046.35629,1.413e-05
2024-04-24 08:00:00,66630.89,66743.01,66203.05,66571.52,3109.38742,5.302e-05
2024-04-24 16:00:00,64610.1,65156.95,63736.7,63976.06,7661.7157,7.047e-05
2024-04-25 00:00:00,64289.58,64741.47,63860.0,64282.01,3701.42089,7.02e-05
2024-04-25 08:00:00,64017.99,64192.0,63337.25,63861.23,5784.37183,4.069e-05
2024-04-26 08:00:00,64276.94,64581.52,64059.8,64244.02,3562.57552,6.85e-06
2024-04-26 16:00:00,63503.22,64162.5,63318.75,63742.05,3712.95105,5.562e-05
2024-04-27 00:00:00,63770.0,63923.41,62391.24,63082.01,6657.76903,0.0001
2024-04-27 16:00:00,62951.75,63650.0,62750.0,63352.11,4913.85251,2.834e-05
2024-04-28 00:00:00,63461.98,64370.0,63456.86,64021.62,3385.63662,1.006e-05
2024-04-28 08:00:00,63915.5,63979.27,63345.55,63484.01,2754.13016,-2.081e-05
2024-04-28 16:00:00,63540.0,63976.0,63483.18,63730.49,1787.98929,2.782e-05
2024-04-29 00:00:00,63118.62,63367.05,62150.52,62279.67,4182.37182,2.472e-05
2024-04-29 08:00:00,62399.98,62673.18,62179.99,62256.0,3033.90933,5.544e-05
2024-04-29 16:00:00,63039.07,63221.74,62546.37,62987.37,3504.07719,6.828e-05
2024-04-30 00:00:00,63866.0,64734.0,62995.7,63647.99,6641.99134,9.74e-05
2024-04-30 08:00:00,63148.74,63244.0,61000.0,61204.42,14068.13369,9.154e-05
2024-04-30 16:00:00,60796.86,60947.55,59191.6,59292.95,13263.13146,0.0001
2024-05-01 00:00:00,60672.01,60841.63,59590.0,60246.03,6530.47723,0.0001
2024-05-01 08:00:00,57500.0,57909.0,56552.82,57898.47,18606.5614,8.946e-05
2024-05-01 16:00:00,56886.0,59468.0,56625.09,56954.47,20507.82488,9.902e-05
2024-05-02 00:00:00,58364.97,58610.55,56911.84,57442.88,11212.01702,6.634e-05
2024-05-02 08:00:00,57681.08,58689.55,57561.14,58559.66,7270.28163,6.169e-05
2024-05-03 00:00:00,59060.6,59999.0,58811.32,59720.3,5109.40917,-1.549e-05
2024-05-03 08:00:00,59190.74,59575.48,58849.94,59291.09,3640.85276,-3.764e-05
2024-05-03 16:00:00,61690.74,62179.99,61533.2,62067.32,4594.31487,8.091e-05
2024-05-04 00:00:00,62882.01,63595.14,62541.03,62724.0,4743.46495,2.703e-05
2024-05-04 08:00:00,62959.03,64540.0,62924.37,63873.31,6546.74516,7.455e-05
2024-05-04 16:00:00,63609.17,64019.83,63300.58,63921.18,3617.97274,6.265e-05
2024-05-05 00:00:00,63892.03,64188.0,62822.17,63235.93,4023.81118,6.906e-05
2024-05-05 08:00:00,63736.86,63937.17,63539.53,63859.63,2431.33573,6.47e-06
2024-05-05 16:00:00,64428.64,64554.68,63811.01,63879.94,2871.91182,3.893e-05
2024-05-06 00:00:00,64012.0,64465.0,63708.58,63866.59,3162.30361,6.02e-06
2024-05-06 08:00:00,64540.75,65500.0,63815.38,64203.56,9354.00852,-1.031e-05
2024-05-06 16:00:00,63632.01,63747.59,62700.0,63220.0,5039.95966,7.746e-05
2024-05-07 00:00:00,63165.18,63967.19,62832.6,63239.49,4005.85545,6.064e-05
2024-05-07 08:00:00,63669.69,64422.41,63358.0,63490.43,5001.25779,1.581e-05
2024-05-07 16:00:00,63740.48,63895.46,62789.89,63060.01,3582.30191,9.028e-05
2024-05-08 00:00:00,62312.07,62973.18,62111.0,62893.99,3337.82292,4.891e-05
2024-05-08 08:00:00,62208.0,62519.7,62042.0,62243.4,3513.4572,5.553e-05
2024-05-08 16:00:00,62273.07,62760.0,61949.42,62179.45,3301.14049,9.292e-05
2024-05-09 00:00:00,61193.03,61806.98,61144.33,61680.4,2721.61729,5.648e-05
2024-05-09 08:00:00,61253.16,61447.06,60630.0,61053.99,5362.37094,3.315e-05
2024-05-09 16:00:00,62159.06,62668.67,61750.0,62454.92,6281.25123,7.253e-05
2024-05-10 00:00:00,63074.0,63094.01,62662.07,62916.16,2735.78507,1.026e-05
2024-05-10 08:00:00,63078.01,63320.0,62800.0,63299.63,3172.4998,5.934e-05
2024-05-10 16:00:00,60928.02,61294.82,60187.12,60716.97,9448.65481,7.653e-05
2024-05-11 00:00:00,60799.99,61096.27,60650.0,60731.9,2363.19506,8.881e-05
2024-05-11 08:00:00,61018.53,61058.75,60487.09,60684.01,2622.23696,3.771e-05
2024-05-11 16:00:00,61174.18,61410.09,61016.0,61144.0,1958.45382,5.067e-05
2024-05-12 00:00:00,60825.99,61104.05,60804.0,60930.0,1266.79428,2.604e-05
2024-05-12 08:00:00,60819.99,61366.59,60790.94,61146.0,2340.63752,2.83e-05
2024-05-12 16:00:00,61419.01,61888.0,61109.67,61406.1,3820.38147,0.0001
2024-05-13 16:00:00,63002.0,63450.0,62566.36,63172.69,5512.43015,9.151e-05
2024-05-14 00:00:00,62940.09,63118.36,62403.22,62488.46,4185.92634,9.866e-05
2024-05-14 08:00:00,62035.39,62045.8,61520.89,61798.57,2978.35656,0.0001
2024-05-14 16:00:00,61787.6,61816.34,61159.34,61596.52,4672.60874,4.392e-05
2024-05-15 00:00:00,61577.49,62033.48,61319.47,61949.99,2150.95758,0.0001
2024-05-15 08:00:00,62195.04,62999.44,61923.2,62467.18,5841.97337,-3.85e-06
2024-05-15 16:00:00,64725.12,66419.15,64720.0,66006.23,9790.73766,2.373e-05
2024-05-16 08:00:00,66142.62,66585.7,66000.0,66503.8,3707.82709,5.148e-05
2024-05-16 16:00:00,65818.89,65827.47,64602.77,65186.85,8466.84763,3.543e-05
2024-05-17 00:00:00,65235.21,65901.46,65106.38,65584.53,3015.02361,4.647e-05
2024-05-17 08:00:00,66386.93,66564.23,66068.79,66218.0,3554.56752,8.15e-06
2024-05-17 16:00:00,67195.09,67300.0,66214.67,67047.99,5023.34456,-2.98e-06
2024-05-18 00:00:00,67024.0,67095.88,66725.53,66945.05,2481.3965,6.28e-06
2024-05-18 08:00:00,66887.01,67400.01,66840.0,67190.82,3570.27427,8.012e-05
2024-05-18 16:00:00,66823.63,66992.53,66722.0,66912.62,1415.23897,-7.92e-06
2024-05-19 00:00:00,66915.2,67294.35,66837.39,67170.21,1968.76906,3.339e-05
2024-05-19 08:00:00,67324.44,67700.0,66950.0,67330.0,4156.529,5.21e-05
2024-05-19 16:00:00,66889.88,66990.0,65857.25,66034.01,4551.01267,4.779e-05
2024-05-20 00:00:00,66274.0,66768.87,66060.31,66675.22,2810.74639,5.607e-05
2024-05-20 08:00:00,66825.15,67349.0,66750.0,66994.2,3926.45606,2.479e-05
2024-05-21 00:00:00,71446.62,71979.0,70706.0,71284.0,13088.39015,0.0001
2024-05-21 16:00:00,69827.0,70263.03,69162.94,69285.99,7682.81292,0.0001
2024-05-22 00:00:00,70148.34,70368.6,69822.76,69955.72,3712.34798,0.0001
2024-05-22 08:00:00,69715.0,70275.14,69636.01,69736.13,3338.95553,0.00015759
2024-05-22 16:00:00,70455.89,70666.0,69228.64,69637.47,6273.89945,0.0001
2024-05-23 00:00:00,69166.62,69626.87,69166.61,69446.14,2519.07727,0.0001
2024-05-23 08:00:00,69734.05,70061.0,69520.02,69982.72,3721.08269,0.0001
2024-05-23 16:00:00,68075.99,68167.97,66764.7,67199.98,6871.2151,0.0001
2024-05-24 00:00:00,67969.66,68017.56,67628.01,67891.83,3527.41135,0.0001
2024-05-24 08:00:00,67155.93,67523.78,66600.12,67349.99,3483.32864,0.0001
2024-05-24 16:00:00,68326.46,69250.0,67924.39,69115.98,6124.27945,0.0001
2024-05-25 00:00:00,68549.99,68910.0,68500.0,68757.85,1641.62583,0.0001
2024-05-25 08:00:00,68753.93,69610.0,68749.2,69104.67,3074.05389,0.0001
2024-05-25 16:00:00,68930.39,69266.66,68849.5,69155.32,1460.29445,0.0001
2024-05-26 00:00:00,69290.56,69319.31,68808.37,69073.62,1604.1616,0.0001
2024-05-26 08:00:00,69340.16,69562.23,68974.55,69134.91,2431.33857,0.0001
2024-05-26 16:00:00,68847.98,68973.15,68692.11,68903.54,1856.42507,0.0001
2024-05-27 00:00:00,68507.67,69298.0,68481.31,68873.43,3075.08732,0.0001
2024-05-27 08:00:00,68643.36,68944.2,68250.0,68434.26,2936.86739,0.0001
2024-05-27 16:00:00,70373.86,70687.56,69069.0,69260.01,5008.7635,0.0001
2024-05-28 00:00:00,69436.43,69591.81,67753.0,68050.3,6835.12436,0.0001
2024-05-28 08:00:00,67694.01,68902.71,67582.13,68389.87,5753.28941,0.0001
2024-05-28 16:00:00,68374.08,68598.33,67277.91,68424.29,5785.87242,0.0001
2024-05-29 08:00:00,67946.89,68033.33,67602.34,67763.59,3936.67261,0.0001
2024-05-29 16:00:00,67379.13,67742.0,67124.65,67266.78,3771.18556,0.00012558
2024-05-30 00:00:00,67652.41,68199.97,67471.67,68118.2,2683.70027,0.0001
2024-05-30 08:00:00,67584.57,68100.0,67128.0,67817.01,4585.8536,0.0001
2024-05-30 16:00:00,68530.77,69500.0,68384.0,68653.02,7037.66907,0.0001
2024-05-31 00:00:00,68352.17,68729.73,68274.0,68535.81,2131.97288,0.00014599
2024-05-31 08:00:00,68175.0,68461.0,67876.0,68349.73,3296.46239,0.00012268
2024-05-31 16:00:00,67215.58,67999.0,66670.0,67681.0,6363.51811,0.0001
2024-06-01 00:00:00,67540.01,67757.14,67428.44,67715.31,1777.35139,0.0001
2024-06-01 08:00:00,67632.07,67760.0,67611.61,67660.57,1293.15334,0.0001
2024-06-02 00:00:00,67766.84,67910.55,67643.33,67789.47,1287.2317,0.0001
2024-06-02 08:00:00,67721.01,68320.08,67367.2,68251.52,2959.02252,0.0001
2024-06-02 16:00:00,68142.18,68200.0,67257.47,67736.95,4668.17947,0.0001
2024-06-03 00:00:00,67765.62,68793.97,67612.48,68382.81,3808.91033,0.0001
2024-06-03 08:00:00,68906.7,69333.0,68824.0,69080.0,3826.91777,0.00014135
2024-06-03 16:00:00,69615.27,69715.61,68800.0,69204.0,3716.39069,0.0001
2024-06-04 00:00:00,68809.89,69370.01,68629.9,69170.22,2195.99092,0.00012008
2024-06-04 08:00:00,69013.62,69191.99,68567.32,68955.85,3143.28299,0.0001
2024-06-04 16:00:00,70445.0,71063.45,70092.5,70423.6,9252.35453,0.0001
2024-06-05 00:00:00,70537.83,71275.0,70423.51,70947.58,4747.42504,0.0001
2024-06-05 08:00:00,71199.99,71243.6,70694.61,70971.71,3455.32686,0.00016387
2024-06-05 16:00:00,71580.01,71758.0,70871.2,71279.95,5604.75987,0.00013226
2024-06-06 00:00:00,71108.0,71237.02,70900.0,71050.0,1838.31631,0.0001
2024-06-06 16:00:00,71300.0,71379.93,70450.0,70479.49,5514.55376,0.0001177
2024-06-07 00:00:00,70799.06,71015.2,70663.59,70989.68,1822.51982,0.0001
2024-06-07 08:00:00,71110.01,71700.0,71048.12,71699.99,3176.10664,0.0001
2024-06-07 16:00:00,71111.55,71208.89,68420.0,69255.0,13917.20632,0.00010166
2024-06-08 00:00:00,69355.6,69525.0,69287.28,69432.0,1791.64307,0.0001
2024-06-08 08:00:00,69582.2,69582.2,69318.19,69365.93,1625.99373,0.0001
2024-06-08 16:00:00,69430.01,69490.0,69292.22,69460.01,1578.06404,0.0001
2024-06-09 00:00:00,69310.46,69346.9,69130.24,69259.38,1184.61971,0.0001
2024-06-09 08:00:00,69295.64,69397.19,69283.45,69367.69,869.09305,0.0001
2024-06-10 00:00:00,69648.15,69801.34,69426.0,69613.2,1986.09511,0.0001
2024-06-10 08:00:00,69304.0,69550.0,69172.29,69473.89,2217.29737,0.0001
2024-06-11 08:00:00,67570.18,67662.49,66732.0,66890.01,7282.49886,0.0001
2024-06-11 16:00:00,66244.48,67586.64,66161.26,67407.01,6551.1506,0.0001
2024-06-12 00:00:00,67314.23,67596.15,66905.0,67407.0,2922.2534,0.0001
2024-06-12 08:00:00,67453.64,68059.01,67353.02,67778.43,3358.7204,0.0001
2024-06-12 16:00:00,69734.0,69862.4,67250.0,67532.92,11888.022,0.0001
2024-06-13 00:00:00,68263.98,68393.63,66969.98,67474.94,5168.64979,0.0001
2024-06-13 16:00:00,66470.01,67080.13,66251.78,66604.01,5091.83328,0.0001
2024-06-14 00:00:00,66773.01,67027.32,66480.0,66744.0,2704.93799,0.0001
2024-06-14 08:00:00,66904.98,67256.32,66746.4,67036.0,3383.9336,0.0001
2024-06-14 16:00:00,66392.0,66520.0,65078.0,65520.02,9683.77753,0.0001
2024-06-15 00:00:00,66043.99,66290.0,65967.5,66267.87,2008.24903,0.0001
2024-06-15 08:00:00,66076.99,66348.0,66076.98,66319.95,1493.77779,0.0001
2024-06-15 16:00:00,66316.02,66360.0,66071.47,66154.7,1431.64709,0.0001
2024-06-16 08:00:00,66266.3,66770.0,66172.5,66492.83,2395.77885,0.0001
2024-06-16 16:00:00,66712.8,66744.71,66522.0,66562.52,1140.46531,0.0001
2024-06-17 00:00:00,66676.86,66913.69,66155.0,66222.0,3307.38167,0.0001
2024-06-17 08:00:00,66172.0,66317.64,65556.0,65817.2,4095.43003,0.0001
2024-06-17 16:00:00,65368.0,67298.81,65138.0,66691.99,8280.08295,0.0001
2024-06-18 00:00:00,66504.33,66588.23,64569.0,65500.0,11041.36558,0.0001
2024-06-18 08:00:00,65672.51,65750.01,65100.0,65366.0,3732.15562,8.236e-05
2024-06-18 16:00:00,64705.99,64904.91,64060.0,64412.19,6974.9316,0.0001
2024-06-19 16:00:00,64921.99,65284.37,64791.76,64882.01,2587.30051,2.967e-05
2024-06-20 00:00:00,64974.37,65407.4,64818.72,65189.99,2764.12678,3.934e-05
2024-06-20 08:00:00,65858.84,66482.94,65559.45,66169.85,3716.69714,5.953e-05
2024-06-20 16:00:00,64831.24,65217.21,64559.15,65050.0,5208.45123,6.879e-05
2024-06-21 00:00:00,64869.99,65066.66,64345.0,64506.14,3151.09938,3.344e-05
2024-06-21 08:00:00,64201.63,64372.15,63522.75,63770.0,6116.25686,7.328e-05
2024-06-21 16:00:00,63732.02,64264.95,63465.17,64232.01,4035.76865,0.0001
2024-06-22 00:00:00,64143.56,64342.54,63943.82,64327.45,1615.03389,0.0001
2024-06-22 08:00:00,64519.99,64546.81,64214.43,64265.26,1376.34835,4.146e-05
2024-06-22 16:00:00,64307.09,64362.0,64218.5,64295.01,729.0975,0.0001
2024-06-23 00:00:00,64262.01,64521.0,64262.0,64416.14,1222.9115,0.0001
2024-06-23 08:00:00,64415.27,64437.28,64252.85,64341.45,945.7319,2.307e-05
2024-06-23 16:00:00,64094.01,64187.62,63918.58,64149.78,1430.37834,4.676e-05
2024-06-24 08:00:00,62456.0,62975.6,60567.01,61291.95,12136.79401,0.0001
2024-06-24 16:00:00,60843.99,61044.44,59058.0,59306.72,16409.89475,7.488e-05
2024-06-25 00:00:00,60293.3,61598.87,60257.06,61302.59,4817.65654,7.447e-05
2024-06-25 08:00:00,60685.16,61583.18,60668.01,61187.64,4679.07209,5.949e-05
2024-06-25 16:00:00,61810.0,62420.0,61135.37,61975.46,6527.99194,7.752e-05
2024-06-26 08:00:00,61720.02,61754.6,61149.64,61445.26,3493.404,0.0001
2024-06-26 16:00:00,61467.85,61547.02,60715.3,61000.01,5015.68985,0.0001
2024-06-27 00:00:00,60864.98,61300.0,60764.73,61037.31,2391.00432,0.0001
2024-06-27 16:00:00,61576.0,62015.52,61411.7,61450.0,2557.37367,0.0001
2024-06-28 00:00:00,61706.46,62225.31,61472.37,61828.17,3950.34413,0.0001
2024-06-28 08:00:00,61350.01,61792.34,61212.11,61690.0,3397.52649,0.0001
2024-06-28 16:00:00,61062.0,61119.58,60079.41,60123.73,5131.47495,0.0001
2024-06-29 08:00:00,61052.3,61224.0,60890.03,61102.33,2290.41854,0.0001
2024-06-29 16:00:00,61106.0,61124.0,60915.12,61057.39,1250.42383,0.0001
2024-06-30 00:00:00,60986.68,61078.01,60740.94,60898.32,1806.11748,0.0001
2024-06-30 08:00:00,61528.01,61713.65,61393.07,61560.0,2353.60654,0.0001
2024-06-30 16:00:00,61717.9,62109.81,61590.01,62026.83,2493.15916,0.0001
2024-07-01 00:00:00,62772.01,63818.33,62573.32,63437.69,6859.32328,0.0001
2024-07-01 08:00:00,63277.84,63314.99,62593.07,62662.09,3745.11478,0.0001
2024-07-02 00:00:00,62900.0,63288.83,62787.42,63138.67,1678.91798,0.0001
2024-07-02 08:00:00,62630.0,62866.2,62401.23,62832.01,4139.03014,0.0001
2024-07-02 16:00:00,61948.08,62368.81,61806.28,61939.1,2841.63377,0.0001
2024-07-03 00:00:00,62135.46,62285.94,60600.0,60987.99,5145.57685,0.0001
2024-07-03 16:00:00,60186.25,60655.56,59666.0,59671.1,4933.93774,0.0001
2024-07-04 00:00:00,60208.57,60498.19,57800.01,59102.0,13491.78125,0.0001
2024-07-04 08:00:00,58219.99,58506.18,56952.0,57761.94,13240.07067,0.0001
2024-07-04 16:00:00,58140.0,58676.24,57752.27,58283.62,5009.28193,0.0001
2024-07-05 00:00:00,57050.02,57546.0,55000.0,55227.99,18842.91117,0.0001
2024-07-05 08:00:00,54415.04,55650.0,53900.0,55486.5,14058.05864,0.0001
2024-07-05 16:00:00,56662.99,57040.02,55779.33,56465.42,10590.10229,1.762e-05
2024-07-06 00:00:00,56628.79,56998.0,56170.5,56410.0,4430.41318,5.729e-05
2024-07-06 08:00:00,56606.0,56876.33,56436.78,56731.42,2361.38025,7.512e-05
2024-07-06 16:00:00,57317.99,58113.0,57185.76,57857.99,4272.51181,3.25e-05
2024-07-07 08:00:00,57369.99,57911.71,57350.94,57460.0,2240.99923,0.0001
2024-07-07 16:00:00,56825.42,57392.0,56755.55,57151.1,1983.16539,0.0001
2024-07-08 00:00:00,55857.81,56023.07,54260.16,55160.01,11551.58728,7.905e-05
2024-07-08 08:00:00,55852.0,58236.73,55741.11,57154.01,11849.7342,8.222e-05
2024-07-08 16:00:00,55761.52,56574.99,55425.74,56477.31,4703.86519,0.0001
2024-07-09 00:00:00,56714.61,57362.66,56289.45,57168.36,4128.26169,0.0001
2024-07-09 16:00:00,57477.0,58296.0,57362.08,57862.01,4164.8292,0.0001
2024-07-10 00:00:00,58050.0,58208.0,57309.09,58180.01,2762.2326,0.0001
2024-07-10 08:00:00,58977.99,59032.82,58311.66,58492.0,4042.42633,9.225e-05
2024-07-10 16:00:00,57699.69,58019.89,57353.84,57392.03,3000.7172,5.485e-05
2024-07-12 00:00:00,57339.89,57571.86,56542.47,56914.01,3755.44316,6.378e-05
2024-07-12 08:00:00,57106.95,57334.32,56767.05,57203.54,3142.52354,3.026e-05
2024-07-12 16:00:00,58213.99,58526.68,57500.0,57576.01,4912.50519,4.037e-05
2024-07-13 00:00:00,57889.09,57991.5,57762.39,57814.0,1446.83324,8.319e-05
2024-07-13 08:00:00,58170.33,58854.98,57900.57,58534.0,3065.17976,6.865e-05
2024-07-13 16:00:00,58830.62,58964.89,58572.98,58624.38,1692.04143,0.0001
2024-07-14 00:00:00,59204.01,59838.0,59194.01,59466.15,3229.454,8.737e-05
2024-07-14 08:00:00,60062.01,60400.0,59904.0,60099.1,2939.8847,3.71e-05
2024-07-14 16:00:00,60084.0,60184.99,59894.16,59915.99,1320.94796,8.342e-05
2024-07-15 00:00:00,60797.91,62796.01,60632.3,62647.87,8302.39428,4.59e-05
2024-07-15 08:00:00,62840.12,63243.71,62290.0,62454.0,4225.17162,3.202e-05
2024-07-15 16:00:00,63026.01,63820.15,62852.0,63342.0,8649.43196,-5.14e-06
2024-07-16 00:00:00,64724.06,64955.49,64436.2,64752.14,4459.14074,-5.062e-05
2024-07-16 08:00:00,62895.01,63872.2,62373.24,63746.11,6280.01898,8.814e-05
2024-07-16 16:00:00,64878.24,65200.0,64111.56,65165.43,7931.24617,2.717e-05
2024-07-17 00:00:00,65044.0,66128.63,64932.31,65701.66,5877.77737,-3.419e-05
2024-07-17 16:00:00,64724.01,64766.99,63854.0,64585.78,5893.07209,2.143e-05
2024-07-18 00:00:00,64087.99,65133.3,63910.0,64865.08,4071.27925,6.89e-06
2024-07-18 08:00:00,64668.0,64950.0,64441.94,64758.0,2394.45662,1.546e-05
2024-07-18 16:00:00,63538.12,63958.51,63238.48,63555.0,4155.67605,3.127e-05
2024-07-19 00:00:00,63987.92,64368.62,63300.67,64325.0,3161.96417,4.029e-05
2024-07-19 08:00:00,63694.01,64182.77,63409.01,64116.0,3490.01318,4.855e-05
2024-07-19 16:00:00,65836.76,67386.0,65827.62,67157.26,11099.18996,4.606e-05
2024-07-20 08:00:00,66562.27,66733.09,66458.83,66483.69,1353.5524,1.944e-05
2024-07-20 16:00:00,66824.99,67598.0,66679.01,67224.0,4139.41482,1.622e-05
2024-07-21 00:00:00,67139.97,67436.22,66962.0,67171.33,1473.02827,-5.313e-05
2024-07-21 08:00:00,66702.0,67062.77,66680.0,66879.99,1335.82107,2.194e-05
2024-07-21 16:00:00,67164.0,67713.0,65777.0,67422.02,9311.54907,6.46e-06
2024-07-22 00:00:00,68165.35,68474.55,67753.72,67880.01,2930.46409,9.136e-05
2024-07-22 08:00:00,67236.01,67599.0,66944.1,67516.01,2471.17079,5.953e-05
2024-07-22 16:00:00,67063.87,68250.0,66798.36,68232.07,3909.8301,2.769e-05
2024-07-23 00:00:00,67532.0,67750.98,67183.98,67473.99,2359.78706,4.709e-05
2024-07-23 08:00:00,66576.0,67166.01,66454.0,66676.01,4791.70581,4.31e-05
2024-07-23 16:00:00,66584.01,66780.01,65441.08,65536.01,6601.90145,4.642e-05
2024-07-24 00:00:00,65936.0,66146.01,65476.84,66052.71,2432.59154,0.0001
2024-07-24 08:00:00,66078.0,66600.0,66008.0,66367.99,3288.02602,0.0001
2024-07-24 16:00:00,66176.0,66709.55,65558.89,65652.0,5503.70728,0.0001
2024-07-25 00:00:00,65376.01,65620.0,63861.0,64093.59,9391.42907,0.0001
2024-07-25 08:00:00,64134.0,64480.0,63878.0,64096.0,4126.90854,0.0001
2024-07-25 16:00:00,64790.89,65187.82,64388.46,64692.01,5638.02977,0.0001
2024-07-26 00:00:00,65799.95,67480.0,65722.63,67042.01,5791.72468,0.0001
2024-07-26 08:00:00,66890.56,67498.0,66890.56,67322.0,3011.50616,0.0001
2024-07-26 16:00:00,67560.0,68144.01,67303.07,67990.0,3294.11637,3.34e-05
2024-07-27 00:00:00,67908.0,68081.57,67630.0,67798.0,1546.232,6.547e-05
2024-07-27 08:00:00,68036.68,68275.64,67892.24,68209.88,1834.00547,8.022e-05
2024-07-27 16:00:00,68844.0,68990.03,67658.68,68246.0,5271.56991,9.109e-05
2024-07-28 00:00:00,67896.49,68285.43,67260.54,67940.95,2215.70821,8.18e-05
2024-07-28 08:00:00,67560.86,68000.0,67220.0,67836.0,1770.93628,9.177e-05
2024-07-29 08:00:00,69528.01,69838.62,69375.0,69580.01,3013.88754,5.623e-05
2024-07-30 00:00:00,66784.68,66886.0,65862.0,66610.0,5989.73926,3.396e-05
2024-07-30 16:00:00,66216.01,66550.01,65556.56,65931.02,3450.64877,7.691e-05
2024-07-31 00:00:00,66188.0,66413.28,65881.96,66058.0,1725.24015,3.063e-05
2024-07-31 08:00:00,66224.0,66374.01,65954.54,66094.01,1829.74564,7.178e-05
2024-07-31 16:00:00,66379.99,66836.3,64957.14,65256.83,6409.37317,3.826e-05
2024-08-01 00:00:00,64628.01,64841.29,63750.0,63936.01,5768.43332,8.208e-05
2024-08-01 08:00:00,64328.6,64701.41,64299.87,64674.25,2655.04695,0.0001
2024-08-01 16:00:00,62907.44,63509.83,62302.0,63422.01,8541.89631,0.0001
2024-08-02 00:00:00,65354.02,65596.14,63668.0,64609.18,4163.15932,0.0001
2024-08-02 16:00:00,63416.0,63611.24,62515.0,62633.57,5054.98681,0.0001
2024-08-03 00:00:00,61498.34,61975.0,60505.0,61895.99,7057.47647,0.0001
2024-08-03 08:00:00,61662.02,62002.39,61457.89,61919.38,1996.26325,9.788e-05
2024-08-04 00:00:00,60697.99,61117.63,60320.0,60735.0,2502.72642,0.0001
2024-08-04 08:00:00,60374.0,61000.0,60081.57,60896.0,2180.15909,5.343e-05
2024-08-04 16:00:00,59086.01,59497.21,57122.77,59257.66,12940.59003,0.0001
2024-08-05 00:00:00,58161.0,58305.59,52300.17,53890.87,36136.4623,0.0001
2024-08-05 08:00:00,52674.2,53218.37,50633.47,51340.0,19223.46997,4.429e-05
2024-08-05 16:00:00,54321.08,55600.0,52555.0,53470.09,16277.76056,5.967e-05
2024-08-06 00:00:00,54018.82,56276.0,53950.0,55665.73,10506.64519,3.566e-05
2024-08-06 08:00:00,55998.02,56122.0,54600.01,55210.01,9386.98945,-2.845e-05
2024-08-06 16:00:00,56405.99,57040.99,56234.8,56765.48,8827.28343,4.485e-05
2024-08-07 00:00:00,56022.0,57287.99,55557.88,56862.0,6756.5481,-7.3e-06
2024-08-07 16:00:00,56094.51,56300.0,54676.35,54759.22,9406.48722,3.241e-05
2024-08-08 08:00:00,57193.48,57670.04,56978.52,57320.51,3688.92815,3.086e-05
2024-08-08 16:00:00,59428.03,59863.0,59237.59,59414.51,6749.57668,1.147e-05
2024-08-09 00:00:00,61686.0,61744.37,60720.0,61358.39,5373.57013,4.994e-05
2024-08-09 08:00:00,60863.58,61210.31,60170.16,60655.24,4238.45087,2.184e-05
2024-08-09 16:00:00,59810.24,60750.0,59700.0,60681.42,3794.60746,4.846e-05
2024-08-10 00:00:00,60837.99,61470.58,60266.03,60437.84,2866.07526,-3.942e-05
2024-08-10 08:00:00,60842.01,61116.65,60601.96,60920.88,1618.24524,-1.379e-05
2024-08-10 16:00:00,60515.9,61196.63,60400.0,61016.45,1789.44845,-1.949e-05
2024-08-11 00:00:00,60923.51,61382.73,60892.0,61085.01,1397.39336,4.049e-05
2024-08-11 08:00:00,61257.0,61858.0,60425.0,60669.15,3535.80151,-1.839e-05
2024-08-12 00:00:00,58712.59,59088.33,58100.06,58509.5,4095.99147,1.113e-05
2024-08-12 08:00:00,58674.62,59990.0,58125.75,59851.7,6603.96568,8.783e-05
2024-08-12 16:00:00,60207.38,60420.34,58440.54,59043.98,5640.99625,-2.238e-05
2024-08-13 00:00:00,59346.64,59923.28,58846.95,59040.0,4305.36618,6.14e-05
2024-08-13 08:00:00,59238.05,59331.99,58392.88,58830.0,3375.9081,5.21e-06
2024-08-13 16:00:00,59472.25,61578.1,59446.22,60820.15,9342.46623,-3.902e-05
2024-08-14 00:00:00,60587.16,61302.88,60425.01,60952.83,2371.7811,1.152e-05
2024-08-14 08:00:00,60914.02,61453.0,60640.4,61296.87,3475.66893,-1.33e-05
2024-08-14 16:00:00,59435.69,59462.61,58615.06,58891.13,4924.68347,-7.811e-05
2024-08-15 00:00:00,58683.39,59044.44,58010.0,58442.98,5000.29248,-8.488e-05
2024-08-15 08:00:00,58060.36,58872.85,57964.85,58745.36,3345.64247,6.339e-05
2024-08-15 16:00:00,59682.85,59849.38,56680.0,57047.46,10434.70512,-6.181e-05
2024-08-16 00:00:00,57541.05,58517.47,57098.62,57890.0,4146.62428,-0.00011235
2024-08-16 08:00:00,58456.99,58683.47,58218.71,58400.0,2450.75569,-7.387e-05
2024-08-16 16:00:00,58071.07,59817.76,58000.0,59683.39,6963.94372,-5.57e-06
2024-08-17 00:00:00,58874.59,59389.18,58785.05,59158.37,1769.95814,1.912e-05
2024-08-17 08:00:00,59248.0,59477.16,59060.0,59137.12,1327.01136,4.177e-05
2024-08-17 16:00:00,59388.11,59700.0,59294.31,59473.19,1157.01055,-1.52e-06
2024-08-18 00:00:00,59491.99,60259.01,59300.0,59337.42,2850.6571,3.966e-05
2024-08-18 08:00:00,59573.39,60200.0,59436.0,60024.01,2556.86768,-1.323e-05
2024-08-18 16:00:00,59863.99,59945.83,59377.14,59708.38,1411.05054,-3.149e-05
2024-08-19 00:00:00,58427.35,58763.83,58210.03,58736.85,4986.95947,-3.616e-05
2024-08-19 08:00:00,58502.19,58671.38,57787.3,58396.95,4744.05742,-6.75e-05
2024-08-20 00:00:00,59438.5,60910.55,59363.31,60619.18,6392.34637,-2.656e-05
2024-08-20 08:00:00,60924.33,60975.0,60401.9,60518.82,3208.7774,1.349e-05
2024-08-21 08:00:00,59711.99,59924.13,59085.88,59361.14,2931.20089,-5.91e-06
2024-08-22 00:00:00,61156.03,61229.0,59724.87,60548.9,4109.54112,-2.229e-05
2024-08-22 08:00:00,60984.31,61400.0,60802.38,61336.09,3099.60131,1.338e-05
2024-08-23 00:00:00,60375.83,60968.24,60342.14,60593.31,2184.3747,-3.329e-05
2024-08-23 08:00:00,61069.26,61337.57,60691.11,60741.68,2313.52775,2.391e-05
2024-08-23 16:00:00,61533.04,63819.16,61349.99,63628.84,11503.37,-4.317e-05
2024-08-24 00:00:00,64037.24,64206.7,63626.58,63832.01,3091.41323,-7.72e-06
2024-08-24 16:00:00,63976.0,64444.0,63903.58,64210.6,2874.78934,6.395e-05
2024-08-25 00:00:00,64157.02,64507.04,64000.0,64101.01,2623.24737,-4.806e-05
2024-08-25 08:00:00,63868.27,64010.0,63773.27,63873.91,1728.68012,-1.531e-05
2024-08-25 16:00:00,64132.17,64248.66,64000.0,64187.41,1118.62168,3.108e-05
2024-08-26 00:00:00,64219.99,64481.0,63790.0,64114.99,2477.44562,2.439e-05
2024-08-26 16:00:00,63532.54,63878.78,63192.04,63342.99,3487.08919,3.789e-05
2024-08-27 08:00:00,62902.32,63000.0,62230.0,62417.0,4189.56881,1.751e-05
2024-08-27 16:00:00,61709.13,62196.75,61518.74,62102.01,3043.78733,7.753e-05
2024-08-28 00:00:00,59415.0,59650.0,58917.12,59629.01,5551.9553,-6.803e-05
2024-08-28 08:00:00,58600.98,60234.98,58534.35,59935.0,6405.76959,2.433e-05
2024-08-29 00:00:00,59034.9,59320.0,58878.46,59141.1,2188.72128,-9.76e-06
2024-08-29 16:00:00,60779.99,60960.0,58915.01,59258.0,7172.50668,5.59e-06
2024-08-30 00:00:00,59359.0,59487.64,58899.7,59032.01,2743.70295,9.36e-06
2024-08-30 08:00:00,59271.11,59674.42,59271.0,59396.0,3176.58551,3.578e-05
2024-08-30 16:00:00,58095.0,59371.0,57701.1,58700.02,6417.58601,2.927e-05
2024-08-31 00:00:00,59123.99,59462.38,59070.4,59232.01,1647.80492,-1.749e-05
2024-08-31 08:00:00,59095.01,59188.9,58831.88,59120.99,1404.08788,3.578e-05
2024-08-31 16:00:00,59006.54,59140.01,58744.0,58856.0,1637.2679,3.8e-05
2024-09-01 00:00:00,58974.0,59076.59,58276.01,58524.21,2314.00203,4.113e-05
2024-09-01 16:00:00,58217.0,58788.93,57864.3,58514.0,2668.74429,-3.82e-06
2024-09-02 16:00:00,58537.99,58666.64,58293.12,58439.99,2856.4724,-3.63e-06
2024-09-03 00:00:00,59132.12,59809.65,59021.62,59110.99,3188.73817,6.245e-05
2024-09-03 16:00:00,57725.01,58251.09,57589.01,58046.0,3746.4115,4.598e-05
2024-09-04 00:00:00,57487.74,57943.53,55606.0,56653.98,10008.5459,2.209e-05
2024-09-04 08:00:00,56746.0,56909.94,56453.0,56573.0,3012.85274,1.05e-05
2024-09-04 16:00:00,58134.0,58519.0,57646.0,58058.01,5284.73247,-1.47e-05
2024-09-05 00:00:00,57970.9,58327.07,56891.07,57135.42,4718.02876,9.016e-05
2024-09-05 08:00:00,57155.1,57232.0,56623.0,56698.01,2824.97809,2.025e-05
2024-09-06 00:00:00,56180.0,56858.88,55989.0,56588.0,3089.15324,2.28e-05
2024-09-06 16:00:00,54045.0,54435.0,53267.54,53534.28,11314.50356,1.428e-05
2024-09-07 00:00:00,53962.97,54095.65,53745.54,53818.91,2283.19066,-5.57e-06
2024-09-07 08:00:00,54286.0,54492.98,54168.23,54326.0,2289.86562,-7.634e-05
2024-09-07 16:00:00,54780.0,54850.0,54000.0,54404.01,3137.77696,-7.236e-05
2024-09-08 00:00:00,54160.86,54509.0,53964.0,54402.99,1979.50014,3.745e-05
2024-09-08 08:00:00,54436.25,54722.85,54356.0,54556.08,1765.73164,-5.999e-05
2024-09-08 16:00:00,53686.99,54531.1,53629.01,54337.01,2289.20807,-5.245e-05
2024-09-09 00:00:00,54869.95,55370.23,54688.69,55115.0,4899.59127,-7.585e-05
2024-09-09 08:00:00,54974.01,55555.0,54960.0,55264.87,3429.17626,-7.108e-05
2024-09-10 00:00:00,57042.01,57065.34,56522.86,56524.74,3589.26607,-6.028e-05
2024-09-10 08:00:00,57218.56,57378.0,56878.65,57228.0,3523.74246,-2.93e-05
2024-09-10 16:00:00,56596.01,58044.36,56566.0,57952.01,5036.50689,-1.126e-05
2024-09-11 00:00:00,57635.99,57750.0,56681.32,56819.55,4635.08566,-8.953e-05
2024-09-11 08:00:00,56712.01,56895.82,56325.7,56797.99,4294.63231,-2.247e-05
2024-09-11 16:00:00,56701.22,57981.71,56646.0,57585.5,7312.7816,-5.212e-05
2024-09-12 00:00:00,57338.0,58470.01,57324.0,58232.72,4925.10026,-1.951e-05
2024-09-12 08:00:00,58138.15,58350.0,57894.0,58057.99,3403.41297,-5.46e-06
2024-09-12 16:00:00,57512.03,58450.99,57494.01,58388.0,5931.38887,-2.95e-05
2024-09-13 00:00:00,58132.31,58290.4,57798.49,57845.97,2349.18013,-6.9e-07
2024-09-14 00:00:00,60497.99,60610.45,60285.55,60329.37,2276.07277,-8.699e-05
2024-09-14 08:00:00,60138.14,60156.0,59605.98,59706.39,2203.8962,8.59e-06
2024-09-15 00:00:00,59993.02,60280.06,59986.01,60155.93,1236.11942,-4.91e-06
2024-09-15 08:00:00,60195.99,60204.0,59880.0,60000.51,1163.54597,1e-08
2024-09-15 16:00:00,60335.41,60352.65,59707.08,59878.22,3245.74935,4.02e-06
2024-09-16 00:00:00,59132.0,59210.7,58112.0,58575.09,5370.8386,2.402e-05
2024-09-16 16:00:00,57881.7,58263.84,57493.3,57943.99,4927.89314,6.762e-05
2024-09-17 08:00:00,58695.39,59300.0,58636.36,59080.99,3403.05073,1.911e-05
2024-09-17 16:00:00,61135.49,61261.0,59618.26,59967.99,7151.64931,5.327e-05
2024-09-18 00:00:00,60313.99,60769.0,59854.6,60509.99,3991.84107,1.344e-05
2024-09-18 08:00:00,60428.01,60428.01,59348.88,59846.0,4528.13103,1.678e-05
2024-09-19 00:00:00,61759.98,62589.52,61555.0,62117.99,8344.2925,3.512e-05
2024-09-19 08:00:00,62094.0,62727.52,61888.18,62645.44,3685.66229,2.949e-05
2024-09-20 00:00:00,62948.0,63750.0,62606.0,63742.16,3621.8169,8.065e-05
2024-09-20 16:00:00,63153.99,63282.0,62350.0,62809.13,3393.59501,5.543e-05
2024-09-21 08:00:00,63091.02,63136.0,62966.01,63089.77,1035.11805,0.0001
2024-09-21 16:00:00,63167.98,63400.0,63086.0,63203.59,1787.68953,8.234e-05
2024-09-22 00:00:00,63348.97,63450.0,62830.01,63106.0,1863.74001,6.285e-05
2024-09-22 08:00:00,62936.0,63034.99,62544.94,62784.0,1840.93484,9.254e-05
2024-09-22 16:00:00,62652.12,63229.5,62468.01,63160.0,2262.34879,5.537e-05
2024-09-23 00:00:00,63578.76,64745.88,62538.75,64354.0,7140.31946,6.546e-05
2024-09-23 08:00:00,63548.83,63710.0,63300.0,63435.04,2927.2427,1.364e-05
2024-09-23 16:00:00,63617.99,63825.96,63098.97,63298.56,3051.89312,5.304e-05
2024-09-24 00:00:00,63339.99,63401.21,62700.0,63124.0,4362.37127,2.324e-05
2024-09-24 08:00:00,63559.93,63948.0,63380.0,63478.34,2935.03801,2.895e-05
2024-09-25 00:00:00,64262.7,64817.99,63990.41,64460.0,3313.63849,1.223e-05
2024-09-25 16:00:00,63495.66,63670.0,63000.0,63181.5,3421.13755,1.336e-05
2024-09-26 08:00:00,63852.07,64500.0,63595.67,64393.99,4265.52614,6.246e-05
2024-09-26 16:00:00,65229.03,65839.0,64693.26,64711.06,5421.22806,0.0001
2024-09-27 00:00:00,65173.99,65425.0,64819.9,65366.01,2512.15165,0.0001
2024-09-27 08:00:00,65460.02,65986.0,65342.78,65437.35,3894.1937,6.722e-05
2024-09-27 16:00:00,66006.01,66360.0,65524.0,65657.99,3581.38796,2.275e-05
2024-09-28 00:00:00,65769.95,66260.0,65720.0,66063.76,1667.03312,5.455e-05
2024-09-28 16:00:00,65619.14,65823.08,65492.59,65724.0,1744.50199,1.414e-05
2024-09-29 08:00:00,65477.01,65720.0,65433.0,65691.92,1041.46532,3.128e-05
2024-09-29 16:00:00,65751.34,65972.17,65654.01,65958.82,1134.64262,7.253e-05
2024-09-30 00:00:00,65602.01,65618.8,64190.0,64553.68,6048.78935,3.077e-05
2024-09-30 16:00:00,63561.42,63738.25,63056.0,63488.0,5487.90402,0.0001
2024-10-01 00:00:00,63327.6,63744.0,63006.7,63723.48,3879.35185,0.0001
2024-10-01 08:00:00,64045.92,64118.0,63707.89,63734.0,3230.34622,0.0001
2024-10-02 00:00:00,60804.92,61883.0,60733.81,61750.47,4288.88242,6.632e-05
2024-10-02 08:00:00,61727.39,61914.34,60888.88,61164.01,3827.59582,8.409e-05
2024-10-02 16:00:00,61874.01,62390.31,60000.0,60190.01,7929.51771,8.191e-05
2024-10-03 00:00:00,60649.27,61464.0,60536.0,61463.99,3657.31206,4.381e-05
2024-10-03 08:00:00,60926.0,61070.47,60126.56,60764.74,4407.11899,3.746e-05
2024-10-03 16:00:00,60641.5,61058.0,59917.02,61036.0,4408.85414,4.99e-05
2024-10-04 00:00:00,60752.72,61272.73,60459.9,60951.99,2373.59688,7.097e-05
2024-10-04 08:00:00,61443.64,61646.27,61266.42,61449.84,2343.66551,2.119e-05
2024-10-05 00:00:00,62086.0,62214.0,61689.26,61861.99,1490.81546,-1.596e-05
2024-10-05 08:00:00,62076.2,62326.48,62076.19,62180.0,1522.84096,1.088e-05
2024-10-05 16:00:00,62167.65,62180.0,61790.0,61848.48,1408.81584,8.61e-06
2024-10-06 00:00:00,62058.01,62150.0,61876.0,61878.66,882.65112,5.72e-06
2024-10-06 16:00:00,62720.01,62975.0,62550.0,62631.38,1681.72471,4.18e-05
2024-10-07 00:00:00,62819.91,63970.19,62657.44,63530.51,4456.00399,4.573e-05
2024-10-07 08:00:00,63532.0,63706.0,62649.95,63135.44,4457.19558,-9.52e-06
2024-10-08 00:00:00,62224.01,62820.0,62156.02,62629.8,2759.18935,-1.678e-05
2024-10-08 08:00:00,62319.99,62670.16,62193.63,62624.01,2240.95507,7.094e-05
2024-10-08 16:00:00,62288.01,62598.0,61860.31,62245.53,3585.78327,8.1e-05
2024-10-09 00:00:00,62160.5,62494.0,62002.5,62394.07,2218.57179,0.0001
2024-10-09 08:00:00,62276.79,62287.07,62046.69,62200.0,1718.42818,5.138e-05
2024-10-09 16:00:00,62316.0,62350.0,60835.0,61031.98,5071.40002,7.939e-05
2024-10-10 00:00:00,60636.01,60956.0,60355.0,60865.29,2727.57646,2.09e-05
2024-10-10 08:00:00,60900.01,61321.68,60630.71,61262.0,2559.67177,1.532e-05
2024-10-10 16:00:00,60789.36,61030.31,58946.0,59727.28,8517.95777,0.0001
2024-10-11 00:00:00,60326.4,60768.64,60087.64,60614.0,2415.18063,2.231e-05
2024-10-11 08:00:00,60674.68,61263.4,60650.44,61174.87,2754.98816,-1.874e-05
2024-10-12 00:00:00,62539.99,63073.78,62487.23,62568.0,2510.94662,4.558e-05
2024-10-12 16:00:00,63157.5,63400.0,62911.0,63000.01,1537.73891,-1.489e-05
2024-10-13 00:00:00,63206.23,63285.72,62654.91,62712.31,1978.86462,6.93e-06
2024-10-13 08:00:00,62843.48,62962.0,62520.18,62561.33,2072.26507,1.638e-05
2024-10-13 16:00:00,62229.32,62887.78,62177.67,62734.32,2186.22682,3.938e-05
2024-10-14 00:00:00,62870.02,64392.49,62457.81,64299.99,5202.69582,5.429e-05
2024-10-14 08:00:00,64620.87,65188.57,64340.98,64920.06,5338.83523,0.0001
2024-10-14 16:00:00,65870.0,66072.3,65459.0,65939.4,5541.11281,0.0001
2024-10-15 00:00:00,66084.0,66330.0,65324.4,65400.0,3574.82599,0.0001
2024-10-15 08:00:00,65638.74,65850.0,65280.0,65399.69,3798.65244,0.0001
2024-10-15 16:00:00,66022.01,67390.89,65982.55,66970.18,8440.07018,0.0001
2024-10-16 00:00:00,67074.14,67561.04,66750.49,67095.98,3508.4024,8.325e-05
2024-10-16 16:00:00,67750.0,68100.0,67482.0,67728.0,3575.32974,0.0001
2024-10-17 00:00:00,67620.0,67939.4,67406.99,67601.4,2503.78211,0.0001
2024-10-17 08:00:00,67303.18,67530.01,66741.09,66872.43,4840.70419,0.0001
2024-10-18 16:00:00,68735.34,69000.0,68360.0,68608.01,5094.2734,0.0001
2024-10-19 00:00:00,68427.99,68693.26,68303.03,68450.01,1376.73627,0.0001
2024-10-19 08:00:00,68346.54,68475.7,68090.3,68090.3,1655.36285,0.0001
2024-10-19 16:00:00,68226.94,68242.43,68010.0,68181.98,1019.59496,0.0001
2024-10-20 00:00:00,68377.99,68446.0,68100.0,68188.0,1054.72024,0.0001
2024-10-20 08:00:00,68378.01,68500.0,68355.0,68420.01,1130.42068,0.0001
2024-10-20 16:00:00,68625.99,68660.0,68422.0,68508.29,1137.38491,0.0001
2024-10-21 00:00:00,69032.0,69519.52,68588.51,68939.99,4025.34961,0.0001
2024-10-21 08:00:00,68513.99,68661.0,68119.01,68238.01,4244.21652,0.0001
2024-10-21 16:00:00,67341.02,67941.17,66894.0,67763.0,5541.16575,0.0001
2024-10-22 00:00:00,67377.5,67694.92,66571.42,67390.02,4530.23136,0.0001
2024-10-22 08:00:00,67402.0,67526.67,66740.0,67299.15,5952.92995,0.0001
2024-10-22 16:00:00,67282.27,67635.72,66920.0,67482.98,3629.34667,0.0001
2024-10-23 00:00:00,67426.01,67472.83,66890.0,67082.1,2192.04981,0.0001
2024-10-23 08:00:00,66852.33,67048.0,66200.0,66414.0,4678.16343,0.0001
2024-10-23 16:00:00,66223.45,66573.58,65260.0,66472.0,7747.67519,0.0001
2024-10-24 00:00:00,66668.65,67612.12,66510.0,67213.16,4069.13262,0.0001
2024-10-24 08:00:00,67123.09,67322.26,66700.0,67285.99,3627.57529,0.0001
2024-10-24 16:00:00,67701.21,68323.0,67350.01,68309.79,4018.19794,0.0001
2024-10-25 00:00:00,68198.27,68286.56,67836.0,68008.0,2103.46788,0.0001
2024-10-25 08:00:00,67531.96,68183.78,67286.28,68105.79,3432.59534,0.0001
2024-10-25 16:00:00,67690.01,67890.52,66006.6,66850.0,12819.56162,0.0001
2024-10-26 00:00:00,66698.32,67050.2,66439.9,66914.0,3685.00548,4.755e-05
2024-10-26 16:00:00,66886.49,67181.82,66788.0,67177.99,1318.30448,0.0001
2024-10-27 00:00:00,67092.76,67325.46,66913.73,67289.57,986.04169,0.0001
2024-10-27 08:00:00,67204.0,67266.49,67036.85,67128.04,1089.42823,9.724e-05
2024-10-27 16:00:00,67792.0,68000.0,67540.88,67850.0,1636.67932,0.0001
2024-10-28 00:00:00,68021.69,68116.78,67677.77,67727.59,1748.50819,9.425e-05
2024-10-28 16:00:00,68494.2,69900.0,68452.54,69629.98,7959.90622,8.946e-05
2024-10-29 00:00:00,69962.21,71587.88,69760.0,70938.14,9260.69533,0.0001
2024-10-29 08:00:00,71017.96,71578.95,70974.0,71452.01,4333.82377,0.0001
2024-10-30 00:00:00,72736.41,72785.72,72000.01,72234.0,3553.7595,0.0001
2024-10-30 08:00:00,72227.99,72604.97,71926.82,71983.99,3249.22754,0.0001
2024-10-31 00:00:00,72344.75,72599.99,72030.08,72353.74,2955.82677,0.0001
2024-10-31 08:00:00,72417.19,72700.0,72149.79,72226.0,3129.22143,0.0001
2024-10-31 16:00:00,70620.01,70949.51,70036.0,70092.07,5987.52232,0.0001
2024-11-01 00:00:00,70292.01,70470.0,68830.0,69369.99,6736.08255,0.0001
2024-11-01 08:00:00,69273.7,70228.0,69237.26,70002.01,4258.62726,0.0001
2024-11-01 16:00:00,69387.78,70515.16,68820.14,69268.0,8722.26319,0.0001
2024-11-02 00:00:00,69496.0,69914.37,69479.91,69599.99,1888.97948,0.0001
2024-11-02 08:00:00,69813.91,69838.62,69417.88,69608.0,1279.6003,0.0001
2024-11-02 16:00:00,69393.18,69616.0,69215.0,69510.0,1553.51785,0.0001
2024-11-03 00:00:00,69374.74,69391.0,67864.16,68379.89,5846.4092,0.0001
2024-11-03 08:00:00,68397.42,68603.58,68200.01,68358.86,2460.80349,0.0001
2024-11-03 16:00:00,68090.91,68693.81,67667.21,68679.0,4811.23179,0.0001
2024-11-04 00:00:00,68775.99,69500.0,68240.61,69047.86,3531.81884,0.0001
2024-11-04 08:00:00,68618.0,69036.0,68470.0,68792.71,3061.68173,0.0001
2024-11-04 16:00:00,68646.01,68814.32,67251.5,67856.0,7022.60435,0.0001
2024-11-05 00:00:00,67850.01,68255.0,67476.63,68243.0,3631.30352,0.0001
2024-11-06 00:00:00,69372.01,75000.0,69298.0,74348.53,29431.196937,0.0001
2024-11-06 08:00:00,73370.89,74475.47,72656.31,74272.01,13990.39249,0.0001
2024-11-06 16:00:00,74297.99,75850.0,74150.0,75823.55,11500.391072,0.0001
2024-11-07 00:00:00,75571.99,76022.79,75003.83,75048.01,7170.25219,0.0001
2024-11-07 08:00:00,74757.58,75150.11,74649.54,74746.0,3766.42463,0.0001
2024-11-07 16:00:00,76059.68,76718.99,75555.17,76530.39,13850.283425,0.0001
2024-11-08 00:00:00,75857.89,76358.0,75555.0,75890.79,4416.57747,0.0001
2024-11-08 08:00:00,76148.49,76320.0,75760.0,75934.46,3321.2486,0.0001
2024-11-08 16:00:00,76427.72,77199.99,75822.07,76912.58,9446.863703,0.0001
2024-11-09 00:00:00,76509.78,76639.84,76136.0,76341.47,2498.29713,0.0001
2024-11-09 08:00:00,76529.07,76735.59,76358.91,76487.11,1956.64753,0.0001
2024-11-09 16:00:00,76319.91,76700.0,75714.66,76204.92,3958.68374,0.0001
2024-11-10 00:00:00,76677.46,77498.0,76492.0,77205.96,6237.464965,0.0001
2024-11-10 08:00:00,78832.36,80040.0,78832.36,79844.01,7359.556072,0.00025603
2024-11-10 16:00:00,79694.03,81069.99,79324.59,79748.99,11314.767361,0.00014113
2024-11-11 08:00:00,81109.11,82380.94,81023.29,82134.0,8046.625461,0.0001
2024-11-11 16:00:00,84059.53,86650.0,83831.84,86102.21,19271.655334,0.0001
2024-11-12 08:00:00,88983.35,89372.0,85229.0,87155.55,21526.29235,0.00043737
2024-11-12 16:00:00,86632.0,89764.38,85730.35,88704.28,14486.43433,0.00038754
2024-11-13 00:00:00,87952.0,88562.94,87004.0,87136.0,10008.6189,0.0001
2024-11-13 16:00:00,92540.0,93265.64,89969.87,90193.51,22766.283954,0.00021856
2024-11-14 08:00:00,90769.42,91657.77,90329.8,91491.86,8132.00542,0.0001
2024-11-14 16:00:00,87947.99,89775.24,87526.74,89463.99,8531.95926,0.0001
2024-11-15 00:00:00,87325.59,88473.7,87252.0,88218.21,6032.5219,0.0001
2024-11-15 08:00:00,87612.01,89771.99,87368.0,89741.25,6640.4585,0.0001
2024-11-15 16:00:00,88445.4,90844.9,88386.99,90377.89,8672.84127,0.00010977
2024-11-16 16:00:00,90521.2,91396.03,90186.64,91100.24,3466.38119,0.00013231
2024-11-17 00:00:00,90587.98,90888.0,89364.0,90247.86,4950.72397,0.00015765
2024-11-17 08:00:00,90550.8,91449.99,90478.99,90684.19,3929.09518,0.0001
2024-11-18 00:00:00,89855.98,90935.44,89617.96,90668.58,3252.23252,0.0001
2024-11-18 08:00:00,91719.9,92211.99,90051.1,90275.13,6488.59666,0.0003645
2024-11-18 16:00:00,92309.51,92584.95,89667.66,90608.26,9954.79626,0.00021318
2024-11-19 00:00:00,90464.07,91529.0,90357.0,91428.0,3575.26612,0.00021606
2024-11-19 08:00:00,91620.0,91950.0,91200.0,91652.02,3730.94665,0.00030216
2024-11-19 16:00:00,92391.99,93905.51,92147.12,93227.87,11450.7773,0.00017959
2024-11-20 08:00:00,92850.38,93669.98,92720.0,93454.65,6216.74888,0.0001
2024-11-20 16:00:00,94739.98,94831.97,93138.0,94000.0,10761.1069,0.0001
2024-11-21 08:00:00,96912.01,98384.86,96723.96,97974.99,10048.90103,0.0001
2024-11-22 00:00:00,98317.12,99299.99,97840.0,98836.5,7532.474903,0.0001
2024-11-22 08:00:00,99173.7,99267.19,98219.84,98870.38,6290.74803,0.0001
2024-11-23 00:00:00,98892.0,98908.85,98300.0,98666.67,3918.314,0.0001
2024-11-23 08:00:00,98560.84,98623.76,98300.0,98429.99,3176.75105,0.0001
2024-11-23 16:00:00,98400.01,98459.56,97336.06,97504.0,7486.78427,0.0001
2024-11-24 08:00:00,98431.05,98472.98,97239.29,97280.03,3606.92172,0.00016148
2024-11-24 16:00:00,95901.52,96747.98,95734.77,96320.02,5662.8696,0.00023228
2024-11-25 00:00:00,97900.05,98050.0,96888.0,97898.8,3838.26336,0.00021035
2024-11-25 08:00:00,98047.34,98871.8,97850.0,98188.09,5195.73129,0.0001
2024-11-25 16:00:00,96000.57,96500.0,94400.0,94669.48,10283.14008,0.00025233
2024-11-26 00:00:00,93010.01,94923.69,92727.9,94464.0,6245.66011,0.00021902
2024-11-26 08:00:00,93785.72,93785.72,91466.52,92356.85,13592.93588,0.00017936
2024-11-26 16:00:00,92812.99,94685.6,91554.11,91683.89,10628.56926,0.00029599
2024-11-27 00:00:00,91965.16,93037.38,91792.14,92588.0,5555.58018,0.00031205
2024-11-27 08:00:00,93597.16,93885.6,93109.12,93367.99,3994.01189,0.00016795
2024-11-28 00:00:00,95863.11,96564.0,94822.54,95471.43,6275.70277,0.0001
2024-11-28 08:00:00,95299.66,95780.0,94640.0,95452.01,4752.0259,0.00014326
2024-11-28 16:00:00,95007.15,95435.68,94817.0,95119.48,3678.82621,0.00011859
2024-11-29 00:00:00,95643.99,96859.0,95364.99,96590.36,3208.77651,0.00020619
2024-11-29 08:00:00,95625.05,97358.21,95616.0,97237.91,4164.43477,0.00011747
2024-11-29 16:00:00,98019.46,98440.0,96853.82,97329.73,5993.35722,0.00021921
2024-11-30 00:00:00,97460.0,97463.95,96309.85,96640.02,3052.5744,0.0001
2024-11-30 08:00:00,96783.38,96968.78,96092.01,96267.99,2445.61538,0.00015909
2024-11-30 16:00:00,96645.42,97062.5,96531.35,97019.68,1822.59102,0.00012063
2024-12-01 00:00:00,96407.99,96672.49,95693.88,96336.75,3622.03491,0.00015901
2024-12-01 08:00:00,96472.97,97179.04,96424.99,97108.89,2803.36709,0.00019581
2024-12-01 16:00:00,97028.02,97523.41,96958.48,97178.73,2968.12339,0.0001
2024-12-02 16:00:00,97048.01,97356.69,94395.0,95816.0,8796.99302,0.00013387
2024-12-03 00:00:00,95840.61,96305.52,95400.0,96079.36,3671.38924,0.00012779
2024-12-03 08:00:00,95550.0,95662.94,94595.38,94988.01,4056.48891,0.00024926
2024-12-03 16:00:00,95682.54,96169.99,94860.0,95428.6,5936.97324,0.00011952
2024-12-04 00:00:00,95849.69,96614.16,95224.17,95770.32,4788.30848,0.00026634
2024-12-04 08:00:00,96588.81,96950.0,96172.0,96190.41,3780.1103,0.00026254
2024-12-04 16:00:00,95742.8,97232.01,94587.83,97209.64,9467.01122,0.00023234
2024-12-05 08:00:00,102236.1,103159.76,102236.1,102566.91,9004.86605,0.00072446
2024-12-05 16:00:00,101292.0,101999.0,98599.36,99028.0,14788.63995,0.00047059
2024-12-06 00:00:00,96945.63,98828.7,95981.72,97735.29,10502.77687,0.0001
2024-12-06 08:00:00,98138.53,98705.23,97622.86,98069.62,5508.51297,0.00014634
2024-12-06 16:00:00,99310.0,101799.0,98762.6,101439.99,9652.35617,0.0001
2024-12-07 00:00:00,99740.84,100428.0,99285.71,99299.63,2803.39835,0.00031972
2024-12-07 08:00:00,99405.2,99821.83,99260.0,99620.0,2290.29479,0.00012374
2024-12-07 16:00:00,99756.0,100263.64,99460.37,100077.45,2257.58478,0.0001409
2024-12-08 00:00:00,99831.99,100328.88,99632.28,99934.82,1688.21452,0.00016985
2024-12-08 08:00:00,99675.11,99844.28,98657.7,99701.16,2557.39593,0.00016572
2024-12-08 16:00:00,99912.01,100198.0,99480.0,100100.98,2219.63339,0.0001758
2024-12-09 00:00:00,101109.6,101215.93,98432.18,99090.84,6131.57247,0.00030413
2024-12-09 08:00:00,99576.51,99679.71,98035.57,98088.47,5754.936,0.00021032
2024-12-10 08:00:00,97196.44,97937.5,96938.19,97722.52,3732.90811,0.0001
2024-12-10 16:00:00,95658.79,96500.0,94256.54,95856.5,17282.11364,0.0001
2024-12-11 00:00:00,96593.0,97625.76,95658.24,97398.43,6101.81371,0.0001
2024-12-11 08:00:00,97334.59,98472.57,97316.78,98292.61,3915.0582,0.0001
2024-12-12 08:00:00,100499.99,101126.54,100178.32,100358.42,2593.08394,0.0001
2024-12-13 00:00:00,100004.29,100356.85,99205.0,99729.09,3169.68724,0.0001
2024-12-13 08:00:00,100130.01,100789.0,99896.0,100353.37,2260.04806,0.0001
2024-12-14 00:00:00,101424.24,102650.0,101148.35,102088.0,4102.31163,6.75e-05
2024-12-14 08:00:00,101824.0,101863.64,101321.0,101583.99,1246.03828,0.0001
2024-12-14 16:00:00,101625.12,101737.7,100831.63,101313.54,2313.84837,0.0001
2024-12-15 00:00:00,101420.0,102196.97,101237.14,101733.82,2717.2499,0.0001
2024-12-15 08:00:00,101732.09,102691.01,101581.07,102671.44,1800.59415,8.194e-05
2024-12-15 16:00:00,102704.0,103490.0,102583.65,103252.95,2441.92022,0.0001
2024-12-16 00:00:00,104463.99,106648.0,104259.48,104582.28,8803.848246,0.0001
2024-12-16 16:00:00,106332.0,107793.07,105797.41,106583.12,11995.104264,9.181e-05
2024-12-17 00:00:00,106058.65,107000.0,105657.34,106866.49,3882.88127,7.866e-05
2024-12-17 08:00:00,106805.75,107550.02,106708.86,106808.31,3622.94784,0.0001
2024-12-17 16:00:00,106478.48,107633.0,106148.0,106475.89,5875.35581,0.0001
2024-12-18 00:00:00,106133.74,106524.98,104581.58,104763.98,5784.93924,0.0001
2024-12-18 08:00:00,104250.75,105033.33,103729.18,105028.33,2927.64166,9.159e-05
2024-12-18 16:00:00,104428.54,104999.98,102817.82,102817.82,9166.33778,0.0001
2024-12-19 00:00:00,100204.01,101310.25,98802.0,101193.15,11011.14924,0.0001
2024-12-19 08:00:00,101656.57,102609.72,101380.1,102449.99,4074.86626,0.0001
2024-12-19 16:00:00,100679.86,101200.0,96251.32,97199.72,15856.49892,0.0001
2024-12-20 00:00:00,97461.86,97814.09,96000.0,97106.02,8712.02871,0.0001
2024-12-21 00:00:00,97805.44,97813.59,97188.09,97487.46,2878.66863,0.0001
2024-12-21 08:00:00,99040.0,99187.95,97800.0,98262.08,3434.11954,1.206e-05
2024-12-22 00:00:00,97292.0,97448.08,96549.37,96994.37,1848.52784,0.0001
2024-12-22 08:00:00,96210.25,97351.57,96196.85,97101.28,2184.9888,0.0001
2024-12-22 16:00:00,95377.71,96444.45,94700.0,94836.55,3910.30845,9.629e-05
2024-12-23 00:00:00,95186.28,96043.99,93700.42,96025.15,6028.4424,0.0001
2024-12-23 08:00:00,95404.01,96538.92,95036.77,95932.42,3020.85272,0.0001
2024-12-24 00:00:00,94881.47,94881.47,93569.02,94348.75,3135.824,0.0001
2024-12-24 08:00:00,94233.2,94635.7,93840.0,94398.6,1936.10063,0.0001
2024-12-25 08:00:00,98084.33,99349.31,97773.83,97907.61,3026.36685,0.0001
2024-12-25 16:00:00,98519.99,99299.99,98134.4,99018.52,2094.84554,0.0001
2024-12-26 00:00:00,99429.61,99963.7,98468.26,98995.17,3339.03441,9.827e-05
2024-12-26 08:00:00,97719.99,97772.13,95199.14,95695.81,6056.25765,7.453e-05
2024-12-26 16:00:00,96042.89,96621.95,95444.44,96102.25,2892.18792,8.585e-05
2024-12-27 00:00:00,95791.6,96443.68,95401.03,96417.84,2935.2441,0.0001
2024-12-27 08:00:00,95104.76,97544.58,95104.76,96952.38,4963.50857,0.0001
2024-12-27 16:00:00,94573.75,94996.16,93500.01,94750.0,5278.97717,0.0001
2024-12-28 08:00:00,94381.98,94883.0,94312.67,94754.83,1063.67759,7.639e-05
2024-12-28 16:00:00,94447.28,95245.24,94389.45,95027.76,1698.97945,5.173e-05
2024-12-29 00:00:00,95300.0,95340.0,94808.0,95172.4,1053.11164,8.013e-05
2024-12-29 08:00:00,95272.05,95315.5,95010.0,95032.57,788.50288,0.0001
2024-12-29 16:00:00,94511.11,94578.89,93367.52,93612.89,4040.48021,0.0001
2024-12-30 00:00:00,93738.19,94274.29,93368.93,93722.71,2898.63024,-4.2e-07
2024-12-30 16:00:00,92130.21,94684.09,91800.0,94417.04,6130.98017,0.0001
2024-12-31 00:00:00,92792.05,92907.03,92033.73,92509.59,2673.26662,0.0001
2024-12-31 08:00:00,92860.75,94741.68,92842.88,94232.68,3728.42811,0.0001
2024-12-31 16:00:00,95412.0,95590.52,93189.59,94166.88,3654.49229,0.0001
2025-01-01 08:00:00,93684.11,93756.02,92888.0,93444.64,1867.48363,0.0001
2025-01-02 00:00:00,94591.78,95516.0,94392.0,95010.33,3071.06776,0.0001
2025-01-02 16:00:00,96455.01,97777.0,96040.04,97317.74,4552.1019,0.0001
2025-01-03 00:00:00,96984.79,97342.44,96650.0,97062.3,1301.75815,0.0001
2025-01-03 08:00:00,96304.0,96830.0,96100.01,96757.58,1875.17783,0.0001
2025-01-03 16:00:00,97521.36,98976.91,97406.54,98592.01,4583.69677,5.242e-05
2025-01-04 00:00:00,98174.17,98314.15,97800.0,98200.0,1400.83188,7.699e-05
2025-01-04 08:00:00,98271.87,98306.22,97532.58,97889.39,1585.26406,0.0001
2025-01-04 16:00:00,97657.95,98350.0,97549.99,98166.26,1394.26571,7.98e-06
2025-01-05 00:00:00,98220.51,98391.59,98050.0,98187.96,830.57053,0.0001
2025-01-05 08:00:00,98268.77,98268.78,97600.0,97641.63,1371.38309,0.0001
2025-01-05 16:00:00,98028.98,98332.54,97577.46,98079.63,1421.36695,8.32e-05
2025-01-06 00:00:00,98363.61,99333.0,97920.0,99037.57,3197.2233,0.0001
2025-01-06 16:00:00,102147.95,102480.0,101250.0,101817.22,5128.12803,0.0001
2025-01-07 00:00:00,102235.6,102724.38,101512.91,101708.08,2357.41538,0.0001
2025-01-07 08:00:00,101664.81,101995.64,100472.45,100830.86,3234.87532,8.903e-05
2025-01-08 08:00:00,95657.09,96132.47,94543.86,95134.92,4080.06431,0.0001
2025-01-08 16:00:00,95493.77,95555.25,92500.9,94243.89,10263.38282,0.0001
2025-01-09 00:00:00,95060.61,95382.32,93422.89,94027.9,5419.68508,0.0001
2025-01-09 08:00:00,93221.59,93877.46,92750.0,93465.23,4574.38662,9.834e-05
2025-01-09 16:00:00,94244.02,94685.25,91900.01,91909.59,6624.66398,-5.44e-06
2025-01-10 00:00:00,92552.49,93727.83,92431.73,93696.13,2928.04066,3.966e-05
2025-01-10 08:00:00,94492.62,95293.4,94388.5,95073.95,2846.56733,-1.06e-05
2025-01-10 16:00:00,93730.93,95836.0,93177.4,95327.06,7960.59139,8.078e-05
2025-01-11 00:00:00,94726.1,94746.37,94106.49,94206.95,1275.83371,5.68e-05
2025-01-11 08:00:00,94246.36,94791.67,94031.22,94625.65,1009.69139,4.055e-05
2025-01-11 16:00:00,94410.26,94708.12,93984.55,94249.26,1016.34928,2.608e-05
2025-01-12 00:00:00,94599.99,94699.0,94296.99,94622.4,984.48539,5.009e-05
2025-01-12 08:00:00,94323.85,94393.57,93711.19,94255.1,1542.32088,3.21e-05
2025-01-12 16:00:00,95071.91,95314.12,94578.54,94650.26,1321.59389,6.647e-05
2025-01-13 00:00:00,94545.07,95940.0,93899.99,94269.23,3486.55763,5.266e-05
2025-01-13 08:00:00,93590.24,93661.55,90833.12,90851.22,10070.64435,6.989e-05
2025-01-13 16:00:00,92123.75,92534.1,91250.0,92312.18,5597.12697,8.81e-06
2025-01-14 00:00:00,94536.11,95280.8,94346.22,94861.4,3303.28378,0.0001
2025-01-14 08:00:00,94863.99,97371.0,94860.11,96548.04,6495.82711,0.0001
2025-01-14 16:00:00,96471.65,97088.57,95351.76,96537.8,5134.58254,9.496e-05
2025-01-15 00:00:00,96560.85,97554.63,96500.0,97317.12,3289.96951,4.989e-05
2025-01-15 08:00:00,97301.35,97524.0,96521.0,96762.18,2662.70368,8.795e-05
2025-01-15 16:00:00,98992.42,99990.0,98602.05,99844.9,5037.81977,5.844e-05
2025-01-16 00:00:00,100497.35,100866.66,99170.0,99478.03,4764.75349,7.28e-06
2025-01-16 08:00:00,99800.0,99820.0,98617.55,99158.71,4224.49604,7.568e-05
2025-01-16 16:00:00,99296.17,100448.72,99079.05,100417.2,5345.71609,4.598e-05
2025-01-17 08:00:00,101440.51,102581.45,101439.77,102237.6,5380.48317,9.386e-05
2025-01-18 00:00:00,104077.47,104656.87,103000.25,103559.82,3518.82558,6.707e-05
2025-01-18 16:00:00,104568.96,104719.29,103156.02,104382.01,4197.15572,0.0001
2025-01-19 00:00:00,104556.23,105458.55,104013.51,104984.01,3271.33432,0.0001
2025-01-19 08:00:00,105167.11,105496.03,103450.69,104363.23,7895.87414,0.0001
2025-01-19 16:00:00,104936.35,106200.74,104520.01,106200.0,3579.79556,0.0001
2025-01-20 00:00:00,101331.57,102321.42,99550.0,101891.93,13939.26024,0.0001
2025-01-20 16:00:00,104957.99,107050.0,100333.0,103691.63,25962.9026,0.0001
2025-01-21 00:00:00,102260.0,103260.1,100119.04,102936.01,10133.69299,0.0001
2025-01-21 08:00:00,101989.06,103973.02,101740.82,103758.25,6235.66073,0.0001
2025-01-21 16:00:00,103942.99,107240.81,103822.02,107031.34,9757.23378,0.0001
2025-01-22 00:00:00,106143.82,106394.46,105448.99,105600.01,3019.25833,0.0001
2025-01-22 08:00:00,105084.77,105464.83,104647.75,105100.39,3008.01462,0.0001
2025-01-22 16:00:00,104180.01,104754.64,103339.12,104630.0,4362.47109,0.0001
2025-01-23 08:00:00,102710.28,102724.94,101262.28,101944.49,3213.96175,0.0001
2025-01-23 16:00:00,105263.52,106850.0,103399.98,103770.04,10175.26517,8.616e-05
2025-01-24 00:00:00,103910.35,104298.0,102750.0,103891.75,3785.23369,3.34e-06
2025-01-24 08:00:00,105046.79,105759.0,104922.41,105420.1,2980.3942,7.537e-05
2025-01-24 16:00:00,105859.99,107120.0,105589.0,105760.94,5483.37032,9.54e-05
2025-01-25 00:00:00,104870.51,105280.82,104361.89,105202.4,2029.85839,5.702e-05
2025-01-25 08:00:00,104385.99,104700.01,104106.09,104670.99,1254.5969,8.495e-05
2025-01-26 00:00:00,104746.86,105273.24,104503.7,105062.42,1315.60742,8.363e-05
2025-01-26 08:00:00,104998.36,105221.36,104444.01,104818.69,1340.56686,0.0001
2025-01-26 16:00:00,104967.02,105260.36,104896.0,105081.63,866.43502,8.443e-05
2025-01-27 00:00:00,102620.01,103260.0,100720.53,101395.64,8353.88719,9.084e-05
2025-01-27 08:00:00,99048.01,99533.33,98263.49,98761.13,6790.38919,3.712e-05
2025-01-27 16:00:00,101112.03,101250.56,98864.0,99700.02,6873.59773,9.8e-07
2025-01-28 00:00:00,102082.83,102892.0,101334.55,102636.32,3670.23637,0.0001
2025-01-28 08:00:00,102789.72,103181.82,102393.94,102762.01,2051.60214,3.714e-05
2025-01-28 16:00:00,102777.99,103108.0,101820.15,102424.24,4696.05403,9.848e-05
2025-01-29 00:00:00,101335.52,102319.69,101328.01,102038.2,1696.38336,0.0001
2025-01-29 08:00:00,102755.81,103000.0,102180.65,102646.0,2209.71378,0.0001
2025-01-29 16:00:00,101980.78,103999.0,101400.01,103583.99,7259.9178,9.949e-05
2025-01-30 00:00:00,103733.25,105300.0,103278.54,105196.0,3876.90317,7.59e-05
2025-01-30 08:00:00,105132.07,105534.0,104925.26,105300.63,1690.21583,0.0001
2025-01-30 16:00:00,105563.99,106013.01,104762.59,105711.27,3142.75313,9.499e-05
2025-01-31 00:00:00,104722.94,105029.72,103930.09,104344.46,2510.54787,1.225e-05
2025-01-31 08:00:00,104188.57,104848.65,103936.54,104736.0,1992.8102,0.0001
2025-01-31 16:00:00,105464.0,105574.4,102122.0,102312.32,6376.84832,0.0001
2025-02-01 00:00:00,102429.56,102783.71,102198.52,102249.19,1810.34285,8.098e-05
2025-02-01 08:00:00,102166.49,102276.99,101412.0,102028.81,2029.14504,5.369e-05
2025-02-01 16:00:00,102073.89,102297.99,101448.0,101669.6,1472.58058,5.968e-05
2025-02-02 08:00:00,99643.3,100100.0,98645.0,98864.6,4107.2233,3.38e-05
2025-02-02 16:00:00,99346.87,99361.97,96821.54,98273.16,9695.73736,-8.61e-06
2025-02-03 00:00:00,97700.59,97782.79,91231.0,94038.74,29729.4911,0.0001
2025-02-03 08:00:00,95333.01,95950.68,94799.29,95107.89,6292.62471,0.0001
2025-02-03 16:00:00,98842.0,101880.0,98038.58,101880.0,10494.44455,4.845e-05
2025-02-04 00:00:00,101328.51,101732.31,100534.03,100629.7,3827.79756,2.612e-05
2025-02-04 16:00:00,99347.18,100777.93,98778.58,98859.77,6617.95049,4.138e-05
2025-02-05 16:00:00,98116.24,98277.02,96500.0,97370.0,4822.00148,1.61e-05
2025-02-06 16:00:00,97333.09,97547.71,95676.64,95983.0,6034.55958,5.903e-05
2025-02-07 00:00:00,96554.35,97805.6,96409.65,97444.04,3156.6758,7.983e-05
2025-02-07 08:00:00,96757.04,97750.0,96613.24,97750.0,2223.55235,6.989e-05
2025-02-07 16:00:00,98283.98,98563.55,96856.78,96898.56,6759.22647,5.167e-05
2025-02-08 00:00:00,96506.8,96880.0,96335.42,96699.23,2006.38123,-4.1e-05
2025-02-08 08:00:00,96209.92,96293.48,95865.71,96120.0,1164.01705,1.137e-05
2025-02-08 16:00:00,95843.74,96750.0,95749.88,96579.99,1536.63554,3.24e-06
2025-02-09 00:00:00,96444.75,97300.0,96360.14,97300.0,2064.373,3.873e-05
2025-02-09 08:00:00,97057.83,97294.46,96509.96,96554.01,1810.78846,9.6e-05
2025-02-09 16:00:00,96488.14,96567.8,95888.88,96064.74,1504.3182,2.839e-05
2025-02-10 00:00:00,96462.75,97131.47,95256.0,96814.98,4441.97007,1.802e-05
2025-02-10 08:00:00,97429.83,97954.69,97358.79,97661.16,3520.47325,9.176e-05
2025-02-10 16:00:00,97218.68,97643.29,96866.39,97376.0,2785.34059,7.457e-05
2025-02-11 00:00:00,97430.82,98149.92,97416.62,97607.3,2024.92177,4.218e-05
2025-02-11 08:00:00,98268.98,98330.0,97885.62,98151.52,1703.70026,7.09e-05
2025-02-11 16:00:00,97007.54,97045.53,94876.88,95040.82,4884.73711,-2.446e-05
2025-02-12 00:00:00,95778.21,96263.99,95100.0,95299.27,2407.32134,1.298e-05
2025-02-12 08:00:00,96069.58,96469.78,95913.49,96094.65,2296.45775,4.899e-05
2025-02-13 08:00:00,96070.23,96336.0,95599.57,95925.11,3154.64728,4.117e-05
2025-02-14 00:00:00,96608.13,97190.0,96356.41,97129.98,1805.7947,4.1e-05
2025-02-14 16:00:00,96924.57,98826.0,96494.17,97940.45,6009.55921,7.093e-05
2025-02-15 00:00:00,97500.47,97972.26,97223.58,97653.19,1506.43225,5.5e-07
2025-02-15 08:00:00,97346.27,97731.09,97301.77,97615.59,874.17838,3.297e-05
2025-02-15 16:00:00,97633.21,97714.39,97304.38,97531.9,921.83788,3.735e-05
2025-02-16 00:00:00,97569.67,97704.47,97411.11,97547.17,935.38493,3.39e-05
2025-02-16 08:00:00,97248.98,97388.89,97061.58,97336.0,1186.96965,1.82e-06
2025-02-16 16:00:00,96911.01,97169.15,96609.05,97058.47,1187.57052,3.799e-05
2025-02-17 00:00:00,96118.12,96638.05,96023.17,96215.33,1866.57226,6.239e-05
2025-02-17 08:00:00,96068.21,96395.68,95937.05,96063.18,2282.57983,6.397e-05
2025-02-17 16:00:00,95659.45,95945.49,95205.0,95531.36,3482.13274,2.009e-05
2025-02-18 00:00:00,95780.01,96322.97,95538.01,96200.0,1602.3437,9.488e-05
2025-02-18 08:00:00,95456.92,95872.17,95050.0,95640.34,2483.18123,0.0001
2025-02-18 16:00:00,95546.49,95633.15,93388.09,94104.14,6846.15491,0.0001
2025-02-19 00:00:00,95671.74,95961.54,95055.0,95710.26,2158.62817,7.007e-05
2025-02-19 08:00:00,95687.71,96468.99,95616.6,96422.6,2411.90713,7.779e-05
2025-02-19 16:00:00,95943.74,96480.0,95407.41,96206.54,2763.82004,8.96e-05
2025-02-20 00:00:00,96644.37,97362.83,96415.09,97055.25,2723.25483,2.42e-05
2025-02-20 08:00:00,96867.92,97384.03,96801.61,97207.92,1589.77673,3.269e-05
2025-02-20 16:00:00,96903.76,98518.0,96888.0,98422.8,3819.64673,7.346e-05
2025-02-21 08:00:00,98179.77,98896.81,98111.11,98629.3,3470.69828,2.286e-05
2025-02-21 16:00:00,98104.04,98757.0,95247.15,95285.11,9442.11583,-9.7e-07
2025-02-22 00:00:00,96181.99,96455.97,95770.49,96299.07,2247.9764,0.0001
2025-02-22 08:00:00,96288.09,96611.53,96151.0,96580.0,2059.63477,6.466e-05
2025-02-22 16:00:00,96592.01,96823.53,96345.49,96639.99,2305.94545,2.318e-05
2025-02-23 00:00:00,96551.01,96650.0,96355.17,96414.0,1326.63672,4.112e-05
2025-02-23 08:00:00,96508.85,96508.86,96083.33,96115.99,1223.25286,3.14e-05
2025-02-23 16:00:00,95436.19,95876.0,95227.94,95755.99,2646.03752,1.478e-05
2025-02-24 00:00:00,96258.0,96500.0,95311.0,95433.21,2641.40258,-2.97e-05
2025-02-24 08:00:00,95872.02,96177.18,95355.0,95821.45,3284.07984,6.881e-05
2025-02-24 16:00:00,94323.95,95194.59,93666.22,93943.51,5598.80012,2.05e-05
2025-02-25 00:00:00,91552.88,92540.69,90912.01,92153.93,8746.45217,0.0001
2025-02-25 08:00:00,89320.01,90000.0,86888.1,89239.39,17685.20523,5.245e-05
2025-02-25 16:00:00,87231.63,88065.45,86157.69,87947.25,10667.84575,1.385e-05
2025-02-26 00:00:00,88680.39,89414.15,88148.48,88900.0,3505.34849,3.521e-05
2025-02-26 08:00:00,88720.01,89314.45,88138.0,88616.8,4175.40587,6.005e-05
2025-02-26 16:00:00,87567.53,87806.62,83418.0,83856.99,17635.66389,0.0001
2025-02-27 08:00:00,86272.01,87078.46,85846.87,86698.6,4102.58827,-6.17e-06
2025-02-27 16:00:00,85500.84,85691.51,83614.75,84113.98,6757.93459,9.433e-05
2025-02-28 08:00:00,79204.6,80854.46,78258.52,80513.38,11953.82317,9.521e-05
2025-02-28 16:00:00,84005.05,85120.0,83196.71,84449.99,9640.81267,-3.73e-06
2025-03-01 00:00:00,84349.95,85678.11,83824.78,85330.84,5097.79792,-1.4e-07
2025-03-01 08:00:00,84740.16,85508.79,84382.62,84632.79,4837.66151,-6.108e-05
2025-03-02 00:00:00,86064.54,86498.0,85611.79,85873.07,2403.83782,-1.094e-05
2025-03-02 08:00:00,86232.42,86263.23,85633.13,86105.89,2080.95926,-2.783e-05
2025-03-02 16:00:00,87428.0,95000.0,87278.51,93522.0,30318.42056,-2.869e-05
2025-03-03 08:00:00,92363.58,92917.99,91142.0,92739.99,6314.25279,7.91e-06
2025-03-03 16:00:00,90035.38,91000.0,85555.45,85606.0,16115.70068,5.272e-05
2025-03-04 16:00:00,82985.05,88487.91,82013.11,88206.19,12128.06081,1.306e-05
2025-03-05 00:00:00,87281.98,87888.88,86334.53,86843.4,4769.77721,4.113e-05
2025-03-05 08:00:00,87619.49,90660.0,87600.0,89814.26,6751.29829,2.722e-05
2025-03-05 16:00:00,88344.25,90475.3,87600.0,89750.0,7755.99208,5.028e-05
2025-03-06 00:00:00,90606.0,92025.0,89986.73,91605.01,5338.79627,3.538e-05
2025-03-06 16:00:00,90820.69,91066.44,87836.0,88526.18,7147.7059,6.818e-05
2025-03-07 00:00:00,89931.88,91283.02,84667.03,86991.25,18693.33541,-6.12e-06
2025-03-07 16:00:00,88457.99,89023.41,86554.77,87820.1,11414.32329,2.028e-05
2025-03-08 00:00:00,86801.74,86897.25,85218.47,85919.12,3430.23845,5.328e-05
2025-03-09 08:00:00,86004.61,86098.0,84625.01,85024.01,2983.48178,3.218e-05
2025-03-09 16:00:00,83080.4,83758.22,82223.0,82640.86,6255.15784,0.0001
2025-03-10 00:00:00,80734.48,82744.0,80037.62,82047.49,6631.01803,3.952e-05
2025-03-10 08:00:00,82318.78,84123.46,81151.0,83582.0,6692.07202,1.344e-05
2025-03-10 16:00:00,80043.84,80250.0,77459.91,79060.84,13469.61921,4.037e-05
2025-03-11 00:00:00,78595.86,79938.27,76606.0,79522.29,11122.24369,4.705e-05
2025-03-11 08:00:00,80424.94,82092.34,80325.22,81720.34,5598.25972,3.26e-05
2025-03-12 00:00:00,82932.99,83783.26,82100.61,82127.72,4711.9387,5.76e-06
2025-03-12 08:00:00,82447.78,83076.79,82000.29,83004.45,4874.62168,5.815e-05
2025-03-13 00:00:00,83680.12,84336.33,83312.92,83577.14,3767.48722,4.3e-06
2025-03-13 08:00:00,83152.0,83522.61,82400.04,82975.86,3199.56767,2.069e-05
2025-03-13 16:00:00,81044.72,81264.73,79939.9,80211.4,7395.86973,3.19e-05
2025-03-14 00:00:00,81115.78,82270.51,80818.84,81888.77,2746.60637,5.386e-05
2025-03-14 08:00:00,82170.84,83348.46,82170.84,83253.15,3340.43802,5.331e-05
2025-03-14 16:00:00,84724.58,84950.0,83949.19,84554.0,4662.53549,3.57e-06
2025-03-15 00:00:00,83983.19,84676.28,83964.57,84491.99,1801.07938,-6.035e-05
2025-03-15 08:00:00,83827.32,84184.58,83618.0,84103.74,2551.69547,-2.389e-05
2025-03-15 16:00:00,84346.03,84498.72,84076.92,84299.98,1681.69068,-3.21e-06
2025-03-16 00:00:00,84338.44,84393.72,83733.86,84332.34,1213.99013,4.32e-06
2025-03-16 08:00:00,84273.95,84335.43,82381.46,82410.02,2982.64569,4.236e-05
2025-03-16 16:00:00,83320.83,85117.04,82562.36,83098.47,5881.93983,1.247e-05
2025-03-17 00:00:00,82574.52,83725.39,82523.0,83675.65,2140.41723,1.065e-05
2025-03-17 08:00:00,83567.88,83783.02,83220.11,83514.73,1904.26795,8.474e-05
2025-03-17 16:00:00,83531.07,84756.83,83103.6,84482.55,3834.07195,8.59e-06
2025-03-18 00:00:00,84010.02,84021.74,82960.0,83147.6,2227.16043,7.03e-06
2025-03-18 08:00:00,83163.81,83452.3,82500.0,82581.1,1859.60834,2.059e-05
2025-03-18 16:00:00,81610.22,82476.26,81245.65,82317.21,3040.4539,3.514e-05
2025-03-19 00:00:00,82715.03,83280.0,82547.16,83037.17,2751.69748,2e-06
2025-03-19 08:00:00,83190.0,84119.09,83178.74,83881.4,3556.56382,5.961e-05
2025-03-19 16:00:00,84733.05,85950.0,83578.32,85433.38,9865.43804,5.024e-05
2025-03-20 00:00:00,86845.93,87453.67,85619.56,85891.02,4306.12355,1.944e-05
2025-03-20 08:00:00,85816.39,86300.0,84755.14,85502.17,3049.10665,3.79e-05
2025-03-20 16:00:00,84691.27,84908.0,83655.23,84174.79,4615.68665,1.086e-05
2025-03-21 00:00:00,84223.38,84850.33,84180.09,84451.96,1402.80368,1.615e-05
2025-03-21 08:00:00,83937.99,84337.66,83732.09,84046.52,1486.42515,5.324e-05
2025-03-21 16:00:00,83565.47,84435.87,83379.0,83956.36,2229.62892,2.518e-05
2025-03-22 00:00:00,84088.79,84338.98,83989.58,84256.74,1006.94162,2.836e-05
2025-03-22 16:00:00,84109.08,84320.0,84063.53,84171.59,818.77482,5.092e-05
2025-03-23 00:00:00,83840.59,84277.07,83809.75,84224.39,735.1977,2.099e-05
2025-03-23 08:00:00,84279.82,85027.32,84263.05,84679.99,1637.95361,-1.84e-06
2025-03-23 16:00:00,85189.41,85413.05,84800.0,85011.19,1581.19041,4.02e-05
2025-03-24 00:00:00,86082.5,86641.13,85519.09,86532.07,3571.64325,2.039e-05
2025-03-24 08:00:00,86874.52,87909.99,86838.76,87689.52,3734.28314,5.512e-05
2025-03-24 16:00:00,88350.01,88536.0,87690.59,88222.0,5650.83508,-3.422e-05
2025-03-25 08:00:00,86436.82,87500.0,86406.49,87370.43,2680.08356,1.15e-05
2025-03-25 16:00:00,87774.37,88321.27,87588.59,88116.23,3269.38058,-3.776e-05
2025-03-26 00:00:00,87392.88,87892.14,87030.56,87153.51,2376.15356,-2.99e-05
2025-03-26 08:00:00,88140.45,88259.81,87837.49,87954.96,2414.73419,1.659e-05
2025-03-28 16:00:00,84051.15,84217.61,83585.0,83790.73,3857.86312,8.118e-05
2025-03-29 00:00:00,84424.38,84624.73,83709.67,84166.3,1526.01379,5.364e-05
2025-03-29 08:00:00,83731.83,83947.42,82007.0,82293.56,3638.90117,8.214e-05
2025-03-29 16:00:00,82414.22,82758.41,81644.81,82758.4,2509.70729,2.53e-05
2025-03-30 00:00:00,82648.53,83503.53,82500.0,83088.81,1605.64112,3.41e-06
2025-03-30 08:00:00,83076.58,83534.64,82975.36,83111.76,1206.11965,4.27e-06
2025-03-30 16:00:00,82729.57,82908.11,82050.4,82548.81,1581.53343,4.588e-05
2025-03-31 00:00:00,82390.0,82444.89,81278.52,81530.0,3137.45901,2.643e-05
2025-03-31 08:00:00,81933.51,82272.0,81290.88,82205.51,3422.93239,6.02e-05
2025-03-31 16:00:00,83418.78,83694.29,82400.0,82462.27,2934.61931,1.845e-05
2025-04-01 00:00:00,82550.0,83256.8,82432.74,82962.84,2015.98624,3.961e-05
2025-04-01 16:00:00,85280.88,85493.0,84720.0,84972.01,3624.09611,3.573e-05
2025-04-02 08:00:00,84426.32,85450.0,84262.73,84566.91,2502.47319,3.036e-05
2025-04-02 16:00:00,86757.67,87333.0,86186.19,86900.02,6072.59633,7.33e-06
2025-04-03 00:00:00,82516.28,83998.02,82175.98,83483.97,5644.57078,5.862e-05
2025-04-03 08:00:00,83456.76,83788.23,83047.0,83096.01,3208.79996,5.038e-05
2025-04-03 16:00:00,82039.32,82448.21,81540.0,82008.7,4137.47371,6.484e-05
2025-04-04 00:00:00,83213.09,83413.46,82577.63,82818.52,3041.69884,4.283e-05
2025-04-04 08:00:00,83992.85,84720.0,81659.0,82680.45,9682.53553,4.736e-05
2025-04-04 16:00:00,82860.0,84620.01,82736.0,84009.99,5374.18478,8.038e-05
2025-04-05 00:00:00,83889.87,84266.0,83395.46,83624.01,1705.75257,8.559e-05
2025-04-05 08:00:00,83525.33,83894.7,83359.64,83452.69,1233.29028,7.437e-05
2025-04-05 16:00:00,82618.25,83146.0,82607.05,82860.0,974.18344,4.08e-06
2025-04-06 00:00:00,83537.99,83817.63,83163.45,83344.14,1209.45565,2.21e-06
2025-04-06 08:00:00,83024.97,83172.0,82666.0,82855.99,1208.00762,5.363e-05
2025-04-07 00:00:00,78430.0,79347.46,77354.0,77707.77,8315.40751,4.946e-05
2025-04-07 08:00:00,75126.01,77577.88,75085.74,76685.62,10044.53318,6.857e-05
2025-04-07 16:00:00,78479.91,79365.46,77313.2,78130.44,8830.92097,4.998e-05
2025-04-08 00:00:00,79163.24,80867.99,78772.14,79904.0,4941.96291,4.074e-05
2025-04-08 08:00:00,79496.01,80077.65,78819.65,79982.0,4257.73055,3.575e-05
2025-04-08 16:00:00,78498.0,78522.72,76334.65,76854.05,10762.74484,3.134e-05
2025-04-09 00:00:00,76322.42,76868.28,74620.0,75073.33,9779.68513,9.568e-05
2025-04-09 16:00:00,77258.01,82990.0,77136.0,82332.08,26584.65756,6.856e-05
2025-04-10 00:00:00,82615.22,82753.21,81472.84,81775.2,5457.92235,7.705e-05
2025-04-10 08:00:00,81595.81,82130.43,81349.0,81882.01,3109.18957,1.14e-06
2025-04-10 16:00:00,78757.24,80058.96,78464.36,79649.34,6868.94347,6.775e-05
2025-04-11 08:00:00,81266.76,82985.71,80782.43,82129.67,7672.7781,-4.294e-05
2025-04-11 16:00:00,82521.74,84220.0,82015.08,83858.28,6974.07284,3.29e-05
2025-04-12 00:00:00,83423.83,83572.0,82792.95,82973.13,2097.25786,3.654e-05
2025-04-12 16:00:00,85008.4,85258.29,84421.95,84943.4,2205.95168,5.388e-05
2025-04-13 00:00:00,85276.91,86100.0,84724.91,85432.31,6091.99475,5.057e-05
2025-04-13 08:00:00,84413.1,84949.86,84216.15,84528.66,2109.38782,8.429e-05
2025-04-13 16:00:00,83849.66,84990.22,83050.0,83981.31,4094.28687,9.642e-05
2025-04-14 00:00:00,83760.0,85544.3,83678.0,84566.03,9144.98601,8.113e-05
2025-04-14 08:00:00,84580.77,84965.34,84250.0,84927.55,2672.53505,7.127e-05
2025-04-14 16:00:00,84101.16,85208.1,83863.63,84923.07,4493.01122,2.428e-05
2025-04-15 00:00:00,84591.58,85415.1,84347.97,85379.96,2777.45814,-2.073e-05
2025-04-15 08:00:00,85716.77,86000.0,85351.0,85589.23,3075.38498,6.606e-05
2025-04-16 00:00:00,83643.99,83960.0,83111.64,83695.66,2463.72865,2.428e-05
2025-04-16 08:00:00,83363.17,84127.05,83140.89,84048.11,2832.84259,6.917e-05
2025-04-16 16:00:00,84846.58,85500.0,83275.0,84334.01,6228.17039,1.978e-05
2025-04-17 08:00:00,84669.98,84764.44,84191.17,84562.0,1333.31709,5.679e-05
2025-04-18 00:00:00,84947.92,85132.08,84724.6,84828.0,1247.74402,1.788e-05
2025-04-18 08:00:00,84654.68,84764.0,84472.25,84669.11,1166.67376,7.071e-05
2025-04-18 16:00:00,84374.6,84649.99,84303.96,84562.83,718.53494,2.995e-05
2025-04-19 00:00:00,84474.7,84986.76,84364.45,84883.71,1105.44308,2.93e-05
2025-04-19 08:00:00,85217.38,85436.72,85115.45,85217.4,1378.37688,6.024e-05
2025-04-19 16:00:00,85191.18,85330.06,84694.49,85085.55,1789.11723,-1.953e-05
2025-04-20 00:00:00,85077.0,85320.76,85050.27,85168.81,882.54344,-2.98e-06
2025-04-20 08:00:00,84784.01,84785.0,83949.52,84129.83,1885.40107,-1.078e-05
2025-04-20 16:00:00,84344.65,84664.09,84272.74,84651.61,769.05869,-2.258e-05
2025-04-21 00:00:00,85179.24,87640.0,85144.76,87205.56,9533.33738,5.232e-05
2025-04-22 08:00:00,88476.82,88701.93,88241.33,88614.1,2659.83331,-7.44e-06
2025-04-22 16:00:00,90934.61,91695.0,90624.03,91414.79,6380.71134,-7.045e-05
2025-04-23 00:00:00,93442.99,93909.05,92580.18,93168.91,5215.33691,-1.389e-05
2025-04-23 16:00:00,93195.28,94219.93,92913.04,93497.88,4018.92317,4.587e-05
2025-04-24 00:00:00,93691.07,93787.65,92650.0,92673.95,2768.12366,-2.671e-05
2025-04-26 08:00:00,94570.31,94733.54,93990.6,94144.06,1747.48781,-2.774e-05
2025-04-27 08:00:00,94065.99,94331.85,93883.81,93920.01,1343.02543,-6.6e-06
2025-04-27 16:00:00,93901.09,94434.79,93727.08,94433.5,1354.62397,-4.21e-06
2025-04-29 00:00:00,95011.18,95461.53,94443.7,94658.76,2355.42851,-7.73e-06
2025-04-29 08:00:00,94917.61,95285.71,94743.01,95129.74,2370.90825,4.13e-06
2025-04-30 08:00:00,94620.99,95228.45,94527.58,95176.66,1661.24557,2.939e-05
2025-05-01 00:00:00,94172.0,95040.3,94130.43,94782.6,2877.4378,3.519e-05
2025-05-01 08:00:00,95025.84,96396.31,94913.04,96180.01,4237.08588,5.755e-05
2025-05-02 00:00:00,96489.9,97233.1,96466.21,97102.32,2134.18118,-0.00012232
2025-05-02 08:00:00,96350.01,97100.0,96350.0,96928.97,1860.2708,-9.382e-05
2025-05-03 00:00:00,96887.13,96935.67,96300.02,96337.5,2058.72462,-5.953e-05
2025-05-03 08:00:00,96322.68,96421.91,95852.29,95942.02,2622.43769,3.198e-05
2025-05-03 16:00:00,96418.68,96428.33,95869.68,96354.34,899.94616,-1.483e-05
2025-05-05 00:00:00,94277.61,94808.4,93514.1,94031.47,4140.14024,-2.404e-05
2025-05-05 08:00:00,94761.91,94798.01,93888.0,94038.18,2541.09717,3.636e-05
2025-05-06 16:00:00,94558.94,95157.0,94216.0,94963.5,2336.80706,7.57e-06
2025-05-07 08:00:00,96994.82,97111.0,96833.33,97047.43,1298.75814,-2.5e-07
2025-05-08 00:00:00,97030.5,99222.22,96876.29,99152.79,6410.02899,2.318e-05
2025-05-09 16:00:00,102895.99,103370.54,102315.14,103189.17,2349.89886,4.378e-05
2025-05-10 08:00:00,103759.71,104079.37,103366.0,103434.94,2876.2662,0.0001
2025-05-11 00:00:00,104809.53,104972.0,103466.05,104007.03,3855.57081,0.0001
2025-05-12 08:00:00,104467.99,104736.45,103625.0,103762.9,4195.60245,0.0001
2025-05-12 16:00:00,102527.27,103088.88,100718.37,101860.0,6054.64243,2.301e-05
2025-05-13 00:00:00,102791.32,102791.32,101429.7,101719.4,3352.34144,6.847e-05
2025-05-14 08:00:00,103716.55,104145.0,102875.22,103944.93,3535.76301,7.542e-05
2025-05-15 00:00:00,103507.83,103866.51,102720.0,102753.63,1797.79721,2.978e-05
2025-05-15 16:00:00,103251.36,104192.7,102552.35,103157.26,4442.22626,1.439e-05
2025-05-16 08:00:00,103710.17,103900.0,103100.49,103651.71,3118.57852,7.535e-05
2025-05-16 16:00:00,104183.32,104550.33,103587.0,104032.6,2352.84073,4.768e-05
2025-05-17 00:00:00,103463.9,103600.0,102612.5,103508.48,2858.83928,2.821e-05
2025-05-18 00:00:00,103126.65,103409.98,103105.09,103295.7,913.9652,6.742e-05
2025-05-18 08:00:00,103919.39,104088.2,103800.0,103800.54,1574.15623,5.903e-05
2025-05-18 16:00:00,105518.0,105980.0,103851.01,103883.97,5395.35549,0.0001
2025-05-19 00:00:00,106454.27,107108.62,103534.47,103605.88,5830.4141,5.99e-05
2025-05-20 00:00:00,105573.73,106853.27,105533.01,105761.92,5750.55327,8.378e-05
2025-05-20 16:00:00,105333.67,107238.37,105090.9,107026.47,5057.29953,1.266e-05
2025-05-21 00:00:00,106850.0,107206.94,106186.79,106843.59,2584.02606,8.767e-05
2025-05-22 08:00:00,111045.45,111326.2,110272.72,110981.97,4014.18788,0.0001
2025-05-23 08:00:00,110715.41,111381.61,108888.0,109076.35,4204.18634,7.261e-05
2025-05-24 08:00:00,107587.75,109506.03,107587.74,109208.56,5417.04518,4.59e-05
2025-05-25 08:00:00,107681.82,107700.65,106708.98,107260.0,3399.35699,5.113e-05
2025-05-25 16:00:00,106967.97,107940.95,106640.52,107717.01,2103.88371,3.651e-05
2025-05-26 00:00:00,109004.2,109844.91,108670.58,109623.53,3090.7964,7.331e-05
2025-05-26 08:00:00,110094.62,110173.92,109556.69,109772.72,1654.27634,0.0001
2025-05-29 00:00:00,107781.78,108484.61,107421.12,108044.88,3012.04609,3.186e-05
2025-05-29 16:00:00,107019.9,107168.23,105639.3,105731.74,4682.29852,8.379e-05
2025-05-30 16:00:00,105543.0,105560.98,103706.71,104640.5,5203.39187,7.392e-05
2025-05-31 00:00:00,103985.47,104292.69,103068.55,103684.01,3246.32605,8.506e-05
2025-05-31 08:00:00,103747.03,103809.51,103285.71,103498.18,1462.02815,7.552e-05
2025-05-31 16:00:00,104556.08,104780.49,104261.39,104698.02,1237.73843,4.687e-05
2025-06-01 16:00:00,104715.1,105299.21,104319.79,105121.94,2430.98984,4.117e-05
2025-06-02 08:00:00,105387.67,105935.63,103941.0,104047.64,3133.90977,5.593e-05
2025-06-02 16:00:00,104438.79,104731.95,104030.01,104425.63,1581.04916,4.467e-05
2025-06-03 00:00:00,105858.0,106500.0,105340.18,105482.02,2370.68744,5.005e-05
2025-06-03 08:00:00,105170.76,105349.94,104872.5,105287.24,1581.41246,6.066e-05
2025-06-04 00:00:00,105376.9,105839.63,105132.27,105519.27,1468.56182,-1.1e-07
2025-06-04 08:00:00,105320.75,106000.0,105080.26,105084.36,3840.76425,2.611e-05
2025-06-04 16:00:00,105298.26,105483.14,104865.25,104913.52,1452.09412,9.62e-06
2025-06-05 08:00:00,104518.05,104920.0,104424.52,104827.8,1061.75675,2.871e-05
2025-06-05 16:00:00,104531.5,104598.87,101596.62,101914.77,6187.5316,5.156e-05
2025-06-06 08:00:00,103150.44,103991.45,103150.43,103927.99,2218.22642,-3.03e-05
2025-06-07 00:00:00,104288.43,104910.77,103871.09,104871.58,1400.16428,-2.89e-05
2025-06-07 08:00:00,104867.03,105264.0,104689.81,105150.01,1180.35371,-3.158e-05
2025-06-08 00:00:00,105552.15,105786.33,105394.03,105471.59,1084.68276,4.808e-05
2025-06-08 08:00:00,105426.46,105720.94,104964.14,105686.71,1672.01298,5.613e-05
2025-06-08 16:00:00,105984.53,106360.0,105943.91,106289.99,1099.96633,-3.602e-05
2025-06-09 00:00:00,105734.01,105966.33,105318.37,105659.13,1795.0497,-2.164e-05
2025-06-10 00:00:00,110263.02,110311.82,109381.24,109568.02,2356.61975,6.374e-05
2025-06-11 00:00:00,110274.39,110274.4,109533.97,109722.95,1393.61311,8.779e-05
2025-06-11 08:00:00,109446.74,109675.69,109193.89,109252.09,1633.7552,8.39e-05
2025-06-13 00:00:00,105671.74,105694.0,102664.31,104277.22,11535.37443,-1.801e-05
2025-06-14 00:00:00,106066.59,106252.0,105197.96,105228.82,3017.48753,1.958e-05
2025-06-14 08:00:00,105076.59,105132.36,104836.06,105082.01,786.7679,3.858e-05
2025-06-14 16:00:00,104841.29,105045.78,104359.08,104645.67,1687.29248,1.135e-05
2025-06-15 16:00:00,105563.99,105777.09,105082.97,105294.19,975.97763,7.369e-05
2025-06-16 00:00:00,105594.02,105970.59,104980.37,105921.84,1680.0381,9.36e-06
2025-06-16 08:00:00,107061.8,107255.01,106582.25,106883.99,2148.92551,5.07e-05
2025-06-17 00:00:00,106794.53,107771.34,106115.35,107590.41,3025.95246,1.847e-05
2025-06-19 16:00:00,104096.94,104814.73,103929.27,104250.44,1624.22301,2.396e-05
2025-06-20 00:00:00,104658.59,104820.0,104391.38,104596.63,1026.45735,3.565e-05
2025-06-21 16:00:00,103560.9,103640.0,102210.43,102245.1,2365.40427,7.44e-05
2025-06-22 08:00:00,102424.61,102804.05,102080.0,102739.48,1801.30685,0.0001
2025-06-23 00:00:00,100963.87,101620.0,100494.25,101154.14,2930.22354,-1.061e-05
2025-06-24 08:00:00,104933.74,105571.4,104622.02,105170.0,2216.8644,1.218e-05
2025-06-24 16:00:00,105244.72,106290.0,105172.64,105643.19,2366.40087,4.47e-06
2025-06-25 08:00:00,106600.0,107237.44,106343.13,107198.02,2272.81569,2.747e-05
2025-06-26 00:00:00,107340.59,108272.45,107105.43,107853.79,1896.83706,1.41e-06
2025-06-27 00:00:00,106947.06,107515.28,106438.33,107477.76,1472.30428,1.113e-05
2025-06-27 08:00:00,106869.72,107159.95,106679.98,106983.6,2318.07544,2.663e-05
2025-06-28 16:00:00,107449.28,107542.5,107225.74,107225.74,499.08961,4.434e-05
2025-06-30 00:00:00,108356.93,108789.99,108255.81,108503.74,1564.16827,1.084e-05
2025-07-01 16:00:00,105955.19,106287.95,105387.68,105398.53,1690.90273,1.109e-05
2025-07-02 08:00:00,107080.0,107860.23,107080.0,107479.99,2147.6808,3.403e-05
2025-07-07 00:00:00,109203.85,109700.0,108679.75,109389.47,1313.66179,2.36e-05
2025-07-07 16:00:00,108292.59,108493.56,107513.2,108056.68,1826.11433,4.271e-05
2025-07-08 16:00:00,108268.35,109147.56,108096.55,108771.88,2426.90745,3.601e-05
2025-07-10 08:00:00,111229.99,111398.96,110870.33,111019.99,1407.79297,8.523e-05
2025-07-12 00:00:00,117527.66,117847.66,117141.13,117774.42,1268.81982,0.0001
2025-07-14 00:00:00,119086.65,121492.48,118905.18,120750.24,5418.532886,8.051e-05
2025-07-14 08:00:00,122736.04,122769.19,121355.55,121467.24,3279.33527,0.0001
2025-07-14 16:00:00,119878.22,120526.03,119202.0,119939.41,4127.24496,0.0001
2025-07-15 08:00:00,116779.13,117224.08,116300.0,117113.98,3612.34292,0.0001
2025-07-15 16:00:00,116391.43,117800.6,116019.05,116416.07,5395.39361,0.0001
2025-07-16 00:00:00,117758.08,118195.0,117017.29,117482.67,2060.70862,0.0001
2025-07-16 08:00:00,118189.24,119310.75,118113.82,118769.06,2658.37376,0.0001
2025-07-17 08:00:00,118311.75,119192.0,117974.99,117995.0,2041.88316,0.0001
2025-07-17 16:00:00,118881.99,119880.13,118333.6,118959.66,2433.94045,0.0001
2025-07-18 08:00:00,119339.51,119469.21,118395.0,119171.34,3814.49483,0.0001
2025-07-18 16:00:00,117860.24,118054.92,117120.53,117374.76,2564.58563,0.0001
2025-07-19 08:00:00,118163.07,118499.9,117943.25,118327.06,1123.42732,0.0001
2025-07-20 00:00:00,117840.01,118165.38,117650.0,117958.01,1216.03617,0.0001
2025-07-20 08:00:00,118029.49,118277.17,117819.88,117878.46,1800.2823,0.0001
2025-07-20 16:00:00,118671.12,118856.8,117960.0,118155.01,2119.12806,0.0001
2025-07-21 08:00:00,119364.18,119500.0,118070.16,118070.17,2511.88984,0.0001
2025-07-22 00:00:00,117380.36,117950.0,116128.0,117210.0,3707.46413,0.0001
2025-07-23 00:00:00,119954.43,120090.0,118532.96,118614.17,2068.11927,0.0001
2025-07-24 00:00:00,118756.0,119273.36,118466.71,118488.92,1878.28334,0.0001
2025-07-24 16:00:00,119092.65,119395.81,118350.0,118943.42,2166.82662,0.0001
2025-07-25 00:00:00,118340.98,118451.57,115330.86,115419.66,11127.20493,0.0001
2025-07-25 08:00:00,115320.01,116782.13,115008.85,116543.58,7216.21136,0.0001
2025-07-25 16:00:00,115727.07,116997.21,115455.46,116688.6,3089.40882,0.0001
2025-07-27 08:00:00,118095.95,118292.86,117859.98,118072.71,835.9696,0.0001
2025-07-28 08:00:00,118900.01,119102.69,118475.47,118827.49,2060.1822,0.0001
2025-07-28 16:00:00,118174.89,118376.61,117427.5,118068.73,2575.55527,0.0001
2025-07-29 08:00:00,118882.37,119051.0,118160.87,118592.38,1962.95351,0.0001
2025-07-29 16:00:00,117400.02,118057.05,116950.75,117525.29,2441.06334,0.0001
2025-07-30 08:00:00,118123.0,118481.81,117358.84,117579.99,2228.01795,0.0001
2025-07-31 00:00:00,117840.29,118600.0,117781.87,118466.14,2307.57332,5.694e-05
2025-07-31 16:00:00,118306.18,118879.14,116763.43,116785.79,4228.22018,0.0001
2025-08-01 16:00:00,115357.82,115695.52,113221.93,113328.68,4135.47502,5.681e-05
2025-08-02 08:00:00,113982.49,114040.29,113425.58,113787.12,1135.36227,8.94e-06
2025-08-02 16:00:00,112840.7,113420.0,112003.0,112229.42,3414.70659,4.437e-05
2025-08-03 00:00:00,112546.35,113740.69,111920.0,113604.2,2106.5441,5.633e-05
2025-08-03 08:00:00,113700.0,114260.31,113551.0,113862.18,1260.20877,4.533e-05
2025-08-04 08:00:00,114652.98,114750.0,114217.97,114493.09,1188.64494,5.719e-05
2025-08-05 00:00:00,115055.03,115127.81,114256.85,114256.85,1398.92395,7.101e-05
2025-08-05 08:00:00,113969.7,115096.73,113928.87,114827.07,1593.56232,8.589e-05
2025-08-05 16:00:00,112934.0,113763.27,112815.68,113616.52,1434.52074,4.784e-05
2025-08-06 08:00:00,114227.9,114404.23,113727.57,114226.69,1280.29764,9.275e-05
2025-08-06 16:00:00,115413.87,115716.0,114942.18,115259.99,1727.95909,8.288e-05
2025-08-08 16:00:00,116207.7,116900.0,116006.14,116453.41,1690.79713,7.973e-05
2025-08-09 08:00:00,116756.0,117944.05,116756.0,117110.0,2353.3714,9.087e-05
2025-08-11 00:00:00,119294.27,122164.07,118972.59,121728.99,7626.19257,0.0001
2025-08-11 08:00:00,121537.14,121823.0,120286.4,120561.54,4216.26732,0.0001
2025-08-11 16:00:00,120314.4,120794.05,118604.17,119089.3,2812.92272,0.0001
2025-08-12 00:00:00,118686.0,119275.46,118593.39,118857.7,1894.63528,0.0001
2025-08-13 00:00:00,120134.09,120192.1,119094.28,119482.01,2361.00135,7.123e-05
2025-08-14 16:00:00,118257.26,118535.0,117180.0,117945.92,3545.40524,0.0001
2025-08-15 00:00:00,118295.09,119077.71,118032.32,118968.91,1883.55436,1.939e-05
2025-08-15 08:00:00,118956.45,119144.5,118600.0,119006.01,1129.82607,7.99e-05
2025-08-15 16:00:00,117275.23,117882.35,116803.99,116936.27,2393.46089,3.722e-05
2025-08-16 08:00:00,117596.07,117703.92,117143.98,117378.52,1206.0413,8.268e-05
2025-08-17 00:00:00,117380.66,117771.37,117172.21,117684.95,770.53091,8.206e-05
2025-08-18 00:00:00,117405.01,117543.75,115000.0,115319.0,5801.42298,2.846e-05
2025-08-19 00:00:00,116227.05,116725.69,114787.23,114810.0,2390.89748,7.137e-05
2025-08-19 16:00:00,113786.39,113897.58,112767.06,113132.48,3784.35052,3.167e-05
2025-08-20 00:00:00,112872.95,113636.13,112566.01,113525.91,3116.70576,4.543e-05
2025-08-20 08:00:00,113490.14,114016.77,113060.08,113666.68,2352.50644,1.364e-05
2025-08-20 16:00:00,113353.94,114444.0,113264.01,114276.66,2624.00614,4.936e-05
2025-08-21 08:00:00,113896.03,113990.0,113000.0,113148.66,1509.65106,7.757e-05
2025-08-23 16:00:00,114812.88,115190.74,114684.11,115133.91,1105.55067,9.711e-05
2025-08-25 00:00:00,113493.59,113667.28,112159.0,112916.84,2384.9729,0.0001
2025-08-26 00:00:00,110111.98,110111.98,108666.66,109879.56,4155.39206,4.522e-05
2025-08-26 08:00:00,110303.2,110455.13,109570.34,109876.52,1852.10166,3.9e-05
2025-08-26 16:00:00,109666.34,111162.59,109450.0,111116.03,3548.51055,0.0001
2025-08-27 08:00:00,110725.19,111374.45,110345.42,111322.07,1594.26753,5.503e-05
2025-08-28 00:00:00,111262.01,112042.04,110862.42,112000.01,1203.77782,5.297e-05
2025-08-29 00:00:00,112566.9,112638.64,111302.27,111704.23,2123.00621,4.261e-05
2025-08-29 08:00:00,110019.38,110270.3,109414.18,110098.81,2848.31026,5.856e-05
2025-08-30 00:00:00,108377.4,108436.21,107350.1,108436.2,3244.13736,7.523e-05
2025-08-31 08:00:00,108708.25,109100.0,108303.21,108389.76,1590.89462,4.749e-05
2025-09-01 00:00:00,108246.36,108482.98,107393.0,107660.01,3206.34097,4.66e-05
2025-09-01 08:00:00,109432.99,109912.4,108186.41,108782.88,3111.29125,0.0001
2025-09-02 00:00:00,109237.43,110623.97,108883.8,110322.18,3166.02008,6.946e-05
2025-09-04 08:00:00,110463.36,111154.93,110415.72,110810.0,1251.00126,4.385e-05
2025-09-04 16:00:00,109510.32,110218.39,109363.26,109799.99,2124.63495,7.941e-05
2025-09-05 16:00:00,110716.82,111627.51,110206.96,111614.54,2167.09419,7.872e-05
2025-09-06 00:00:00,110660.0,111307.7,110552.56,111082.22,800.18218,1.297e-05
2025-09-06 16:00:00,110384.16,110402.0,109977.0,110038.41,1391.66059,5.11e-05
2025-09-07 00:00:00,110187.98,110733.12,110180.0,110629.15,948.63792,1.97e-05
2025-09-07 08:00:00,110753.41,111377.19,110720.01,111292.13,1214.41306,3.611e-05
2025-09-07 16:00:00,111329.99,111371.35,110861.2,111259.99,940.48526,6.969e-05
2025-09-08 08:00:00,111280.4,112186.98,111252.9,112052.43,2723.68786,6.682e-05
2025-09-08 16:00:00,112631.74,112670.06,111978.67,112097.31,1681.81458,7.311e-05
2025-09-09 00:00:00,112065.23,112104.41,111111.0,111708.0,2091.77038,3.799e-05
2025-09-09 08:00:00,112991.11,113176.51,112403.91,112433.59,1848.92022,0.0001
2025-09-09 16:00:00,110880.76,111388.04,110788.0,111301.53,2121.49527,0.0001
2025-09-10 00:00:00,111546.38,111586.26,110917.45,111545.88,1667.04272,5.805e-05
2025-09-10 16:00:00,113853.99,114074.46,113155.03,113574.52,2628.46871,0.0001
2025-09-11 00:00:00,113960.0,114434.23,113669.82,114400.01,1596.62879,5.843e-05
2025-09-11 08:00:00,114083.58,114200.0,113776.0,113999.99,1512.60333,4.283e-05
2025-09-13 16:00:00,115768.68,115817.37,115127.27,115797.12,1589.96184,3.137e-05
2025-09-14 08:00:00,115805.39,116165.19,115748.78,115794.91,840.40714,4.78e-05
2025-09-16 08:00:00,115839.99,115981.17,115206.15,115287.83,1345.53241,6.991e-05
2025-09-16 16:00:00,115905.88,116870.76,115608.28,116800.12,2955.38019,6.472e-05
2025-09-17 08:00:00,117162.48,117189.86,116253.27,116258.13,1655.0881,8.441e-05
2025-09-18 16:00:00,117583.56,117900.0,117196.33,117450.21,1828.6235,4.208e-05
2025-09-19 00:00:00,117073.53,117459.99,116871.61,116977.58,1326.38784,-2.31e-06
2025-09-19 16:00:00,115884.03,116136.0,115112.58,115125.12,1413.65495,5.264e-05
2025-09-20 00:00:00,115632.39,115730.41,115408.47,115445.0,717.06298,3.757e-05
2025-09-20 08:00:00,115968.56,115968.57,115664.11,115894.06,793.04586,-2.7e-07
2025-09-21 00:00:00,115685.63,115732.94,115441.83,115669.41,919.05922,-5.322e-05
2025-09-21 08:00:00,115815.98,115819.06,115329.03,115603.45,786.85295,2.563e-05
2025-09-21 16:00:00,115531.62,115665.52,115209.02,115480.05,781.11646,3.742e-05
2025-09-22 16:00:00,112815.5,112888.0,111936.4,112122.9,2731.51753,4.838e-05
2025-09-23 00:00:00,112650.99,112833.09,111478.0,112339.99,2398.09582,7.062e-05
2025-09-23 16:00:00,112882.2,112958.58,111540.2,111655.29,2394.18192,7.478e-05
2025-09-25 00:00:00,113307.01,113510.23,112214.74,112546.21,3049.61418,-2.2e-06
2025-09-25 16:00:00,111580.77,111672.58,108631.51,109360.0,6129.42446,9.56e-05
2025-09-26 00:00:00,108994.49,109798.84,108809.24,109580.01,2323.19574,3.143e-05
2025-09-26 08:00:00,109320.02,109690.98,108620.07,109133.5,2675.46214,4.36e-05
2025-09-27 00:00:00,109643.46,109743.91,109324.42,109553.77,1041.65919,-1e-07
2025-09-28 00:00:00,109635.85,109787.75,109325.05,109436.0,822.14827,3.314e-05
2025-09-28 08:00:00,109513.06,109585.39,109250.0,109369.02,862.93461,4.976e-05
2025-09-28 16:00:00,110037.92,110393.63,110008.54,110337.6,1215.77694,5.261e-05
2025-09-29 00:00:00,112163.96,112310.0,111588.07,111857.51,2297.47362,2.312e-05
2025-09-30 16:00:00,113106.15,114563.46,112800.0,114359.99,2535.88761,2.584e-05
2025-10-01 00:00:00,114048.94,114551.76,113966.67,114176.92,2042.57116,3.355e-05
2025-10-01 08:00:00,114539.02,116795.85,114484.43,116789.58,5217.93036,3.457e-05
2025-10-01 16:00:00,117423.73,118199.0,116724.56,117439.53,3814.32316,0.0001
2025-10-02 00:00:00,118594.99,119456.92,118368.05,118733.99,4187.34775,7.784e-05
2025-10-02 16:00:00,119910.78,121022.07,119359.63,120836.49,4869.11141,9.543e-05
2025-10-03 16:00:00,122258.04,123894.99,121466.25,122660.99,9447.66952,0.0001
2025-10-04 08:00:00,122324.08,122539.83,121962.81,121973.26,1268.73633,0.0001
2025-10-04 16:00:00,121791.31,121964.95,121510.0,121959.25,1443.23464,8.312e-05
2025-10-05 00:00:00,122390.99,124362.28,122136.0,123776.22,4212.02615,8.648e-05
2025-10-07 00:00:00,124658.54,125082.27,124101.26,124329.74,1773.60979,0.0001
2025-10-07 16:00:00,121846.01,122084.14,120574.94,121637.17,5726.896,6.194e-05
2025-10-08 00:00:00,121332.96,122229.66,121200.0,121374.75,2406.76826,2.542e-05
2025-10-09 08:00:00,121906.09,122833.02,121145.49,122737.57,2689.44106,5.35e-05
2025-10-09 16:00:00,121147.15,121481.9,119651.47,120951.72,6174.05969,1.455e-05
2025-10-11 00:00:00,112774.49,113322.39,111019.43,112300.01,11533.52669,0.0001
2025-10-11 16:00:00,111793.21,112185.53,110865.82,111178.31,3138.91159,4.67e-06
2025-10-12 16:00:00,113198.2,114700.0,113198.2,114342.28,6635.34892,-0.00010915
2025-10-14 00:00:00,115166.0,115409.96,113279.76,113500.0,3456.84461,-4.041e-05
2025-10-14 08:00:00,111724.41,112140.0,110012.24,111313.98,5281.83478,7.12e-06
2025-10-14 16:00:00,112900.44,113544.53,111692.31,112613.7,7436.01163,-4.498e-05
2025-10-15 16:00:00,110798.01,111557.7,110164.0,111271.73,3317.74779,2.25e-06
2025-10-16 00:00:00,110763.28,111867.17,110361.0,111329.48,2715.42468,-2.741e-05
2025-10-18 00:00:00,106431.68,107306.06,106322.2,107070.4,2668.3034,-4.819e-05
2025-10-20 16:00:00,111144.55,111303.05,109855.83,110803.22,3716.65669,-1.8e-07
2025-10-21 08:00:00,108086.38,108811.47,107484.22,108580.01,2989.72657,2.222e-05
2025-10-21 16:00:00,113422.6,114000.0,111324.29,111780.39,10731.47816,-2.506e-05
2025-10-22 08:00:00,108321.64,108358.76,106708.18,107555.05,4012.65986,2.445e-05
2025-10-22 16:00:00,108416.5,108796.42,107463.29,107870.35,4008.05438,5.702e-05
2025-10-23 00:00:00,107567.45,108720.39,107500.0,108377.96,2373.50317,8.911e-05
2025-10-24 00:00:00,110078.19,110829.67,109983.93,110441.46,1538.88446,3.391e-05
2025-10-24 08:00:00,111054.61,111482.99,110600.0,111066.29,1981.64658,1.783e-05
2025-10-25 00:00:00,111004.9,111226.67,110672.86,111029.99,829.34913,5.02e-05
2025-10-26 16:00:00,113694.97,113793.93,113290.62,113585.99,1360.11589,6.904e-05
2025-10-27 00:00:00,114559.41,115445.39,114362.26,114958.51,3281.65267,0.0001
2025-10-27 16:00:00,114969.68,115790.0,114790.81,114942.64,2258.20754,7.304e-05
2025-10-28 00:00:00,114107.65,114547.2,113569.91,113908.24,2184.14279,6.059e-05
2025-10-28 08:00:00,114188.38,114673.68,114113.3,114357.73,1236.93368,7.806e-05
2025-10-29 16:00:00,111509.74,112030.23,109200.0,110640.0,7741.83881,5.003e-05
2025-10-31 00:00:00,108322.87,110042.16,108275.28,109227.86,4174.2813,2.13e-06
2025-11-01 08:00:00,110071.4,110270.9,109854.72,110137.59,1127.98746,0.0001
2025-11-01 16:00:00,110310.65,110529.99,110192.0,110299.99,1247.33562,9.782e-05
2025-11-02 08:00:00,110895.53,111229.78,110346.15,111196.99,2428.29839,8.15e-05
2025-11-03 00:00:00,110540.69,110750.0,107907.44,107937.45,3966.5295,6.098e-05
2025-11-03 16:00:00,105745.71,107783.2,105306.56,107090.0,7788.41484,5.329e-05
2025-11-04 16:00:00,103197.02,103500.05,100010.73,100542.64,13452.93585,6.339e-05
2025-11-05 00:00:00,101497.23,102272.23,98966.8,102130.0,11012.84461,7.132e-05
2025-11-05 08:00:00,101993.03,102203.48,101176.47,102070.61,3577.50149,2.831e-05
2025-11-06 08:00:00,103184.75,103440.0,102651.63,103227.58,2657.25315,7.916e-05
2025-11-09 08:00:00,101944.6,102307.68,101500.0,102239.41,1825.56978,4.187e-05
2025-11-10 00:00:00,104722.95,106670.11,104265.02,106027.97,6501.34292,8.87e-05
2025-11-10 08:00:00,106461.46,106599.47,105836.0,106176.5,2356.44228,7.355e-05
2025-11-11 08:00:00,104783.99,105497.99,104762.23,105311.9,1804.62899,-2.775e-05
2025-11-12 00:00:00,103059.0,103440.96,102687.72,103310.0,2672.05561,2.462e-05
2025-11-12 16:00:00,102173.51,102285.18,100813.59,101297.31,4869.26591,5.786e-05
2025-11-13 08:00:00,103475.66,103811.49,102553.63,102936.5,3138.63943,9.352e-05
2025-11-14 00:00:00,99692.03,99866.02,98700.0,99139.38,5839.81569,8.569e-05
2025-11-14 08:00:00,97151.97,97553.7,95711.0,96167.44,5255.60132,9.126e-05
2025-11-15 08:00:00,96333.87,96350.52,95630.0,95696.87,2336.22638,0.0001
2025-11-16 08:00:00,96099.98,96635.11,95500.0,95627.13,2585.38054,0.0001
2025-11-16 16:00:00,94573.46,95567.79,93770.48,94020.0,9045.25375,7.06e-05
2025-11-17 16:00:00,93959.68,94419.88,91588.0,91678.93,11700.57582,7.208e-05
2025-11-18 16:00:00,92910.1,93836.01,92579.23,93195.61,4917.36921,3.725e-05
2025-11-19 00:00:00,92960.83,92980.22,91660.49,91874.52,3065.15376,7.496e-05
2025-11-19 08:00:00,91863.64,91950.0,91072.41,91410.22,2540.86239,5.012e-05
2025-11-20 00:00:00,91554.96,92798.14,91185.26,92440.32,3929.05974,4.259e-05
2025-11-20 08:00:00,92320.18,92400.94,91440.55,91934.0,3200.83736,0.0001
2025-11-20 16:00:00,89869.88,89911.73,86100.0,86921.28,17595.68288,8.999e-05
2025-11-21 08:00:00,84049.38,84709.89,81648.0,82309.66,16184.92659,4.524e-05
2025-11-22 08:00:00,84580.06,84586.62,83500.0,84098.94,3342.45829,6.735e-05
2025-11-22 16:00:00,84284.01,84899.0,84219.62,84609.76,1351.08151,5.057e-05
2025-11-23 00:00:00,84739.75,86349.84,84667.57,86308.54,4004.15131,3.812e-05
2025-11-24 08:00:00,87050.39,87050.39,85696.56,86264.72,3484.50939,-1.34e-06
2025-11-25 00:00:00,88300.01,88300.01,87457.53,87822.12,2506.39849,-5.29e-05
2025-11-26 16:00:00,86977.99,90418.39,86956.61,89957.36,7510.43418,-4.19e-06
2025-11-27 08:00:00,91408.34,91940.18,91221.17,91371.88,2353.99141,2.408e-05
2025-11-28 08:00:00,90910.87,92030.0,90907.98,91437.64,3175.31997,6.007e-05
2025-11-29 00:00:00,90890.71,91119.99,90546.36,90680.26,940.81817,-1.982e-05
2025-11-30 08:00:00,90968.16,91632.0,90927.16,91048.78,2515.69204,3.556e-05
2025-12-01 00:00:00,90360.01,90417.0,86161.61,86346.13,10249.65966,3.593e-05
2025-12-01 16:00:00,84677.87,85555.0,84030.95,85024.5,4598.10295,1.491e-05
2025-12-02 08:00:00,87012.64,87628.78,86296.21,87368.92,3361.03567,2.643e-05
2025-12-02 16:00:00,90850.01,92307.65,90201.0,91903.39,6152.68006,3.999e-05
2025-12-03 00:00:00,91277.88,93087.09,90990.23,92628.91,4425.07634,-1.732e-05
2025-12-03 08:00:00,93000.0,93389.62,92666.0,93005.68,2770.10259,4.206e-05
2025-12-04 08:00:00,93397.67,93621.31,92736.9,92948.31,1917.02375,7.435e-05
2025-12-05 00:00:00,92078.06,92692.36,91959.92,92142.75,1751.29187,4.837e-05
2025-12-05 08:00:00,92258.64,92258.65,90956.25,91351.43,2431.69816,4.944e-05
2025-12-07 00:00:00,89236.8,89749.59,89176.52,89722.37,712.48717,4.192e-05
2025-12-07 16:00:00,89554.52,91760.0,89115.85,91425.52,3838.31073,5.212e-05
2025-12-08 00:00:00,90395.32,91700.0,89860.0,91068.29,2453.60415,-5.39e-06
2025-12-08 08:00:00,91565.46,92287.15,91486.46,91968.29,1953.05465,6.545e-05
2025-12-11 08:00:00,90272.76,90504.19,89971.11,90242.35,1503.95888,-1.577e-05
2025-12-11 16:00:00,89872.51,91538.26,89333.0,90839.81,3643.99089,6.1e-05
2025-12-13 16:00:00,90092.17,90268.13,89981.0,90178.16,675.23738,6.041e-05
2025-12-14 00:00:00,90240.0,90472.4,90117.05,90258.98,710.94131,0.0001
2025-12-15 00:00:00,88172.16,90052.64,88074.37,89282.6,2699.66065,1.9e-06
2025-12-15 08:00:00,89753.43,89986.68,89572.05,89641.28,1524.38986,-8.93e-06
2025-12-15 16:00:00,87033.21,87220.0,85146.64,86149.96,5789.22914,3.081e-05
2025-12-16 08:00:00,86021.51,87330.0,85930.97,87261.45,2417.24589,1.35e-05
2025-12-17 08:00:00,87045.59,87137.42,86238.91,86983.26,1681.2327,8.987e-05
2025-12-17 16:00:00,87233.44,87769.23,85314.0,86018.53,5045.61646,5.917e-05
2025-12-19 00:00:00,85516.41,87568.99,85110.24,86891.39,3311.66901,5.491e-05
2025-12-19 16:00:00,87951.86,88882.55,86846.16,87845.92,4584.61046,0.0001
2025-12-20 08:00:00,88275.41,88428.0,88107.35,88277.66,821.72303,1.234e-05
2025-12-21 00:00:00,88360.91,88433.64,87869.35,88070.64,991.41687,9.682e-05
2025-12-21 16:00:00,88067.96,88600.0,87950.0,88484.01,1240.46771,3.977e-05
2025-12-22 00:00:00,88658.87,89627.24,87900.0,88774.12,2619.97992,4.389e-05
2025-12-23 00:00:00,88620.79,88940.0,87800.0,88170.0,1505.70483,2.633e-05
2025-12-23 08:00:00,87574.78,87890.0,87297.69,87856.65,1432.37853,5.231e-05
2025-12-24 16:00:00,87050.0,87670.0,86917.25,87566.06,1746.44928,5.927e-05
2025-12-25 00:00:00,87669.44,87967.5,87508.52,87840.42,652.86225,5.953e-05
2025-12-27 00:00:00,87369.56,87532.0,87253.05,87514.22,675.35016,1.809e-05
2025-12-27 08:00:00,87539.26,87677.0,87370.73,87475.98,1077.75463,2.788e-05
2025-12-28 08:00:00,87730.86,88010.0,87720.0,87883.25,760.04376,7.955e-05
2025-12-28 16:00:00,87836.27,87931.59,87500.26,87520.75,881.83702,9.464e-05
2025-12-29 16:00:00,87691.62,87996.22,87312.34,87366.23,1457.68333,4.826e-05
2026-01-02 16:00:00,89418.1,90961.81,89205.92,89897.23,5155.47201,4.813e-05
2026-01-03 08:00:00,89577.13,89982.11,89420.75,89752.74,1301.1092,1.055e-05
2026-01-03 16:00:00,89969.31,90219.67,89918.59,90123.77,516.07827,6.938e-05
2026-01-04 00:00:00,90628.01,91610.17,90628.0,91236.78,2719.43418,9.488e-05
2026-01-04 08:00:00,91532.0,91620.5,91174.46,91300.0,2596.25909,5.813e-05
2026-01-05 00:00:00,91529.74,93388.0,91514.81,92878.22,5548.56251,8.893e-05
2026-01-05 08:00:00,92520.63,93151.0,92320.17,93134.26,2498.18846,5.23e-05
2026-01-05 16:00:00,93957.74,94500.0,93250.0,94303.4,4190.38211,7.723e-05
2026-01-06 08:00:00,93255.08,93895.0,93167.29,93840.0,1360.24604,2.816e-05
2026-01-06 16:00:00,93649.0,93775.6,91262.94,92104.5,6154.50415,2.691e-05
2026-01-08 08:00:00,90548.02,90917.22,89777.25,90226.77,2431.28077,0.0001
2026-01-08 16:00:00,90781.57,91469.0,90312.89,90937.41,2656.5893,6.436e-05
2026-01-09 08:00:00,90741.85,90843.77,89694.66,90463.11,2586.72373,7.258e-05
2026-01-10 00:00:00,90641.27,90782.23,90527.99,90626.14,528.98968,5.643e-05
2026-01-11 16:00:00,90875.79,91283.89,90673.3,90690.8,961.40735,1.667e-05
2026-01-12 08:00:00,91408.09,91630.13,90370.0,90620.96,2761.14204,2.902e-05
2026-01-12 16:00:00,91664.99,92332.0,91000.53,91861.27,3629.97324,4.65e-05
2026-01-14 00:00:00,95413.99,95722.01,95116.03,95720.99,2381.89992,1.29e-06
2026-01-15 00:00:00,96951.78,97000.0,95777.0,95985.1,2821.68199,-3.67e-06
2026-01-16 00:00:00,95604.81,95855.12,95321.58,95354.69,1207.1411,7.34e-05
2026-01-16 08:00:00,95653.16,95871.47,95261.43,95429.09,1614.38797,7.337e-05
2026-01-17 00:00:00,95550.94,95578.2,95200.0,95372.95,520.98136,-1.78e-06
2026-01-17 08:00:00,95101.67,95323.86,95021.67,95323.86,614.83515,3.007e-05
2026-01-18 08:00:00,95028.27,95295.39,95021.44,95168.06,960.00602,9.616e-05
2026-01-18 16:00:00,95119.27,95521.71,95073.02,95380.99,921.46243,6.571e-05
2026-01-23 08:00:00,89549.45,89632.18,88860.44,89202.48,1992.68771,3.39e-05
2026-01-26 00:00:00,86670.36,87973.11,86509.63,87282.05,4005.56746,4.067e-05
2026-01-26 16:00:00,87641.41,88537.95,87035.51,88013.19,2334.22752,5.606e-05
2026-01-27 08:00:00,88320.41,88397.85,87743.52,87992.74,1462.63908,6.028e-05
2026-01-27 16:00:00,88047.46,88819.89,87304.33,88408.77,3647.91175,7.503e-05
2026-01-28 00:00:00,89249.99,89497.96,88985.0,89126.67,1094.38637,6.237e-05
2026-01-28 08:00:00,89134.35,90156.72,88833.65,90080.0,2787.07391,6.174e-05
2026-01-28 16:00:00,89479.66,90600.0,89006.36,89402.58,3310.08413,3.83e-05
2026-01-29 00:00:00,89300.0,89348.0,87704.0,88053.71,2923.10988,7.21e-05
2026-01-29 16:00:00,84934.02,85638.3,83383.33,84012.11,10787.89043,4.023e-05
2026-01-30 08:00:00,82816.98,83314.85,82160.0,83151.36,3255.07609,1.714e-05
2026-01-31 00:00:00,84260.5,84270.02,83815.02,84022.69,1727.33956,9.693e-05
2026-02-01 16:00:00,77593.4,78443.1,77000.01,77174.78,2883.53084,1.722e-05
2026-02-02 00:00:00,76968.22,78231.26,74604.0,76292.98,11449.76567,6.8e-07
2026-02-02 16:00:00,78850.06,79288.28,78283.27,78341.5,5462.07718,-5.713e-05
2026-02-03 00:00:00,78738.6,79186.81,77644.09,78753.32,4012.52848,-2.203e-05
2026-02-03 16:00:00,78132.34,78134.53,72945.5,74935.0,18839.6377,-4.65e-06
2026-02-04 16:00:00,74136.48,74249.83,72169.0,73923.29,13944.22381,4.618e-05
2026-02-05 08:00:00,70756.86,71978.58,69922.0,70318.35,9382.74194,2.98e-06
2026-02-06 00:00:00,62909.87,66010.0,60000.0,64168.33,28980.40325,-1.597e-05
2026-02-06 16:00:00,68625.99,71500.0,68428.19,70731.46,17283.69927,-0.00013478
2026-02-07 08:00:00,68087.13,68790.0,67582.48,67972.65,8689.01558,-8.326e-05
2026-02-08 08:00:00,69710.69,71220.0,69514.15,70999.98,5309.31519,-3.546e-05
2026-02-08 16:00:00,71188.99,71538.05,70251.33,71422.97,2720.17356,-4.864e-05
2026-02-10 00:00:00,70138.0,70527.59,69208.61,69511.83,2469.62773,-8.798e-05
2026-02-10 16:00:00,69293.37,69993.65,68604.63,69062.01,3997.49855,-8.816e-05
2026-02-11 00:00:00,68841.28,69292.88,68011.11,68187.99,1918.23444,1.4e-05
2026-02-11 16:00:00,66519.72,67860.44,65876.0,67586.67,5004.8715,-1.169e-05
2026-02-12 00:00:00,67082.52,68047.48,67055.53,67580.99,2100.97039,-1.381e-05
2026-02-15 00:00:00,69822.94,69990.02,69251.5,69954.5,1764.94129,-1.068e-05
2026-02-15 16:00:00,69100.0,69100.0,68000.0,68286.63,8139.52235,-2.371e-05
2026-02-16 16:00:00,67539.53,68245.34,67513.94,67913.43,2266.56859,-4.112e-05
2026-02-18 00:00:00,67503.52,67705.65,66892.03,67629.11,1226.88759,3.215e-05
2026-02-18 08:00:00,68106.44,68476.22,67076.9,67369.75,1922.15458,-1.41e-06
2026-02-19 08:00:00,67206.45,67206.45,66478.02,66496.02,1879.33579,2.686e-05
2026-02-20 00:00:00,67003.73,67488.67,66949.41,67366.25,1472.92111,5.365e-05
2026-02-20 08:00:00,67825.91,68318.39,67280.6,67318.41,3414.63472,1.302e-05
2026-02-20 16:00:00,67582.95,68000.0,66952.11,67646.03,9574.1468,-6.71e-06
2026-02-21 08:00:00,67856.01,68314.54,67807.3,68092.45,1384.49772,2.485e-05
2026-02-22 16:00:00,67684.15,67718.13,67190.0,67428.32,1575.66204,4.972e-05
2026-02-23 08:00:00,65958.94,66600.0,65565.78,66207.23,3194.00092,-9.317e-05
2026-02-23 16:00:00,65660.1,65724.28,64048.71,64295.1,7179.94577,2.251e-05
2026-02-24 08:00:00,63192.79,63444.66,62908.92,63227.1,2234.59315,-1.193e-05
2026-02-25 16:00:00,67412.32,69550.0,67404.0,69038.26,8300.46334,-9.68e-06
2026-02-26 00:00:00,67988.04,68700.0,67727.52,68216.86,2995.4703,-1.998e-05
2026-02-27 08:00:00,67690.6,68149.93,65960.01,66126.99,4904.69534,-8.123e-05
2026-02-28 00:00:00,65872.09,66025.52,65721.13,65797.42,1045.74408,4.041e-05
2026-02-28 08:00:00,63825.99,64307.44,63372.1,63844.2,4734.32265,-3.727e-05
2026-03-01 08:00:00,67141.4,67292.3,66215.71,66468.03,3250.92047,4.563e-05
2026-03-02 16:00:00,69130.2,70096.0,68576.18,68966.53,6828.10762,-1.083e-05
2026-03-03 00:00:00,68830.06,69258.08,68210.71,68377.94,2362.09713,-1.86e-06
2026-03-03 08:00:00,68172.79,68311.83,66340.14,67026.61,6082.75912,1.437e-05
2026-03-04 16:00:00,73396.87,74050.0,72541.69,73611.1,8665.00622,4.683e-05
2026-03-05 00:00:00,72666.77,73306.82,72336.76,72497.89,3122.96483,3.567e-05
2026-03-05 08:00:00,72055.5,73558.15,71757.17,72915.79,6262.38044,4.965e-05
2026-03-08 08:00:00,67319.9,68200.0,67156.93,67515.0,3303.40428,-1.115e-05
2026-03-09 00:00:00,65971.2,67668.64,65821.97,67205.05,5224.01016,-5.77e-05
2026-03-11 00:00:00,69948.64,70173.25,69488.7,69551.91,4402.46797,-0.00011052
2026-03-12 00:00:00,70191.86,70353.87,69226.52,69446.61,2576.17397,-7.802e-05
2026-03-12 08:00:00,69826.19,70800.0,69580.0,70427.91,4649.38407,-5.392e-05
2026-03-12 16:00:00,70334.89,70569.15,69770.85,70432.32,3616.058,-7.381e-05
2026-03-13 16:00:00,71831.46,72249.99,70841.23,71189.95,5469.31306,-6.38e-06
2026-03-14 08:00:00,70596.68,70784.38,70389.08,70751.42,2494.95824,-3.988e-05
2026-03-15 00:00:00,71211.95,71634.08,70858.82,71363.14,2591.56425,-1.883e-05
2026-03-15 08:00:00,71453.59,71940.49,71453.59,71839.42,2170.1455,-6.461e-05
2026-03-15 16:00:00,71481.24,71989.93,71320.08,71549.94,1241.1248,2.659e-05
2026-03-16 00:00:00,72815.25,74330.34,72270.41,73573.32,5313.15699,2.513e-05
2026-03-16 16:00:00,73274.75,74418.6,73160.66,73963.0,4131.80846,2.015e-05
2026-03-17 00:00:00,74884.67,76000.0,74268.73,74463.98,6925.21053,2.41e-06
2026-03-19 00:00:00,71246.55,71613.79,70902.37,71215.39,2427.94963,-9.74e-06
2026-03-20 08:00:00,70854.66,71367.0,70218.68,70478.71,3112.13588,7.53e-06
2026-03-20 16:00:00,69860.09,70190.18,69388.0,70177.86,3079.98123,-2.23e-06
2026-03-21 00:00:00,70510.73,70826.0,70431.67,70657.35,1194.32406,-1.493e-05
2026-03-21 08:00:00,70727.33,70753.79,70492.02,70652.72,2045.34328,-7.38e-06
2026-03-23 00:00:00,67859.0,68585.12,67445.18,68074.6,2495.61558,-2.079e-05
2026-03-24 00:00:00,70906.45,71099.96,70278.46,70542.9,2279.09671,4.229e-05
2026-03-24 08:00:00,71291.7,71368.61,70850.11,71157.77,2477.92852,3.675e-05
2026-03-25 00:00:00,70556.74,71100.28,70408.0,70716.7,2504.53992,2.31e-05
2026-03-25 08:00:00,70926.88,72026.09,70800.0,71678.97,3287.51237,1.074e-05
2026-03-26 16:00:00,69082.64,69162.0,68153.0,68534.36,4026.59411,-2.103e-05
2026-03-27 08:00:00,68540.49,68635.07,66231.96,66702.78,7325.96218,-6.298e-05
2026-03-27 16:00:00,66112.82,66290.0,65548.25,66040.66,3963.05735,-5.841e-05
2026-03-28 16:00:00,67014.92,67096.77,66704.0,66916.52,1090.61096,-1.73e-06
2026-03-29 16:00:00,66523.01,66665.05,66158.26,66348.62,994.8232,2.677e-05
2026-03-30 00:00:00,66010.93,67450.0,65800.59,67173.8,3701.61439,3e-06
2026-03-30 16:00:00,67629.4,67641.65,66233.13,66550.05,2673.9969,7.58e-06
2026-03-31 00:00:00,66797.38,68408.37,66544.51,67704.74,2940.06225,1.16e-06
2026-03-31 08:00:00,67367.7,67496.0,65998.05,66685.69,4187.99082,-1.921e-05
2026-03-31 16:00:00,66736.79,68589.49,66729.28,67838.8,4391.49464,-2.763e-05
2026-04-01 00:00:00,68284.49,68378.64,67578.75,68170.67,3175.60054,-3.449e-05
2026-04-01 08:00:00,68692.0,68851.35,68389.21,68712.52,3486.85039,-4.61e-06
2026-04-01 16:00:00,68918.52,69171.77,67939.28,68176.84,2610.209,5.77e-06
2026-04-03 00:00:00,66901.99,67000.0,66282.0,66579.97,2208.57089,-8.31e-06
2026-04-04 00:00:00,66964.29,66968.28,66814.0,66832.18,803.20366,3.761e-05
2026-04-04 16:00:00,67383.66,67543.6,67265.0,67288.42,858.41299,1.651e-05
2026-04-05 08:00:00,66820.64,67150.0,66819.42,66999.0,1062.42874,3.812e-05
2026-04-07 00:00:00,68853.66,69128.2,68273.34,68779.21,2422.31591,-3.15e-06
2026-04-07 08:00:00,68624.6,69247.9,68071.96,68345.75,2273.58534,3.703e-05
2026-04-07 16:00:00,68168.11,69098.44,68085.01,69011.29,3817.42066,7.393e-05
2026-04-08 00:00:00,71924.22,72110.65,71240.99,71287.39,3370.06511,6.02e-05
2026-04-08 08:00:00,71627.59,71955.0,71407.77,71675.12,2214.64952,1.563e-05
2026-04-09 00:00:00,71069.93,71198.8,70466.0,70992.39,2645.29554,-1.47e-06
2026-04-10 00:00:00,71787.98,72387.0,71573.35,71868.67,2706.87605,4.11e-06
2026-04-10 16:00:00,72460.52,73264.76,72387.41,73236.11,2498.15366,-2.187e-05
2026-04-11 00:00:00,72962.71,73094.89,72670.0,72866.63,1637.40665,-7.225e-05
2026-04-11 08:00:00,72745.38,72915.95,72617.75,72907.05,905.10314,-6.083e-05
2026-04-12 00:00:00,73043.16,73137.24,71310.0,71593.19,4092.12587,-8.108e-05
2026-04-12 08:00:00,71664.99,71805.85,71357.76,71468.55,1780.81611,-3.69e-05
2026-04-12 16:00:00,70892.04,71222.58,70821.05,71084.18,991.98626,-3.35e-06
2026-04-13 16:00:00,71866.59,73480.0,71679.8,73322.82,6766.75131,-5.409e-05
2026-04-15 00:00:00,74131.55,74786.72,74126.32,74345.97,2142.74367,-9.313e-05
2026-04-15 08:00:00,73730.43,74256.44,73675.96,74201.78,1889.67298,-5.085e-05
2026-04-15 16:00:00,73844.07,75281.0,73762.89,75002.6,2728.37363,-7.151e-05
2026-04-16 08:00:00,74707.02,74901.5,74277.34,74574.79,2687.27336,-2.841e-05
2026-04-16 16:00:00,74697.2,75410.71,73912.23,75342.99,3497.56,-2.225e-05
2026-04-18 16:00:00,76167.33,76211.57,75445.16,75649.85,1564.20833,-4.586e-05
2026-04-20 00:00:00,73801.8,74746.93,73724.31,74634.0,2498.4367,-4.615e-05
2026-04-20 08:00:00,74837.18,75404.63,74619.41,75192.71,1646.53372,-4.778e-05
2026-04-21 00:00:00,75840.97,76263.4,75474.77,75710.3,1612.43915,-7.937e-05
2026-04-22 08:00:00,78012.78,78399.0,77941.59,78300.0,2316.44812,3.56e-05
2026-04-22 16:00:00,79272.91,79472.82,78632.37,78846.62,2393.5344,-7.49e-06
2026-04-23 00:00:00,78178.22,78574.44,77453.43,77746.46,3482.97564,-7.87e-05
2026-04-23 08:00:00,78048.61,78175.52,77174.01,77704.62,3562.23716,-3.553e-05
2026-04-24 08:00:00,77644.59,78372.58,77402.01,78240.26,2919.1254,-7.865e-05
2026-04-24 16:00:00,78038.63,78060.29,77363.63,77628.85,1634.32254,-3.152e-05
2026-04-25 00:00:00,77437.13,77711.87,77309.92,77679.07,943.00804,-1.077e-05
2026-04-27 08:00:00,77606.59,77980.0,77553.23,77844.26,1607.93582,-8.659e-05
2026-04-28 08:00:00,76879.28,77013.63,76130.1,76229.0,2842.73206,-3.204e-05
2026-04-30 08:00:00,76161.67,76339.38,75876.29,76059.43,1712.03014,-1.837e-05
2026-04-30 16:00:00,76473.6,76514.8,76111.0,76412.8,930.96663,-2.904e-05
2026-05-01 00:00:00,76346.58,77453.74,76320.42,77131.08,2250.38749,-3.746e-05
2026-05-01 16:00:00,78445.88,78683.23,78131.02,78360.0,2194.42574,-3.143e-05
2026-05-02 08:00:00,78220.0,78394.0,78094.43,78143.08,868.1323,-5.103e-05
2026-05-03 16:00:00,78668.36,78853.32,78558.65,78760.32,916.2637,7.03e-06
2026-05-04 00:00:00,78568.58,80458.0,78288.88,80316.31,5091.61332,4.304e-05
2026-05-04 08:00:00,79696.75,79930.0,78202.0,78793.67,5989.03806,-1.58e-06
2026-05-05 00:00:00,79861.01,81083.98,79808.72,80893.08,2402.14099,-3.83e-06
2026-05-05 16:00:00,81525.19,81680.0,81050.04,81606.35,1780.45876,-8.24e-05
2026-05-06 08:00:00,81359.82,82850.0,81328.68,82522.89,5188.93186,-6.15e-05
2026-05-07 00:00:00,81447.01,81490.03,80830.23,80834.91,2068.1731,-5.856e-05
2026-05-07 08:00:00,81518.57,81590.0,80572.4,80866.65,2364.09693,-4.568e-05
2026-05-09 00:00:00,80193.18,80550.67,80129.85,80383.95,1093.10948,1.841e-05
2026-05-10 08:00:00,80736.03,80975.4,80691.0,80821.21,1108.70905,4.626e-05
2026-05-10 16:00:00,81418.01,81583.11,81148.0,81437.83,1798.22732,5.764e-05
2026-05-11 00:00:00,82210.07,82380.0,80525.0,80736.01,3139.85094,5.798e-05
2026-05-11 08:00:00,80740.4,81200.0,80621.87,81196.94,1639.3936,2.592e-05
2026-05-11 16:00:00,81445.89,82137.26,81344.72,81961.99,2673.46567,4.555e-05
2026-05-12 16:00:00,80336.01,80874.42,79843.59,80834.64,2673.67675,5.822e-05
2026-05-14 08:00:00,79745.99,79936.98,79234.0,79258.27,1846.46215,2.928e-05
2026-05-14 16:00:00,81301.22,82048.13,81080.25,81419.74,6279.93607,4.094e-05
2026-05-15 00:00:00,81090.0,81664.45,80750.0,81059.15,2453.72559,-4.239e-05
2026-05-16 08:00:00,78369.78,78530.52,77640.0,78081.71,3846.10003,-2.1e-06
2026-05-17 00:00:00,78148.05,78243.19,77721.19,78028.88,1284.92928,4.037e-05
2026-05-20 16:00:00,77455.45,77713.66,77018.38,77667.49,1712.28825,6.858e-05
2026-05-21 08:00:00,77889.01,78200.0,77147.15,77189.1,1934.87402,4.003e-05
2026-05-21 16:00:00,77259.45,78098.16,77008.75,77690.56,2693.31851,6.13e-05
2026-05-22 00:00:00,77615.52,77817.8,77327.28,77779.98,884.30161,3.564e-05
2026-05-24 16:00:00,76371.59,76799.99,76371.59,76773.34,882.04437,6.265e-05
2026-05-26 00:00:00,77322.01,77345.0,76475.59,76664.01,2145.81269,8.058e-05
2026-05-26 16:00:00,76518.1,76710.01,75779.3,76052.0,4688.69854,5.776e-05
2026-05-27 00:00:00,75930.01,76104.02,75607.62,75683.0,2404.25109,0.0001
2026-05-28 08:00:00,73498.0,73616.0,73193.13,73505.66,1994.38372,5.011e-05
2026-05-29 00:00:00,73617.52,73868.33,73189.11,73301.52,2123.30407,0.0001
2026-05-30 00:00:00,73460.78,73796.43,73408.62,73524.01,1539.64276,3.464e-05
2026-05-30 16:00:00,73930.13,74143.76,73811.3,74016.65,836.20775,6.214e-05
2026-05-31 00:00:00,73884.38,74275.66,73858.56,74150.64,1099.56261,4.432e-05
2026-05-31 08:00:00,73871.25,74024.0,73699.2,73937.79,1250.59286,5.663e-05
2026-06-01 16:00:00,71129.62,71800.73,70686.68,71595.24,4920.23395,0.0001
2026-06-02 00:00:00,71408.9,71408.9,70111.0,70953.69,3525.64758,0.0001
2026-06-02 08:00:00,70118.42,70172.0,69324.65,69461.72,3766.33037,5.99e-05
2026-06-02 16:00:00,67304.29,68146.3,66432.0,67315.14,5955.1383,8.345e-05
2026-06-03 08:00:00,67220.03,67476.69,66656.48,67067.37,3840.69634,5.229e-05
2026-06-04 08:00:00,63603.15,63904.63,62205.0,62545.99,8595.49118,1.519e-05
2026-06-05 00:00:00,63885.99,63978.0,62339.0,62730.0,4162.99809,1.315e-05
2026-06-06 00:00:00,61056.47,61530.05,60520.0,60687.04,2945.07914,-1.234e-05
2026-06-06 08:00:00,61004.95,61500.0,60198.0,60802.91,3473.55766,2.675e-05
2026-06-06 16:00:00,60784.01,60971.24,60393.96,60600.01,2446.99506,-5.11e-06
2026-06-07 08:00:00,62404.72,62960.0,62259.37,62621.96,4723.06235,4.07e-06
2026-06-07 16:00:00,62093.99,62332.0,61184.0,61328.0,2477.20723,2.742e-05
2026-06-08 00:00:00,63332.01,63863.06,62720.86,63130.12,3315.4618,3.533e-05
2026-06-09 00:00:00,63086.0,63184.0,62423.07,62875.17,3759.28744,-1.565e-05
2026-06-09 08:00:00,63198.44,63208.86,62498.75,62711.12,2528.63515,3.041e-05
2026-06-11 00:00:00,61510.99,62848.0,61510.99,62689.48,2852.15258,-8.11e-06
2026-06-11 16:00:00,62749.44,63933.02,62348.0,63605.68,4125.82489,2.736e-05
2026-06-12 00:00:00,63626.0,63810.01,63301.53,63524.82,2654.11007,-1.303e-05
2026-06-12 08:00:00,63100.8,63953.84,63100.8,63766.01,2378.6864,2.446e-05
2026-06-12 16:00:00,63593.02,64111.1,63510.16,63589.27,2256.79665,8.4e-06
2026-06-13 00:00:00,63580.0,63840.0,63418.66,63532.0,1807.91855,5.357e-05
2026-06-14 16:00:00,64025.06,64208.92,63678.83,63802.0,1240.64937,-3.265e-05
2026-06-16 00:00:00,66328.74,66463.26,65650.0,66165.21,2681.099,-4.28e-06
2026-06-16 08:00:00,66372.0,66992.0,66345.06,66481.73,2144.18658,-1.11e-05
2026-06-17 08:00:00,65539.51,65574.0,64565.0,64810.01,3091.21134,-6.685e-05
2026-06-17 16:00:00,65751.99,66445.93,63998.35,64301.85,6215.6405,-2.582e-05
2026-06-18 08:00:00,64510.45,64646.75,63878.14,63974.4,1838.10092,1.896e-05
2026-06-20 08:00:00,63655.21,63798.76,63392.41,63688.0,1481.37623,2.633e-05
2026-06-21 00:00:00,64298.01,64472.99,64206.17,64426.0,1550.54505,7.78e-06
2026-06-21 08:00:00,64191.06,64483.95,63900.17,64176.0,1273.61935,3.034e-05
2026-06-21 16:00:00,64224.0,64298.84,63933.47,64207.12,902.04873,4.189e-05
2026-06-22 00:00:00,63312.0,64823.52,63312.0,63974.01,3208.60773,6.572e-05
2026-06-22 08:00:00,64211.2,64768.46,64044.0,64657.22,1871.87312,1.514e-05
2026-06-25 00:00:00,61078.0,61163.16,60684.94,60883.65,2441.96666,-1.423e-05
2026-06-25 08:00:00,61911.03,61920.0,61066.0,61282.01,1957.14848,-1.803e-05
2026-06-25 16:00:00,59557.99,60067.0,59139.96,59320.0,4724.02547,1.58e-05
2026-06-26 16:00:00,60328.18,60583.0,59556.0,59751.97,2887.79333,7.308e-05
2026-06-27 00:00:00,60097.27,60412.0,59876.22,60305.73,1740.1281,5.255e-05
2026-06-27 08:00:00,60548.06,60548.74,60198.94,60363.65,1191.76765,4.284e-05
2026-06-28 00:00:00,60029.01,60339.99,59986.0,60197.04,1389.16748,4.258e-05
2026-06-28 16:00:00,59890.35,59943.9,59270.26,59481.79,1660.7754,4.43e-05
2026-06-30 00:00:00,60260.2,60276.54,59600.0,59627.48,1857.16279,6.175e-05
2026-06-30 08:00:00,59524.01,59551.03,59123.01,59192.7,2089.47276,8.349e-05
2026-07-01 00:00:00,58624.71,59318.0,57800.19,59197.13,5065.96033,5.532e-05
2026-07-01 08:00:00,58768.64,59091.99,58500.0,58622.03,1602.12145,1.853e-05
2026-07-01 16:00:00,60147.15,60352.93,59787.35,60028.67,2234.35255,7.073e-05
2026-07-02 00:00:00,60024.0,61121.78,59588.0,61058.0,2904.94504,8.001e-05
2026-07-02 08:00:00,60149.99,61437.49,60132.51,61358.01,4003.42248,5.238e-05
2026-07-02 16:00:00,61612.93,61962.43,61108.99,61479.6,3294.70341,5.261e-05
2026-07-03 00:00:00,61560.0,61733.11,61248.86,61434.0,2479.18215,0.0001
2026-07-03 16:00:00,61922.71,62317.64,61911.65,62210.0,1297.39519,3.74e-05
2026-07-04 00:00:00,62583.26,62946.0,62404.25,62627.29,1753.66085,0.0001
2026-07-04 08:00:00,62576.0,62674.47,62415.87,62482.01,1079.64345,0.0001
2026-07-05 16:00:00,62740.01,62888.14,62590.02,62768.88,1289.13194,8.608e-05
2026-07-06 00:00:00,63650.01,63920.0,63136.01,63294.0,2106.27228,7.7e-05
2026-07-06 08:00:00,63089.42,63244.0,62483.83,62483.84,2033.95739,6.12e-05
2026-07-06 16:00:00,63545.98,63976.16,63386.01,63738.52,3288.31371,0.0001
2026-07-07 00:00:00,64042.93,64314.0,63150.0,63191.01,2149.22919,0.0001
2026-07-07 08:00:00,63083.19,63467.15,62984.58,63406.0,1660.52847,5.792e-05
2026-07-07 16:00:00,63930.5,64243.75,63379.69,63817.99,3152.55165,6.825e-05
2026-07-08 00:00:00,63364.0,63761.99,62525.47,62766.0,2945.00889,4.846e-05
2026-07-08 08:00:00,62888.34,62941.46,61743.83,62299.99,5277.16067,7.24e-06
2026-07-08 16:00:00,61704.01,62394.32,61692.0,62277.98,1878.09343,7.171e-05
2026-07-09 00:00:00,62290.01,62642.0,61705.29,61974.34,2507.70329,6.16e-05
2026-07-10 00:00:00,63230.01,64050.23,62926.01,63947.2,3284.75486,9.058e-05
2026-07-11 00:00:00,64161.72,64310.0,63984.07,64150.42,1101.49145,0.0001
2026-07-11 08:00:00,64162.18,64300.0,64129.99,64198.0,1355.34719,9.42e-06
2026-07-11 16:00:00,64175.75,64402.0,64084.0,64286.0,1218.04674,4.156e-05
2026-07-12 00:00:00,63819.01,64223.74,63702.16,64223.73,4094.275,4.651e-05
2026-07-12 16:00:00,64176.0,64270.0,64018.69,64228.59,890.36957,7.578e-05
2026-07-13 00:00:00,63780.0,64425.0,62741.04,62806.41,3939.38182,1.521e-05
2026-07-14 00:00:00,62334.52,62666.66,62272.2,62572.89,2249.30225,8.256e-05
2026-07-15 16:00:00,65427.6,65470.0,64738.49,64977.34,3997.71829,4.457e-05
2026-07-16 00:00:00,64756.28,64845.5,64392.01,64619.95,1773.62269,2.426e-05
2026-07-17 00:00:00,63830.2,64067.69,63380.28,63570.0,2665.58621,7.639e-05
2026-07-18 00:00:00,63931.67,64032.6,63886.65,64017.84,1370.3565,3.074e-05
2026-07-18 08:00:00,64002.75,64097.22,63887.73,64069.89,1103.50008,6.955e-05
2026-07-19 08:00:00,64711.04,64743.0,64445.0,64467.64,1538.93439,6.905e-05
2026-07-20 00:00:00,64722.55,65107.99,64416.0,64869.8,1856.81248,4.89e-05
2026-07-21 08:00:00,66186.86,66420.65,66129.19,66345.59,3436.96959,8.926e-05
2026-07-22 00:00:00,66556.15,66739.89,66176.0,66210.0,2882.6636,3.928e-05
2026-07-22 08:00:00,65843.48,66164.57,65843.47,66050.0,5065.54733,5.448e-05
