Date,Open,High,Low,Close,Volume,funding_rate,btc_funding_z,btc_vol_vel
2021-01-02 00:00:00,728.91,730.66,723.98,727.66,15010.36607,0.00025572,0.0,0.0
2021-01-02 08:00:00,735.12,738.35,731.5,731.51,10598.01213,0.00049233,0.7071067811865476,0.0
2021-01-03 08:00:00,799.74,801.54,791.5,794.47,22860.63584,0.00074404,1.1502349629836766,0.0
2021-01-04 00:00:00,978.33,994.56,967.76,973.4,46264.55187,0.00295549,1.1630733332376613,0.0
2021-01-04 08:00:00,1044.3,1078.93,1044.0,1062.05,68502.81417,0.00375,1.3241155258538437,0.0
2021-01-04 16:00:00,1040.0,1048.0,988.58,999.48,92445.19821,0.00085432,-0.4974786374449486,0.0
2021-01-06 16:00:00,1144.01,1179.87,1144.01,1166.0,58419.14102,0.00253317,0.5053342690101749,3.044784299585959
2021-01-07 08:00:00,1186.39,1192.45,1186.22,1187.2,13473.8355,0.00165953,0.39828869632039143,0.3421968319847331
2021-01-08 00:00:00,1224.86,1233.0,1214.0,1229.62,20082.662,0.00171757,1.125464458370794,-0.5876960770482085
2021-01-08 08:00:00,1208.2,1209.27,1181.73,1192.6,20092.62915,0.00077262,-0.3646639151600511,-0.3092862604300481
2021-01-08 16:00:00,1216.93,1230.0,1214.74,1218.51,31049.09606,0.00137534,0.14989533596560967,0.28241343409309083
2021-01-09 16:00:00,1219.96,1225.52,1212.0,1213.0,13998.28273,0.00156908,0.3413945054814887,-0.7107763607926187
2021-01-10 00:00:00,1276.0,1291.43,1273.82,1287.2,18388.67216,0.00340522,0.18580347826475807,-0.5322041895649823
2021-01-10 16:00:00,1303.4,1325.0,1303.21,1324.97,25344.74318,0.00126049,-1.5380211560130128,-0.10783167740803747
2021-01-11 00:00:00,1254.24,1260.0,1218.26,1228.07,29202.86223,0.00177547,-0.8576255070530812,0.6669691256984257
2021-01-11 16:00:00,977.21,990.69,933.0,933.46,90362.47078,0.00039691,-1.2010498748874665,4.875546532269269
2021-01-12 00:00:00,1087.0,1091.36,1052.87,1055.63,43976.67308,0.0001,-1.38339310578224,0.2775485201871358
2021-01-12 08:00:00,1139.25,1144.11,1125.52,1130.9,27231.33496,0.00045084,-1.0471392463114084,0.8076448879716218
2021-01-13 08:00:00,1076.33,1076.86,1059.51,1065.88,20368.08757,0.0001184,-1.2884408217266539,0.6711368145121042
2021-01-14 00:00:00,1129.79,1147.0,1129.43,1143.57,28984.97734,0.00054804,-0.24713649422019263,2.556428802396183
2021-01-14 16:00:00,1212.99,1239.8,1212.71,1238.97,34990.50974,0.0007165,-0.2791266728077341,-0.16656756260509442
2021-01-15 08:00:00,1240.99,1247.88,1223.78,1231.45,26964.13567,0.00055774,-0.3196289238887276,-0.832304202735945
2021-01-16 00:00:00,1168.48,1193.97,1168.0,1193.65,25536.70524,0.00014675,-1.3537779206970033,-0.2901441318972309
2021-01-16 16:00:00,1276.29,1298.0,1268.41,1280.43,55460.86259,0.00152456,0.2077559460624105,-0.06535327794930088
2021-01-17 08:00:00,1182.45,1185.12,1165.0,1185.12,40263.5022,0.00050098,-0.9136787590763541,0.16992232068884874
2021-01-18 00:00:00,1232.5,1239.77,1226.15,1237.17,14561.27182,0.00109082,0.14984866927034246,-0.48954857123477225
2021-01-18 16:00:00,1240.21,1248.48,1230.47,1233.39,15553.77379,0.00109269,1.9264987767652941,-0.4234969431173093
2021-01-19 00:00:00,1258.52,1274.0,1252.6,1258.19,34111.27241,0.00121462,0.29380795211056315,0.19520261569458278
2021-01-21 00:00:00,1376.72,1390.0,1363.44,1367.12,27187.01576,0.00034937,-0.4903432624964983,-0.595011373453094
2021-01-21 08:00:00,1309.53,1312.38,1292.74,1298.2,18927.59841,0.00065753,-0.23760060661173682,-0.23107503762292583
2021-01-23 00:00:00,1232.61,1233.33,1205.7,1209.98,31622.85106,0.00015431,-1.5863739253782456,-0.22579878462566888
2021-01-23 16:00:00,1230.26,1232.46,1223.75,1230.33,8238.506,0.00028319,-1.3104486491006846,-0.5817786893761053
2021-01-25 16:00:00,1434.95,1442.72,1414.14,1415.65,34133.23026,0.00093264,-0.11206207523639207,1.0688354743977666
2021-01-26 08:00:00,1317.34,1325.61,1305.17,1311.0,15475.42143,0.00031895,-1.0656933437254352,0.013619405022510803
2021-01-26 16:00:00,1279.94,1307.88,1272.8,1281.54,50018.94985,0.0001,-1.0656933437254352,3.652092839088482
2021-01-27 00:00:00,1366.54,1373.9,1345.8,1346.95,18741.62115,0.00036342,-0.9019996255549133,0.01588650153182009
2021-01-28 00:00:00,1238.93,1252.0,1231.14,1232.33,24420.11231,0.00014794,-0.8169634885577528,-0.24885098628475522
2021-01-28 08:00:00,1284.93,1292.9,1279.08,1286.49,11352.48533,0.0001,-0.691033193646074,0.3129100188997928
2021-01-28 16:00:00,1350.43,1355.0,1337.75,1338.28,26783.63375,0.00056884,-0.08525065439534088,-0.16114691294801092
2021-01-29 08:00:00,1315.86,1318.95,1312.69,1314.22,12225.11931,0.00061388,2.0559672463072807,0.7041479273772172
2021-01-29 16:00:00,1396.48,1408.54,1394.37,1398.23,23101.20176,0.00241392,2.8903555029178465,0.058740836196629655
2021-01-30 00:00:00,1379.56,1406.0,1378.24,1397.72,36641.13833,0.00094051,0.11888561302287433,0.7540474784161978
2021-01-30 08:00:00,1347.07,1352.64,1341.36,1349.83,11726.94995,0.00037882,-0.056112711981143544,0.3563590593428255
2021-01-30 16:00:00,1371.26,1374.58,1360.09,1363.85,23911.17641,0.00072777,0.29646397349127074,1.0959797934790336
2021-01-31 08:00:00,1346.28,1353.5,1338.63,1352.45,14289.93387,0.00113497,0.14732404316494568,-0.14227382743898342
2021-01-31 16:00:00,1311.01,1317.53,1296.29,1314.35,36586.66948,0.00072236,0.04172238042404511,-0.21828461863724072
2021-02-01 16:00:00,1301.96,1309.3,1300.0,1305.65,12987.74083,0.00061764,0.46100190560614585,-0.7742879377054991
2021-02-02 00:00:00,1374.09,1409.05,1373.85,1404.78,49899.08043,0.00050304,-0.305373175835378,-0.3080535570290023
2021-02-02 16:00:00,1427.88,1440.0,1421.56,1439.01,30860.83623,0.00165937,1.4372551005406828,-0.3285523928110415
2021-02-04 08:00:00,1662.52,1680.0,1659.75,1679.39,18028.0661,0.00135459,0.24549153908142213,0.21445129363448875
2021-02-05 16:00:00,1742.0,1760.49,1728.46,1750.2,38132.94324,0.00155465,0.7094225146024842,0.6968444734777992
2021-02-06 16:00:00,1673.04,1675.47,1655.23,1671.5,26545.31437,0.00143968,0.6949950496679954,0.2004476441766736
2021-02-07 00:00:00,1676.35,1689.85,1671.0,1686.35,12529.26105,0.00171115,2.1181850837609093,1.8333226108031426
2021-02-08 00:00:00,1611.46,1629.99,1597.0,1624.07,15005.69474,0.0001,-0.3977804180462763,-0.04881634594200774
2021-02-08 16:00:00,1734.86,1775.57,1734.86,1763.9,44796.95561,0.00284408,2.572898627423726,1.9384373243618618
2021-02-11 00:00:00,1740.76,1749.01,1723.46,1724.1,13515.26398,0.00071884,-0.29476664295823757,-0.35283003523495227
2021-02-11 08:00:00,1737.18,1744.91,1731.03,1732.01,6271.52442,0.00065956,-0.24786472053362238,-0.6092741141039852
2021-02-11 16:00:00,1796.4,1810.0,1796.4,1801.34,14505.52923,0.00180566,1.1099274515018531,-0.036968480834174686
2021-02-12 00:00:00,1785.83,1802.4,1785.48,1796.14,13790.68557,0.00092117,0.26407885269711917,0.3810169434411556
2021-02-12 08:00:00,1768.38,1772.5,1762.16,1765.44,5920.27361,0.00050482,0.09061218160867832,-0.42561509145764553
2021-02-12 16:00:00,1789.2,1802.99,1787.08,1795.6,18399.96749,0.00153886,-0.2626813737232074,-0.6696517087016391
2021-02-13 16:00:00,1816.43,1823.0,1807.38,1821.22,9199.27696,0.00094692,-0.8254657377817006,-0.4132862823335392
2021-02-14 08:00:00,1831.63,1839.59,1831.63,1838.97,5554.78938,0.00176822,0.4280216444341414,-0.2174387562491017
2021-02-15 00:00:00,1800.03,1812.49,1800.03,1809.49,8054.02958,0.0007946,-0.13204261258713046,-0.578922203650139
2021-02-15 16:00:00,1810.32,1830.0,1810.32,1825.64,25444.76308,0.00081146,-0.9148612142317654,-0.6338455928025193
2021-02-16 08:00:00,1797.79,1801.5,1792.96,1795.7,8872.96649,0.00112937,0.013183399479393964,0.5522130963141614
2021-02-18 08:00:00,1898.9,1910.0,1891.7,1897.05,9471.80594,0.00202078,1.1575871354103615,-0.3673276931117852
2021-02-20 00:00:00,1955.46,1960.87,1927.97,1932.17,24057.53103,0.00196264,1.0332141548147018,0.8258054023878606
2021-02-20 16:00:00,1978.69,1994.92,1975.52,1994.58,15606.31352,0.0018588,-0.07569094135745197,0.8572207484288549
2021-02-22 16:00:00,1733.33,1755.0,1710.0,1755.0,28283.71239,0.00034567,-1.3064776367613684,1.5063533721504698
2021-02-23 00:00:00,1777.42,1782.39,1745.37,1748.41,20354.16135,0.0001,-2.1046450584328364,0.11412709207064582
2021-02-23 16:00:00,1573.99,1608.37,1566.92,1589.2,26818.27606,0.0001,-1.799407371411468,0.6540630376816428
2021-02-25 08:00:00,1633.69,1638.23,1622.15,1624.47,8845.01829,0.00016178,-1.38825458715005,-0.018674501465431554
2021-02-26 00:00:00,1482.08,1513.99,1471.38,1510.42,26860.28598,0.0001,-1.3164613312066424,0.5851610841888707
2021-02-27 08:00:00,1490.32,1493.33,1484.83,1490.37,5302.81465,0.0006196,-0.5945964587916691,-0.5520278543584853
2021-02-27 16:00:00,1453.57,1467.52,1445.02,1467.05,12753.90395,0.0001,-1.0245825145672658,-0.548234305660748
2021-02-28 16:00:00,1318.29,1346.87,1301.71,1336.49,49977.01899,0.0001,-0.49062609443735644,0.8037876276004532
2021-03-01 00:00:00,1418.67,1428.17,1409.91,1421.99,10600.84219,0.0001,-0.7140529058477454,-0.4859283542220683
2021-03-02 00:00:00,1570.0,1586.87,1567.38,1586.86,14084.09793,0.00049538,-0.7223898909018115,0.6586038547862915
2021-03-02 08:00:00,1538.9,1548.91,1538.23,1548.69,6280.64403,0.00035713,-0.6634757213347087,-0.6614707402198851
2021-03-03 00:00:00,1486.79,1491.48,1475.47,1490.68,9191.62924,0.0001,-0.6602477845969884,0.041569609108919034
2021-03-03 16:00:00,1600.58,1620.0,1600.0,1612.96,16266.62362,0.00087091,1.7425748419738905,0.7464651145342918
2021-03-04 00:00:00,1567.68,1571.13,1553.28,1563.23,19050.59464,0.00047552,-0.6823528522383501,-0.09552506035174763
2021-03-05 00:00:00,1539.22,1541.65,1498.41,1507.13,19415.02431,0.00024885,-0.6553782910396675,1.181347569446934
2021-03-06 00:00:00,1528.08,1546.45,1526.92,1545.29,11786.82806,0.00031476,-0.5967252670825268,-0.3526793503047944
2021-03-06 08:00:00,1589.7,1597.96,1588.35,1596.52,17403.79219,0.00057512,-0.5967252670825269,-0.17111808389954253
2021-03-06 16:00:00,1544.0,1574.77,1540.62,1574.52,24748.89019,0.00032891,-0.4758913263145971,0.5019217182853452
2021-03-08 00:00:00,1726.46,1745.55,1726.05,1735.46,23504.14994,0.00011144,-0.47556824664999076,-0.37802853710465084
2021-03-08 08:00:00,1690.25,1696.83,1668.21,1670.0,18801.21276,0.00045102,-0.3451048629000802,-0.4995465531190671
2021-03-09 00:00:00,1833.22,1843.88,1823.02,1828.4,18077.51566,0.00014784,2.7351600000868523,-0.2546448973987441
2021-03-09 08:00:00,1812.26,1821.04,1809.7,1816.16,12703.9739,0.00085203,1.0193266584341039,0.3065048154629024
2021-03-09 16:00:00,1832.37,1847.31,1815.9,1817.77,16057.97292,0.00101744,1.4121298388791732,0.7977685040586922
2021-03-11 00:00:00,1795.28,1798.36,1769.0,1786.56,18056.14762,0.00079368,2.1240074045862545,0.6770141286434177
2021-03-11 08:00:00,1766.79,1767.86,1730.85,1738.59,34656.98525,0.00034874,1.7551855134766217,1.672610426461468
2021-03-13 00:00:00,1766.13,1768.3,1740.0,1746.47,10604.39106,0.00030351,0.23714201166627052,0.24627334570886136
2021-03-13 16:00:00,1876.06,1893.14,1876.06,1885.53,11032.02467,0.00155198,0.401595661320975,-0.29065800434129363
2021-03-14 08:00:00,1886.11,1896.79,1882.91,1894.53,6798.48435,0.001048,1.0230382931599042,0.005455043253348077
2021-03-14 16:00:00,1858.01,1863.24,1836.0,1861.76,17609.58395,0.00113023,1.5550094231949225,0.19664854289108524
2021-03-17 08:00:00,1785.54,1794.96,1780.0,1781.5,9519.62122,0.00034812,-1.1297758937562485,-0.6246830456037773
2021-03-18 08:00:00,1815.24,1819.94,1813.0,1818.87,5949.13435,0.00067631,-0.946883290621863,-0.8240678148276164
2021-03-18 16:00:00,1822.22,1831.56,1816.53,1822.66,16290.3244,0.00038027,-0.9808444203386963,0.6499019173950293
2021-03-19 16:00:00,1821.72,1829.0,1813.85,1819.63,10322.38004,0.00037762,-0.8262553374268101,0.0030618242011910372
2021-03-20 00:00:00,1809.01,1812.2,1800.86,1807.51,8171.31935,0.00061811,-0.34289591895902677,0.25613557358216094
2021-03-20 08:00:00,1822.31,1829.66,1822.31,1827.43,6719.86302,0.000511,-0.4586925345518765,-0.46046314388764203
2021-03-21 00:00:00,1806.57,1806.74,1785.99,1803.43,18701.51995,0.00068264,-0.7340442128274928,1.4705687154527358
2021-03-21 08:00:00,1779.33,1786.05,1775.53,1784.02,4040.5079,0.0001,-0.24266397568469408,0.13442091776654322
2021-03-21 16:00:00,1789.43,1791.41,1776.08,1786.5,7608.69774,0.00019064,-1.2309375091014167,-0.5721129858558677
2021-03-22 16:00:00,1778.79,1783.04,1771.59,1779.64,7619.01619,0.00044797,0.13682169913624148,-0.44704740720259345
2021-03-23 00:00:00,1681.17,1690.71,1667.24,1688.56,14776.8648,0.0001,-0.5969375098286537,0.12594491851274178
2021-03-24 08:00:00,1695.19,1708.68,1695.0,1708.14,9360.85213,0.00010655,-1.1888134148241327,1.3195918645597058
2021-03-24 16:00:00,1721.33,1726.02,1714.0,1715.87,6946.18775,0.0004169,-0.48438717481714283,-0.5197469490015701
2021-03-25 00:00:00,1581.88,1597.94,1572.61,1597.72,12433.22821,0.0001,-1.3968823283650291,2.10359570283542
2021-03-25 08:00:00,1573.95,1590.99,1572.65,1587.67,10006.96035,0.0001,-1.2765089534061467,0.20186547756453305
2021-03-25 16:00:00,1594.95,1595.1,1570.0,1592.67,15614.24231,0.00035938,-1.0822929262564636,2.2594199711905456
2021-03-26 08:00:00,1629.32,1637.1,1628.42,1632.88,9931.65985,0.0001,-0.9323870897385735,0.5119501721717818
2021-03-27 08:00:00,1692.11,1694.83,1685.55,1691.1,4609.01358,0.00015922,-0.7954304252475997,-0.6646852256558823
2021-03-28 00:00:00,1712.52,1717.59,1705.71,1710.41,5819.28129,0.00025751,-0.6705066361309658,0.2749687613829029
2021-03-28 08:00:00,1717.91,1718.88,1714.0,1715.02,2917.24907,0.00029541,-0.5511298434483615,-0.8323112110029228
2021-03-29 08:00:00,1704.24,1710.0,1704.24,1709.84,4876.5498,0.00043803,-0.5511298434483615,-0.26059445227045863
2021-03-29 16:00:00,1787.86,1796.51,1783.32,1789.91,16110.39921,0.00084253,0.7034681846672328,-0.33967078077246987
2021-03-31 00:00:00,1840.41,1849.46,1840.41,1848.43,6344.74588,0.00076506,3.0734158790733193,-0.7612453960475241
2021-03-31 08:00:00,1814.04,1816.38,1768.15,1794.35,32284.60708,0.0010713,1.895441769074661,5.189629045270046
2021-03-31 16:00:00,1849.1,1859.6,1840.47,1848.48,11221.33769,0.00038554,1.199175017556144,0.5943732182554173
2021-04-02 00:00:00,1968.05,1972.54,1953.78,1963.44,7852.50799,0.00050452,1.3584187829284218,0.9272390537436218
2021-04-02 08:00:00,1994.66,2005.0,1994.06,1998.49,6599.869,0.00121799,1.8791658670437277,-0.3549331552940219
2021-04-02 16:00:00,2073.74,2082.32,2061.83,2063.63,13212.23476,0.00116568,1.4281501339957037,-0.5076055986963054
2021-04-03 08:00:00,2111.37,2130.0,2111.34,2121.75,10277.30536,0.00143194,1.3064829105453835,1.3598985471128
2021-04-03 16:00:00,2071.0,2085.9,2049.25,2082.0,18144.52901,0.00086456,0.9729757473442665,-0.5963281516526879
2021-04-04 00:00:00,2008.59,2020.83,1975.24,2011.1,22373.63613,0.00060523,-0.36945778279111474,0.3462932967164215
2021-04-04 08:00:00,2034.59,2037.36,2028.39,2032.39,6433.98589,0.00106146,-0.6174513983393342,0.02268495206994644
2021-04-05 00:00:00,2075.7,2085.0,2066.0,2067.9,6756.81668,0.00072788,-1.0934710693148184,0.4147127551826764
2021-04-06 08:00:00,2099.42,2122.84,2087.01,2106.64,23536.20103,0.00064189,-0.6905601009821397,1.3710489041591178
2021-04-07 00:00:00,2112.22,2129.01,2108.29,2124.29,6258.74498,0.00049128,-0.6090038041633217,-0.4211311400264376
2021-04-09 00:00:00,2080.39,2087.8,2077.08,2087.19,5654.63827,0.00038906,-1.670934500527152,-0.5661477426205501
2021-04-10 16:00:00,2156.36,2167.57,2155.86,2159.15,7313.12593,0.00120257,1.4174061839306134,-0.5248762331447172
2021-04-11 08:00:00,2131.0,2139.99,2131.0,2137.0,3795.57606,0.00086343,0.7044869286675406,-0.2959972583538023
2021-04-11 16:00:00,2148.6,2155.83,2145.0,2153.59,7405.60185,0.00091114,0.90277140005015,-0.14554205937036233
2021-04-14 08:00:00,2370.49,2384.76,2370.02,2383.27,7000.74426,0.00203587,0.948619302959456,-0.47671871294678597
2021-04-15 08:00:00,2468.66,2487.38,2468.65,2471.76,10910.30489,0.00110097,0.23867910018012112,-0.10214587513438962
2021-04-16 08:00:00,2426.59,2442.94,2410.64,2436.62,10191.42517,0.00135711,1.2882963340827034,0.5273405108774822
2021-04-17 08:00:00,2461.55,2475.0,2461.55,2469.95,4943.45701,0.0009833,-0.646086642927911,-0.07260733315918007
2021-04-18 16:00:00,2143.75,2160.0,2138.53,2156.26,14627.90764,0.00044396,-1.6329684655061572,3.286809241663881
2021-04-19 00:00:00,2235.65,2249.0,2198.06,2199.43,13650.19795,0.0001,-1.4509690665355195,0.9565586668289534
2021-04-19 08:00:00,2268.58,2277.84,2260.15,2260.15,6518.86919,0.0001,-1.2513613953790599,0.7327744986263113
2021-04-20 08:00:00,2092.54,2133.0,2087.02,2132.2,12711.93645,0.00021279,-1.094183074233616,0.732235083943179
2021-04-22 00:00:00,2357.06,2373.82,2313.46,2329.19,31154.98715,0.00023315,-1.0586233089715924,1.555741124087683
2021-04-22 08:00:00,2471.02,2481.3,2436.34,2451.84,23558.30831,0.00011151,-0.9010554941893538,0.4678817792140578
2021-04-25 00:00:00,2214.08,2236.31,2202.16,2235.26,11746.58139,0.0001,-0.5353025911704862,-0.5299755311021299
2021-04-25 16:00:00,2341.59,2351.0,2320.41,2331.95,13270.91599,0.0001,-0.6630497582445396,-0.36640203542621325
2021-04-27 00:00:00,2532.06,2548.0,2511.16,2516.66,11736.22033,0.0001,-0.5428257866656242,-0.27332161968539453
2021-04-27 08:00:00,2545.66,2558.0,2538.15,2546.9,6765.37062,0.0001,-0.42007972801679855,-0.32528215980617237
2021-04-28 00:00:00,2666.13,2691.54,2665.48,2688.98,16036.1884,0.00034144,-0.36140860592489593,-0.5151668310951872
2021-04-28 08:00:00,2612.25,2627.01,2603.06,2627.01,8538.25357,0.00019211,-0.28867513459468447,-0.4395588242215492
2021-05-01 16:00:00,2866.37,2887.0,2866.07,2878.6,11228.03431,0.00012262,2.789814790209989,-0.3113621231621602
2021-05-03 08:00:00,3146.95,3154.24,3132.11,3143.98,15587.73028,0.0001,2.1917202164277767,-0.003378744934117898
2021-05-06 16:00:00,3551.26,3593.0,3549.83,3586.14,25412.02387,0.00110886,2.924849599366356,0.051088616254490286
2021-05-07 00:00:00,3489.74,3515.08,3458.0,3510.95,15933.38586,0.00026032,0.7921942208372135,0.662233019624817
2021-05-07 08:00:00,3434.09,3443.32,3408.2,3408.87,7833.96086,0.00049147,0.9650464274519132,-0.2293461926338508
2021-05-08 08:00:00,3527.87,3546.14,3525.21,3540.66,16840.53885,0.00070136,0.579472320371005,2.4831020867089224
2021-05-08 16:00:00,3632.01,3744.2,3631.75,3739.13,45679.60541,0.00030149,0.501751327125027,3.2108509972475154
2021-05-09 16:00:00,3878.76,3970.0,3878.21,3945.55,43548.24598,0.00054148,0.9989541775983977,0.35199298823531666
2021-05-10 08:00:00,4105.9,4112.51,4070.54,4079.75,16515.10843,0.0006638,1.6145450859074706,0.22288288389573144
2021-05-11 00:00:00,3946.63,3961.85,3887.69,3927.33,16115.95607,0.00041169,-0.29344198167544655,-0.1374396195249657
2021-05-11 08:00:00,3961.68,3972.0,3945.58,3953.48,9752.07601,0.00043204,0.010969345154010888,-0.15096371521934498
2021-05-13 08:00:00,3968.0,3986.85,3914.42,3915.8,15337.38188,0.00014687,-1.7427243203937408,-0.44365218570218684
2021-05-16 00:00:00,3646.24,3781.0,3620.15,3766.48,45988.58118,0.00030702,-0.48184928982614905,0.13294691296697156
2021-05-17 16:00:00,3284.99,3335.47,3252.03,3253.72,29726.6737,0.0007001,0.2719409679199319,2.185102682223724
2021-05-19 00:00:00,3375.08,3441.73,3353.69,3428.06,18544.20745,0.0001,-1.6663430251819609,0.7046057775607323
2021-05-20 08:00:00,2712.68,2747.36,2671.0,2677.34,31281.23132,0.0001,-1.3812403693673936,1.1820068462874707
2021-05-21 00:00:00,2767.87,2827.79,2760.95,2820.0,19682.83172,0.0001,-1.156891819854472,1.3363391694078863
2021-05-21 08:00:00,2687.44,2702.33,2619.0,2644.45,29946.25178,0.0001,-1.3086213994418305,0.16541322475739695
2021-05-25 00:00:00,2647.92,2704.53,2597.99,2689.73,45141.42505,0.0001,-0.7895982193695634,-0.1109664322806628
2021-05-25 16:00:00,2610.6,2612.82,2563.0,2593.65,21858.6931,0.0001,-0.6592957959314721,-0.572942934397571
2021-05-27 00:00:00,2884.82,2889.74,2849.38,2850.56,20190.11344,0.0001,-0.5790021465289441,-0.4864771522654003
2021-05-27 16:00:00,2803.85,2814.63,2769.77,2781.6,20597.81668,0.0001,-0.47005537606463577,0.01574023291187227
2021-05-28 16:00:00,2558.92,2572.5,2514.0,2519.48,19680.54094,0.0001,-0.34165459216443805,0.12189311512258162
2021-05-29 08:00:00,2488.76,2497.18,2466.0,2479.43,12518.22814,0.0001,-0.34165459216443805,-0.4493834976310525
2021-05-29 16:00:00,2328.84,2353.63,2294.31,2301.74,29463.1439,0.0001,-0.1917114702266359,0.006238237209233544
2021-05-31 08:00:00,2450.3,2459.4,2425.04,2428.4,14596.99515,0.0001,0.27781438159191346,-0.3154384737584951
2021-05-31 16:00:00,2637.47,2650.0,2620.61,2647.03,22546.17619,0.0001,0.27781438159191385,0.358459425272712
2021-06-02 08:00:00,2692.6,2703.0,2675.72,2676.99,14546.0683,0.0001,0.27781438159191385,-0.5617817856801642
2021-06-05 00:00:00,2689.54,2726.5,2672.33,2720.08,11314.83704,0.0001,0.27781438159191346,-0.6394180935506004
2021-06-06 00:00:00,2627.63,2634.54,2614.0,2614.0,6299.19599,0.0001,-0.28867513445265197,-0.21157403700441574
2021-06-06 16:00:00,2721.01,2737.49,2716.42,2730.25,13235.90615,0.0001,-0.28867513445265197,-0.752550090931041
2021-06-08 00:00:00,2592.05,2617.47,2575.3,2609.82,30934.64102,0.0001,-0.28867513445262694,1.7349613330456366
2021-06-08 08:00:00,2516.05,2547.21,2515.15,2540.59,42871.70252,0.0001,-3.1727078703241802,0.023032781364646537
2021-06-09 16:00:00,2566.94,2590.0,2553.48,2576.45,29708.45815,0.0001,-2.9744380475375114,2.2061540186997965
2021-06-10 16:00:00,2512.01,2524.4,2475.77,2490.23,16797.43758,0.0001,0.37596882534885373,1.344136729073278
2021-06-12 08:00:00,2322.12,2322.92,2306.0,2321.21,9121.18236,0.0001,0.37596882534885373,0.5214068603347132
2021-06-13 08:00:00,2324.25,2336.0,2320.72,2326.61,4610.61911,0.0001,-0.5017427772652109,-0.14353145579484336
2021-06-14 00:00:00,2509.33,2524.4,2486.81,2493.34,11996.84305,0.0001,0.458894004563336,-0.3086030161453744
2021-06-14 16:00:00,2576.66,2594.0,2559.15,2584.17,27729.95235,3.785e-05,-1.100050273403416,0.592877920181266
2021-06-15 00:00:00,2580.58,2597.86,2571.4,2592.66,9619.1559,0.0001,0.3449262446865282,-0.47278627139149243
2021-06-15 08:00:00,2622.62,2624.99,2610.0,2615.27,3759.55152,0.0001,0.6022284954753713,-0.6323667216033289
2021-06-16 16:00:00,2416.44,2446.07,2407.78,2440.72,15376.77905,0.0001,0.6022284954753713,1.2887260915226386
2021-06-17 08:00:00,2441.01,2450.0,2436.42,2441.85,5331.82134,0.0001,0.6022284954753713,1.0438263905055312
2021-06-19 16:00:00,2246.66,2254.0,2235.35,2236.49,6211.32396,0.0001,0.3083151392791674,-0.5742105197845812
2021-06-20 08:00:00,2203.92,2210.33,2197.01,2206.26,4364.5391,7.41e-06,0.5400378744908171,-0.7930150677870659
2021-06-21 08:00:00,2012.53,2033.57,1999.65,2031.11,20620.66895,-7.382e-05,0.5071186266698502,0.7022626759424057
2021-06-23 08:00:00,2005.57,2020.5,1994.64,2007.2,13520.90242,-9.115e-05,-2.6618243602562073,2.4817033442809735
2021-06-23 16:00:00,1974.72,1995.15,1958.34,1984.47,15979.87791,-6.683e-05,-2.258392131016803,0.3606627381704251
2021-06-25 16:00:00,1827.45,1849.0,1820.03,1830.91,13919.00552,7.207e-05,0.5649698277435743,0.8251539132435619
2021-06-26 08:00:00,1751.96,1761.0,1720.46,1728.9,33129.44033,-5.794e-05,-1.3378133399527934,3.8483268056324595
2021-06-29 08:00:00,2130.86,2136.98,2113.98,2124.94,12477.88243,6.012e-05,0.5895743969485935,1.1063767725039937
2021-06-29 16:00:00,2218.28,2226.51,2206.54,2216.56,8863.66509,-0.00011947,0.08742925484519543,-0.6872363223615425
2021-07-01 00:00:00,2275.68,2275.93,2242.38,2245.8,9995.47829,0.0001,0.6246065397415482,-0.661194819454769
2021-07-03 08:00:00,2195.62,2203.97,2188.63,2196.75,11736.54361,2.925e-05,-1.200286681648967,-0.5722955742642509
2021-07-05 08:00:00,2273.77,2282.98,2266.0,2272.09,5107.99648,0.0001,0.7525225816973856,-0.7382878709026892
2021-07-06 16:00:00,2305.91,2316.22,2297.78,2303.29,8951.46141,9.559e-05,-0.645287497670074,-0.8615095508012743
2021-07-09 00:00:00,2116.32,2120.09,2089.02,2100.0,11952.35845,0.0001,-0.7297178009912063,-0.47286168038233534
2021-07-09 16:00:00,2171.86,2184.17,2160.65,2164.51,10675.97284,0.0001,-1.1693272736039715,-0.03279038168202286
2021-07-10 08:00:00,2122.16,2125.0,2113.14,2125.0,3120.96596,0.0001,0.8560523530687045,-0.6949814056050008
2021-07-12 00:00:00,2140.54,2142.57,2125.82,2129.5,6898.39249,0.0001,0.8000541424371972,-0.1174989783890041
2021-07-12 16:00:00,2087.51,2097.3,2056.63,2064.74,21091.42985,0.0001,0.9001144310300956,1.7519834547010442
2021-07-13 00:00:00,2031.57,2033.73,2016.17,2026.73,8751.08781,0.0001,0.7592818924827516,0.4487597627851266
2021-07-14 00:00:00,1940.44,1945.55,1933.63,1941.2,5509.42607,0.0001,0.7592818924827516,0.007055960222675635
2021-07-14 08:00:00,1899.7,1904.37,1892.03,1902.55,5619.73953,0.0001,-0.005413879122601673,-0.5231998034603978
2021-07-15 16:00:00,1913.86,1918.78,1901.6,1906.09,9351.70229,9.847e-05,0.0840893433679844,1.867516397554608
2021-07-16 00:00:00,1919.54,1926.19,1900.42,1920.76,9331.95336,0.0001,-1.1798479100443415,0.060596828705790494
2021-07-16 08:00:00,1912.47,1913.02,1890.0,1898.09,9151.13971,0.0001,0.5458405753104435,-0.48463571715745724
2021-07-18 00:00:00,1899.5,1912.98,1896.55,1902.14,5762.37871,0.0001,0.782888917136738,-0.3955036757729607
2021-07-21 08:00:00,1875.25,1881.44,1860.01,1865.36,17604.50578,-0.00025489,-2.5250313352374008,0.1607723397124966
2021-07-23 08:00:00,2064.95,2065.46,2055.0,2060.14,5613.90794,0.0001,-1.1082508781117062,-0.0316341040069502
2021-07-24 00:00:00,2124.26,2130.54,2106.29,2111.55,15300.75127,0.0001,-0.38629138191357854,1.5288298370979245
2021-07-25 16:00:00,2138.19,2140.0,2129.0,2129.84,6272.51661,0.0001,-0.17668778608046076,-0.646296499165284
2021-07-26 00:00:00,2189.82,2218.81,2171.57,2218.26,37573.29653,0.0001,-2.2871438431832916,4.201601857571234
2021-07-26 08:00:00,2325.6,2335.0,2296.58,2315.0,25425.12071,0.0001,0.8785628112983677,3.4950152521596896
2021-07-26 16:00:00,2341.66,2356.67,2335.11,2356.0,10360.99838,0.0001,0.8785628112983677,1.1708619594430236
2021-07-28 00:00:00,2299.47,2304.89,2278.97,2284.04,8090.83132,0.0001,0.3062665342392077,2.268601327601491
2021-07-29 08:00:00,2295.13,2298.0,2286.19,2291.62,4216.39915,0.0001,0.770740780833302,-0.4325610431472693
2021-07-30 08:00:00,2404.49,2406.17,2395.0,2399.14,4473.52544,0.0001,0.7470756504278188,0.2986174305246967
2021-07-30 16:00:00,2346.64,2349.97,2340.01,2340.19,5933.09048,0.0001,0.20231813818743677,-0.8861909875054681
2021-07-31 00:00:00,2461.77,2468.41,2438.7,2459.64,15735.23494,0.0001,0.7912505638807681,0.13300387225140853
2021-08-02 00:00:00,2555.5,2576.0,2546.68,2570.34,14633.27375,0.0001,0.6676518567738081,-0.37827392750442257
2021-08-03 00:00:00,2606.92,2608.53,2583.89,2593.33,11930.15144,0.0001,0.5559872049248901,0.1330378977470269
2021-08-03 08:00:00,2493.1,2493.5,2472.53,2483.39,8223.87527,0.0001,0.4762441341933086,-0.3993089966371072
2021-08-04 00:00:00,2508.51,2524.88,2483.36,2485.43,11296.42672,2.73e-06,0.40707313362383596,0.18792448080600707
2021-08-04 08:00:00,2478.82,2489.46,2472.84,2485.81,5569.04857,0.0001,0.46236705114387405,0.5919984505590823
2021-08-05 00:00:00,2724.55,2742.0,2712.31,2741.8,9735.69615,0.0001,0.4623670511438744,-0.7320618077428854
2021-08-05 08:00:00,2681.81,2690.99,2672.63,2690.99,6441.42515,0.0001,0.46236705114387405,-0.29335869335688886
2021-08-06 00:00:00,2827.01,2844.44,2810.74,2830.19,14198.66098,0.0001,0.32986332828161735,-0.23338871459581734
2021-08-08 00:00:00,3160.48,3170.0,3135.06,3159.23,33934.98911,0.00013627,0.2886751345946795,2.200225595463127
2021-08-09 00:00:00,3011.84,3035.0,2961.55,2970.87,30112.22,0.00014093,0.2886751345946795,1.592362117705344
2021-08-09 08:00:00,2944.11,2957.0,2937.5,2939.83,8927.74667,0.00021302,0.0,0.33155451504412664
2021-08-10 00:00:00,3160.51,3200.0,3125.12,3137.25,44208.61708,0.00045734,0.0,3.0804631610687876
2021-08-10 16:00:00,3121.04,3130.78,3104.6,3109.16,13581.26668,0.0001,0.0,0.2676037116954768
2021-08-11 16:00:00,3245.23,3249.48,3220.0,3232.98,16770.41352,0.0001,0.0,-0.052656942071474644
2021-08-12 16:00:00,3029.83,3038.69,3002.0,3017.0,27073.68382,0.00018477,0.0,-0.3051521206832072
2021-08-13 00:00:00,3046.11,3069.51,3041.29,3056.96,9379.86152,0.0001,0.0,-0.43667287727871845
2021-08-13 08:00:00,3222.99,3251.2,3222.5,3231.54,25041.84471,0.0001,0.0,0.3571470832989289
2021-08-14 08:00:00,3307.82,3310.99,3293.45,3295.31,6081.52075,0.00025028,0.0,-0.8553350777911394
2021-08-14 16:00:00,3270.41,3273.69,3251.24,3254.33,5016.30251,0.00051663,0.0,-0.32612215266010414
2021-08-15 08:00:00,3161.5,3176.69,3150.0,3174.02,17504.60654,0.00015074,0.0,0.06477517152301236
2021-08-18 00:00:00,3011.73,3042.76,3003.09,3023.13,23411.86116,0.0001,0.0,0.0010998597744452166
2021-08-18 08:00:00,3030.37,3045.8,3029.29,3042.78,4187.54631,0.0001,0.0,-0.5771755184502226
2021-08-19 00:00:00,3014.18,3039.65,3010.9,3012.3,6975.71412,0.0001,0.0,-0.44926113072249246
2021-08-19 16:00:00,3067.66,3078.0,3053.01,3055.04,7743.40839,0.0001,0.0,2.2934576389845724
2021-08-20 00:00:00,3184.11,3213.15,3177.16,3209.47,23157.24528,0.00023469,0.0,0.44595196189787056
2021-08-21 16:00:00,3271.22,3285.0,3261.0,3284.55,4631.8114,0.00036746,3.175426480538083,-0.391477337454709
2021-08-24 16:00:00,3211.54,3211.87,3170.98,3170.98,27934.70017,0.00056014,3.1032909822419326,0.36324090661300723
2021-08-25 08:00:00,3183.38,3187.92,3170.5,3174.34,5001.65497,0.00016989,-0.34913790256657884,0.48634116960391627
2021-08-25 16:00:00,3217.17,3230.0,3204.11,3210.14,7928.83171,0.0001,-0.34913790256657884,0.26049335168695353
2021-08-28 00:00:00,3273.89,3287.0,3262.24,3267.26,8065.08311,0.0001,-0.34913790256657884,-0.26528887837215026
2021-08-28 08:00:00,3230.28,3246.7,3229.48,3244.92,4375.5147,0.00014426,1.635258178558947,-0.4857303614527277
2021-08-28 16:00:00,3246.38,3254.19,3235.64,3250.01,5770.5109,0.00011073,0.6596030067968954,-0.40857792221538514
2021-08-29 00:00:00,3244.75,3258.28,3243.41,3249.39,4593.0191,0.00016779,-0.5749764696470318,-0.5878400911956604
2021-08-30 16:00:00,3217.86,3234.08,3213.7,3229.0,8559.5219,0.0001,0.5080316660049669,-0.25695302679994914
2021-08-31 00:00:00,3229.14,3249.82,3216.38,3245.45,10260.8017,0.0001,1.4455553123711462,0.06844063198366199
2021-09-01 00:00:00,3429.19,3445.0,3401.0,3420.01,12550.301,0.0001,1.6856883907415128,-0.06681406943183747
2021-09-01 16:00:00,3580.56,3595.0,3580.09,3588.28,12802.64149,0.0001,0.7449234077586903,0.4653954823246969
2021-09-03 08:00:00,3797.93,3808.0,3788.98,3805.75,5052.6983,0.00037778,0.5927479691237488,-0.1592072511046844
2021-09-05 16:00:00,3907.69,3912.17,3900.0,3903.0,4592.9361,0.00080725,-1.0168328664109603,-0.43376758974745044
2021-09-08 08:00:00,3258.65,3290.0,3240.0,3251.34,12448.6855,0.0001,-1.0168328664109603,2.2194800947365767
2021-09-08 16:00:00,3419.44,3434.0,3400.0,3428.81,5805.893,0.0001,-1.0168328664109603,-0.2777774897378433
2021-09-11 00:00:00,3208.85,3253.63,3200.0,3252.92,15016.2195,0.0001,-1.0168328664109603,0.22658069740268388
2021-09-11 16:00:00,3311.0,3317.0,3283.0,3294.79,8428.6142,0.0001,-0.861774729824725,-0.07139379717839182
2021-09-12 00:00:00,3267.1,3279.9,3255.0,3269.7,5416.8133,0.0001,-0.7557215895652155,0.27511939727540924
2021-09-12 16:00:00,3416.55,3440.65,3416.0,3423.46,4949.4056,0.0001,-0.7557215895652157,-0.12507679255690304
2021-09-13 00:00:00,3404.3,3424.46,3395.36,3421.56,5112.3971,0.0001,-0.6633430884088138,-0.7086219559155968
2021-09-14 08:00:00,3312.16,3322.45,3310.26,3316.25,3412.0143,0.0001,-0.540046853524734,0.035574943685757594
2021-09-17 00:00:00,3567.97,3581.56,3555.81,3579.97,3726.1672,0.0001,-0.4281342530593303,-0.7541986310093957
2021-09-18 00:00:00,3399.89,3404.1,3371.21,3397.82,6971.9629,0.0001,-0.2886751345947779,-0.34329264855626307
2021-09-20 08:00:00,3126.83,3140.82,3113.57,3117.8,15240.3606,0.0001,0.0,1.2210663924486798
2021-09-21 16:00:00,3035.26,3047.76,3021.06,3024.03,4466.045,0.0001,0.0,0.9552096462287559
2021-09-22 16:00:00,3006.85,3037.53,2995.57,3021.49,14231.9709,0.0001,0.0,2.043967084378357
2021-09-23 08:00:00,3145.8,3149.0,3129.6,3130.77,5057.2269,0.0001,-3.17542648049612,-0.3862090314542478
2021-09-24 00:00:00,3152.41,3158.52,3138.0,3145.35,5680.0026,5.5e-07,-3.152020860660585,1.9598842710833282
2021-09-24 16:00:00,2877.08,2896.0,2867.6,2881.47,9616.4178,-0.0001122,-0.7335685323160871,1.1521644139397187
2021-09-26 08:00:00,2773.06,2799.1,2767.21,2768.61,22980.3739,2.634e-05,0.4133256590534143,1.0293983610695785
2021-09-27 00:00:00,3059.36,3063.48,3034.53,3039.23,6032.1047,0.0001,0.41332565905341406,-0.1968064524348488
2021-09-27 16:00:00,3059.49,3062.46,3036.29,3041.54,7880.9156,0.0001,0.41332565905341406,-0.47379717263288584
2021-09-28 00:00:00,2924.76,2936.07,2904.26,2926.03,13149.8384,-8.56e-06,-0.861511772907309,1.6195484827111928
2021-09-28 16:00:00,2844.4,2857.1,2829.94,2855.53,7249.3708,1.524e-05,0.4756476206985625,-0.38667300599251764
2021-09-29 00:00:00,2805.15,2827.63,2791.71,2798.06,9717.1811,-8.501e-05,-0.4239489291419352,0.2724250332842029
2021-09-29 16:00:00,2861.2,2872.36,2858.01,2864.63,5770.49,0.0001,-0.13324985830664351,-0.7008669731283599
2021-09-30 00:00:00,2850.45,2857.36,2837.19,2847.67,3963.0335,-0.00012951,0.6888918198910471,-0.42401310334462805
2021-10-01 16:00:00,3235.7,3238.74,3223.99,3236.05,4560.9975,0.0001,0.6888918198910473,-0.33619187013876617
2021-10-02 00:00:00,3309.91,3318.99,3275.41,3285.02,9556.2981,0.0001,-0.16603294087712128,-0.015328188210635764
2021-10-04 08:00:00,3378.24,3385.36,3364.0,3364.43,5043.2161,0.0001,0.7954021808858641,-0.26123991327560003
2021-10-04 16:00:00,3322.46,3357.14,3310.0,3354.46,9682.5946,0.0001,0.6646484612521182,-0.11151792471048762
2021-10-06 08:00:00,3456.13,3459.34,3423.56,3431.85,8395.7504,0.0001,0.6646484612521192,0.8308036407221293
2021-10-07 16:00:00,3584.8,3590.91,3555.78,3572.15,6053.0641,0.00024648,2.9647383983631963,1.8472696786521414
2021-10-09 16:00:00,3600.75,3609.66,3600.75,3605.39,4290.0,0.0001,0.6671341825952649,0.8239510982864378
2021-10-10 00:00:00,3574.83,3575.27,3562.29,3569.26,6980.2743,0.0001,-0.15221920181144102,0.08198588623370669
2021-10-10 16:00:00,3557.66,3563.53,3550.0,3554.27,4901.9941,0.0001,-0.15504372255612242,1.8003678562888703
2021-10-13 16:00:00,3485.53,3491.8,3480.0,3488.8,2289.6077,0.0001,-0.2263846996119465,-0.4446228586549417
2021-10-14 16:00:00,3808.41,3820.0,3781.31,3800.52,8376.2967,0.00032142,0.6699674573202773,-0.11981194151134754
2021-10-16 08:00:00,3853.71,3885.99,3850.15,3884.4,6353.3424,0.00024049,1.680233187957548,-0.47779246645475976
2021-10-19 08:00:00,3809.57,3810.21,3789.0,3790.51,1948.6163,0.00035703,0.06048837478941583,-0.6565350452513529
2021-10-19 16:00:00,3774.99,3788.35,3774.49,3779.5,2532.5233,0.00020322,-0.6302584858398504,-0.7166541312199749
2021-10-21 00:00:00,4161.37,4166.19,4136.13,4138.71,7123.6831,0.00050619,2.851459371636419,-0.3210795293506076
2021-10-21 08:00:00,4162.54,4184.56,4158.71,4182.65,4510.7266,0.00051537,1.6742983444739887,0.40379198911481495
2021-10-26 16:00:00,4187.64,4199.0,4138.68,4177.99,11209.7181,0.00043832,1.326693320083208,0.5672195936708386
2021-10-27 08:00:00,4136.34,4136.66,3931.59,4034.92,62325.2115,0.00059665,0.13824045447836456,14.421027497350485
2021-10-28 08:00:00,4009.85,4047.95,4009.0,4047.44,7766.5905,0.0001,-0.7759657541617854,1.5957519488142968
2021-10-29 00:00:00,4286.01,4300.0,4267.09,4278.75,9079.692,0.00025971,-0.21201238139775921,1.4667209529707628
2021-10-30 00:00:00,4418.89,4434.06,4380.66,4387.48,5747.1478,0.00013087,-0.5612613534835242,-0.442412564123143
2021-11-02 00:00:00,4319.43,4344.75,4306.82,4343.12,3146.473,0.00020736,-0.6661889816297213,-0.3786272205486837
2021-11-03 08:00:00,4610.62,4611.41,4594.13,4597.68,4184.2945,0.00044614,0.62413079394371,-0.7266082430391756
2021-11-05 00:00:00,4532.31,4536.0,4516.21,4519.53,3776.9635,0.0002238,-0.5853551720139909,-0.9597472734465791
2021-11-06 08:00:00,4471.72,4494.5,4463.77,4482.25,4331.6717,0.00043015,0.6022845043724948,-0.0700070536278778
2021-11-08 08:00:00,4723.3,4729.59,4721.01,4727.0,3587.7948,0.00028714,0.6666707692278033,-0.25061913595076624
2021-11-08 16:00:00,4763.78,4773.18,4756.0,4757.6,6340.8094,0.00023,0.8213472528065581,1.2413949440555079
2021-11-09 00:00:00,4807.98,4808.82,4777.91,4786.07,7369.5032,0.0001,0.35541439981115747,1.191008235534628
2021-11-10 00:00:00,4732.33,4754.18,4724.36,4746.17,4059.6266,0.00021036,0.4325716070166619,0.8208275017267358
2021-11-12 00:00:00,4719.0,4719.19,4699.31,4701.28,4041.6265,0.0001,-0.8487993453902632,0.5425135399581279
2021-11-12 08:00:00,4711.4,4728.12,4691.2,4727.96,4752.5022,0.0001,0.21875632757164376,-0.1437904791477232
2021-11-13 00:00:00,4665.47,4707.6,4665.16,4698.57,9357.7649,0.0001,-1.1835557783091986,-0.32055724449156925
2021-11-14 16:00:00,4583.91,4590.11,4549.19,4563.19,12700.1322,0.0001,-1.2918885503488202,-0.3948575592953651
2021-11-15 08:00:00,4680.24,4688.18,4665.66,4670.0,3612.2496,0.0002453,-0.8138114934620232,-0.5537631083641943
2021-11-15 16:00:00,4648.08,4659.9,4629.25,4633.92,4417.3112,0.0001,0.6678634867430862,0.1424345101933036
2021-11-16 00:00:00,4563.77,4563.77,4477.2,4498.39,23267.7715,0.00015753,0.20662029876569885,4.457168786035724
2021-11-19 00:00:00,3996.9,4033.0,3973.01,4027.13,10341.7544,0.0001,-1.447665766332388,0.8052972202422322
2021-11-19 08:00:00,4062.04,4096.98,4061.41,4093.42,4955.4221,0.0001,-1.2359747395277116,0.43040382773503194
2021-11-20 08:00:00,4279.98,4284.91,4270.13,4277.24,2002.7094,0.0001,-1.083653087003356,-0.45484139776192695
2021-11-21 00:00:00,4412.17,4414.99,4401.55,4413.39,3068.6974,0.0001,-0.9218208866126408,0.09098134163286205
2021-11-21 16:00:00,4366.41,4378.88,4360.72,4361.85,4919.315,0.0001,-0.7827050000919726,-0.10062130506051986
2021-11-22 08:00:00,4188.17,4198.13,4185.55,4189.96,3074.6332,0.0001,-0.7076963546867984,-0.8770249124563528
2021-11-22 16:00:00,4236.59,4246.5,4216.53,4218.8,5131.221,0.0001,-0.582945382359039,-0.3550883589645287
2021-11-25 00:00:00,4270.1,4287.82,4248.27,4264.66,4656.5632,0.0001,-0.15854526588956627,-0.04359813016847118
2021-11-25 16:00:00,4475.65,4509.45,4475.65,4489.29,14606.0932,0.00035137,-0.3922432384220352,3.1150036061870963
2021-11-26 00:00:00,4524.48,4544.5,4523.24,4538.17,6612.2146,0.00026113,-0.16056505461093967,0.029444994407187418
2021-11-26 08:00:00,4343.45,4343.45,4280.5,4297.86,14803.4226,0.00027132,1.9868859818666444,1.0869706945129818
2021-11-28 08:00:00,4069.32,4077.6,4057.01,4075.98,1547.0447,0.0001,-0.41815268814328216,-0.37553554939195805
2021-11-29 16:00:00,4336.07,4355.31,4335.73,4344.62,5696.4547,0.0001,0.9941424847957141,-0.3374894743364969
2021-11-30 00:00:00,4444.54,4475.2,4433.69,4475.19,9121.2827,0.0001,1.5680517389050659,-0.07081624839796574
2021-11-30 16:00:00,4613.85,4636.53,4578.0,4587.19,26264.5417,0.00019202,-0.6499172053934922,1.374114397513469
2021-12-01 00:00:00,4630.25,4692.32,4598.77,4664.14,14448.0847,0.0001625,-0.34825224066468435,0.6017772169078308
2021-12-01 08:00:00,4766.69,4769.51,4722.43,4730.9,5390.7098,0.0001,1.4062500706165602,-0.7082138802211946
2021-12-02 00:00:00,4582.95,4585.79,4558.19,4579.38,4436.6346,0.0001,-0.18996047911625613,2.4627263294968853
2021-12-04 16:00:00,4036.55,4038.8,4007.95,4031.39,8883.8108,0.0001,-1.5382762773386345,1.1413258555570365
2021-12-06 16:00:00,4125.41,4132.7,4100.01,4103.53,9165.6616,0.0001,-0.7031561655172692,0.7899964071291746
2021-12-07 08:00:00,4352.91,4369.98,4346.24,4366.47,4928.5666,7.06e-05,-1.198348278924554,-0.88315342909758
2021-12-07 16:00:00,4386.59,4405.0,4377.09,4378.46,4806.9882,0.0001,-0.5534061994456262,-0.3385911031009946
2021-12-08 00:00:00,4306.4,4317.38,4285.25,4304.4,3806.4519,0.0001,-0.42971425258654006,-0.26442301491762005
2021-12-09 08:00:00,4379.22,4379.22,4347.87,4357.15,4134.5486,0.0001,-0.42971425258654006,-0.4291693346413687
2021-12-09 16:00:00,4201.36,4205.0,4175.28,4186.76,7670.3905,0.0001,-0.3331709701419795,-0.5827403001773828
2021-12-10 00:00:00,4105.64,4151.98,4100.0,4137.24,6783.8564,0.0001,-0.1852554226171749,-0.32325874245259656
2021-12-11 16:00:00,4058.01,4085.7,4045.3,4072.0,6869.4994,8.719e-05,-0.1852554226171749,1.5822979983494323
2021-12-13 16:00:00,3810.99,3832.68,3769.16,3815.79,15530.6932,4.163e-05,-0.15146631152206325,2.6305624604026874
2021-12-14 08:00:00,3783.28,3808.45,3782.23,3806.02,9982.225,0.0001,0.18273087754877668,2.2086297370077137
2021-12-15 00:00:00,3858.99,3873.0,3848.8,3862.41,3321.029,0.0001,0.4264340280734786,0.013604364924675441
2021-12-16 16:00:00,4081.3,4098.0,4056.61,4084.27,9480.8729,3.234e-05,0.28867513459424254,0.1994956119412208
2021-12-17 00:00:00,3959.11,3975.72,3930.0,3972.95,7537.7238,0.0001,0.28867513459424254,0.3152933739271123
2021-12-18 16:00:00,3945.41,3951.64,3934.01,3950.18,2856.6567,0.0001,-3.175426480454435,-0.6738398475035327
2021-12-19 08:00:00,3976.99,3987.4,3972.92,3984.83,2528.0413,0.0001,0.2886751345867682,-0.9019871151117425
2021-12-22 00:00:00,4014.41,4024.53,4006.3,4017.16,3456.2505,0.0001,0.2886751345867682,-0.6250293332613148
2021-12-23 08:00:00,3911.6,3919.29,3893.23,3918.46,8547.9929,0.0001,0.28867513458677113,0.13301700147241186
2021-12-23 16:00:00,3950.64,3972.81,3948.81,3958.89,4563.7235,3.383e-05,-3.0635967639113244,0.3603188126311931
2021-12-24 08:00:00,4088.35,4115.0,4082.0,4114.4,3366.2465,0.0001,0.36169184895719725,-0.6065094475013281
2021-12-25 00:00:00,4046.35,4047.37,4018.62,4043.0,4087.0155,0.0001,0.36169184895719647,0.0020668115455505513
2021-12-26 16:00:00,4053.84,4067.05,4048.23,4049.02,1315.3325,0.0001,0.36169184895719725,0.017719043205191784
2021-12-27 16:00:00,4092.74,4100.0,4084.63,4089.52,2293.8145,0.0001,0.36169184895719725,0.2706621522579927
2021-12-28 00:00:00,4037.22,4037.23,4010.77,4029.36,8440.4549,0.0001,0.36169184895719725,1.2570652180021504
2021-12-28 16:00:00,3897.91,3902.17,3860.0,3873.93,6413.1247,4.226e-05,0.36169184895719725,0.2472547374286193
2021-12-31 16:00:00,3784.64,3786.81,3776.47,3783.86,2253.6168,0.0001,0.36169184895719647,-0.1803249091471532
2022-01-01 16:00:00,3725.29,3743.16,3718.71,3736.94,1348.3949,0.0001,0.2886751345942355,0.33578245263046763
2022-01-02 08:00:00,3747.22,3748.64,3732.39,3735.85,1441.3787,2.263e-05,0.28867513459423466,0.045950833652338756
2022-01-02 16:00:00,3778.17,3795.0,3778.08,3791.14,3256.3912,6.714e-05,0.28867513459423466,-0.3418738132958592
2022-01-04 00:00:00,3765.89,3774.36,3758.15,3764.26,2604.587,0.0001,0.28867513459423466,-0.6897663061774574
2022-01-05 16:00:00,3820.97,3823.33,3800.03,3809.73,2553.4902,0.0001,0.0,-0.6495812339006173
2022-01-07 08:00:00,3201.75,3216.98,3188.01,3202.1,7700.6726,0.0001,0.0,0.9779922478284824
2022-01-08 16:00:00,3160.33,3179.5,3149.16,3177.28,2987.7924,0.0001,0.0,-0.1590027962466758
2022-01-09 08:00:00,3127.51,3140.0,3127.51,3130.69,2862.4557,-7.234e-05,0.0,0.0045451850156443966
2022-01-09 16:00:00,3098.06,3105.63,3093.05,3093.38,2807.4162,5.47e-05,0.0,-0.3851594868794909
2022-01-10 00:00:00,3151.97,3160.41,3142.06,3156.89,3472.5839,-0.00014593,0.0,0.19532546491991934
2022-01-11 16:00:00,3133.55,3186.51,3130.0,3184.68,14726.2007,2.718e-05,0.0,3.226486506006884
2022-01-12 16:00:00,3361.75,3372.63,3349.18,3351.15,5758.6903,-0.00019812,-3.175426480541958,0.011831354121231956
2022-01-13 08:00:00,3339.99,3349.44,3335.05,3349.39,3392.1223,0.0001,0.28867513459472394,0.11018273093614088
2022-01-14 00:00:00,3240.61,3252.85,3222.22,3251.4,5974.7574,0.0001,-1.4749022736150776,1.3554279531903568
2022-01-15 00:00:00,3307.42,3325.68,3307.22,3314.85,3643.9268,9.632e-05,-0.966893545818667,0.4569491526901853
2022-01-15 16:00:00,3361.97,3371.64,3355.82,3359.45,4429.1988,0.0001,-0.7634350981573919,0.012609078672150649
2022-01-16 00:00:00,3326.51,3329.19,3315.06,3321.2,2360.246,2.224e-05,0.4720511544445186,-0.7448155996821488
2022-01-18 08:00:00,3187.8,3188.87,3172.27,3175.22,2919.8038,3.626e-05,0.6498291842461102,0.27548598763313664
2022-01-19 08:00:00,3062.0,3070.0,3052.01,3064.75,4872.283,-1.72e-05,0.6502122347292711,0.5466531174004556
2022-01-19 16:00:00,3122.69,3131.52,3083.92,3093.27,10827.4118,0.0001,0.6502122347292715,0.6736085136750636
2022-01-20 08:00:00,3138.79,3142.86,3132.23,3134.99,3066.9765,0.0001,0.6502122347292715,-0.3550396028573286
2022-01-20 16:00:00,3261.41,3273.37,3245.84,3249.04,6485.7589,0.0001,0.6502122347292711,2.1152501503734444
2022-01-21 16:00:00,2830.46,2845.77,2822.31,2830.75,5550.0229,8.447e-05,0.34405599785998064,0.9293890000913182
2022-01-24 08:00:00,2386.65,2398.34,2378.35,2391.63,5588.0496,-0.00011775,-0.490702765513783,-0.3243648395518504
2022-01-25 00:00:00,2439.56,2442.9,2415.84,2425.42,6513.7673,1.695e-05,0.7315350664120189,0.4503643787178319
2022-01-25 08:00:00,2383.35,2401.38,2380.11,2401.38,6249.9365,5.831e-05,0.044456751111881174,0.251122539897304
2022-01-26 00:00:00,2459.04,2462.8,2439.95,2444.0,5863.7837,-4.048e-05,-2.2438817262955357,0.6857843524808144
2022-01-28 00:00:00,2424.02,2446.68,2416.87,2435.3,8564.4759,-8.132e-05,-2.1575385408775873,-0.11177921987870838
2022-01-28 08:00:00,2390.31,2401.45,2384.0,2386.23,7593.6765,-2.97e-06,-0.07436565952958384,-0.06684549750619509
2022-01-29 08:00:00,2567.94,2578.62,2560.05,2560.79,5470.8592,0.0001,-0.49086415767072633,-0.42142168542941616
2022-01-30 16:00:00,2617.19,2623.83,2608.81,2618.34,2501.6666,2.989e-05,0.8029193381792437,-0.7098237147982911
2022-01-31 00:00:00,2601.67,2608.48,2581.35,2583.23,5713.2398,5.139e-05,0.5453975827164242,-0.43701367492138077
2022-01-31 08:00:00,2529.07,2532.73,2525.0,2532.17,2272.6326,-0.00010687,-2.408453749623623,-0.34034630269529104
2022-01-31 16:00:00,2620.66,2648.73,2613.35,2640.39,14151.9421,-1.151e-05,-1.6372142817442021,-0.02821824065277491
2022-02-01 08:00:00,2736.69,2747.64,2732.0,2746.63,2477.2651,-0.00010276,0.3521500699230309,-0.6176560620518223
2022-02-02 08:00:00,2749.35,2757.68,2740.0,2756.03,3970.2934,-1.7e-07,0.9103715643077511,0.3894470719214929
2022-02-03 08:00:00,2671.35,2685.0,2667.22,2681.26,3973.4094,-5.85e-05,-0.41855374603496204,0.12167445102515383
2022-02-03 16:00:00,2640.0,2659.87,2631.62,2655.03,6361.6347,-7.881e-05,-0.7379260878169073,-0.09052074945105575
2022-02-05 08:00:00,3001.43,3008.84,3001.42,3005.0,1849.726,7.456e-05,1.021306901989838,0.28758922044757035
2022-02-05 16:00:00,3051.33,3055.85,3030.21,3034.13,5114.4832,4.351e-05,0.8666430710937479,-0.35120021937568613
2022-02-06 00:00:00,3012.64,3024.11,3012.64,3023.68,1719.4337,0.0001,0.8090988159511041,-0.23424255736074812
2022-02-06 08:00:00,3010.56,3012.08,3003.05,3004.38,3143.8233,0.0001,0.7283232926668682,-0.5108567600040091
2022-02-06 16:00:00,2991.66,2993.87,2978.23,2981.11,4982.3834,0.0001,0.7283232926668682,0.25615787771350834
2022-02-09 00:00:00,3116.69,3125.0,3112.71,3117.75,2938.0257,0.0001,0.47232695152233484,-0.10388216046782296
2022-02-10 08:00:00,3189.9,3208.02,3185.4,3201.34,4990.469,-3.259e-05,-1.2574554987708002,0.6712334710550455
2022-02-11 00:00:00,3072.36,3074.8,3040.5,3059.48,10940.1844,-0.00011327,-0.5178274708109862,0.20063183426810777
2022-02-17 08:00:00,3109.27,3137.32,3107.38,3126.07,7629.1107,1.611e-05,0.6905350108919489,0.8609210758274413
2022-02-18 00:00:00,2891.88,2896.75,2870.15,2872.26,7700.0946,-3.865e-05,-1.2193486693073032,3.037468771351375
2022-02-18 16:00:00,2800.46,2801.47,2764.73,2796.19,29609.4244,3.508e-05,-1.2330065681362476,7.70606224036776
2022-02-19 08:00:00,2812.05,2818.93,2811.18,2815.34,1638.5358,7.039e-05,-0.9627774661580464,-0.7766933330504987
2022-02-21 00:00:00,2621.99,2633.61,2605.11,2631.08,7330.3667,7.012e-05,0.19780613586715493,0.33659702755623944
2022-02-22 08:00:00,2515.81,2539.85,2514.4,2531.6,8123.0561,-3.63e-05,-0.5122293732189886,-0.29665508936454454
2022-02-22 16:00:00,2623.83,2634.85,2593.74,2594.99,21206.8606,5.962e-05,-1.3901532282216118,1.6163928810704018
2022-02-25 00:00:00,2596.26,2617.31,2590.05,2613.14,7485.8285,0.0001,1.2457509378355247,-0.05919999898776199
2022-02-27 08:00:00,2736.62,2740.0,2726.4,2731.12,2484.059,5.07e-06,-0.2900181044973211,-0.9177093167369625
2022-02-27 16:00:00,2809.14,2810.0,2780.64,2782.8,6766.8155,0.0001,-0.6870628693126174,4.188748950786176
2022-02-28 00:00:00,2616.79,2625.79,2600.1,2616.11,11025.1122,-0.00015064,-2.71404713917422,-0.2291858881706816
2022-03-01 16:00:00,2948.99,2952.9,2930.4,2947.22,7959.3467,0.0001,0.4377214866294685,1.1267293170116497
2022-03-02 00:00:00,2976.33,2981.71,2961.74,2976.37,6630.6537,0.0001,-0.05978298145586922,0.5615397513518686
2022-03-02 08:00:00,2968.81,2975.1,2950.64,2968.06,6223.7305,0.0001,1.1330605127296918,0.06252697521294164
2022-03-03 00:00:00,2947.31,2951.1,2931.26,2933.24,5739.2187,0.0001,0.9737195499663978,2.068928476232017
2022-03-03 08:00:00,2908.02,2915.61,2901.77,2915.01,2096.6445,0.0001,0.8528859163895189,-0.3643368990074872
2022-03-04 08:00:00,2733.08,2751.65,2728.74,2748.15,8270.6227,0.0001,0.8015620773443881,1.0479810466812012
2022-03-04 16:00:00,2671.73,2676.24,2646.45,2668.27,17670.3378,0.0001,0.713366750106383,0.8393880248051319
2022-03-05 16:00:00,2642.81,2647.42,2640.0,2644.5,2231.1035,3.064e-05,-0.23620775813230832,-0.786725554530552
2022-03-06 08:00:00,2644.93,2644.93,2636.73,2641.0,2682.0626,5.669e-05,-0.43057430342332875,-0.5157724491362382
2022-03-07 16:00:00,2617.01,2639.87,2615.54,2625.96,12942.3643,8.669e-05,-0.6208445411813451,1.3950633103072942
2022-03-08 16:00:00,2559.45,2588.52,2557.33,2571.18,11885.7303,0.0001,0.7168179741207018,1.78476040396446
2022-03-09 08:00:00,2744.99,2755.97,2722.95,2734.38,17357.0686,0.0001,0.7650583483375339,0.40581905815680597
2022-03-10 00:00:00,2726.98,2733.25,2717.03,2718.03,7093.3175,0.0001,0.6644139557978691,-0.7621200539749411
2022-03-10 16:00:00,2597.49,2606.0,2590.33,2605.08,6863.7775,-3.951e-05,-2.168344275929029,1.9414548003404313
2022-03-11 08:00:00,2608.67,2612.96,2600.24,2607.35,4958.9296,-5.91e-05,-1.5755310890956797,0.14918264467296558
2022-03-13 08:00:00,2580.92,2584.79,2576.76,2577.3,3603.4406,0.0001,-0.38125239215312556,-0.8706061511176149
2022-03-15 08:00:00,2532.27,2534.73,2520.2,2525.78,11524.9631,-3.21e-06,0.20656414638079088,0.028510528816249662
2022-03-16 08:00:00,2646.49,2663.2,2644.63,2656.64,5091.98,9.131e-05,0.46663746234377423,-0.3677569650872258
2022-03-17 08:00:00,2755.35,2764.35,2752.85,2761.69,3131.2091,0.0001,1.0647426692716093,-0.1281064275127543
2022-03-18 00:00:00,2811.91,2813.54,2794.86,2803.44,7429.8014,0.0001,0.9233169491163833,-0.5080990915120539
2022-03-18 08:00:00,2794.15,2797.76,2783.42,2791.99,5433.9581,4.709e-05,-0.26763795551933167,-0.11603651508949578
2022-03-19 16:00:00,2967.69,2969.93,2956.57,2965.67,4078.0595,0.0001,0.7642538631758948,0.8990754132330877
2022-03-20 00:00:00,2950.85,2964.17,2949.1,2958.57,4201.4888,0.0001,0.7642538631758948,-0.36532187366021196
2022-03-23 08:00:00,2948.95,2951.17,2938.42,2941.92,4904.9191,8.504e-05,0.7642538631758948,-0.49357049751867416
2022-03-26 16:00:00,3116.38,3118.12,3111.82,3114.85,2075.765,0.0001,0.7642538631758948,-0.03478198314650207
2022-03-28 16:00:00,3357.6,3368.58,3357.4,3362.19,6476.4249,0.0001,0.6659921696007726,0.27488602087046277
2022-03-29 00:00:00,3332.91,3349.99,3329.68,3346.38,8657.5812,0.0001,0.6333540043151563,1.463856636665988
2022-03-29 16:00:00,3403.06,3408.99,3368.59,3369.98,17615.5399,8.269e-05,0.3961364134980189,3.044327481169595
2022-03-30 00:00:00,3400.51,3400.51,3384.11,3391.9,5039.718,0.0001,0.4166324026275843,-0.39551944886290713
2022-03-31 08:00:00,3403.14,3411.5,3396.1,3407.56,3414.4919,0.0001,0.30371750117502316,0.08334484189205553
2022-04-01 00:00:00,3281.51,3295.07,3272.47,3293.37,6835.146,0.0001,0.3037175011750226,0.7088666128208186
2022-04-01 08:00:00,3279.41,3289.75,3278.05,3281.84,4928.6131,0.0001,-0.5953664014591978,0.3348872792134412
2022-04-02 00:00:00,3455.2,3455.21,3438.78,3442.6,4066.8673,0.0001,0.3383567599979085,-0.30852270405015836
2022-04-04 08:00:00,3502.32,3504.83,3494.21,3496.84,2486.0271,2.896e-05,0.3383567599979085,-0.8722671145572531
2022-04-05 00:00:00,3519.5,3523.69,3511.84,3521.85,4388.7979,0.0001,0.3383567599979085,0.6756949045552705
2022-04-06 16:00:00,3257.16,3261.91,3238.27,3241.59,10825.6169,6.028e-05,0.3383567599979085,0.7298156235100368
2022-04-07 08:00:00,3225.11,3232.64,3223.29,3230.58,3339.9049,-9.945e-05,0.3383567599979085,-0.5884266970801673
2022-04-07 16:00:00,3199.29,3217.16,3195.84,3215.65,7081.3179,4.585e-05,-3.0226841109166642,0.023295374725231077
2022-04-08 00:00:00,3227.2,3245.26,3220.86,3244.3,4790.0634,-9.963e-05,-1.6774141100317896,-0.30193798341808975
2022-04-09 08:00:00,3209.81,3215.27,3202.37,3205.39,1859.3004,0.0001,0.24842497341895703,-0.27148446296953666
2022-04-11 00:00:00,3203.04,3210.49,3180.0,3191.27,12128.1221,4.676e-05,-2.1689819315517664,0.3464569828414226
2022-04-11 08:00:00,3178.61,3180.68,3169.68,3169.68,4480.185,0.0001,0.6229691725039846,-0.5335720224747411
2022-04-12 00:00:00,2979.75,2990.39,2962.05,2973.03,7950.2453,-3.306e-05,-2.451590786839359,2.610926446539795
2022-04-14 08:00:00,3113.5,3122.16,3110.42,3118.13,3627.3121,5.593e-05,-0.4687841796537976,-0.643150665782577
2022-04-15 16:00:00,3028.88,3029.25,3013.18,3014.8,5176.4571,-3.34e-06,0.3391738516629534,0.09017417497163188
2022-04-17 00:00:00,3059.3,3064.5,3058.73,3060.35,1723.8542,2.48e-05,-0.8219653392603476,0.5080544526205677
2022-04-17 16:00:00,3073.01,3078.48,3068.07,3076.89,2759.4976,2.937e-05,0.9128170915643119,-0.818068987418576
2022-04-18 16:00:00,2914.25,2917.0,2895.0,2898.55,6120.3021,-0.00013169,-1.5715860741229672,0.43838498736440934
2022-04-19 16:00:00,3110.53,3120.4,3107.57,3119.66,5476.5345,2.251e-05,-1.2550528703041113,-0.38997725838563535
2022-04-20 16:00:00,3068.3,3072.16,3057.3,3061.5,4859.4698,-1.05e-06,0.16937153857288423,1.0937334708555118
2022-04-21 00:00:00,3076.03,3087.04,3073.98,3083.29,3608.8679,-9.577e-05,-0.35574394881030086,0.07522681718782989
2022-04-21 08:00:00,3100.55,3109.84,3095.42,3098.56,5930.8945,-0.00012991,-1.058412318754138,3.1214507408597485
2022-04-23 00:00:00,2962.39,2975.39,2956.17,2965.09,6478.3791,3.778e-05,-1.399443863711055,3.731118975523449
2022-04-23 08:00:00,2959.8,2961.42,2953.83,2955.52,1402.2043,-0.00010115,-1.0227803662914117,-0.7040706469795122
2022-04-24 16:00:00,2943.83,2949.84,2936.99,2941.65,2547.7026,3.41e-06,-0.4595202697405218,-0.5068050270687539
2022-04-25 16:00:00,2869.58,2892.59,2865.72,2892.03,9678.4807,-0.00024996,1.2040799911161717,1.240984924725382
2022-04-26 08:00:00,3003.23,3013.11,3002.47,3010.69,4474.5834,0.0001,1.5350177878422655,-0.05250233901064101
2022-04-27 08:00:00,2892.23,2896.22,2883.43,2894.01,12941.0046,-0.0002569,-1.3138121849903113,0.9768175460897068
2022-04-28 00:00:00,2888.95,2891.82,2879.98,2889.63,4917.8684,-1.675e-05,-0.4710128542942746,-0.6116196416893408
2022-04-29 00:00:00,2936.92,2946.46,2936.0,2943.57,3968.7807,0.0001,1.5318385958919656,1.9958328880191296
2022-04-30 00:00:00,2817.13,2823.71,2812.19,2820.04,3100.6346,-8.896e-05,-0.9948567124688116,0.032064671863546945
2022-05-01 00:00:00,2726.67,2739.78,2725.86,2730.44,10793.2907,-7.153e-05,0.5531969706533929,-0.37011206591985546
2022-05-01 08:00:00,2766.4,2778.7,2765.18,2777.35,4287.71,-0.00016213,0.25158972199702595,-0.33804067434379453
2022-05-02 16:00:00,2827.68,2830.21,2817.83,2821.25,7673.6039,-2.36e-06,1.2793679401857294,-0.6497872751068517
2022-05-03 08:00:00,2844.98,2849.2,2843.72,2846.25,3537.6137,6.446e-05,1.0803693843430493,0.5329560076676118
2022-05-04 16:00:00,2844.27,2847.95,2835.46,2847.94,3287.1969,0.0001,0.9156943197046069,-0.11903828821572729
2022-05-08 00:00:00,2635.35,2642.0,2632.34,2635.75,4926.5257,9.867e-05,-0.6440234981709315,0.8839755823711033
2022-05-09 00:00:00,2519.71,2527.31,2515.28,2518.3,5534.8944,0.0001,0.8648260266363709,0.040614109675178076
2022-05-09 16:00:00,2381.87,2396.01,2369.3,2389.32,22065.7787,9.769e-05,0.8648260266363709,9.049669270033936
2022-05-10 00:00:00,2229.0,2267.53,2206.81,2240.1,38957.9055,9.833e-05,0.7465379071438811,7.8083063117760885
2022-05-12 08:00:00,1916.3,1938.96,1895.01,1932.41,39974.3071,-0.00079682,-2.8672830563195384,6.27030932768968
2022-05-13 16:00:00,2093.62,2112.91,2086.08,2104.79,9297.1904,-2.742e-05,0.3218100304411949,0.9981989528490989
2022-05-14 00:00:00,2009.69,2037.49,2001.45,2033.1,12614.8193,5.029e-05,0.4840732808326768,0.6798842462444429
2022-05-14 08:00:00,2031.94,2038.27,2027.66,2030.76,4796.5692,9.124e-05,0.4371811940450711,-0.43678883491793635
2022-05-15 00:00:00,2056.47,2062.5,2046.59,2050.01,5872.2229,0.0001,0.27692793238945485,-0.7771980413392472
2022-05-15 08:00:00,2037.55,2040.32,2029.8,2030.97,4435.145,7.136e-05,0.3910378778227289,-0.9206849427007222
2022-05-15 16:00:00,2062.57,2069.16,2057.12,2059.57,5067.4064,7.168e-05,0.3338049091543263,-0.7603010685282103
2022-05-17 00:00:00,2023.66,2032.65,2018.8,2027.89,5810.833,1.965e-05,0.397130991549401,-0.4766014511402555
2022-05-19 00:00:00,1915.11,1927.75,1908.33,1926.03,14921.1124,-5.373e-05,-0.3089423392329424,-0.1985739232868032
2022-05-22 16:00:00,2004.58,2007.95,1992.57,1995.51,6192.5312,0.0001,0.386278768414205,0.2484084498302792
2022-05-23 08:00:00,2066.76,2074.61,2064.56,2065.07,9621.083,0.0001,0.38627876841420505,0.1418127376872899
2022-05-24 08:00:00,1985.22,1985.59,1980.95,1984.42,2553.4973,-4.871e-05,-0.2726739503575509,-0.43493202664397007
2022-05-25 08:00:00,1977.04,1978.0,1961.47,1976.86,7752.8953,0.0001,0.5743609747985055,0.633370556683345
2022-05-26 16:00:00,1862.03,1889.92,1860.44,1885.91,23053.5211,-0.00014343,-1.4596693847645867,2.4380337254013127
2022-05-27 16:00:00,1764.34,1774.56,1750.48,1768.02,15013.6837,5.35e-05,0.6135657278671782,0.48162063902896923
2022-05-29 00:00:00,1792.21,1795.89,1790.03,1792.54,3689.0841,0.0001,0.6135657278671782,-0.5039228021834476
2022-05-30 00:00:00,1813.64,1814.4,1803.18,1804.25,4962.2399,6.492e-05,0.5736807934233148,-0.4622624072979566
2022-05-31 08:00:00,1970.36,1977.95,1970.01,1971.24,7180.5776,0.0001,0.5736807934233148,1.8967509731861258
2022-05-31 16:00:00,1988.62,1999.87,1968.01,1968.2,17985.3339,0.0001,0.5514937853742634,0.8188389068443154
2022-06-01 00:00:00,1941.9,1949.3,1932.56,1937.09,10165.7486,0.0001,0.5514937853742634,-0.5765519777073369
2022-06-01 16:00:00,1880.59,1880.74,1860.62,1867.0,31798.0887,0.0001,0.42692084288049853,2.2297416820473264
2022-06-02 00:00:00,1817.96,1818.76,1809.16,1811.33,14334.6229,-8.505e-05,-1.8568165646836885,1.7289140687199525
2022-06-04 08:00:00,1769.1,1771.33,1765.48,1767.57,3124.1347,0.0001,-0.4549181202752164,-0.5811691181649551
2022-06-05 16:00:00,1811.42,1825.0,1808.53,1814.67,17832.2888,5.865e-05,-0.6358408958787971,1.7582627878710808
2022-06-06 00:00:00,1806.22,1813.52,1804.35,1808.61,6687.9599,0.0001,-0.252642608991728,-0.817925175894258
2022-06-06 16:00:00,1886.79,1888.82,1874.06,1875.34,12150.997,0.0001,0.5922643781644454,0.7283742401823273
2022-06-07 00:00:00,1859.84,1862.81,1851.0,1853.35,8518.3909,0.0001,0.592264378164445,-0.8418753181345312
2022-06-07 16:00:00,1781.54,1782.33,1775.0,1777.23,8065.5487,1.156e-05,-2.145566465392445,-0.3741878195930737
2022-06-09 00:00:00,1791.88,1796.06,1786.5,1792.15,10177.6609,0.0001,0.6798666132982238,2.0620364942993707
2022-06-09 08:00:00,1812.0,1817.07,1806.42,1806.45,12166.3892,5.421e-05,0.5160923267614276,-0.5827498900574821
2022-06-09 16:00:00,1799.35,1802.22,1791.88,1793.05,7760.115,0.0001,0.7022666595061937,0.9964732137412258
2022-06-10 08:00:00,1788.63,1795.25,1787.95,1791.48,2721.4144,0.0001,0.5714413256176869,-0.6526326133086996
2022-06-11 16:00:00,1517.61,1537.54,1514.19,1526.56,29000.7703,-9.29e-05,0.06907312533911258,0.849437760057334
2022-06-13 08:00:00,1283.07,1288.95,1261.0,1272.81,79971.0123,-2.19e-06,-1.895640493873035,7.686165615587157
2022-06-15 00:00:00,1208.9,1210.21,1195.06,1198.2,15339.8755,-5.37e-05,-1.4004128178765256,1.9001847869706152
2022-06-16 16:00:00,1114.41,1114.84,1101.05,1101.11,18536.4495,-0.00010424,-1.5890988680776443,0.5032882231765826
2022-06-17 16:00:00,1084.98,1093.52,1078.71,1091.45,19477.0679,-0.00014982,0.06961123611166653,0.7568320123411931
2022-06-20 08:00:00,1079.64,1109.73,1076.79,1098.72,41990.5517,-2.176e-05,-0.6951935474904777,4.971364529867458
2022-06-22 00:00:00,1125.86,1127.33,1105.3,1109.87,19841.1514,-4.89e-05,-0.4667119873455285,0.42869677694601926
2022-06-23 00:00:00,1050.19,1067.23,1045.3,1065.46,25622.664,-4.408e-05,-0.7109126885381712,-0.5595388247544296
2022-06-23 08:00:00,1091.7,1102.17,1091.17,1100.22,9994.0687,-6.496e-05,-0.7001537681477391,-0.4463880917987321
2022-06-25 16:00:00,1183.94,1189.15,1180.0,1187.4,11618.8356,6.42e-06,1.3883899542554992,-0.331772829922334
2022-06-27 08:00:00,1227.66,1231.69,1227.19,1229.86,5874.4087,-4.323e-05,0.3525432435916638,-0.306219698269276
2022-06-29 00:00:00,1144.05,1146.57,1133.03,1144.81,20103.4829,3.172e-05,0.6313813934754223,-0.38340897833380777
2022-06-29 16:00:00,1114.27,1115.37,1108.13,1111.0,7982.3478,1.147e-05,0.9312052505776165,-0.6819627125801551
2022-06-30 00:00:00,1100.21,1106.62,1096.26,1104.82,18852.126,3.467e-05,-0.2871400784414914,-0.5453333822008454
2022-06-30 08:00:00,1057.42,1057.57,1048.73,1052.9,17053.5499,-6.766e-05,-1.4269620379731094,0.14324782705089012
2022-06-30 16:00:00,1032.22,1032.8,1024.9,1029.59,16041.8678,-0.00021692,-2.501566163472483,0.08675842595223644
2022-07-02 00:00:00,1059.73,1065.22,1052.88,1064.96,11042.6283,-4.5e-06,-0.4119596712162398,0.28916179414702353
2022-07-02 08:00:00,1042.08,1044.65,1040.96,1043.73,8077.5577,-4.376e-05,0.7635666841197565,-0.6922875829773407
2022-07-04 16:00:00,1112.2,1116.66,1107.18,1114.45,10268.8403,6.349e-05,0.2845545743324336,0.6574620658218646
2022-07-05 00:00:00,1151.01,1163.31,1148.27,1160.28,23110.3442,8.23e-06,0.6544558866545191,1.2272735272292783
2022-07-05 08:00:00,1158.26,1158.5,1144.44,1147.64,20261.4819,1.762e-05,1.1375520258871656,0.35855193405957253
2022-07-06 08:00:00,1139.36,1148.67,1133.86,1144.66,17432.3868,0.0001,1.1375520258871656,0.6589049422325637
2022-07-06 16:00:00,1133.6,1137.99,1132.39,1137.81,8644.7919,4.373e-05,0.8270401858814642,-0.60291677212791
2022-07-08 16:00:00,1235.96,1236.61,1226.27,1227.79,15425.2903,5.505e-05,0.9405622189471943,23.569950697599896
2022-07-09 00:00:00,1214.03,1217.73,1210.35,1213.36,29405.2051,5.118e-05,0.8614724953116855,3.6544435621186997
2022-07-09 08:00:00,1225.01,1225.81,1223.7,1225.4,2693.8968,2.685e-05,0.7438326091490379,-0.4376675784836755
2022-07-11 00:00:00,1168.37,1170.63,1164.77,1166.24,15349.2729,1.102e-05,-0.02579697873051157,0.5208522659256518
2022-07-12 00:00:00,1096.37,1098.26,1092.55,1097.17,17378.7578,6.653e-05,0.3146321471822587,0.34556831702140267
2022-07-12 16:00:00,1075.89,1086.26,1074.67,1083.55,29432.662,-0.00010622,-1.49496634792567,2.2181618165123327
2022-07-14 16:00:00,1140.96,1149.92,1134.83,1138.99,36932.0534,-5.017e-05,-1.133496507179986,-0.605263286943971
2022-07-17 00:00:00,1355.84,1387.0,1355.75,1381.56,38642.0671,0.0001,0.18158801376494046,-0.4921618642320905
2022-07-19 00:00:00,1581.03,1631.0,1559.78,1609.05,94789.2803,0.0001,0.7465289750214247,8.353331828576831
2022-07-19 08:00:00,1510.59,1522.5,1505.75,1521.09,12309.2605,0.0001,0.7465289750214241,0.2540567030058735
2022-07-20 08:00:00,1531.05,1542.06,1526.67,1538.98,18131.7869,-4.179e-05,0.7465289750214247,0.501225917754515
2022-07-21 00:00:00,1521.63,1532.63,1519.92,1531.6,11070.2645,0.0001,0.682382197432806,0.4559930509735342
2022-07-22 08:00:00,1601.69,1616.99,1595.12,1613.34,20175.5808,0.0001,0.6823821974328066,-0.47896412448659625
2022-07-22 16:00:00,1574.9,1582.98,1564.0,1570.63,19547.4457,9.317e-05,-0.8605459601317913,0.5352981850071457
2022-07-24 00:00:00,1548.66,1577.24,1548.66,1566.75,29057.2157,0.0001,-1.127815721699006,-0.6672253710917245
2022-07-24 16:00:00,1612.61,1615.38,1593.78,1595.82,13780.791,0.0001,0.29250217353484514,0.05359527707051112
2022-07-25 00:00:00,1597.7,1604.0,1595.1,1602.64,8743.562,0.0001,0.801434488758938,-0.362739008041073
2022-07-26 08:00:00,1409.46,1413.17,1406.23,1406.63,9956.0443,7.151e-05,-1.426060801335171,-0.11870381727507047
2022-07-26 16:00:00,1368.67,1373.91,1367.0,1372.07,14561.1955,0.0001,0.21021393223815232,0.0658650238453736
2022-07-27 08:00:00,1464.47,1474.0,1463.05,1468.26,25717.6753,8.204e-05,-1.0543385392241276,-0.5255334863823209
2022-07-29 00:00:00,1724.52,1727.34,1716.56,1720.08,8296.1986,0.0001,0.7956863631481409,-0.3786328315674232
2022-07-29 08:00:00,1715.35,1715.78,1692.64,1711.06,16623.6495,0.0001,0.7956863631481409,0.1387166894127427
2022-07-29 16:00:00,1721.66,1722.67,1674.12,1676.94,33665.7729,0.0001,0.7956863631481409,1.2670460182301806
2022-07-30 16:00:00,1736.84,1737.49,1727.48,1728.41,9246.8402,5.049e-05,0.7956863631481409,0.04280268030773496
2022-08-02 00:00:00,1630.28,1652.6,1626.72,1650.95,18444.6486,0.0001,0.7956863631481409,-0.19774662207037216
2022-08-05 08:00:00,1662.87,1668.0,1662.45,1666.34,4635.6586,0.0001,-0.48925491086635825,-0.16268785810651734
2022-08-05 16:00:00,1670.06,1675.0,1663.74,1668.37,8570.787,0.0001,-2.040293412313778,0.22886112614507367
2022-08-06 08:00:00,1720.73,1723.58,1717.65,1721.13,3886.7472,0.0001,0.24108918741642876,-0.607942320896414
2022-08-07 08:00:00,1686.23,1686.57,1678.39,1678.73,4275.082,-2.278e-05,-2.1059637029792118,-0.7252093001611859
2022-08-08 16:00:00,1775.31,1777.87,1765.0,1770.79,12179.1321,0.0001,0.6816527376504324,0.24454139863360927
2022-08-09 08:00:00,1782.01,1783.0,1769.63,1773.18,9526.1022,-3.21e-06,0.12276062574275451,-0.10243743277330607
2022-08-09 16:00:00,1684.64,1687.49,1678.16,1682.63,11449.8134,-0.00014349,0.5904668468498452,0.6896127014092586
2022-08-10 00:00:00,1702.76,1702.76,1693.99,1699.11,8838.9611,-0.00010375,-1.8893097118328097,-0.24171768872580726
2022-08-11 08:00:00,1878.87,1884.56,1873.72,1881.49,9482.2855,4.392e-05,0.6986719353055342,1.5974468691068988
2022-08-11 16:00:00,1890.48,1895.23,1886.77,1887.5,8362.419,1.783e-05,-0.37500001714827264,1.7902877783643363
2022-08-12 08:00:00,1888.44,1895.75,1884.03,1895.56,6629.3999,5.216e-05,-1.0038286542267545,-0.4009326065339084
2022-08-14 00:00:00,1983.55,1984.25,1975.78,1976.44,3403.0033,3.144e-05,-0.6511271188721086,-0.0939265174297976
2022-08-14 08:00:00,2016.75,2017.41,2003.51,2008.9,9799.0426,8.292e-05,-1.089935562695892,0.7853997777860848
2022-08-14 16:00:00,1984.18,1984.18,1978.0,1980.24,4866.6687,2.19e-06,-0.7169801066463101,-0.1947336930542166
2022-08-16 16:00:00,1887.38,1889.45,1881.29,1884.41,6800.1842,3.842e-05,-0.2644279778189332,-0.292314624621401
2022-08-19 00:00:00,1846.39,1848.0,1829.75,1833.28,17722.7354,5.275e-05,1.14760890875186,0.5205305957133544
2022-08-19 08:00:00,1744.63,1745.0,1727.31,1735.3,31369.0353,0.0001,-0.5167338940299073,2.6964900776091114
2022-08-20 00:00:00,1609.0,1624.24,1607.89,1621.47,20719.7565,4.557e-05,-0.6403465040834291,1.6772868422143026
2022-08-20 16:00:00,1634.7,1639.43,1633.46,1635.55,5187.1385,9.91e-06,-1.6703152975927364,-0.49168174481831434
2022-08-21 16:00:00,1621.11,1627.97,1613.18,1614.56,6473.7691,-5.859e-05,-1.2600924740126564,0.3074111333841893
2022-08-23 00:00:00,1624.65,1627.0,1616.78,1618.85,11929.1485,6.559e-05,-1.151249475721107,0.2148904139070512
2022-08-24 16:00:00,1683.49,1694.13,1680.46,1682.48,25955.1692,5.38e-06,-1.0135748194954255,0.321437591575675
2022-08-25 08:00:00,1708.92,1716.56,1708.32,1710.72,11625.2594,-1.814e-05,0.2577438259723419,-0.31545608170722444
2022-08-26 16:00:00,1593.53,1599.56,1588.68,1598.9,10167.0778,8.902e-05,0.515773117783931,-0.063393447950799
2022-08-28 08:00:00,1496.99,1504.07,1496.08,1500.01,6406.3374,-0.0002688,-1.7810903400395506,-0.292584393717678
2022-08-28 16:00:00,1486.84,1496.71,1486.84,1491.79,11147.5035,1.893e-05,-0.4065406321559077,0.8735133280305304
2022-08-29 00:00:00,1426.76,1435.79,1422.67,1427.66,22904.1788,-0.00024797,-1.9599024573620722,0.7081807013550341
2022-08-29 08:00:00,1454.74,1456.39,1449.57,1450.37,4439.8491,-0.00017053,-1.2719477812288376,-0.6781185098788219
2022-08-31 00:00:00,1524.59,1544.9,1524.59,1541.18,12353.261,-0.00011151,0.3667311171851294,-0.2244176850951911
2022-09-01 08:00:00,1544.59,1549.36,1538.59,1549.14,5289.5733,9.18e-06,1.2127703342791984,-0.31429569526322915
2022-09-02 16:00:00,1636.33,1639.42,1633.11,1634.98,7862.1804,-1.84e-05,1.3571974053123745,0.8172868002267752
2022-09-03 00:00:00,1575.35,1575.47,1566.03,1569.0,11286.2733,-0.00012553,0.46200046237836867,-0.4641129186926793
2022-09-04 16:00:00,1560.55,1562.73,1555.67,1557.88,3252.6232,-9.236e-05,0.7735913515133921,-0.6106066068993458
2022-09-08 08:00:00,1613.54,1613.55,1606.67,1607.19,7107.2977,-1.24e-05,0.8539927206022171,0.26887658756841465
2022-09-09 08:00:00,1704.93,1709.53,1701.82,1704.92,5426.0585,-3.837e-05,1.6235343899521832,0.20739709942765247
2022-09-09 16:00:00,1719.34,1720.0,1699.22,1710.94,18715.3385,-0.00012468,1.3965315203285347,2.143740501332129
2022-09-10 08:00:00,1711.0,1717.0,1709.5,1716.21,6095.3803,-0.00020439,1.1527982932938268,0.49462024658944576
2022-09-12 16:00:00,1706.38,1712.38,1693.0,1699.3,20902.1437,-0.00038902,1.0036494178917084,2.2335229656286706
2022-09-13 08:00:00,1715.99,1718.28,1711.76,1716.26,3403.4511,-0.00047985,0.9316546097470655,1.1266566405931993
2022-09-13 16:00:00,1594.44,1602.62,1588.19,1601.3,16388.4513,-0.0004662,0.9059401362624232,1.5847894097662623
2022-09-14 00:00:00,1574.4,1578.99,1563.81,1577.6,8387.8955,-0.00111142,-1.9422897280064622,0.12712302196490846
2022-09-14 08:00:00,1612.15,1612.48,1588.55,1591.95,13711.5752,-0.00182506,-0.9475783528705902,-0.5073881644303379
2022-09-14 16:00:00,1594.94,1600.72,1590.97,1593.51,16507.1285,-0.00172134,-0.8102760131701849,0.23938615390625237
2022-09-16 00:00:00,1472.76,1477.31,1462.16,1466.44,12412.7707,-7.76e-06,0.4290234934074663,-0.37338815938122205
2022-09-16 08:00:00,1471.7,1472.12,1463.48,1464.18,7188.9644,-2.35e-06,-0.36144410881504,-0.25268892243846636
2022-09-16 16:00:00,1452.31,1452.31,1438.01,1440.33,6226.631,0.0001,-0.6456123353904352,-0.4922799175458513
2022-09-17 00:00:00,1433.9,1439.42,1430.81,1439.33,6664.3836,7.4e-05,-0.5151881043764688,-0.3361662976181436
2022-09-18 00:00:00,1468.82,1469.63,1450.47,1455.32,8813.6552,8.41e-06,0.2690954688083416,-0.1507423345566628
2022-09-18 16:00:00,1417.44,1424.68,1388.0,1399.1,36095.1214,6.342e-05,-0.25446456062048445,0.5459247082990483
2022-09-20 16:00:00,1377.17,1384.1,1368.0,1368.15,13765.2002,2.77e-06,-0.5525734505644225,0.3700638578010915
2022-09-21 16:00:00,1343.06,1350.7,1341.2,1350.19,5524.1344,-7.656e-05,-0.17814970250444376,-0.19203405557672026
2022-09-22 00:00:00,1245.79,1252.04,1244.6,1246.42,10013.0278,-0.00024234,-2.5883913445953177,0.2502425848619403
2022-09-22 08:00:00,1278.59,1283.83,1276.5,1277.31,8610.1242,-0.00023437,-1.4957385704841917,0.5378954762847559
2022-09-24 00:00:00,1327.24,1330.41,1320.4,1322.79,7487.719,1.491e-05,0.2614253757990295,0.1635510123890686
2022-09-24 16:00:00,1339.77,1347.3,1338.74,1342.7,6107.2206,-8.115e-05,0.6186088497359586,-0.4316760652861555
2022-09-25 08:00:00,1332.83,1334.45,1331.65,1331.7,7262.3902,-4.292e-05,0.4049361213807546,-0.6692564439558879
2022-09-26 16:00:00,1325.18,1325.18,1318.28,1319.49,11400.4399,-1.379e-05,0.5605302130540203,1.6837091570250193
2022-09-28 08:00:00,1285.52,1285.95,1280.0,1280.53,8482.6104,-2.348e-05,-0.4202357671600704,0.22942443768928625
2022-09-28 16:00:00,1331.78,1339.35,1330.92,1335.95,12290.5241,-7.573e-05,0.7244253074674537,1.4754142322887969
2022-09-29 08:00:00,1321.99,1323.97,1319.15,1323.04,8591.7857,0.0001,1.1056196942521117,0.042248682929677574
2022-09-29 16:00:00,1326.81,1329.78,1323.06,1323.62,7152.4196,2.149e-05,0.860457206827334,0.12602481059694579
2022-10-01 16:00:00,1322.62,1324.22,1319.51,1320.42,2847.474,5.117e-05,0.8116605743101443,0.43148616072478957
2022-10-02 00:00:00,1311.79,1313.0,1310.43,1311.66,1958.2032,1.239e-05,0.32786751540983206,-0.773350507532951
2022-10-02 08:00:00,1311.14,1312.99,1310.04,1310.87,3001.1742,4.395e-05,0.5037496865341787,-0.652141198743415
2022-10-03 00:00:00,1276.72,1278.34,1263.04,1277.4,16393.0663,-2.23e-05,-0.2955863509043465,-0.4661973290270264
2022-10-05 00:00:00,1361.5,1363.53,1359.48,1359.52,4064.1121,1.819e-05,1.7632878958105391,0.02486832807070608
2022-10-05 08:00:00,1353.18,1353.75,1344.65,1345.07,6591.2358,3.45e-06,1.4423147453923664,-0.04496101963222379
2022-10-07 00:00:00,1352.07,1358.44,1350.23,1356.51,4881.0479,2.157e-05,1.199451772230703,0.017052566039960162
2022-10-07 08:00:00,1356.04,1359.42,1355.0,1358.61,3546.036,3.248e-05,1.0143078650406947,0.38869107440905803
2022-10-09 00:00:00,1315.48,1316.48,1312.77,1315.84,2741.4446,3.902e-05,-1.473871089488615,-0.11677251745754584
2022-10-10 08:00:00,1316.7,1317.64,1309.47,1312.23,8987.0885,2.784e-05,-0.3946851258036348,-0.11782529030986283
2022-10-11 16:00:00,1293.56,1294.11,1288.03,1292.79,6690.6452,4.405e-05,1.035630225804506,-0.013852722532660308
2022-10-12 08:00:00,1293.88,1297.12,1292.74,1292.74,3458.2521,-1.598e-05,0.8956058574580077,-0.5142031795241082
2022-10-12 16:00:00,1299.23,1300.01,1296.25,1296.99,2807.5294,7.18e-06,0.7816586184693852,0.36673326884664803
2022-10-14 08:00:00,1321.75,1325.0,1319.48,1324.41,5839.2475,0.0001,0.6518893340414832,1.1295377941430165
2022-10-16 08:00:00,1283.24,1286.63,1283.24,1285.86,1744.536,-1.934e-05,-2.132568751019744,-0.38601212030935816
2022-10-18 16:00:00,1307.62,1311.81,1305.69,1311.02,5837.0343,8.2e-05,0.5146148850748925,-0.14359102724422715
2022-10-20 00:00:00,1285.09,1288.14,1282.85,1287.61,5156.2534,1.115e-05,0.5146148850748928,-0.5836206217956056
2022-10-20 16:00:00,1299.84,1299.84,1291.72,1291.92,8553.0193,-5.194e-05,-1.5129086899793294,1.4135228096091663
2022-10-21 16:00:00,1297.46,1303.05,1295.57,1296.19,21019.7125,2.595e-05,-1.7639338413683672,1.2883832013483256
2022-10-22 00:00:00,1299.76,1300.62,1298.48,1298.78,2132.8205,2.568e-05,-0.5849783182771081,-0.576769809060617
2022-10-22 16:00:00,1316.38,1320.2,1314.94,1315.31,6250.9689,-3.726e-05,-1.3531062604355617,0.7908089725626873
2022-10-23 08:00:00,1309.57,1311.15,1308.88,1310.69,1401.8071,2.352e-05,-0.9031092829082277,-0.710158722764192
2022-10-25 16:00:00,1408.29,1415.46,1405.09,1409.19,22474.7401,1.973e-05,-0.997723919804633,4.055293281560239
2022-10-26 16:00:00,1567.54,1571.55,1566.13,1566.14,10952.2312,0.0001,0.38661203195076027,0.6154775255511572
2022-10-28 00:00:00,1514.04,1518.27,1509.25,1511.61,14694.484,2.272e-05,-1.038273315729916,-0.5206987015576856
2022-10-28 08:00:00,1493.68,1500.0,1491.0,1499.48,11530.172,4.042e-05,0.16775377413063283,1.756061315981479
2022-10-29 00:00:00,1554.4,1557.17,1550.55,1556.13,5784.9059,6.207e-05,-0.1437811613313548,0.23161259349141722
2022-10-30 00:00:00,1619.55,1624.41,1617.13,1619.46,4879.1847,7.735e-05,-1.2821552415130675,1.1912419518994248
2022-10-31 08:00:00,1591.16,1591.96,1578.61,1582.59,6532.5998,0.0001,0.9153850174627206,-0.6003536872051862
2022-11-01 00:00:00,1572.69,1576.46,1569.12,1574.03,8422.8124,7.95e-06,-0.2533524399170568,-0.5273716890111925
2022-11-01 08:00:00,1591.12,1595.44,1590.21,1592.93,3676.3584,-5.701e-05,-0.9445037941593897,-0.12421256426555044
2022-11-01 16:00:00,1574.29,1585.11,1571.52,1579.77,8583.8501,1.321e-05,0.059004679210819866,0.19133430612718239
2022-11-02 00:00:00,1578.47,1580.29,1572.09,1578.62,8938.7293,7.678e-05,1.2156814937181426,1.1038792522782142
2022-11-02 08:00:00,1564.76,1565.21,1561.26,1561.62,4270.853,2.913e-05,-0.14443940285974782,-0.048479032088147175
2022-11-04 00:00:00,1531.01,1533.02,1528.4,1532.2,4369.7512,1.398e-05,0.9144935127074508,0.019876220038038423
2022-11-06 08:00:00,1622.88,1624.02,1621.44,1623.95,2984.8622,0.0001,2.244211301277275,-0.3353326290804428
2022-11-08 00:00:00,1568.09,1574.12,1566.06,1573.32,5724.299,-5.728e-05,1.0793542539953989,0.21443140743051006
2022-11-09 00:00:00,1334.78,1336.24,1316.2,1323.41,21153.0071,-0.00038496,-2.61435089700908,0.024526757691631106
2022-11-10 08:00:00,1189.54,1194.17,1179.5,1179.51,19262.7338,-0.000543,-3.1256628530134454,0.2702602323160407
2022-11-11 00:00:00,1299.28,1305.88,1289.0,1300.87,10275.963,-0.00016788,-0.29892747459765384,0.5332045490533165
2022-11-12 16:00:00,1274.81,1276.29,1269.2,1276.21,4676.4407,9.984e-05,0.4720098084999569,-0.5995325915794474
2022-11-13 08:00:00,1250.94,1253.22,1246.51,1247.2,3997.9822,-8.449e-05,0.07747189527545545,-0.31325608607980093
2022-11-14 00:00:00,1221.5,1230.54,1219.6,1228.21,6524.6715,2.81e-05,0.19114026482669516,-0.34592705018663555
2022-11-14 08:00:00,1260.06,1276.26,1259.99,1269.64,23215.4553,2.254e-05,0.09872340406538038,0.3342799270398479
2022-11-14 16:00:00,1245.32,1249.76,1235.87,1237.47,7585.4112,5.237e-05,0.31261229056645,-0.24434773533584767
2022-11-17 00:00:00,1216.16,1220.37,1216.0,1218.3,3890.3131,-9.394e-05,0.2244784763348338,-0.37018731790074266
2022-11-17 08:00:00,1204.88,1208.36,1202.3,1203.52,5276.2565,2.558e-05,0.23290462165240158,0.9583418365412824
2022-11-18 16:00:00,1211.14,1213.0,1209.17,1212.9,2457.4535,-5.327e-05,0.4500303969491071,0.13620748425281273
2022-11-19 00:00:00,1212.58,1213.48,1211.71,1212.09,1945.4438,6.481e-05,0.5976718138037478,-0.5016521554701838
2022-11-20 16:00:00,1177.12,1179.89,1173.39,1174.51,4561.2467,-2.008e-05,0.3565865060970246,-0.8289937364453838
2022-11-21 16:00:00,1130.34,1133.1,1123.25,1124.89,9887.9921,4.666e-05,0.7457435015112728,-0.313720580678148
2022-11-22 00:00:00,1107.34,1114.87,1100.73,1113.01,24461.3627,-6.623e-05,-1.130525086228678,0.777399520958281
2022-11-22 08:00:00,1093.31,1094.78,1089.99,1091.32,5352.1589,-2.821e-05,0.9807684227965723,-0.3070382318139043
2022-11-22 16:00:00,1135.36,1146.13,1129.17,1129.38,16629.9989,6.368e-05,1.7940637286979009,0.9351443575669105
2022-11-23 00:00:00,1139.59,1141.34,1133.74,1137.24,5664.6389,6.088e-05,1.6369879320372165,0.5763350768157036
2022-11-25 16:00:00,1189.8,1190.09,1187.05,1187.06,2034.7029,-3.074e-05,0.0934828371024754,0.5738432020382878
2022-11-26 08:00:00,1218.96,1220.95,1218.69,1220.05,2350.9469,-5.666e-05,-0.6145473333736128,-0.5516787078096882
2022-11-26 16:00:00,1210.9,1212.87,1208.77,1212.54,3822.1327,-6.554e-05,0.4251777470348858,-0.5633165472505223
2022-11-27 08:00:00,1216.9,1219.89,1215.72,1219.17,3050.1381,-0.00011497,-0.9785814406399217,-0.10503660147036528
2022-11-29 00:00:00,1167.77,1170.06,1158.27,1161.59,8943.2956,3.832e-05,0.591845690142612,0.14998452896984166
2022-11-29 16:00:00,1208.72,1209.8,1202.97,1207.82,7155.4173,0.0001,0.50207637925858,1.020148367712566
2022-11-30 08:00:00,1272.62,1275.39,1272.62,1275.01,3650.5229,0.0001,0.3897882667698373,-0.08409423689908146
2022-12-01 16:00:00,1271.54,1273.16,1268.72,1268.75,4944.0061,0.0001,1.3710565534181325,0.9251738983440444
2022-12-03 08:00:00,1276.08,1277.15,1272.76,1275.5,6083.0782,-2.779e-05,0.29949902051805594,-0.08887333425487333
2022-12-04 08:00:00,1257.02,1257.93,1255.19,1255.43,2403.7669,-1.49e-06,0.5285475816378927,-0.1983568060767759
2022-12-07 00:00:00,1271.31,1272.21,1268.59,1268.92,3082.7903,8.029e-05,0.8807288658089768,-0.49117594263153697
2022-12-07 08:00:00,1224.63,1227.78,1218.01,1227.63,13189.1275,5.95e-06,-0.7393084414768243,0.42687001740187036
2022-12-07 16:00:00,1233.85,1235.4,1230.7,1230.98,5231.2639,-2.33e-06,-1.1644986781134719,0.6796894956375826
2022-12-08 08:00:00,1232.73,1234.14,1232.09,1232.54,2100.1729,1.744e-05,-0.4109241286437106,-0.40173366068007793
2022-12-09 16:00:00,1277.6,1278.0,1274.24,1274.89,2095.8214,4.9e-05,-0.12274691488675818,0.5860940371267086
2022-12-12 00:00:00,1263.0,1263.01,1256.26,1257.62,7944.3107,3.843e-05,-0.5476078284632132,4.8882560309624505
2022-12-12 16:00:00,1249.34,1252.88,1248.72,1249.72,7597.4009,-2.692e-05,-1.4904456960508514,0.1566184464249635
2022-12-13 00:00:00,1275.41,1278.47,1273.13,1273.77,4893.999,8.949e-05,-0.13512547036129052,-0.49397539871743307
2022-12-15 00:00:00,1307.45,1310.06,1306.73,1309.93,3450.9805,0.0001,1.5088917987674646,-0.38835470701465485
2022-12-19 00:00:00,1183.06,1186.93,1181.47,1186.09,3299.295,-3.395e-05,0.7696628463518611,0.08628100407738183
2022-12-19 08:00:00,1179.86,1181.11,1179.16,1180.65,1822.6612,5.7e-06,-0.014473683691559183,-0.18635257619694207
2022-12-19 16:00:00,1179.8,1180.94,1179.09,1179.95,2180.8336,-6.01e-06,0.3185659007338935,-0.7546338811873112
2022-12-20 16:00:00,1217.05,1218.39,1212.8,1213.05,5305.6391,9.832e-05,0.12258169218482039,0.23116425963463194
2022-12-22 08:00:00,1213.86,1214.38,1212.11,1213.5,1653.0717,9.813e-05,1.3252867247977258,-0.39947907597505533
2022-12-23 08:00:00,1221.84,1222.23,1215.78,1218.38,5062.1984,0.0001,1.5618530495994354,0.20058161934684893
2022-12-23 16:00:00,1219.15,1219.78,1217.46,1219.0,2494.9083,-7.28e-06,1.047990302055201,0.1274597158420164
2022-12-25 00:00:00,1220.42,1220.54,1220.07,1220.08,459.0186,-3.84e-06,-1.165019670988192,-0.6114999377788574
2022-12-25 16:00:00,1210.91,1212.34,1207.02,1212.04,4147.8893,1.343e-05,-0.513635383960303,0.1896572385638238
2022-12-26 08:00:00,1220.68,1220.96,1219.02,1219.3,1660.6272,1.023e-05,-2.2326906611707664,-0.6344547087876821
2022-12-29 08:00:00,1194.96,1195.54,1193.88,1194.0,1436.3607,5.835e-05,0.7533533546847174,0.07687141445220519
2022-12-30 00:00:00,1200.48,1201.08,1199.31,1199.53,1517.72,0.0001,1.0817883460507174,-0.38801569986699963
2022-12-30 08:00:00,1188.26,1190.17,1188.16,1189.81,2950.5468,0.0001,0.4256895633419235,-0.26566923039185714
2022-12-30 16:00:00,1195.07,1196.15,1194.03,1194.04,2573.162,0.0001,0.9105945018536764,2.320404875955922
2022-12-31 08:00:00,1196.84,1197.16,1196.37,1196.65,1641.5797,0.0001,0.7894445302416768,-0.49490777104114075
2022-12-31 16:00:00,1202.85,1203.16,1202.26,1202.26,880.382,0.0001,0.6709817602217365,-0.18813829842197058
2023-01-01 00:00:00,1196.13,1196.69,1194.55,1194.55,1245.8855,0.0001,0.6291979596866065,-0.320343236480862
2023-01-01 16:00:00,1196.81,1197.74,1195.88,1196.07,1242.7586,0.0001,-1.0718435651032938,0.30518217304561757
2023-01-02 00:00:00,1200.33,1201.04,1199.5,1199.97,2168.895,0.0001,-1.241993878571881,-0.13483002015112652
2023-01-03 16:00:00,1211.77,1212.76,1209.12,1209.12,3078.3038,2.948e-05,-0.4149497458164153,0.08222324218752869
2023-01-04 00:00:00,1214.56,1214.96,1214.01,1214.11,1219.8094,7.609e-05,0.1314263588956145,0.035505565429172395
2023-01-05 16:00:00,1249.11,1250.25,1248.0,1249.75,2805.5836,0.0001,0.10990403977426753,1.907537255467837
2023-01-06 16:00:00,1263.01,1268.51,1260.45,1260.45,12448.275,0.0001,0.45845943165089587,2.3249051427614282
2023-01-07 16:00:00,1265.07,1265.08,1262.97,1263.46,3157.7515,7.19e-05,0.7966961316374284,-0.3063944487158348
2023-01-08 08:00:00,1263.65,1263.71,1263.55,1263.56,601.5956,8.826e-05,0.7176010878230731,-0.04180407478385134
2023-01-09 08:00:00,1311.93,1312.14,1308.35,1308.59,4561.4793,7.617e-05,-1.5179784724828531,-0.20639816537409314
2023-01-10 16:00:00,1333.97,1334.75,1331.91,1332.83,3075.0144,0.0001,-0.5623533338636457,1.232791032091417
2023-01-12 00:00:00,1389.4,1393.67,1386.0,1389.8,17281.3318,0.0001,0.502019250137693,1.618623001719601
2023-01-12 08:00:00,1398.44,1398.58,1394.86,1396.63,6101.6359,0.0001,1.0778925022847219,-0.152977054492209
2023-01-12 16:00:00,1386.07,1386.94,1383.25,1386.49,4602.6346,0.0001,0.915280706114847,3.2683363138101083
2023-01-13 08:00:00,1408.11,1408.94,1406.66,1408.25,2227.94,0.0001,0.8136132482222812,0.7745594148639771
2023-01-14 00:00:00,1451.21,1464.0,1449.14,1460.85,18005.1386,0.0001,0.3464555090828266,4.6841795797292285
2023-01-14 16:00:00,1525.19,1528.14,1523.95,1527.04,5480.7573,0.00045951,0.6273955356976123,0.5010430313604901
2023-01-15 16:00:00,1556.35,1563.52,1554.58,1557.18,8870.2396,0.00018878,2.2751611159512706,-0.5606562821252028
2023-01-16 16:00:00,1549.97,1557.56,1545.71,1556.66,5606.6207,0.0001,0.1961871636645487,0.0923938532360366
2023-01-19 00:00:00,1511.44,1519.63,1509.15,1516.45,7143.0,0.0001,0.1961871636645487,-0.33587421239732035
2023-01-20 00:00:00,1551.09,1551.99,1546.47,1548.84,3614.0041,0.0001,0.1961871636645487,0.23485921314299277
2023-01-20 08:00:00,1550.32,1550.77,1548.83,1548.99,1855.6741,0.0001,0.015303449317693,-0.8322063133190435
2023-01-20 16:00:00,1563.69,1564.67,1561.61,1564.0,2610.3168,0.0001,-0.16911465805583104,-0.38479491982123587
2023-01-22 00:00:00,1626.65,1633.22,1622.55,1631.29,4942.9177,0.0001,-0.247289545361985,0.3157319673207496
2023-01-22 08:00:00,1627.07,1627.28,1620.83,1623.43,6790.5814,0.0001,-0.247289545361985,-0.2980968621753962
2023-01-24 16:00:00,1620.57,1621.31,1617.28,1618.2,3242.4019,0.0001,-0.247289545361985,-0.21415754174767027
2023-01-25 08:00:00,1553.82,1556.8,1552.75,1552.76,3082.6781,0.0001,-0.24728954536198594,-0.07586672395610683
2023-01-27 08:00:00,1585.4,1586.06,1582.18,1582.18,3200.7519,0.0001,-0.4337280556158375,0.20312515487678587
2023-01-27 16:00:00,1574.86,1579.47,1573.98,1576.43,5501.3105,0.0001,-0.27383419775277346,0.36624239487720633
2023-01-29 08:00:00,1592.59,1594.88,1592.06,1593.01,1997.511,0.0001,0.28867513449984195,-0.6220114482079903
2023-01-30 08:00:00,1627.44,1630.11,1626.02,1629.39,3103.0191,0.0001,0.28867513449984195,-0.09648296623662421
2023-01-30 16:00:00,1585.18,1588.48,1582.64,1587.28,4450.391,0.0001,0.28867513449984195,0.2638613433790305
2023-01-31 08:00:00,1580.03,1583.98,1576.19,1576.27,5454.4143,0.0001,0.28867513449984195,0.5301439129118702
2023-02-01 08:00:00,1575.37,1576.29,1572.06,1574.48,3232.6851,0.0001,0.28867513449984195,0.015079188310982575
2023-02-03 08:00:00,1637.5,1638.43,1629.96,1635.08,8634.5869,0.0001,0.28867513449984195,0.8268857825528751
2023-02-03 16:00:00,1663.93,1667.11,1660.71,1666.12,5743.6589,0.0001,0.2886751344998522,2.067452846172286
2023-02-04 08:00:00,1658.17,1658.87,1657.08,1657.41,1589.7168,0.0001,0.28867513449984195,-0.4665610913411819
2023-02-04 16:00:00,1679.97,1680.28,1677.56,1678.34,2210.1924,0.0001,0.28867513449984195,-0.6015027919515119
2023-02-06 08:00:00,1635.41,1637.89,1634.35,1634.85,6501.9595,0.0001,0.28867513449984195,0.02434640872011463
2023-02-08 16:00:00,1653.08,1654.85,1641.59,1642.52,16233.3225,0.0001,0.0,1.4405681038681981
2023-02-12 08:00:00,1530.84,1532.68,1530.83,1532.59,1064.9594,3.225e-05,0.0,-0.739457515689744
2023-02-15 08:00:00,1547.56,1548.99,1545.12,1546.5,2742.9688,2.81e-05,-3.1754264805388352,-0.38704444651041237
2023-02-16 08:00:00,1681.9,1682.9,1678.25,1682.89,5984.3033,0.0001,0.2886751345944401,1.5810300041540244
2023-02-17 16:00:00,1673.11,1684.94,1672.1,1681.46,10928.0289,0.0001,0.2886751345944407,6.914819181672717
2023-02-18 08:00:00,1690.71,1692.62,1687.77,1688.94,3046.4875,0.0001,0.2886751345944407,-0.11897853185750473
2023-02-22 16:00:00,1613.72,1617.13,1608.0,1608.32,7485.9765,0.0001,0.2886751345944407,-0.19990537516884282
2023-02-26 16:00:00,1605.09,1606.64,1602.47,1606.63,2062.1035,1.098e-05,-1.113792312099183,-0.2734674618801314
2023-02-27 16:00:00,1644.27,1646.65,1632.05,1637.33,11545.6523,6.025e-05,-0.862004967386631,2.670594363152084
2023-03-01 08:00:00,1650.91,1655.54,1649.0,1654.45,5849.9133,0.0001,0.4989088231966659,0.1352717826116919
2023-03-02 16:00:00,1628.31,1629.15,1626.6,1627.32,6831.2145,7.746e-05,-0.1334589923500057,-0.7204138666618761
2023-03-03 00:00:00,1647.86,1649.25,1644.76,1645.02,2573.9594,3.967e-05,0.5627544942862656,-0.6257094406412347
2023-03-03 16:00:00,1566.51,1569.42,1565.45,1565.82,5034.7716,2.284e-05,-2.3696375375775345,-0.4385513106616138
2023-03-05 00:00:00,1566.74,1568.69,1566.46,1566.89,4946.5834,5.372e-05,-1.4191698424245864,0.19430790757599825
2023-03-05 08:00:00,1568.61,1570.87,1567.84,1570.87,1737.7192,3.555e-05,-1.6123972783275218,-0.8981232420821706
2023-03-06 16:00:00,1578.0,1580.83,1575.25,1577.8,5457.1658,3.604e-05,-0.30783858549354826,0.22697461923610554
2023-03-08 00:00:00,1561.95,1570.0,1561.95,1567.73,10466.6702,8.208e-05,-0.8002356431031756,0.22207984787611185
2023-03-10 00:00:00,1437.32,1437.5,1428.98,1429.26,8504.9567,-8.306e-05,-2.38929697441064,3.8206304083346567
2023-03-10 08:00:00,1412.27,1413.0,1408.68,1409.1,4311.3273,-9.7e-07,-0.5812105597621368,0.6323087137958893
2023-03-12 08:00:00,1459.57,1462.76,1457.97,1461.99,8704.9784,8.67e-05,0.9370587592546891,1.2604511312614337
2023-03-15 08:00:00,1705.12,1705.41,1700.59,1702.87,4115.9505,0.00018366,2.3295416025656253,2.8052957554587357
2023-03-18 08:00:00,1814.12,1816.42,1796.0,1797.94,12232.6937,0.0001,0.5802803931692088,0.08529092309944773
2023-03-19 16:00:00,1793.61,1800.95,1791.88,1796.1,8304.4939,0.0001,0.5589661079703069,1.2077489438118942
2023-03-22 00:00:00,1801.23,1802.09,1799.31,1799.52,3273.7874,5.146e-05,-0.5370140580828799,-0.14994319587322627
2023-03-22 16:00:00,1806.26,1809.78,1797.04,1798.58,7763.3064,5.54e-05,0.029319514232119186,-0.6816335538089042
2023-03-26 00:00:00,1741.88,1746.16,1741.37,1741.88,5851.691,8.29e-06,-0.6054478306392554,-0.8951982601137366
2023-03-26 16:00:00,1762.81,1767.77,1761.55,1763.59,3301.4893,4.383e-05,-0.19730645801069574,-0.8791932344047827
2023-03-27 16:00:00,1711.73,1725.47,1708.17,1723.83,20828.5818,-1.71e-06,-0.6295778691149979,-0.3692021527158136
2023-03-28 08:00:00,1724.54,1726.51,1723.86,1724.78,2480.8103,3.473e-05,-0.42160673941328597,-0.9507235291601389
2023-03-30 00:00:00,1793.06,1795.45,1790.14,1794.35,2621.0474,5.756e-05,0.15574219494850822,-0.9307516889641059
2023-03-30 08:00:00,1806.46,1808.1,1804.51,1807.23,4994.4314,2.86e-06,-0.10056768650218138,-0.45790779241781376
2023-04-01 00:00:00,1821.52,1824.84,1821.32,1824.7,2994.5836,0.0001,0.5266010777216105,0.02312243865756836
2023-04-01 08:00:00,1823.47,1824.61,1822.29,1823.98,2326.9099,0.0001,1.1302496797245067,-0.5072087253345609
2023-04-03 00:00:00,1794.51,1794.56,1792.47,1793.4,2632.9909,-2.938e-05,-0.6856852562295379,-0.8934328940900462
2023-04-05 00:00:00,1870.38,1870.72,1867.4,1867.73,3214.4553,6.853e-05,-0.3180094233186182,-0.45244845041463166
2023-04-06 00:00:00,1908.68,1909.91,1897.0,1899.84,8554.7243,5.011e-05,-0.7205737022524912,1.099193738111052
2023-04-06 16:00:00,1874.54,1875.34,1871.96,1874.2,4708.7359,2.17e-06,-1.5459450487553648,-0.3756959495120634
2023-04-07 16:00:00,1860.36,1861.91,1859.04,1859.04,2450.0213,3.638e-05,-0.5881191817711484,-0.2246481427425993
2023-04-08 00:00:00,1863.73,1864.79,1861.67,1861.85,2167.079,3.725e-05,-0.6968236885820217,-0.46470336558644687
2023-04-10 00:00:00,1858.91,1862.73,1856.12,1861.74,3235.9368,3.359e-05,1.3648769845213524,1.0093536672712744
2023-04-13 16:00:00,1997.15,2000.35,1995.22,1995.32,5392.0267,0.0001,1.1411565416459204,3.496675279002112
2023-04-17 16:00:00,2071.46,2078.87,2070.41,2077.73,6856.7721,0.0001,1.0391008392420615,-0.15034556591043247
2023-04-18 16:00:00,2095.49,2100.48,2095.25,2100.1,3886.7277,0.0001,0.3474377036111088,0.344069896229029
2023-04-19 16:00:00,1983.41,1986.16,1978.37,1985.57,6229.0869,-1.015e-05,-0.9049682089723179,1.0684681056139227
2023-04-22 00:00:00,1848.77,1853.2,1848.4,1853.19,3208.4268,5.467e-05,1.2014701458302546,2.1916526384719783
2023-04-22 08:00:00,1850.8,1851.49,1850.8,1851.25,1625.2151,-5.62e-06,0.4575861940094977,-0.6393881695502698
2023-04-24 00:00:00,1862.01,1863.3,1861.2,1861.24,1961.1976,9.041e-05,-0.03292585277637307,-0.7402810047328856
2023-04-30 08:00:00,1903.06,1903.7,1901.91,1902.82,1418.3953,-2.13e-06,-0.3247944383870036,-0.7286277710074524
2023-05-02 16:00:00,1858.8,1861.34,1856.27,1856.27,3344.1602,8.146e-05,-1.0104367235089837,0.4020718822208888
2023-05-04 00:00:00,1905.12,1905.68,1900.64,1904.6,3499.1145,0.0001,0.9586733460055145,0.15291155449882862
2023-05-04 08:00:00,1898.4,1900.13,1896.4,1897.51,2313.5792,0.0001,0.8201542453466665,-0.06189825298827176
2023-05-05 08:00:00,1895.1,1899.06,1894.4,1898.53,3153.0146,5.68e-05,0.8015151355622322,0.8613959557876565
2023-05-05 16:00:00,1953.34,1998.29,1953.34,1994.08,56362.1271,0.0001,0.4820291235988766,11.97336740813227
2023-05-06 08:00:00,1958.91,1958.92,1923.0,1939.24,33922.3332,0.0001,0.8783146501435033,9.727300390922904
2023-05-06 16:00:00,1877.32,1880.85,1875.89,1880.85,5068.7503,6.94e-06,0.7802236127336165,-0.2814731130252764
2023-05-07 00:00:00,1896.33,1898.21,1894.27,1896.31,2108.762,1.519e-05,-0.9698712285021682,-0.6591516616970305
2023-05-07 08:00:00,1905.55,1915.24,1905.55,1908.99,8350.3794,2.257e-05,-0.8934113427140599,-0.346178796528315
2023-05-08 00:00:00,1870.41,1882.98,1860.84,1880.59,24885.9236,5.356e-05,-1.5450387719972194,2.5122130451563818
2023-05-09 08:00:00,1848.61,1849.2,1844.64,1845.52,3666.2327,0.0001,0.06882886201419797,-0.8631899418825116
2023-05-09 16:00:00,1839.49,1841.0,1836.0,1839.97,4757.5879,5.218e-05,-1.4955422759341992,-0.5616605462995732
2023-05-10 16:00:00,1872.84,1879.0,1872.32,1876.75,6141.1506,4.334e-05,-0.7363388733625024,-0.20919459926351888
2023-05-11 08:00:00,1829.41,1829.42,1808.0,1819.42,25795.6338,2.198e-05,0.1776163221488625,4.41647730014695
2023-05-13 00:00:00,1807.45,1807.5,1804.24,1804.35,3140.7526,2.858e-05,-1.4381494197894686,0.5098189202935418
2023-05-13 08:00:00,1802.98,1805.8,1801.86,1805.4,2164.4226,2.366e-05,0.08659072150559888,-0.8734849467058915
2023-05-16 08:00:00,1822.68,1826.99,1819.42,1824.01,3972.9309,1.255e-05,-0.4319826867006185,0.626432471770009
2023-05-16 16:00:00,1820.2,1822.21,1819.8,1821.46,2406.6474,6.009e-05,0.5100157900392569,-0.6110894046924491
2023-05-17 08:00:00,1807.74,1807.75,1802.12,1805.35,6665.5804,-1.53e-05,1.1730949649817946,0.22690320081842016
2023-05-18 00:00:00,1822.12,1822.97,1819.68,1820.45,2729.3008,7.696e-05,1.781673906042248,-0.6224804185784066
2023-05-19 00:00:00,1800.56,1802.13,1798.43,1802.0,3022.812,4.796e-05,-0.5372918291747703,-0.2527292596422062
2023-05-19 16:00:00,1815.46,1818.8,1813.72,1815.9,5061.9296,0.0001,-0.2875063965409356,1.9467478125988322
2023-05-22 08:00:00,1811.19,1815.68,1810.7,1815.62,4915.7075,5.518e-05,-1.260678790630578,-0.6915367564332149
2023-05-24 00:00:00,1854.06,1854.09,1851.67,1852.16,1725.7724,9.078e-05,1.5564749852182502,-0.4357092541417346
2023-05-25 00:00:00,1799.89,1807.33,1799.3,1802.8,6105.0588,1.449e-05,0.22930485652500782,-0.42717394951987303
2023-05-26 00:00:00,1805.61,1806.01,1803.85,1805.02,2039.0881,0.0001,1.3224354737170665,-0.5336832284913147
2023-05-28 16:00:00,1843.74,1845.42,1842.48,1844.99,1604.7353,2.481e-05,1.1510583148385356,0.9288214443492225
2023-05-29 00:00:00,1908.64,1917.61,1908.17,1914.86,12187.2845,0.0001,0.9870759160599425,1.3126261817339637
2023-05-30 08:00:00,1898.22,1900.47,1898.22,1899.51,1433.9623,0.0001,0.589765175284863,-0.06760046776776703
2023-05-31 08:00:00,1869.3,1873.46,1868.0,1872.15,4239.3928,5.35e-06,-1.0940110251831483,2.1677835674013872
2023-05-31 16:00:00,1857.95,1860.58,1854.28,1860.58,3085.4216,4.873e-05,0.7673526732875625,0.7623662132959458
2023-06-01 16:00:00,1863.36,1866.28,1862.8,1865.0,3771.5554,0.0001,0.8038567941170053,0.3812714865589371
2023-06-02 00:00:00,1861.78,1862.7,1860.14,1860.14,2242.5742,4.67e-05,-0.6890912527750864,-0.5191234158635063
2023-06-03 00:00:00,1906.69,1907.08,1905.24,1906.98,3550.4275,0.0001,-0.023443617398738067,-0.8628402338728658
2023-06-04 00:00:00,1892.05,1892.31,1890.03,1891.76,1548.0534,2.827e-05,-1.1531603106202655,-0.1747437512302032
2023-06-04 08:00:00,1900.21,1901.21,1900.0,1900.85,1195.8005,4.801e-05,0.8033340530402,-0.752647965711493
2023-06-04 16:00:00,1901.76,1902.26,1898.0,1899.67,3983.6457,8.077e-05,0.6765749571710783,-0.596521641497006
2023-06-05 08:00:00,1873.4,1873.81,1872.01,1872.6,2106.2932,2.308e-05,0.519349646165197,0.10767817642939187
2023-06-05 16:00:00,1820.69,1823.9,1778.0,1814.55,86047.2128,7.505e-05,-0.06365510243415785,33.96424473962323
2023-06-06 00:00:00,1810.49,1811.42,1809.24,1810.79,3853.9937,-4.896e-05,-2.7650114941850714,1.736852557712623
2023-06-07 00:00:00,1884.65,1889.0,1881.86,1884.9,9810.5685,0.0001,0.663734324050773,3.449926549915971
2023-06-07 16:00:00,1839.0,1841.37,1832.71,1835.14,7830.7702,2.658e-05,-0.5566701534847502,6.959779227560639
2023-06-08 08:00:00,1842.0,1842.4,1840.71,1840.91,1807.527,5.971e-05,-0.6273781935286329,-0.16716994622501574
2023-06-08 16:00:00,1855.67,1856.24,1853.14,1853.5,1742.3546,6.27e-05,-0.3489770243351303,0.6332269712482002
2023-06-09 00:00:00,1845.65,1846.87,1844.5,1846.54,994.3545,7.287e-05,0.15269743338853214,-0.9601300851099734
2023-06-09 08:00:00,1836.37,1836.56,1834.52,1835.85,1892.9364,9.72e-06,0.41750167335898,-0.5879602870169999
2023-06-09 16:00:00,1841.71,1842.74,1839.01,1842.72,2568.4266,7.382e-05,-0.2984245468422666,-0.4346117701183364
2023-06-10 00:00:00,1840.37,1840.45,1839.07,1839.22,1121.0223,6.01e-05,0.6193398281756589,-0.9045889051029888
2023-06-10 08:00:00,1731.79,1731.79,1715.03,1729.38,27068.1114,5.325e-05,-0.5789271391230151,4.440892232528493
2023-06-10 16:00:00,1737.39,1739.45,1733.67,1734.29,5046.6529,1.875e-05,-0.17663729190385932,-0.47616418268212785
2023-06-11 08:00:00,1752.92,1754.47,1751.94,1753.95,1255.8157,6.332e-05,-0.2426604405659271,-0.674584417598852
2023-06-11 16:00:00,1740.8,1744.6,1739.76,1743.43,2468.3205,2.351e-05,0.2371466971231455,0.5753931366901467
2023-06-12 00:00:00,1752.77,1753.03,1750.29,1752.58,2850.8365,7.802e-05,1.5260050361596202,-0.47267729099473477
2023-06-12 08:00:00,1736.7,1740.07,1734.28,1738.36,2732.5356,9.417e-05,-0.9039005164046596,1.372834305392786
2023-06-13 00:00:00,1742.57,1745.67,1741.28,1745.67,1643.751,7.468e-05,1.647749343077964,-0.8062236875968964
2023-06-13 08:00:00,1748.28,1748.28,1746.94,1747.26,1294.1406,4.944e-05,0.10682416775822932,0.005094026708684415
2023-06-13 16:00:00,1730.17,1734.97,1729.21,1733.87,3788.1007,5.417e-05,0.23712039976058713,3.266616445983487
2023-06-14 00:00:00,1740.12,1741.66,1739.38,1740.97,1807.7697,9.312e-05,-1.1432033343681582,0.062016084994720576
2023-06-14 08:00:00,1741.28,1742.53,1740.9,1741.47,1112.487,1.378e-05,-0.946692020548317,-0.09210707846936525
2023-06-14 16:00:00,1741.04,1742.98,1739.54,1742.69,1646.9445,2.759e-05,-0.4806454563806756,-0.05702116160364774
2023-06-15 00:00:00,1650.95,1651.94,1649.12,1651.94,3246.5335,-7.479e-05,-2.2421110643223017,0.6452616866711126
2023-06-15 08:00:00,1639.96,1641.98,1639.07,1641.83,2796.3995,-8.236e-05,0.45924854963901873,0.7771426781721414
2023-06-15 16:00:00,1642.42,1642.68,1639.42,1641.54,3936.1253,3.041e-05,0.5154417723463148,-0.4319648140209872
2023-06-16 00:00:00,1666.96,1666.96,1663.54,1665.3,2347.4538,-8.034e-05,-0.2201544654839182,0.2822024571951494
2023-06-16 08:00:00,1671.08,1673.24,1671.08,1673.02,1872.6312,-5.17e-05,-0.9694245611207462,0.29505797446829246
2023-06-16 16:00:00,1682.32,1685.14,1678.45,1680.8,7076.9111,-1.294e-05,-1.0097750688824034,7.131844599200968
2023-06-17 00:00:00,1717.91,1719.64,1716.74,1717.33,2009.5232,6.711e-05,1.700493059727449,-0.055052998600910966
2023-06-17 08:00:00,1744.62,1747.45,1744.4,1745.55,1950.7364,0.0001,1.4884272819309001,-0.17017151755935056
2023-06-17 16:00:00,1727.88,1730.01,1724.62,1729.82,1418.9459,-1.45e-06,0.8271351967830267,0.01587563010378949
2023-06-18 00:00:00,1727.75,1728.3,1727.14,1727.73,591.6614,-7.19e-06,-0.1603287562126976,-0.7494126141511589
2023-06-18 08:00:00,1730.14,1731.25,1727.71,1727.76,1552.973,-8.65e-06,0.8419797148038435,0.011018329692738594
2023-06-18 16:00:00,1738.12,1742.49,1736.22,1740.45,2402.4655,5.296e-05,0.4031496945856152,-0.8064386031834044
2023-06-19 00:00:00,1720.95,1725.34,1719.99,1724.43,3371.3091,3.436e-05,0.3559329711562549,0.18203682934328397
2023-06-19 08:00:00,1724.48,1724.5,1722.59,1723.77,1312.1299,5.597e-05,0.147279914392981,-0.5783510013098376
2023-06-19 16:00:00,1721.45,1721.46,1717.23,1717.73,1636.2358,2.962e-05,-0.6183606277048432,-0.4021031244354902
2023-06-20 08:00:00,1729.98,1729.99,1726.83,1727.47,1324.0286,-2.167e-05,-1.5756438755911963,1.63587013969827
2023-06-20 16:00:00,1732.49,1733.84,1728.39,1732.62,3680.3012,2.359e-05,-1.8446323293241,2.772600559616156
2023-06-21 00:00:00,1791.99,1792.91,1787.38,1789.41,4196.715,0.0001,0.19677846509252833,1.65892603722795
2023-06-21 08:00:00,1813.07,1813.08,1809.48,1812.12,2744.6725,1.018e-05,1.150416843329186,0.2746471925970948
2023-06-21 16:00:00,1849.81,1870.0,1846.88,1865.22,21406.1404,-2.36e-06,-0.6446526470431648,12.352858707500644
2023-06-22 00:00:00,1889.1,1891.62,1883.8,1886.28,5427.2328,0.0001,1.2469091188728891,3.299058556943276
2023-06-22 16:00:00,1877.24,1885.05,1876.31,1883.65,4673.023,0.0001,0.9008649692507886,1.4653505919156813
2023-06-23 00:00:00,1872.0,1879.36,1871.67,1878.6,3171.1159,0.0001,1.0193621940345612,-0.5872275072122941
2023-06-23 08:00:00,1880.44,1881.2,1878.56,1881.07,2214.8406,0.0001,0.9155960349904729,-0.7240387979310052
2023-06-23 16:00:00,1917.61,1936.42,1910.6,1931.42,22246.908,4.288e-05,0.8312799020309763,6.451312546759428
2023-06-24 00:00:00,1892.63,1892.72,1886.96,1888.22,1931.3801,0.0001,0.7433297887310623,-0.7950481892289446
2023-06-24 08:00:00,1883.04,1888.96,1882.27,1887.46,2118.9375,0.0001,0.6293237964356668,-0.6440794427670353
2023-06-24 16:00:00,1874.31,1876.68,1867.2,1876.34,7416.8893,3.414e-05,0.5072812421150038,0.9488913419792383
2023-06-25 00:00:00,1874.95,1879.38,1874.41,1879.38,2344.546,0.0001,0.4326609397396214,-0.5865575295027055
2023-06-25 08:00:00,1911.81,1914.97,1910.81,1914.96,2211.9291,0.0001,0.3195843815968977,-0.06682043874449464
2023-06-25 16:00:00,1886.51,1893.63,1884.41,1886.59,5583.6159,0.0001,0.3195843815968977,-0.9158924627935429
2023-06-26 00:00:00,1898.8,1901.04,1894.52,1894.72,4065.5987,0.0001,0.28867513456048144,0.01100510719933636
2023-06-26 08:00:00,1892.32,1893.8,1887.41,1893.25,2762.8749,7.153e-05,0.28867513456048144,0.4518498196105363
2023-06-26 16:00:00,1889.33,1890.69,1886.5,1886.6,3050.0551,7.038e-05,0.0,-0.7435706503142981
2023-06-27 00:00:00,1858.97,1859.0,1856.21,1856.59,2557.12,4.477e-05,0.0,0.5684708788768885
2023-06-27 08:00:00,1875.59,1880.27,1873.96,1876.86,3690.053,6.237e-05,0.0,0.7635194902595601
2023-06-27 16:00:00,1871.6,1877.4,1869.62,1877.32,3771.4647,1.184e-05,0.0,0.6542024000731017
2023-06-28 00:00:00,1889.58,1890.19,1876.69,1882.61,8375.6411,0.0001,0.0,-0.1689450967664549
2023-06-28 08:00:00,1851.0,1855.2,1850.24,1853.58,5931.4562,2.202e-05,-3.1754264800904686,0.8408818397868995
2023-06-28 16:00:00,1859.6,1864.86,1859.24,1863.01,1909.2885,3.873e-05,-3.14884658790246,0.1290287636734465
2023-06-29 00:00:00,1828.03,1832.28,1827.84,1831.34,2288.8808,1.497e-05,-1.5006085743571815,0.2574738974527506
2023-06-29 08:00:00,1847.45,1850.11,1846.95,1847.79,2183.2146,1.188e-05,0.08761216435142684,-0.31607397861874975
2023-06-29 16:00:00,1851.79,1857.1,1851.79,1854.5,1925.7923,0.0001,0.4906473125178991,-0.23655416138905067
2023-06-30 00:00:00,1851.99,1853.71,1849.32,1849.32,1463.7593,3.965e-05,0.4906473125178991,-0.3919848366932886
2023-06-30 08:00:00,1887.81,1888.94,1884.99,1886.42,8990.2942,0.0001,0.4906473125178991,-0.32341113100343066
2023-07-01 00:00:00,1933.8,1938.42,1930.01,1933.46,3309.7279,0.0001,0.4906473125178991,-0.05626484749419726
2023-07-01 08:00:00,1920.04,1920.41,1916.76,1917.19,2232.5048,0.0001,0.4906473125178991,-0.4066826662948911
2023-07-01 16:00:00,1922.63,1923.97,1920.0,1920.2,2731.1558,0.0001,0.4906473125178991,-0.09734733968360453
2023-07-02 00:00:00,1924.5,1924.84,1920.5,1922.19,1000.6792,0.0001,0.4906473125178991,-0.6703367264999428
2023-07-02 08:00:00,1914.96,1916.4,1913.38,1916.39,1238.0726,0.0001,0.4906473125178991,-0.10745654634434774
2023-07-03 00:00:00,1937.49,1940.75,1936.47,1940.54,2602.2041,0.0001,0.4526650634442395,-0.40456957609114325
2023-07-03 08:00:00,1966.83,1971.49,1964.69,1969.87,5667.4794,0.0001,0.3468607705782688,-0.07591297832992494
2023-07-03 16:00:00,1968.17,1970.3,1953.26,1960.43,9478.6509,0.0001,0.2886751345539296,8.212834010065421
2023-07-04 08:00:00,1948.81,1951.32,1948.52,1951.32,1234.7132,0.0001,0.0,0.1676590703452288
2023-07-04 16:00:00,1954.19,1956.5,1954.0,1954.99,1634.1228,0.0001,0.0,0.8447307943500776
2023-07-05 00:00:00,1936.19,1939.45,1935.7,1937.0,1960.0623,0.0001,0.0,-0.15348123020379248
2023-07-05 08:00:00,1936.36,1937.07,1934.51,1934.99,1991.9672,0.0001,0.0,-0.13981442762969054
2023-07-05 16:00:00,1902.97,1905.52,1901.26,1905.4,2961.847,0.0001,0.0,0.1482000906097915
2023-07-06 00:00:00,1910.35,1910.91,1908.76,1908.81,1620.8349,0.0001,0.0,-0.8928980358682022
2023-07-06 08:00:00,1925.09,1929.96,1924.68,1926.78,4475.4852,0.0001,-3.175426480500415,0.505051917516365
2023-07-06 16:00:00,1888.66,1890.06,1883.71,1886.54,8723.7272,2.778e-05,-3.062905872019241,4.586394821145516
2023-07-07 00:00:00,1846.17,1849.61,1826.0,1843.99,27282.5877,7.449e-05,-2.214774214778078,14.475141729938098
2023-07-07 08:00:00,1856.41,1861.65,1853.81,1861.23,2734.0722,3.362e-05,-1.0093604081677894,0.3227664097216707
2023-07-07 16:00:00,1872.04,1875.27,1871.07,1873.81,1759.7456,2.585e-05,-1.78603446084112,-0.06635517093447743
2023-07-08 00:00:00,1870.92,1871.23,1868.27,1869.18,1900.8509,3.796e-05,-0.6319864770223274,0.0014547041086580125
2023-07-08 08:00:00,1861.69,1863.5,1861.54,1862.86,842.1707,1.339e-05,-0.7580528085428176,-0.7101556220068093
2023-07-08 16:00:00,1859.43,1861.69,1859.43,1861.36,910.3587,-4.17e-06,-0.8311018393443509,-0.7835964507002368
2023-07-09 00:00:00,1865.24,1865.76,1862.71,1862.76,1199.355,3.226e-05,0.2424829663531876,-0.9344374790641613
2023-07-09 08:00:00,1867.42,1868.96,1867.12,1868.74,2010.2991,2.878e-05,0.6491589267955589,-0.5666034658917742
2023-07-09 16:00:00,1866.13,1866.13,1862.17,1862.68,2091.8745,3.18e-05,0.6188738724024371,-0.6367487939464073
2023-07-10 00:00:00,1862.81,1863.13,1848.77,1853.11,10591.4677,2.726e-05,-1.7280613890320884,5.4755732526651775
2023-07-10 08:00:00,1856.2,1856.37,1854.6,1854.72,969.7373,4.524e-05,0.6823592511898743,0.6507993546285077
2023-07-10 16:00:00,1871.09,1871.91,1866.0,1866.0,3070.3669,7.179e-05,-0.022191344982130257,0.13986253332598556
2023-07-11 00:00:00,1880.41,1881.4,1876.2,1881.15,3137.1037,9.527e-05,1.4463390385099908,2.0636346572424795
2023-07-11 08:00:00,1883.01,1883.3,1882.54,1882.66,1414.1619,7.653e-05,1.2973915847307886,0.09918067991716156
2023-07-11 16:00:00,1871.68,1873.22,1868.54,1869.4,1808.4726,2.549e-05,-0.14725708448131444,2.2900203206141336
2023-07-12 00:00:00,1878.31,1880.55,1877.08,1880.41,1555.1104,8.29e-05,0.7856064188734206,-0.7952797838594831
2023-07-12 08:00:00,1890.59,1892.0,1888.8,1889.07,1778.4177,0.0001,0.49935321058102505,0.21748884335374644
2023-07-12 16:00:00,1883.77,1885.31,1879.49,1883.01,4625.7223,7.32e-05,-0.20522347546868006,1.34294722869115
2023-07-13 00:00:00,1871.82,1875.43,1871.65,1875.21,1286.8814,-8.22e-06,-1.7269335672370192,-0.6266554314686109
2023-07-13 08:00:00,1870.37,1871.01,1869.86,1871.01,1144.0511,5.591e-05,0.4578892116512696,0.3084934601076795
2023-07-13 16:00:00,1932.8,1950.01,1930.9,1947.17,33521.9294,-4.55e-05,-1.036996701730267,3.7108679030446186
2023-07-14 00:00:00,2004.49,2011.54,2002.17,2011.01,5139.1066,0.0001,1.5013526263915926,1.3494679379334256
2023-07-14 08:00:00,1991.21,1999.01,1989.0,1997.81,7528.1939,0.0001,1.2572752373294187,1.5914794215770365
2023-07-14 16:00:00,1998.52,2001.18,1997.01,1997.02,3003.2287,0.0001,1.0576629640784605,-0.5638183451921667
2023-07-15 00:00:00,1937.82,1937.83,1932.34,1932.34,3371.8091,-1.31e-06,-2.3215392209937398,0.9708158057675561
2023-07-15 08:00:00,1941.86,1942.63,1937.55,1938.71,1853.2929,8.11e-05,-0.27834044168227584,-0.07240914959664309
2023-07-15 16:00:00,1934.81,1935.18,1929.94,1932.35,2811.0204,8.792e-05,-0.26631888828548406,-0.9133210118870714
2023-07-16 08:00:00,1925.43,1927.73,1925.42,1926.72,834.0345,4.632e-05,0.6414978008962969,-0.8563333398157642
2023-07-16 16:00:00,1936.81,1937.0,1935.33,1936.38,1057.7054,4.081e-05,0.06112734959887162,-0.7991697025431389
2023-07-17 00:00:00,1922.12,1923.74,1917.23,1923.61,3933.8474,2.809e-05,-0.2552709202647016,-0.28442135843802
2023-07-17 08:00:00,1928.7,1929.4,1926.51,1929.39,1291.0287,2.313e-05,0.31305095938493144,-0.3750753826537856
2023-07-17 16:00:00,1908.81,1913.2,1906.01,1912.79,2605.0084,3.963e-05,0.30700771655020853,1.2287579782694944
2023-07-18 00:00:00,1911.21,1915.27,1910.04,1913.0,2153.0643,6.696e-05,-0.21854727618665226,0.2680354364992114
2023-07-18 08:00:00,1898.99,1899.28,1893.67,1896.52,3307.3204,8.539e-05,0.44612455676028917,3.8074682309115504
2023-07-18 16:00:00,1897.21,1900.39,1896.0,1900.38,1187.876,7.161e-05,0.6718243032458139,0.5641275967270728
2023-07-19 00:00:00,1897.21,1898.41,1895.09,1897.12,2222.932,6.538e-05,1.2511672809743235,-0.2125403484209102
2023-07-19 08:00:00,1908.6,1908.62,1906.32,1907.55,1562.8295,0.0001,-0.166040725355549,-0.12884472708522765
2023-07-20 00:00:00,1888.64,1889.79,1886.58,1888.27,3117.7448,-2.41e-06,-1.2784169562825511,-0.6253312596876197
2023-07-20 08:00:00,1912.51,1914.68,1911.5,1913.34,4633.1053,9.217e-05,1.4660407406248304,0.25768620627156513
2023-07-20 16:00:00,1888.6,1892.05,1885.8,1889.66,3666.8912,0.0001,-0.15939409262000126,0.04820400513560477
2023-07-21 08:00:00,1889.3,1890.38,1888.95,1889.99,1474.7591,4.73e-06,-1.7507152484242725,0.5510468304141803
2023-07-21 16:00:00,1891.08,1891.8,1890.0,1890.21,3872.8714,7.376e-05,-0.7358677978746764,-0.08248164930759698
2023-07-22 00:00:00,1891.73,1892.4,1891.14,1892.39,963.1417,5.769e-05,-1.1041665769234874,-0.5964242814145044
2023-07-22 08:00:00,1891.78,1892.76,1891.61,1892.67,1108.5095,-4.15e-06,-1.2757722441383685,0.7681624295214724
2023-07-22 16:00:00,1888.64,1889.28,1887.4,1887.41,590.4343,1.649e-05,-1.3013573083688648,-0.4263652629348344
2023-07-23 00:00:00,1866.52,1867.5,1862.18,1862.6,4290.7561,1.578e-05,-0.40710794975329195,-0.2950016969048494
2023-07-23 08:00:00,1875.04,1875.8,1874.2,1874.22,628.2755,3.411e-05,1.5161082606563359,-0.667664744541724
2023-07-23 16:00:00,1873.96,1878.16,1873.95,1877.71,1640.9963,5.404e-05,1.389597460208828,-0.144061746324301
2023-07-24 00:00:00,1888.74,1888.92,1887.22,1888.75,1482.1231,0.0001,1.3249169105118794,1.227245095362375
2023-07-24 08:00:00,1875.0,1875.0,1873.29,1874.36,1459.3907,-8e-07,-0.1640901696196719,-0.3624586497603693
2023-07-24 16:00:00,1843.09,1845.36,1841.91,1841.92,3918.7117,7.167e-05,1.286106858438624,2.6313595057809436
2023-07-25 00:00:00,1850.0,1851.01,1849.55,1850.8,1480.7956,8.389e-05,0.6367353896432935,-0.35509252062528907
2023-07-25 08:00:00,1850.73,1851.6,1849.38,1849.38,868.746,0.0001,0.32778785882347344,0.9101332892865738
2023-07-25 16:00:00,1858.04,1861.44,1857.5,1861.43,2236.9402,7.49e-05,0.861727874836398,0.7272381028079643
2023-07-26 00:00:00,1857.66,1858.2,1856.95,1857.98,1328.4337,9.056e-05,0.7213880785672865,-0.06119468862083848
2023-07-26 16:00:00,1860.71,1862.0,1860.71,1861.33,4269.1967,9.889e-05,-0.431731274596107,0.3020906990248457
2023-07-27 00:00:00,1871.99,1872.2,1869.89,1870.54,1430.6515,0.0001,-1.5565833961770683,-0.699359152395438
2023-07-27 08:00:00,1871.88,1872.76,1869.8,1872.61,2825.1485,8.145e-05,-1.397099586276276,0.12508442160595146
2023-07-28 00:00:00,1861.29,1862.35,1861.04,1862.17,1185.5271,4.95e-05,-1.0059341007332678,-0.013793806343792065
2023-07-28 08:00:00,1859.23,1860.0,1858.88,1859.99,2332.0011,5.36e-05,-0.05097684618082034,-0.007779588920839674
2023-07-28 16:00:00,1875.21,1875.42,1873.43,1874.3,2234.7827,9.408e-05,1.260419777039529,1.0147096861133627
2023-07-29 00:00:00,1874.2,1874.79,1873.25,1874.79,941.7331,0.0001,1.0634127208771988,-0.5024934881511735
2023-07-29 08:00:00,1872.2,1873.2,1872.02,1873.19,760.5013,1.485e-05,-0.8967931271650221,0.24489355739937008
2023-07-30 00:00:00,1880.45,1881.19,1879.68,1879.69,634.3429,0.0001,0.509268754118369,-0.6989925209209491
2023-07-30 08:00:00,1875.29,1875.29,1874.03,1874.13,1833.417,1.949e-05,-0.4638892984162829,-0.7143204939795403
2023-07-30 16:00:00,1876.43,1878.87,1875.69,1878.86,1394.4954,3.686e-05,-0.7886961498624047,-0.32545788172528406
2023-07-31 00:00:00,1861.79,1861.79,1861.12,1861.35,915.5478,4.9e-07,-1.3335379388512756,-0.7091937039238951
2023-07-31 08:00:00,1865.34,1866.08,1865.0,1866.08,1965.1043,1.7e-06,0.5834785364993852,0.08939803537981121
2023-08-01 00:00:00,1856.13,1856.52,1854.84,1855.75,1521.6846,8.008e-05,0.07085659163281983,-0.20029902771318642
2023-08-01 08:00:00,1834.18,1835.15,1833.23,1833.24,2583.9597,3.03e-05,0.17074432474966136,2.376555878497349
2023-08-01 16:00:00,1834.59,1842.19,1834.18,1838.62,9497.5392,0.0001,1.2966441555922132,17.15299280088636
2023-08-02 00:00:00,1873.48,1878.49,1871.62,1871.68,9506.7412,0.0001,1.108682532203501,11.149877546021859
2023-08-02 08:00:00,1857.08,1858.23,1855.0,1856.61,2960.9582,0.0001,1.108682532203501,4.582013114981578
2023-08-02 16:00:00,1842.42,1844.25,1840.56,1842.1,3782.7455,0.0001,1.108682532203501,2.9500929261512394
2023-08-03 00:00:00,1839.9,1840.31,1839.2,1839.54,1353.8313,0.0001,0.9387165328833998,0.6872462815805006
2023-08-03 08:00:00,1832.16,1834.2,1831.0,1832.72,1715.4802,0.0001,0.8492275216114885,-0.02393317556020625
2023-08-04 00:00:00,1835.81,1838.0,1833.84,1836.83,3833.5468,0.0001,0.06822277944146161,-0.6501248506574738
2023-08-04 08:00:00,1837.81,1840.55,1836.14,1838.34,5397.1201,4.83e-05,0.6670924520419877,-0.7534612580243333
2023-08-04 16:00:00,1847.26,1848.2,1844.89,1847.4,3062.5233,0.0001,0.6501191143526123,-0.4653852625283029
2023-08-05 00:00:00,1830.24,1831.8,1829.53,1830.41,1244.8903,6.861e-05,-2.3076561900000603,-0.8248181359679877
2023-08-05 08:00:00,1831.07,1831.33,1830.3,1830.3,850.0799,9.22e-05,0.4909789326534684,-0.5501128825272652
2023-08-06 00:00:00,1836.48,1836.48,1835.45,1836.28,613.5188,0.0001,0.373648915712675,-0.7047249856242713
2023-08-07 00:00:00,1830.28,1832.2,1830.16,1832.19,1078.7393,0.0001,0.373648915712675,-0.10794122375872055
2023-08-07 08:00:00,1836.87,1836.89,1835.86,1835.86,1918.3174,9.331e-05,-0.8446393254769793,-0.5621037884494041
2023-08-07 16:00:00,1818.18,1818.47,1807.0,1809.21,16111.8741,0.0001,0.472466885485341,2.743772505507632
2023-08-08 00:00:00,1829.1,1831.0,1828.2,1830.07,2521.4569,6.695e-05,0.4724668854853402,1.6057451891933394
2023-08-08 08:00:00,1830.56,1831.51,1830.31,1830.59,740.5038,0.0001,0.025236007649519325,0.08404355945026708
2023-08-08 16:00:00,1843.58,1845.94,1843.4,1845.8,2270.2313,4.942e-05,-1.4482516719057612,5.047221382761791
2023-08-09 00:00:00,1856.3,1858.52,1855.96,1858.52,1858.318,0.0001,-0.33155778013208304,-0.35128473483899336
2023-08-09 08:00:00,1861.11,1864.45,1861.1,1863.22,3871.4858,1.575e-05,0.4240603422834547,0.3601728868030939
2023-08-09 16:00:00,1853.2,1853.31,1851.6,1852.6,1971.1302,6.699e-05,0.136826497994178,-0.7671025782554549
2023-08-10 08:00:00,1851.05,1851.64,1850.49,1850.54,1113.6444,9.807e-05,0.6978855102275021,0.6026542705216158
2023-08-10 16:00:00,1853.77,1853.77,1850.24,1850.83,1697.6994,8.989e-05,-0.5394521150073407,0.6648820856367667
2023-08-11 00:00:00,1852.47,1852.68,1852.02,1852.67,514.3095,3.796e-05,0.8181077596143499,-0.8445686959687042
2023-08-11 08:00:00,1849.38,1850.71,1849.37,1850.71,1278.0753,7.02e-06,0.8181077596143499,1.356743963818014
2023-08-11 16:00:00,1845.8,1848.49,1845.4,1848.48,1016.9998,4.072e-05,-1.35011299396726,-0.238541606695534
2023-08-12 00:00:00,1848.84,1849.06,1848.23,1848.23,808.9299,6.253e-05,0.8160409703289428,-0.7296882686082576
2023-08-12 08:00:00,1850.69,1850.98,1850.0,1850.01,1652.9166,4.437e-05,0.8160409703289428,-0.4703109019184374
2023-08-12 16:00:00,1850.84,1852.21,1850.83,1852.2,898.4858,6.868e-05,0.28142942394453124,-0.5494573686225814
2023-08-13 00:00:00,1849.94,1850.0,1849.6,1849.7,421.8135,5.65e-05,0.7540011019228975,-0.18818649651706865
2023-08-13 08:00:00,1850.0,1850.11,1850.0,1850.11,415.3111,3.083e-05,-2.6530008756010703,-0.8954452051258222
2023-08-13 16:00:00,1848.01,1848.01,1846.4,1846.98,1034.8818,9.458e-05,0.5926469049825579,0.6671329283425335
2023-08-14 08:00:00,1849.8,1851.5,1849.8,1850.59,1575.2804,0.0001,0.5288565838158832,3.3968984330956316
2023-08-14 16:00:00,1853.4,1855.0,1853.2,1854.4,1457.4624,9.882e-05,0.5288565838158832,1.3221727539956083
2023-08-15 08:00:00,1843.7,1843.71,1842.88,1843.45,1616.5046,9.894e-05,0.4444755480781639,1.7137666594320393
2023-08-15 16:00:00,1840.4,1841.0,1839.4,1839.8,2126.4265,8.909e-05,0.4444755480781631,9.918489603448302
2023-08-16 00:00:00,1828.98,1830.06,1828.62,1830.05,820.5148,7.286e-05,0.4444755480781631,0.9378928971438896
2023-08-16 16:00:00,1820.59,1821.4,1816.74,1818.59,5277.1584,0.0001,0.32719414550231185,1.8326631023848958
2023-08-17 00:00:00,1807.81,1809.89,1805.5,1809.89,2764.2249,0.0001,0.3271941455023127,1.7167731565030726
2023-08-17 08:00:00,1799.95,1800.04,1798.87,1798.88,733.5915,7.426e-05,0.3271941455023127,-0.3978193080999257
2023-08-17 16:00:00,1739.62,1742.0,1726.0,1732.62,35702.1843,7.146e-05,0.2886751345941138,14.26892861907322
2023-08-18 00:00:00,1681.49,1698.34,1679.61,1696.84,15062.5103,-0.00017498,0.2886751345941138,1.6131022921370743
2023-08-18 08:00:00,1690.6,1692.53,1689.83,1691.41,2729.9876,8.602e-05,-3.1754264805407253,4.198357318829036
2023-08-18 16:00:00,1660.72,1668.2,1659.82,1665.61,5699.0058,2.951e-05,-1.1586509837752255,-0.29100542470750806
2023-08-19 00:00:00,1661.6,1664.17,1661.03,1663.97,1950.7118,-4.58e-05,-2.0379969419296757,-0.5930480720229097
2023-08-19 08:00:00,1661.29,1664.13,1659.22,1663.89,3901.9116,-7.861e-05,-1.6055504163154775,0.9609773066217898
2023-08-19 16:00:00,1683.37,1684.52,1679.13,1680.8,4697.0677,-8.349e-05,-1.9452656185985948,-0.8634567028584014
2023-08-20 00:00:00,1669.68,1670.4,1669.2,1670.39,1097.7786,-0.00011445,-1.2830418701656645,-0.9227072556368452
2023-08-20 08:00:00,1665.92,1665.93,1665.24,1665.31,1275.1188,-9.092e-05,-1.244186032285187,-0.8032990103085267
2023-08-20 16:00:00,1671.14,1671.96,1669.72,1669.99,1872.738,-1.625e-05,-0.4688401553498639,-0.7868043400541861
2023-08-21 00:00:00,1685.23,1685.65,1679.83,1679.89,5698.8173,-4.01e-05,-0.7612686009837468,-0.33512901727250105
2023-08-21 08:00:00,1671.92,1672.96,1670.92,1670.93,2155.2757,-4.365e-05,0.0026401475320657793,-0.6425990563211907
2023-08-21 16:00:00,1657.68,1659.79,1657.0,1657.13,3118.9314,5.92e-06,-0.3459857329650144,-0.3828699737866247
2023-08-22 00:00:00,1667.56,1669.19,1667.5,1668.0,1175.811,3.645e-05,0.26261999794740376,0.3184302910599003
2023-08-22 08:00:00,1666.63,1667.57,1666.0,1666.37,1209.5267,-6.552e-05,-0.2742848059558796,1.8124340531827623
2023-08-22 16:00:00,1649.88,1651.29,1641.14,1643.75,11078.6516,-3.757e-05,1.9072525379179688,3.109440013481993
2023-08-23 00:00:00,1635.0,1638.92,1633.67,1638.91,4814.6955,-2.059e-05,0.848816239670519,3.902771597025546
2023-08-23 08:00:00,1645.3,1648.95,1644.32,1647.69,3017.9679,-1.6e-06,0.13242956156653132,-0.02007165555512992
2023-08-23 16:00:00,1657.37,1661.77,1655.8,1659.01,4523.9352,3.34e-06,1.6530097149057565,1.4564024007934684
2023-08-24 00:00:00,1679.61,1683.37,1679.4,1680.54,1966.8084,2.659e-05,-0.9588575452376599,1.8099791250464996
2023-08-24 08:00:00,1674.69,1675.17,1673.2,1673.33,1637.8624,-9.57e-06,1.1811265540113451,-0.5425217244708731
2023-08-24 16:00:00,1643.4,1649.87,1642.51,1647.91,4016.9837,-1.897e-05,1.7515757177090185,-0.17354963789308173
2023-08-25 00:00:00,1661.16,1661.77,1658.7,1659.0,2069.7349,-2.692e-05,-0.5146567010828644,-0.715162817903525
2023-08-25 08:00:00,1651.3,1653.97,1651.16,1653.8,1414.2482,-1.529e-05,0.8302824853896766,0.5293121182044713
2023-08-25 16:00:00,1646.27,1648.85,1644.8,1648.34,2567.7579,4.98e-06,1.4637667179258502,-0.603748650907378
2023-08-26 00:00:00,1653.79,1653.93,1653.02,1653.02,449.4382,3.56e-05,0.79980098855025,-0.8014577109833715
2023-08-26 08:00:00,1652.82,1653.14,1651.6,1653.13,887.0324,-5.5e-07,1.162302505391477,-0.21620787735967478
2023-08-26 16:00:00,1651.51,1652.0,1651.0,1651.23,765.3513,-6.303e-05,-0.031925905423862685,-0.8157191225742032
2023-08-27 00:00:00,1647.03,1647.41,1646.64,1647.4,545.0737,3.99e-06,-0.7589614380815215,-0.693951774160896
2023-08-27 08:00:00,1648.45,1650.31,1648.45,1649.7,666.0283,1.535e-05,0.5681964866884688,-0.5955833120290226
2023-08-27 16:00:00,1655.44,1656.61,1655.07,1655.63,1088.7318,2.696e-05,-0.4504609116242477,-0.3266269544198794
2023-08-28 00:00:00,1658.33,1658.33,1656.7,1657.79,782.8804,-1.76e-06,-1.3802407937334713,1.4590484244788353
2023-08-29 00:00:00,1653.08,1655.42,1653.08,1654.42,1449.238,3.145e-05,-0.7291362020028959,0.18256112036374061
2023-08-29 08:00:00,1647.48,1647.7,1644.94,1646.68,2283.8304,1.139e-05,0.6725561094361542,2.0363416836192894
2023-08-29 16:00:00,1715.0,1734.35,1708.91,1723.93,33296.51,-0.0001273,-2.8569084949338017,24.482297078517593
2023-08-30 00:00:00,1729.41,1730.59,1728.95,1729.0,1525.4071,7.488e-05,0.7220719405206616,2.4798843928594763
2023-08-30 08:00:00,1717.6,1717.79,1715.0,1716.31,1764.1525,7.249e-05,0.8986206680491459,0.2580750594608484
2023-08-30 16:00:00,1703.61,1704.48,1700.19,1700.96,2526.7659,4.644e-05,0.49717397561707355,0.6645879590668475
2023-08-31 00:00:00,1705.23,1705.23,1702.87,1703.43,878.9801,3.628e-05,0.3205707631712577,0.0055659566168681125
2023-08-31 08:00:00,1706.42,1707.56,1705.5,1706.97,1359.0349,5.955e-05,1.0693649108193763,-0.40521278011480644
2023-08-31 16:00:00,1689.0,1689.01,1685.71,1686.31,3808.3486,2.375e-05,1.125372889081915,-0.6531621896201731
2023-09-01 00:00:00,1645.77,1649.85,1645.23,1649.84,1309.2482,3.532e-05,0.025552751878647768,0.0363298004576334
2023-09-01 08:00:00,1646.27,1648.51,1646.26,1646.67,2061.3269,-1.812e-05,0.6258994347734657,-0.595730139742228
2023-09-02 00:00:00,1629.13,1630.48,1628.03,1630.46,1278.6645,8.05e-06,0.3460875484566502,-0.5786341361740821
2023-09-02 08:00:00,1631.7,1633.04,1630.87,1632.54,943.0669,-1.621e-05,-0.29996750612633344,0.22932281637725327
2023-09-02 16:00:00,1638.8,1640.81,1638.45,1640.42,978.8862,6.05e-06,-0.9666974725542801,0.04930504930676529
2023-09-03 00:00:00,1637.02,1637.33,1636.11,1637.33,881.2369,1.39e-05,0.23074220170835832,-0.8650476748058876
2023-09-03 08:00:00,1635.58,1636.09,1632.9,1633.65,1629.6341,-2.475e-05,-1.2527078149050317,-0.42267255858711406
2023-09-03 16:00:00,1633.14,1633.64,1632.1,1633.32,1093.1545,-6.21e-06,-0.25275716449154434,0.8098770847974159
2023-09-04 00:00:00,1635.84,1636.14,1635.07,1635.64,754.2152,-7.5e-07,-0.28560403657745675,-0.05069666364075897
2023-09-04 08:00:00,1638.97,1640.5,1638.92,1640.5,1172.4174,-7.752e-05,-0.6606869758377452,0.0775163852834194
2023-09-04 16:00:00,1626.21,1629.76,1625.81,1628.2,2705.7556,9.8e-06,-1.2901906532965692,0.5330666105565819
2023-09-05 00:00:00,1630.52,1631.32,1628.73,1629.16,2668.4056,3.126e-05,-0.8082586198264867,0.8984666648021833
2023-09-05 08:00:00,1625.02,1629.33,1625.01,1626.22,2696.5176,2.9e-06,-0.009370253548287667,0.7458157816967188
2023-09-05 16:00:00,1636.62,1639.87,1635.6,1639.86,2785.5401,9.77e-06,0.7267698309416836,0.15108623970180182
2023-09-06 00:00:00,1634.46,1635.27,1633.27,1634.56,1360.4758,2.88e-05,0.11773685946214518,1.0686590380905832
2023-09-06 08:00:00,1629.41,1629.98,1628.63,1629.55,2146.6497,-3.144e-05,-1.7003541521134513,-0.22474418814369876
2023-09-07 00:00:00,1633.15,1633.35,1632.63,1633.19,632.5762,4.502e-05,1.0235334154753057,-0.8252366918976438
2023-09-07 08:00:00,1635.83,1635.84,1632.01,1632.87,3718.2723,7.831e-05,1.1450458465766853,-0.35136301091335814
2023-09-07 16:00:00,1630.52,1632.05,1629.74,1631.63,1855.3594,4.354e-05,1.9139021135303962,-0.38839981540417307
2023-09-08 00:00:00,1648.11,1648.14,1645.08,1645.09,2027.0967,5.596e-05,-1.1931047084834108,0.17123441465165937
2023-09-08 08:00:00,1646.88,1647.59,1644.94,1645.09,1959.1791,2.685e-05,-0.3759248050728862,0.06231554967377414
2023-09-08 16:00:00,1628.61,1630.62,1627.83,1630.47,3377.6843,2.497e-05,-1.030764507755116,2.244484745635933
2023-09-09 00:00:00,1636.43,1636.98,1636.41,1636.63,375.041,5.008e-05,-1.7848460255141307,1.0291978401634847
2023-09-09 08:00:00,1634.54,1635.17,1634.01,1634.13,541.8843,2.832e-05,-0.3791841708763571,-0.3601941756625586
2023-09-09 16:00:00,1635.18,1635.8,1634.79,1635.51,784.887,4.629e-05,0.16906889564837801,-0.3572248885640824
2023-09-10 00:00:00,1635.53,1635.7,1634.82,1634.87,422.0819,3.947e-05,-0.19617679989530282,-0.8441811212038726
2023-09-10 08:00:00,1624.87,1624.88,1622.68,1623.35,1381.4251,1.527e-05,0.7746178153163106,-0.5838439597671371
2023-09-10 16:00:00,1619.8,1620.09,1617.76,1617.76,1347.9995,7.75e-06,0.456906125326252,-0.7669448340038704
2023-09-11 00:00:00,1617.42,1618.92,1616.88,1618.79,902.6564,4.838e-05,-0.35453504337003855,0.17487371627420728
2023-09-11 08:00:00,1612.22,1612.6,1608.0,1608.57,1852.8864,5.747e-05,0.4007813457769965,1.4545449719091474
2023-09-12 00:00:00,1551.84,1552.74,1550.16,1552.21,1668.0098,-4.991e-05,1.0420667050222203,0.44699437786631985
2023-09-12 08:00:00,1580.04,1581.23,1578.57,1581.04,1651.1376,-2.671e-05,1.6933418343323354,13.590808065222243
2023-09-12 16:00:00,1603.84,1606.27,1602.05,1602.69,2420.1649,-1.44e-06,-1.352651127221068,2.952069751756994
2023-09-13 00:00:00,1592.97,1595.34,1589.17,1594.2,2482.9239,2.004e-05,0.5050233965737593,6.4937535615310145
2023-09-13 08:00:00,1584.51,1591.03,1583.25,1589.37,1899.0281,-3.26e-05,-0.056479769963158025,0.6922595730799311
2023-09-13 16:00:00,1608.17,1609.85,1606.06,1609.48,2136.4375,3.87e-05,0.6348103205051613,1.428663537718399
2023-09-14 00:00:00,1607.61,1609.17,1607.05,1609.16,1065.8941,-3.64e-05,-0.5014160343365961,0.36294820657597715
2023-09-14 16:00:00,1634.62,1635.6,1631.62,1632.35,2910.7385,-5.6e-06,-2.0577520358304224,-0.3173197672176318
2023-09-15 00:00:00,1626.48,1626.75,1625.1,1625.11,1064.2677,7.26e-06,-1.114281663255028,-0.5565043853760108
2023-09-15 08:00:00,1627.85,1628.01,1625.58,1627.01,2144.4878,-2.473e-05,-0.401228789677049,-0.7479035657368039
2023-09-15 16:00:00,1619.47,1621.3,1618.73,1619.69,1615.7096,3.877e-05,1.798998445376947,0.12109397818370941
2023-09-16 00:00:00,1641.3,1643.94,1640.21,1641.46,1963.6359,0.0001,-0.6019270235518998,-0.19886500279712868
2023-09-16 08:00:00,1636.8,1637.23,1634.41,1634.41,905.3902,9.3e-06,-1.172830633481712,-0.5384876537911715
2023-09-16 16:00:00,1634.45,1635.23,1633.9,1635.22,830.108,2.24e-06,-0.7397977332441047,-0.7888845721614802
2023-09-17 00:00:00,1634.4,1634.4,1623.95,1628.94,6202.4595,2.272e-05,0.28877596580882003,-0.1391512096927508
2023-09-17 08:00:00,1627.76,1630.09,1627.24,1629.92,839.7491,-9.41e-06,0.3938442984147635,0.5603727778952489
2023-09-17 16:00:00,1629.49,1629.49,1626.9,1627.76,1524.1031,4.182e-05,0.26712898655297296,-0.634098279071701
2023-09-18 00:00:00,1622.48,1624.51,1621.82,1621.93,990.7961,6.22e-06,0.018246852350960567,-0.6266159079366047
2023-09-18 08:00:00,1634.01,1635.1,1631.96,1633.26,1010.2952,1.365e-05,0.34820123542812936,0.44606708901776304
2023-09-18 16:00:00,1655.35,1657.81,1653.33,1655.01,2662.4006,2.976e-05,-1.7076315030536926,2.6121412299323428
2023-09-19 00:00:00,1636.66,1638.7,1636.1,1636.86,911.6731,-1.298e-05,0.7697311068860586,0.1431493676044079
2023-09-19 16:00:00,1656.8,1659.26,1653.29,1659.1,3038.4289,1.153e-05,-0.3790971894909325,0.9643679024362884
2023-09-20 00:00:00,1643.13,1644.42,1641.61,1643.65,1389.4254,4.614e-05,-0.5212271752916522,1.9563454885451397
2023-09-20 08:00:00,1634.53,1635.45,1633.42,1634.14,1277.0973,2.387e-05,-0.8521361771228559,0.8138574430823116
2023-09-20 16:00:00,1629.29,1629.98,1628.0,1628.35,1034.6667,2.909e-05,0.06266121896765547,-0.08620116615681046
2023-09-21 08:00:00,1618.25,1619.55,1616.81,1619.37,1358.7132,7.655e-05,1.6418459788853685,-0.39111859077872685
2023-09-21 16:00:00,1583.64,1584.12,1582.03,1583.35,2734.2548,-6.38e-06,1.9875380546068282,1.6221330229106912
2023-09-22 00:00:00,1583.94,1586.24,1583.26,1583.39,1450.1028,2.241e-05,0.006954693682373705,-0.6527636394535488
2023-09-22 08:00:00,1595.64,1602.41,1595.64,1601.81,4649.471,2.865e-05,0.29269858530971843,0.7473378857745137
2023-09-22 16:00:00,1593.44,1594.37,1591.66,1592.92,1412.0403,3.523e-05,0.5226680496647739,-0.5241293450197155
2023-09-23 00:00:00,1593.07,1597.98,1593.07,1596.69,3581.1549,2.817e-05,1.4235700575546832,0.06076932350282437
2023-09-23 08:00:00,1594.45,1594.78,1593.5,1594.62,970.1114,2.963e-05,0.053963979890982845,-0.26558669137084684
2023-09-23 16:00:00,1590.48,1590.48,1588.85,1589.08,778.7127,2.321e-05,-0.27689974419195196,-0.8433400971300301
2023-09-24 00:00:00,1593.85,1593.86,1593.36,1593.37,391.0714,2.991e-05,-0.7483976773741462,-0.6785827105787368
2023-09-24 08:00:00,1591.9,1592.34,1591.9,1592.04,374.5467,-5.58e-06,0.8567906326051165,-0.8498627650298054
2023-09-24 16:00:00,1590.64,1590.64,1590.0,1590.57,917.7209,4.671e-05,0.17667414919071564,-0.43771025439881905
2023-09-25 00:00:00,1580.71,1581.16,1576.07,1578.62,3998.29,2.857e-05,-1.2354579752394048,1.7299928165354783
2023-09-25 08:00:00,1581.26,1583.12,1580.36,1581.03,1480.0007,4.305e-05,1.7212812109970064,0.7527955425602738
2023-09-25 16:00:00,1584.64,1595.49,1584.63,1595.01,9947.8413,5.13e-05,0.7323422761262823,7.384847341760205
2023-09-26 00:00:00,1588.34,1589.14,1587.9,1587.91,909.1651,6.471e-05,-1.6914347599445871,1.6302798345275056
2023-09-26 08:00:00,1588.9,1590.13,1588.75,1589.06,1574.2948,1.558e-05,-0.8602725358137532,1.1344437412644637
2023-09-26 16:00:00,1582.99,1584.89,1582.09,1584.88,1173.3529,5.673e-05,0.8687833554440785,1.6685313144395617
2023-09-27 00:00:00,1594.02,1597.47,1593.62,1595.05,3253.9947,0.0001,1.7243932216854287,-0.49525115031905836
2023-09-27 16:00:00,1601.64,1602.43,1598.28,1600.05,3010.3273,4.982e-05,-0.11970723363041437,0.017781636333372385
