Date,Open,High,Low,Close,Volume,funding_rate
2021-01-02 00:00:00,728.91,734.4,714.91,730.39,119184.4496,0.00025572
2021-01-02 08:00:00,735.12,738.35,723.01,729.7,120264.73109,0.00049233
2021-01-03 08:00:00,799.74,832.3,791.5,829.76,334288.39418,0.00074404
2021-01-04 00:00:00,978.33,1025.81,954.22,1021.41,432623.86115,0.00295549
2021-01-04 08:00:00,1044.3,1078.93,890.0,976.8,1176111.38746,0.00375
2021-01-04 16:00:00,1040.0,1048.0,982.05,1042.28,540996.24594,0.00085432
2021-01-06 16:00:00,1144.01,1208.57,1144.01,1160.78,514560.21454,0.00253317
2021-01-07 08:00:00,1186.39,1205.7,1159.03,1201.12,239241.20032,0.00165953
2021-01-08 00:00:00,1224.86,1233.0,1065.0,1150.1,457136.18423,0.00171757
2021-01-08 08:00:00,1208.2,1270.24,1181.73,1255.43,340828.16003,0.00077262
2021-01-08 16:00:00,1216.93,1242.18,1173.0,1184.75,287616.62425,0.00137534
2021-01-09 16:00:00,1219.96,1235.69,1194.08,1229.42,193868.19879,0.00156908
2021-01-10 00:00:00,1276.0,1340.98,1273.82,1310.97,318325.25142,0.00340522
2021-01-10 16:00:00,1303.4,1325.0,1248.59,1263.17,362908.80802,0.00126049
2021-01-11 00:00:00,1254.24,1260.0,1010.91,1104.14,631801.97474,0.00177547
2021-01-11 16:00:00,977.21,1024.0,915.0,984.41,883171.42096,0.00039691
2021-01-12 00:00:00,1087.0,1091.36,1038.34,1088.52,339890.45246,0.0001
2021-01-12 08:00:00,1139.25,1144.11,1065.95,1099.16,429916.10678,0.00045084
2021-01-13 08:00:00,1076.33,1096.64,1053.79,1061.6,275185.64194,0.0001184
2021-01-14 00:00:00,1129.79,1147.97,1091.02,1096.39,232428.00407,0.00054804
2021-01-14 16:00:00,1212.99,1247.55,1203.2,1231.53,279222.47659,0.0007165
2021-01-15 08:00:00,1240.99,1247.88,1205.0,1226.12,208874.90779,0.00055774
2021-01-16 00:00:00,1168.48,1198.1,1157.77,1179.34,200202.60126,0.00014675
2021-01-16 16:00:00,1276.29,1298.0,1218.4,1252.59,317143.87898,0.00152456
2021-01-17 08:00:00,1182.45,1228.37,1165.0,1219.52,303403.03227,0.00050098
2021-01-18 00:00:00,1232.5,1247.73,1182.58,1194.07,208076.04408,0.00109082
2021-01-18 16:00:00,1240.21,1248.48,1211.66,1227.67,150138.28973,0.00109269
2021-01-19 00:00:00,1258.52,1345.0,1251.49,1321.5,466704.40297,0.00121462
2021-01-21 00:00:00,1376.72,1390.0,1308.3,1326.5,274089.35217,0.00034937
2021-01-21 08:00:00,1309.53,1312.38,1222.0,1236.31,541006.14541,0.00065753
2021-01-23 00:00:00,1232.61,1242.85,1205.7,1231.67,182335.82961,0.00015431
2021-01-23 16:00:00,1230.26,1264.0,1223.75,1257.83,175610.90937,0.00028319
2021-01-25 16:00:00,1434.95,1442.72,1354.86,1382.87,286266.95633,0.00093264
2021-01-26 08:00:00,1317.34,1344.82,1294.83,1313.46,215797.05351,0.00031895
2021-01-26 16:00:00,1279.94,1353.0,1267.02,1341.94,327272.10366,0.0001
2021-01-27 00:00:00,1366.54,1373.9,1300.0,1309.0,221868.08106,0.00036342
2021-01-28 00:00:00,1238.93,1290.87,1217.23,1287.59,203882.77686,0.00014794
2021-01-28 08:00:00,1284.93,1309.08,1260.0,1302.55,208220.74435,0.0001
2021-01-28 16:00:00,1350.43,1356.0,1320.0,1332.24,207867.54825,0.00056884
2021-01-29 08:00:00,1315.86,1429.99,1295.01,1416.96,713546.56387,0.00061388
2021-01-29 16:00:00,1396.48,1408.54,1313.12,1348.3,347182.60529,0.00241392
2021-01-30 00:00:00,1379.56,1406.0,1326.41,1342.71,256273.10588,0.00094051
2021-01-30 08:00:00,1347.07,1354.55,1336.18,1340.01,152348.08358,0.00037882
2021-01-30 16:00:00,1371.26,1380.0,1345.0,1371.51,174074.53879,0.00072777
2021-01-31 08:00:00,1346.28,1357.43,1338.0,1354.29,124977.58425,0.00113497
2021-01-31 16:00:00,1311.01,1320.0,1281.12,1305.0,217327.36558,0.00072236
2021-02-01 16:00:00,1301.96,1334.0,1300.0,1332.74,122795.5442,0.00061764
2021-02-02 00:00:00,1374.09,1411.02,1360.28,1368.79,241546.9381,0.00050304
2021-02-02 16:00:00,1427.88,1516.62,1421.56,1516.13,482312.44119,0.00165937
2021-02-04 08:00:00,1662.52,1684.66,1570.96,1611.74,375964.91534,0.00135459
2021-02-05 16:00:00,1742.0,1760.49,1682.0,1709.91,271453.99845,0.00155465
2021-02-06 16:00:00,1673.04,1719.99,1655.23,1707.67,175524.99431,0.00143968
2021-02-07 00:00:00,1676.35,1693.0,1609.03,1626.53,216461.56584,0.00171115
2021-02-08 00:00:00,1611.46,1631.31,1563.89,1581.46,149634.30677,0.0001
2021-02-08 16:00:00,1734.86,1775.57,1679.65,1695.96,272281.67621,0.00284408
2021-02-11 00:00:00,1740.76,1749.01,1703.44,1721.86,78669.51899,0.00071884
2021-02-11 08:00:00,1737.18,1789.3,1731.03,1763.36,142357.11723,0.00065956
2021-02-11 16:00:00,1796.4,1810.0,1776.13,1790.66,115260.50363,0.00180566
2021-02-12 00:00:00,1785.83,1808.0,1762.98,1764.57,113825.04741,0.00092117
2021-02-12 08:00:00,1768.38,1782.2,1749.5,1775.61,99182.72272,0.00050482
2021-02-12 16:00:00,1789.2,1851.1,1787.08,1840.36,253823.30175,0.00153886
2021-02-13 16:00:00,1816.43,1823.0,1782.63,1799.44,103254.75193,0.00094692
2021-02-14 08:00:00,1831.63,1847.54,1824.77,1831.88,90803.37275,0.00176822
2021-02-15 00:00:00,1800.03,1813.02,1655.67,1727.64,329266.37904,0.0007946
2021-02-15 16:00:00,1810.32,1834.0,1805.3,1824.71,123658.41756,0.00081146
2021-02-16 08:00:00,1797.79,1809.7,1777.11,1783.13,103859.20134,0.00112937
2021-02-18 08:00:00,1898.9,1929.0,1882.13,1900.41,176924.4598,0.00202078
2021-02-20 00:00:00,1955.46,2021.68,1922.51,2018.93,256409.19348,0.00196264
2021-02-20 16:00:00,1978.69,2022.0,1975.52,1992.56,132820.86985,0.0018588
2021-02-22 16:00:00,1733.33,1765.0,1659.0,1746.42,306309.61293,0.00034567
2021-02-23 00:00:00,1777.42,1782.39,1657.56,1679.91,267125.77587,0.0001
2021-02-23 16:00:00,1573.99,1608.37,1446.07,1447.64,261193.55218,0.0001
2021-02-25 08:00:00,1633.69,1638.23,1577.88,1621.93,155786.14849,0.00016178
2021-02-26 00:00:00,1482.08,1515.19,1448.0,1491.25,274724.20124,0.0001
2021-02-27 08:00:00,1490.32,1493.33,1454.2,1469.81,150279.21054,0.0006196
2021-02-27 16:00:00,1453.57,1515.02,1445.02,1512.0,139862.42152,0.0001
2021-02-28 16:00:00,1318.29,1395.0,1301.71,1389.24,280190.64621,0.0001
2021-03-01 00:00:00,1418.67,1456.88,1409.91,1434.06,153113.84493,0.0001
2021-03-02 00:00:00,1570.0,1602.9,1540.0,1555.48,176457.01329,0.00049538
2021-03-02 08:00:00,1538.9,1573.46,1538.23,1567.59,109282.92257,0.00035713
2021-03-03 00:00:00,1486.79,1526.86,1475.47,1522.67,106997.16894,0.0001
2021-03-03 16:00:00,1600.58,1635.96,1587.0,1605.93,180530.64563,0.00087091
2021-03-04 00:00:00,1567.68,1624.87,1550.0,1555.08,149180.754,0.00047552
2021-03-05 00:00:00,1539.22,1541.65,1445.45,1481.67,197825.50911,0.00024885
2021-03-06 00:00:00,1528.08,1549.19,1518.29,1531.7,50635.84067,0.00031476
2021-03-06 08:00:00,1589.7,1598.0,1557.03,1564.07,145062.06553,0.00057512
2021-03-06 16:00:00,1544.0,1627.85,1540.62,1620.71,252386.55538,0.00032891
2021-03-08 00:00:00,1726.46,1752.5,1710.87,1723.68,191696.16312,0.00011144
2021-03-08 08:00:00,1690.25,1727.74,1664.96,1723.5,183085.6051,0.00045102
2021-03-09 00:00:00,1833.22,1859.61,1807.14,1848.0,209728.7714,0.00014784
2021-03-09 08:00:00,1812.26,1840.0,1809.7,1827.21,132694.78471,0.00085203
2021-03-09 16:00:00,1832.37,1847.31,1809.77,1828.05,111923.45187,0.00101744
2021-03-11 00:00:00,1795.28,1807.38,1764.0,1802.35,128981.87988,0.00079368
2021-03-11 08:00:00,1766.79,1781.88,1725.0,1779.14,188794.64878,0.00034874
2021-03-13 00:00:00,1766.13,1768.3,1727.75,1759.29,95409.0819,0.00030351
2021-03-13 16:00:00,1876.06,1928.52,1871.91,1926.9,145141.51033,0.00155198
2021-03-14 08:00:00,1886.11,1907.87,1846.51,1878.84,137893.68577,0.001048
2021-03-14 16:00:00,1858.01,1878.96,1836.0,1871.16,103310.78932,0.00113023
2021-03-17 08:00:00,1785.54,1794.96,1750.43,1759.71,105417.87682,0.00034812
2021-03-18 08:00:00,1815.24,1821.87,1792.07,1799.7,87387.45632,0.00067631
2021-03-18 16:00:00,1822.22,1832.09,1759.04,1767.72,135337.7199,0.00038027
2021-03-19 16:00:00,1821.72,1829.0,1812.02,1826.64,73221.42699,0.00037762
2021-03-20 00:00:00,1809.01,1835.93,1800.86,1832.88,76941.46827,0.00061811
2021-03-20 08:00:00,1822.31,1845.9,1822.31,1841.79,66283.19643,0.000511
2021-03-21 00:00:00,1806.57,1817.16,1775.71,1787.12,100169.23912,0.00068264
2021-03-21 08:00:00,1779.33,1786.16,1747.0,1772.52,90324.23299,0.0001
2021-03-21 16:00:00,1789.43,1797.88,1776.0,1795.97,60475.82971,0.00019064
2021-03-22 16:00:00,1778.79,1783.43,1737.37,1737.86,107693.65856,0.00044797
2021-03-23 00:00:00,1681.17,1714.0,1667.24,1702.19,98664.22513,0.0001
2021-03-24 08:00:00,1695.19,1719.19,1695.0,1714.86,88050.68849,0.00010655
2021-03-24 16:00:00,1721.33,1726.02,1624.09,1635.56,129985.45931,0.0004169
2021-03-25 00:00:00,1581.88,1597.94,1549.4,1572.15,130182.8498,0.0001
2021-03-25 08:00:00,1573.95,1622.0,1572.65,1592.46,114953.65461,0.0001
2021-03-25 16:00:00,1594.95,1619.0,1570.0,1605.05,111978.50256,0.00035938
2021-03-26 08:00:00,1629.32,1637.1,1612.32,1617.82,93788.26552,0.0001
2021-03-27 08:00:00,1692.11,1701.26,1675.64,1681.12,69307.85167,0.00015922
2021-03-28 00:00:00,1712.52,1717.59,1700.66,1710.97,51082.00035,0.00025751
2021-03-28 08:00:00,1717.91,1725.66,1699.63,1703.23,56960.87425,0.00029541
2021-03-29 08:00:00,1704.24,1775.17,1704.24,1764.29,155314.23523,0.00043803
2021-03-29 16:00:00,1787.86,1841.0,1775.98,1816.08,187412.14866,0.00084253
2021-03-31 00:00:00,1840.41,1862.55,1810.99,1823.17,93688.18083,0.00076506
2021-03-31 08:00:00,1814.04,1816.38,1768.15,1808.83,128646.17922,0.0010713
2021-03-31 16:00:00,1849.1,1917.77,1838.28,1900.63,170800.10784,0.00038554
2021-04-02 00:00:00,1968.05,2010.45,1948.48,1996.63,178168.7944,0.00050452
2021-04-02 08:00:00,1994.66,2006.88,1982.01,2005.61,87004.70503,0.00121799
2021-04-02 16:00:00,2073.74,2082.32,2031.11,2062.63,114830.03854,0.00116568
2021-04-03 08:00:00,2111.37,2130.0,2067.28,2096.44,108987.06647,0.00143194
2021-04-03 16:00:00,2071.0,2095.69,1996.3,2095.29,210481.60697,0.00086456
2021-04-04 00:00:00,2008.59,2024.9,1975.24,2015.27,131711.28213,0.00060523
2021-04-04 08:00:00,2034.59,2063.49,2028.39,2043.13,85976.67061,0.00106146
2021-04-05 00:00:00,2075.7,2085.0,2022.2,2028.66,82117.84797,0.00072788
2021-04-06 08:00:00,2099.42,2130.37,2084.23,2113.6,140329.89727,0.00064189
2021-04-07 00:00:00,2112.22,2129.01,2080.05,2104.99,74147.10386,0.00049128
2021-04-09 00:00:00,2080.39,2097.73,2068.33,2072.8,55045.29587,0.00038906
2021-04-10 16:00:00,2156.36,2167.57,2121.61,2128.42,79137.88145,0.00120257
2021-04-11 08:00:00,2131.0,2160.52,2125.94,2147.14,71033.19974,0.00086343
2021-04-11 16:00:00,2148.6,2165.02,2130.78,2143.02,68218.16211,0.00091114
2021-04-14 08:00:00,2370.49,2393.51,2310.0,2390.0,159564.28001,0.00203587
2021-04-15 08:00:00,2468.66,2487.38,2405.08,2428.92,114279.29753,0.00110097
2021-04-16 08:00:00,2426.59,2450.0,2321.77,2382.67,203652.56597,0.00135711
2021-04-17 08:00:00,2461.55,2475.65,2391.16,2408.99,100048.18873,0.0009833
2021-04-18 16:00:00,2143.75,2194.56,2135.0,2188.41,125433.52402,0.00044396
2021-04-19 00:00:00,2235.65,2300.0,2198.06,2266.21,133350.60153,0.0001
2021-04-19 08:00:00,2268.58,2277.84,2190.0,2246.63,130900.60276,0.0001
2021-04-20 08:00:00,2092.54,2199.89,2087.02,2194.8,166625.65879,0.00021279
2021-04-22 00:00:00,2357.06,2453.28,2313.46,2390.48,360102.94029,0.00023315
2021-04-22 08:00:00,2471.02,2574.0,2409.97,2544.7,407060.74118,0.00011151
2021-04-25 00:00:00,2214.08,2250.27,2181.35,2187.18,118323.36056,0.0001
2021-04-25 16:00:00,2341.59,2355.32,2265.43,2268.57,146722.57588,0.0001
2021-04-27 00:00:00,2532.06,2548.0,2480.29,2493.16,89725.88316,0.0001
2021-04-27 08:00:00,2545.66,2577.06,2531.27,2572.7,95427.32285,0.0001
2021-04-28 00:00:00,2666.13,2716.0,2625.97,2627.29,141707.97571,0.00034144
2021-04-28 08:00:00,2612.25,2709.43,2577.73,2692.04,158990.85599,0.00019211
2021-05-01 16:00:00,2866.37,2943.69,2866.07,2925.49,152417.31768,0.00012262
2021-05-03 08:00:00,3146.95,3204.04,3125.39,3151.95,230291.33808,0.0001
2021-05-06 16:00:00,3551.26,3605.4,3400.2,3482.07,256008.90013,0.00110886
2021-05-07 00:00:00,3489.74,3536.18,3398.29,3424.01,167560.24788,0.00026032
2021-05-07 08:00:00,3434.09,3475.9,3408.04,3443.48,87038.74074,0.00049147
2021-05-08 08:00:00,3527.87,3584.0,3523.03,3540.24,140536.55567,0.00070136
2021-05-08 16:00:00,3632.01,3847.0,3631.75,3811.84,314074.64651,0.00030149
2021-05-09 16:00:00,3878.76,3970.0,3841.19,3862.96,151854.97938,0.00054148
2021-05-10 08:00:00,4105.9,4168.71,3979.0,4066.18,230075.43394,0.0006638
2021-05-11 00:00:00,3946.63,4030.49,3771.64,3855.52,285813.55608,0.00041169
2021-05-11 08:00:00,3961.68,4084.13,3901.59,3971.98,181630.103,0.00043204
2021-05-13 08:00:00,3968.0,3986.85,3596.02,3744.47,527059.08285,0.00014687
2021-05-16 00:00:00,3646.24,3853.86,3620.15,3826.23,172396.69457,0.00030702
2021-05-17 16:00:00,3284.99,3402.34,3121.48,3378.75,357378.03631,0.0007001
2021-05-19 00:00:00,3375.08,3441.73,3042.64,3097.23,366461.24579,0.0001
2021-05-20 08:00:00,2712.68,2758.99,2567.06,2754.41,391308.07737,0.0001
2021-05-21 00:00:00,2767.87,2938.54,2760.95,2790.86,241831.76581,0.0001
2021-05-21 08:00:00,2687.44,2783.21,2619.0,2712.37,274813.91882,0.0001
2021-05-25 00:00:00,2647.92,2750.0,2536.8,2582.48,390927.7426,0.0001
2021-05-25 16:00:00,2610.6,2622.69,2484.62,2512.12,245076.68623,0.0001
2021-05-27 00:00:00,2884.82,2889.74,2633.68,2679.26,308166.10521,0.0001
2021-05-27 16:00:00,2803.85,2814.63,2734.9,2757.66,132104.00006,0.0001
2021-05-28 16:00:00,2558.92,2572.5,2456.25,2499.51,225177.6718,0.0001
2021-05-29 08:00:00,2488.76,2497.18,2377.27,2450.75,208435.0227,0.0001
2021-05-29 16:00:00,2328.84,2390.02,2216.6,2247.04,283552.29646,0.0001
2021-05-31 08:00:00,2450.3,2587.15,2425.04,2551.46,287631.75741,0.0001
2021-05-31 16:00:00,2637.47,2677.7,2572.65,2627.2,192289.8983,0.0001
2021-06-02 08:00:00,2692.6,2720.93,2660.54,2694.35,178191.00393,0.0001
2021-06-05 00:00:00,2689.54,2781.7,2672.33,2762.33,116490.18573,0.0001
2021-06-06 00:00:00,2627.63,2694.74,2614.0,2674.19,121530.71672,0.0001
2021-06-06 16:00:00,2721.01,2737.49,2671.6,2673.87,87880.51153,0.0001
2021-06-08 00:00:00,2592.05,2620.99,2427.28,2490.96,359459.60793,0.0001
2021-06-08 08:00:00,2516.05,2559.89,2472.12,2533.03,253549.95575,0.0001
2021-06-09 16:00:00,2566.94,2626.0,2548.8,2562.73,219019.62221,0.0001
2021-06-10 16:00:00,2512.01,2524.4,2447.0,2458.69,134511.87035,0.0001
2021-06-12 08:00:00,2322.12,2397.62,2297.1,2388.7,162050.19817,0.0001
2021-06-13 08:00:00,2324.25,2379.45,2320.23,2363.04,90352.93472,0.0001
2021-06-14 00:00:00,2509.33,2543.36,2466.87,2478.34,113688.44883,0.0001
2021-06-14 16:00:00,2576.66,2609.17,2520.31,2539.57,158964.8095,3.785e-05
2021-06-15 00:00:00,2580.58,2624.0,2565.89,2586.82,102326.7707,0.0001
2021-06-15 08:00:00,2622.62,2624.99,2562.56,2577.46,94691.90484,0.0001
2021-06-16 16:00:00,2416.44,2458.7,2377.77,2418.86,159151.2768,0.0001
2021-06-17 08:00:00,2441.01,2454.99,2421.87,2424.5,63351.03721,0.0001
2021-06-19 16:00:00,2246.66,2254.0,2187.93,2221.18,88550.32633,0.0001
2021-06-20 08:00:00,2203.92,2210.33,2060.17,2074.28,210074.2369,7.41e-06
2021-06-21 08:00:00,2012.53,2055.0,1891.24,1969.15,461090.24407,-7.382e-05
2021-06-23 08:00:00,2005.57,2024.5,1966.45,1991.54,139941.73173,-9.115e-05
2021-06-23 16:00:00,1974.72,2002.0,1916.0,1916.52,125931.06671,-6.683e-05
2021-06-25 16:00:00,1827.45,1869.81,1791.79,1851.44,180529.19884,7.207e-05
2021-06-26 08:00:00,1751.96,1810.67,1717.32,1802.17,214976.1191,-5.794e-05
2021-06-29 08:00:00,2130.86,2189.0,2113.98,2176.43,157948.43358,6.012e-05
2021-06-29 16:00:00,2218.28,2245.0,2202.25,2221.56,101638.12704,-0.00011947
2021-07-01 00:00:00,2275.68,2275.93,2183.0,2184.79,110445.08834,0.0001
2021-07-03 08:00:00,2195.62,2224.33,2187.14,2213.56,130899.41101,2.925e-05
2021-07-05 08:00:00,2273.77,2308.91,2175.0,2194.91,176654.9168,0.0001
2021-07-06 16:00:00,2305.91,2336.28,2284.68,2327.67,102547.54315,9.559e-05
2021-07-09 00:00:00,2116.32,2134.26,2046.51,2121.42,154614.59568,0.0001
2021-07-09 16:00:00,2171.86,2184.17,2121.16,2133.67,84464.66549,0.0001
2021-07-10 08:00:00,2122.16,2139.02,2085.66,2109.94,88017.77671,0.0001
2021-07-12 00:00:00,2140.54,2167.55,2125.82,2163.8,59562.76437,0.0001
2021-07-12 16:00:00,2087.51,2097.3,2006.68,2020.31,173674.74056,0.0001
2021-07-13 00:00:00,2031.57,2043.91,2013.72,2030.01,64084.11632,0.0001
2021-07-14 00:00:00,1940.44,1945.55,1865.0,1884.33,143230.85257,0.0001
2021-07-14 08:00:00,1899.7,1958.62,1871.44,1949.0,141611.54308,0.0001
2021-07-15 16:00:00,1913.86,1930.45,1881.0,1917.38,113519.72941,9.847e-05
2021-07-16 00:00:00,1919.54,1957.71,1895.86,1949.04,86074.39561,0.0001
2021-07-16 08:00:00,1912.47,1913.02,1850.0,1852.27,136016.30106,0.0001
2021-07-18 00:00:00,1899.5,1993.79,1896.55,1981.77,153948.90636,0.0001
2021-07-21 08:00:00,1875.25,1913.69,1860.01,1906.84,173702.2574,-0.00025489
2021-07-23 08:00:00,2064.95,2073.39,2039.22,2054.49,96431.06342,0.0001
2021-07-24 00:00:00,2124.26,2140.0,2105.58,2138.61,98721.33033,0.0001
2021-07-25 16:00:00,2138.19,2165.0,2121.54,2153.13,80267.98815,0.0001
2021-07-26 00:00:00,2189.82,2340.0,2171.57,2317.03,409170.64766,0.0001
2021-07-26 08:00:00,2325.6,2360.12,2296.58,2341.51,140309.07056,0.0001
2021-07-26 16:00:00,2341.66,2433.65,2335.11,2362.68,196156.63287,0.0001
2021-07-28 00:00:00,2299.47,2335.0,2265.36,2288.26,146180.97529,0.0001
2021-07-29 08:00:00,2295.13,2328.97,2283.23,2293.9,91817.83644,0.0001
2021-07-30 08:00:00,2404.49,2406.17,2315.92,2334.84,148580.57649,0.0001
2021-07-30 16:00:00,2346.64,2379.11,2334.0,2378.91,66598.18,0.0001
2021-07-31 00:00:00,2461.77,2483.38,2438.7,2463.18,96627.47836,0.0001
2021-08-02 00:00:00,2555.5,2579.41,2507.0,2560.0,126076.72727,0.0001
2021-08-03 00:00:00,2606.92,2632.44,2517.22,2533.69,140408.34213,0.0001
2021-08-03 08:00:00,2493.1,2525.02,2459.64,2489.13,122330.1259,0.0001
2021-08-04 00:00:00,2508.51,2538.24,2482.66,2484.82,90177.34816,2.73e-06
2021-08-04 08:00:00,2478.82,2512.52,2457.68,2505.8,95347.57717,0.0001
2021-08-05 00:00:00,2724.55,2742.0,2660.84,2712.01,145832.39749,0.0001
2021-08-05 08:00:00,2681.81,2692.06,2574.57,2622.22,226379.19575,0.0001
2021-08-06 00:00:00,2827.01,2844.44,2751.42,2760.87,132956.11195,0.0001
2021-08-08 00:00:00,3160.48,3189.99,3072.55,3119.92,200516.69176,0.00013627
2021-08-09 00:00:00,3011.84,3035.0,2900.0,2948.31,220148.04474,0.00014093
2021-08-09 08:00:00,2944.11,3141.64,2932.11,3133.42,251395.97427,0.00021302
2021-08-10 00:00:00,3160.51,3200.0,3092.37,3115.39,140435.82888,0.00045734
2021-08-10 16:00:00,3121.04,3145.0,3051.22,3142.71,144171.38953,0.0001
2021-08-11 16:00:00,3245.23,3257.0,3220.0,3249.65,88080.30947,0.0001
2021-08-12 16:00:00,3029.83,3066.97,2979.29,3048.55,144958.63204,0.00018477
2021-08-13 00:00:00,3046.11,3097.0,3033.8,3088.22,50008.14934,0.0001
2021-08-13 08:00:00,3222.99,3260.25,3212.55,3213.68,130979.74776,0.0001
2021-08-14 08:00:00,3307.82,3330.98,3200.0,3244.76,153000.37093,0.00025028
2021-08-14 16:00:00,3270.41,3289.0,3231.0,3262.33,57691.58441,0.00051663
2021-08-15 08:00:00,3161.5,3176.69,3132.69,3160.55,100606.38297,0.00015074
2021-08-18 00:00:00,3011.73,3050.61,2950.0,3049.87,146895.23483,0.0001
2021-08-18 08:00:00,3030.37,3068.51,2989.6,2999.84,87972.97972,0.0001
2021-08-19 00:00:00,3014.18,3051.7,2966.0,2966.99,134716.81506,0.0001
2021-08-19 16:00:00,3067.66,3163.57,3023.59,3147.58,124473.67044,0.0001
2021-08-20 00:00:00,3184.11,3243.6,3177.16,3217.83,117637.47955,0.00023469
2021-08-21 16:00:00,3271.22,3292.1,3207.0,3217.41,72491.43185,0.00036746
2021-08-24 16:00:00,3211.54,3230.0,3147.31,3217.44,138238.63543,0.00056014
2021-08-25 08:00:00,3183.38,3187.92,3080.0,3139.68,132193.6485,0.00016989
2021-08-25 16:00:00,3217.17,3248.0,3201.0,3214.5,68133.66721,0.0001
2021-08-28 00:00:00,3273.89,3287.0,3239.23,3244.46,48552.27231,0.0001
2021-08-28 08:00:00,3230.28,3259.0,3210.31,3222.24,47163.7043,0.00014426
2021-08-28 16:00:00,3246.38,3265.0,3220.0,3230.24,47637.2968,0.00011073
2021-08-29 00:00:00,3244.75,3285.0,3160.0,3180.28,106167.7769,0.00016779
2021-08-30 16:00:00,3217.86,3343.75,3213.7,3341.16,205477.31263,0.0001
2021-08-31 00:00:00,3229.14,3249.82,3188.77,3237.78,89258.3084,0.0001
2021-09-01 00:00:00,3429.19,3447.0,3382.22,3442.15,100404.9778,0.0001
2021-09-01 16:00:00,3580.56,3790.0,3575.87,3713.11,245123.01316,0.0001
2021-09-03 08:00:00,3797.93,3981.12,3788.98,3953.48,205980.23144,0.00037778
2021-09-05 16:00:00,3907.69,3950.0,3900.0,3928.47,49129.0869,0.00080725
2021-09-08 08:00:00,3258.65,3455.0,3215.16,3406.26,172295.0099,0.0001
2021-09-08 16:00:00,3419.44,3544.61,3400.0,3523.14,99462.6808,0.0001
2021-09-11 00:00:00,3208.85,3296.69,3200.0,3241.63,85094.0451,0.0001
2021-09-11 16:00:00,3311.0,3342.67,3283.0,3298.35,58157.4244,0.0001
2021-09-12 00:00:00,3267.1,3329.66,3231.1,3327.54,64335.6053,0.0001
2021-09-12 16:00:00,3416.55,3440.65,3377.37,3406.59,39754.2801,0.0001
2021-09-13 00:00:00,3404.3,3430.3,3252.45,3257.7,91075.7625,0.0001
2021-09-14 08:00:00,3312.16,3363.01,3310.26,3330.01,58713.9398,0.0001
2021-09-17 00:00:00,3567.97,3594.17,3527.26,3563.03,44799.1999,0.0001
2021-09-18 00:00:00,3399.89,3453.61,3368.88,3451.42,46883.9592,0.0001
2021-09-20 08:00:00,3126.83,3178.34,3011.0,3042.45,193641.8275,0.0001
2021-09-21 16:00:00,3035.26,3047.76,2863.8,2886.84,152541.1798,0.0001
2021-09-22 16:00:00,3006.85,3088.88,2990.85,3023.73,155806.2283,0.0001
2021-09-23 08:00:00,3145.8,3149.0,3041.87,3060.24,83451.6297,0.0001
2021-09-24 00:00:00,3152.41,3158.52,3070.18,3074.93,61115.8552,5.5e-07
2021-09-24 16:00:00,2877.08,2923.16,2862.08,2901.78,77738.2157,-0.0001122
2021-09-26 08:00:00,2773.06,3030.0,2738.45,2974.28,246074.0237,2.634e-05
2021-09-27 00:00:00,3059.36,3164.94,3027.3,3131.91,108147.5575,0.0001
2021-09-27 16:00:00,3059.49,3062.46,2982.83,2992.96,82931.3249,0.0001
2021-09-28 00:00:00,2924.76,2960.75,2896.21,2948.97,68298.6966,-8.56e-06
2021-09-28 16:00:00,2844.4,2872.94,2803.6,2838.71,79175.926,1.524e-05
2021-09-29 00:00:00,2805.15,2900.04,2791.08,2895.95,80471.1778,-8.501e-05
2021-09-29 16:00:00,2861.2,2872.36,2803.12,2810.16,72982.1105,0.0001
2021-09-30 00:00:00,2850.45,3035.71,2837.19,3027.46,128442.081,-0.00012951
2021-10-01 16:00:00,3235.7,3319.15,3223.99,3297.65,98603.1356,0.0001
2021-10-02 00:00:00,3309.91,3344.0,3261.89,3267.31,70492.1978,0.0001
2021-10-04 08:00:00,3378.24,3385.36,3294.38,3313.39,61590.9465,0.0001
2021-10-04 16:00:00,3322.46,3437.19,3310.0,3415.84,114076.049,0.0001
2021-10-06 08:00:00,3456.13,3459.34,3342.0,3381.22,115651.1353,0.0001
2021-10-07 16:00:00,3584.8,3625.1,3555.78,3606.18,61663.3026,0.00024648
2021-10-09 16:00:00,3600.75,3609.66,3575.17,3582.54,67476.6049,0.0001
2021-10-10 00:00:00,3574.83,3585.65,3480.0,3530.53,117667.8336,0.0001
2021-10-10 16:00:00,3557.66,3563.53,3503.05,3528.5,76100.3013,0.0001
2021-10-13 16:00:00,3485.53,3536.42,3480.0,3521.23,59757.0772,0.0001
2021-10-14 16:00:00,3808.41,3824.0,3752.4,3791.77,79940.3702,0.00032142
2021-10-16 08:00:00,3853.71,3966.0,3850.15,3956.75,118050.6428,0.00024049
2021-10-19 08:00:00,3809.57,3819.38,3771.62,3798.13,37970.2209,0.00035703
2021-10-19 16:00:00,3774.99,3839.21,3774.49,3816.48,53455.7357,0.00020322
2021-10-21 00:00:00,4161.37,4241.29,4136.13,4185.82,146688.65351,0.00050619
2021-10-21 08:00:00,4162.54,4375.0,4158.71,4211.88,209870.41344,0.00051537
2021-10-26 16:00:00,4187.64,4229.59,4138.68,4211.68,60025.3161,0.00043832
2021-10-27 08:00:00,4136.34,4136.66,3931.59,3992.09,222175.1107,0.00059665
2021-10-28 08:00:00,4009.85,4174.34,4009.0,4151.95,125153.8202,0.0001
2021-10-29 00:00:00,4286.01,4405.5,4265.97,4379.83,141304.45476,0.00025971
2021-10-30 00:00:00,4418.89,4434.06,4331.0,4342.72,50679.2133,0.00013087
2021-11-02 00:00:00,4319.43,4349.89,4284.43,4318.83,42735.6939,0.00020736
2021-11-03 08:00:00,4610.62,4620.45,4550.49,4577.27,53044.4379,0.00044614
2021-11-05 00:00:00,4532.31,4555.0,4468.23,4542.4,46362.3011,0.0002238
2021-11-06 08:00:00,4471.72,4495.67,4338.97,4369.52,85353.774,0.00043015
2021-11-08 08:00:00,4723.3,4740.83,4708.42,4730.02,52665.7092,0.00028714
2021-11-08 16:00:00,4763.78,4793.98,4748.68,4752.0,57619.27046,0.00023
2021-11-09 00:00:00,4807.98,4815.0,4776.37,4814.0,55905.3815,0.0001
2021-11-10 00:00:00,4732.33,4758.6,4679.98,4691.48,48787.8411,0.00021036
2021-11-12 00:00:00,4719.0,4809.71,4691.0,4774.35,78634.6347,0.0001
2021-11-12 08:00:00,4711.4,4739.28,4573.61,4600.85,112153.1582,0.0001
2021-11-13 00:00:00,4665.47,4707.6,4622.14,4639.5,41826.8948,0.0001
2021-11-14 16:00:00,4583.91,4590.11,4514.12,4545.01,67357.5072,0.0001
2021-11-15 08:00:00,4680.24,4746.1,4659.29,4723.0,55374.94,0.0002453
2021-11-15 16:00:00,4648.08,4659.9,4566.6,4600.54,59763.3976,0.0001
2021-11-16 00:00:00,4563.77,4563.77,4252.78,4309.58,213867.8015,0.00015753
2021-11-19 00:00:00,3996.9,4104.61,3973.01,4010.67,102007.685,0.0001
2021-11-19 08:00:00,4062.04,4175.0,4061.41,4141.2,80638.2362,0.0001
2021-11-20 08:00:00,4279.98,4324.7,4270.13,4317.83,35601.6039,0.0001
2021-11-21 00:00:00,4412.17,4415.64,4333.85,4343.29,45959.4551,0.0001
2021-11-21 16:00:00,4366.41,4451.0,4334.0,4345.99,75936.3488,0.0001
2021-11-22 08:00:00,4188.17,4236.01,4165.07,4171.92,45430.2011,0.0001
2021-11-22 16:00:00,4236.59,4246.69,4051.0,4066.39,89533.6419,0.0001
2021-11-25 00:00:00,4270.1,4336.0,4248.27,4317.2,74096.8227,0.0001
2021-11-25 16:00:00,4475.65,4530.0,4459.79,4502.04,81404.1475,0.00035137
2021-11-26 00:00:00,4524.48,4551.0,4425.27,4426.63,75548.7353,0.00026113
2021-11-26 08:00:00,4343.45,4343.45,3980.0,3985.44,310703.4157,0.00027132
2021-11-28 08:00:00,4069.32,4130.78,4033.33,4096.6,36923.5382,0.0001
2021-11-29 16:00:00,4336.07,4458.92,4328.32,4387.04,86104.6309,0.0001
2021-11-30 00:00:00,4444.54,4502.6,4401.01,4435.24,95429.2151,0.0001
2021-11-30 16:00:00,4613.85,4694.46,4520.01,4663.23,181140.0178,0.00019202
2021-12-01 00:00:00,4630.25,4769.07,4598.77,4759.37,110086.8666,0.0001625
2021-12-01 08:00:00,4766.69,4769.51,4651.46,4672.86,92695.8892,0.0001
2021-12-02 00:00:00,4582.95,4621.35,4451.0,4490.98,107995.0525,0.0001
2021-12-04 16:00:00,4036.55,4135.56,3975.46,4117.36,91941.8268,0.0001
2021-12-06 16:00:00,4125.41,4219.01,4096.38,4194.29,102750.6254,0.0001
2021-12-07 08:00:00,4352.91,4425.0,4346.24,4408.33,79190.4276,7.06e-05
2021-12-07 16:00:00,4386.59,4405.0,4280.0,4313.19,62627.202,0.0001
2021-12-08 00:00:00,4306.4,4347.64,4275.06,4293.57,64830.3805,0.0001
2021-12-09 08:00:00,4379.22,4379.22,4271.0,4304.04,71078.47,0.0001
2021-12-09 16:00:00,4201.36,4234.63,4100.0,4122.46,96146.0687,0.0001
2021-12-10 00:00:00,4105.64,4199.87,4098.0,4140.86,64424.7069,0.0001
2021-12-11 16:00:00,4058.01,4097.08,4000.0,4004.01,45499.2799,8.719e-05
2021-12-13 16:00:00,3810.99,3875.12,3671.45,3765.8,147658.6357,4.163e-05
2021-12-14 08:00:00,3783.28,3844.7,3762.41,3839.2,70052.0972,0.0001
2021-12-15 00:00:00,3858.99,3896.0,3803.2,3847.45,48281.0724,0.0001
2021-12-16 16:00:00,4081.3,4110.53,3980.0,3996.82,86858.7482,3.234e-05
2021-12-17 00:00:00,3959.11,3994.1,3930.0,3968.03,39856.6015,0.0001
2021-12-18 16:00:00,3945.41,3967.86,3907.45,3943.2,33886.0585,0.0001
2021-12-19 08:00:00,3976.99,3988.5,3897.6,3925.36,62224.639,0.0001
2021-12-22 00:00:00,4014.41,4074.87,3992.03,4048.6,54029.5173,0.0001
2021-12-23 08:00:00,3911.6,3958.81,3893.23,3934.32,46645.4531,0.0001
2021-12-23 16:00:00,3950.64,4150.0,3945.58,4133.64,137226.7122,3.383e-05
2021-12-24 08:00:00,4088.35,4118.05,4070.4,4079.0,33024.3436,0.0001
2021-12-25 00:00:00,4046.35,4075.86,4018.62,4038.69,32360.4793,0.0001
2021-12-26 16:00:00,4053.84,4081.0,4048.23,4076.1,20674.5687,0.0001
2021-12-27 16:00:00,4092.74,4127.46,4074.96,4077.78,41908.7847,0.0001
2021-12-28 00:00:00,4037.22,4037.23,3931.17,3960.7,73627.7941,0.0001
2021-12-28 16:00:00,3897.91,3902.17,3759.36,3807.96,90483.4419,4.226e-05
2021-12-31 16:00:00,3784.64,3788.45,3623.0,3626.27,54604.9027,0.0001
2022-01-01 16:00:00,3725.29,3766.0,3718.71,3747.61,27250.4199,0.0001
2022-01-02 08:00:00,3747.22,3770.0,3732.39,3744.01,16876.842,2.263e-05
2022-01-02 16:00:00,3778.17,3857.44,3771.91,3798.72,54477.9169,6.714e-05
2022-01-04 00:00:00,3765.89,3774.36,3713.11,3744.23,31746.5042,0.0001
2022-01-05 16:00:00,3820.97,3823.33,3645.6,3655.3,91109.249,0.0001
2022-01-07 08:00:00,3201.75,3289.0,3188.01,3225.68,90340.7723,0.0001
2022-01-08 16:00:00,3160.33,3180.0,3000.0,3028.75,151772.3231,0.0001
2022-01-09 08:00:00,3127.51,3140.0,3084.81,3128.42,45132.7457,-7.234e-05
2022-01-09 16:00:00,3098.06,3209.64,3092.34,3203.91,67564.008,5.47e-05
2022-01-10 00:00:00,3151.97,3171.25,3128.11,3155.04,34457.6678,-0.00014593
2022-01-11 16:00:00,3133.55,3263.54,3130.0,3237.18,137059.4695,2.718e-05
2022-01-12 16:00:00,3361.75,3392.94,3336.34,3382.02,50746.5163,-0.00019812
2022-01-13 08:00:00,3339.99,3379.0,3328.86,3333.99,42080.286,0.0001
2022-01-14 00:00:00,3240.61,3275.48,3222.22,3266.43,35148.5765,0.0001
2022-01-15 00:00:00,3307.42,3325.68,3295.14,3307.49,27181.9953,9.632e-05
2022-01-15 16:00:00,3361.97,3371.64,3339.32,3349.35,28685.3105,0.0001
2022-01-16 00:00:00,3326.51,3337.13,3295.14,3313.61,25452.5224,2.224e-05
2022-01-18 08:00:00,3187.8,3191.61,3128.39,3171.21,55344.6992,3.626e-05
2022-01-19 08:00:00,3062.0,3130.33,3000.0,3117.28,78622.6128,-1.72e-05
2022-01-19 16:00:00,3122.69,3158.78,3082.81,3128.17,54605.4842,0.0001
2022-01-20 08:00:00,3138.79,3155.0,3116.68,3151.86,31046.5446,0.0001
2022-01-20 16:00:00,3261.41,3273.37,3203.77,3215.28,47401.1794,0.0001
2022-01-21 16:00:00,2830.46,2861.58,2738.17,2741.92,99726.4679,8.447e-05
2022-01-24 08:00:00,2386.65,2446.2,2200.9,2238.36,288094.33409,-0.00011775
2022-01-25 00:00:00,2439.56,2442.9,2377.6,2415.76,63630.7996,1.695e-05
2022-01-25 08:00:00,2383.35,2453.06,2373.56,2424.33,88550.9981,5.831e-05
2022-01-26 00:00:00,2459.04,2484.76,2414.71,2476.26,56940.2181,-4.048e-05
2022-01-28 00:00:00,2424.02,2455.0,2360.0,2446.92,81391.24,-8.132e-05
2022-01-28 08:00:00,2390.31,2420.99,2371.87,2396.84,65439.2471,-2.97e-06
2022-01-29 08:00:00,2567.94,2578.62,2535.0,2554.84,38563.4848,0.0001
2022-01-30 16:00:00,2617.19,2624.66,2552.95,2560.25,42945.5536,2.989e-05
2022-01-31 00:00:00,2601.67,2608.48,2490.75,2512.07,100103.8606,5.139e-05
2022-01-31 08:00:00,2529.07,2569.75,2518.45,2558.01,43930.5862,-0.00010687
2022-01-31 16:00:00,2620.66,2706.77,2613.35,2672.72,120641.9505,-1.151e-05
2022-02-01 08:00:00,2736.69,2796.79,2719.0,2761.32,82354.4839,-0.00010276
2022-02-02 08:00:00,2749.35,2777.71,2740.0,2766.89,31003.4106,-1.7e-07
2022-02-03 08:00:00,2671.35,2685.0,2582.75,2621.91,76771.1545,-5.85e-05
2022-02-03 16:00:00,2640.0,2659.87,2590.66,2598.11,52352.31,-7.881e-05
2022-02-05 08:00:00,3001.43,3035.69,2988.07,3011.72,47467.1058,7.456e-05
2022-02-05 16:00:00,3051.33,3055.85,2961.0,3011.0,73311.1626,4.351e-05
2022-02-06 00:00:00,3012.64,3033.84,3008.58,3008.6,23732.3246,0.0001
2022-02-06 08:00:00,3010.56,3022.52,2998.05,3006.4,25619.5629,0.0001
2022-02-06 16:00:00,2991.66,3009.98,2978.23,3001.39,31010.3723,0.0001
2022-02-09 00:00:00,3116.69,3132.0,3060.41,3076.52,50251.7089,0.0001
2022-02-10 08:00:00,3189.9,3283.66,3183.62,3248.05,84462.28,-3.259e-05
2022-02-11 00:00:00,3072.36,3096.8,3001.0,3081.08,82881.7576,-0.00011327
2022-02-17 08:00:00,3109.27,3137.32,3029.44,3065.52,78237.8612,1.611e-05
2022-02-18 00:00:00,2891.88,2920.2,2861.0,2907.36,61134.1009,-3.865e-05
2022-02-18 16:00:00,2800.46,2825.72,2750.0,2797.87,153999.8659,3.508e-05
2022-02-19 08:00:00,2812.05,2819.33,2707.37,2722.69,69006.2868,7.039e-05
2022-02-21 00:00:00,2621.99,2739.64,2605.11,2710.89,95468.6309,7.012e-05
2022-02-22 08:00:00,2515.81,2608.87,2514.4,2589.35,111472.5182,-3.63e-05
2022-02-22 16:00:00,2623.83,2640.0,2580.0,2632.74,106749.1566,5.962e-05
2022-02-25 00:00:00,2596.26,2649.96,2582.37,2636.92,96575.5337,0.0001
2022-02-27 08:00:00,2736.62,2832.31,2722.37,2820.97,69750.9493,5.07e-06
2022-02-27 16:00:00,2809.14,2810.0,2600.0,2608.23,129687.3096,0.0001
2022-02-28 00:00:00,2616.79,2680.0,2590.0,2608.05,103665.0778,-0.00015064
2022-03-01 16:00:00,2948.99,2976.48,2897.16,2945.96,97377.9856,0.0001
2022-03-02 00:00:00,2976.33,3028.0,2914.21,3016.64,109358.6615,0.0001
2022-03-02 08:00:00,2968.81,3029.0,2950.64,3004.33,96164.9884,0.0001
2022-03-03 00:00:00,2947.31,2970.97,2886.77,2895.01,73220.5808,0.0001
2022-03-03 08:00:00,2908.02,2934.02,2878.0,2912.43,60529.6373,0.0001
2022-03-04 08:00:00,2733.08,2759.24,2704.5,2744.39,74345.0842,0.0001
2022-03-04 16:00:00,2671.73,2697.5,2610.27,2617.2,95899.1614,0.0001
2022-03-05 16:00:00,2642.81,2685.12,2640.0,2670.71,40771.7549,3.064e-05
2022-03-06 08:00:00,2644.93,2647.87,2590.0,2608.26,76370.3312,5.669e-05
2022-03-07 16:00:00,2617.01,2639.87,2448.52,2460.67,147214.7239,8.669e-05
2022-03-08 16:00:00,2559.45,2624.0,2525.26,2580.2,139074.0882,0.0001
2022-03-09 08:00:00,2744.99,2775.85,2722.95,2745.27,95578.0546,0.0001
2022-03-10 00:00:00,2726.98,2733.25,2652.64,2658.38,92174.977,0.0001
2022-03-10 16:00:00,2597.49,2618.1,2583.59,2613.32,68946.4983,-3.951e-05
2022-03-11 08:00:00,2608.67,2669.91,2580.0,2652.63,100824.4682,-5.91e-05
2022-03-13 08:00:00,2580.92,2595.78,2564.39,2574.23,59590.1766,0.0001
2022-03-15 08:00:00,2532.27,2544.33,2510.37,2534.8,61592.3454,-3.21e-06
2022-03-16 08:00:00,2646.49,2703.66,2644.63,2688.12,83550.9171,9.131e-05
2022-03-17 08:00:00,2755.35,2778.83,2751.29,2775.26,50884.9065,0.0001
2022-03-18 00:00:00,2811.91,2813.54,2765.59,2777.15,74547.8251,0.0001
2022-03-18 08:00:00,2794.15,2814.99,2779.75,2796.52,72615.5472,4.709e-05
2022-03-19 16:00:00,2967.69,2987.7,2945.0,2950.0,54490.2066,0.0001
2022-03-20 00:00:00,2950.85,2964.17,2907.24,2933.39,49483.7254,0.0001
2022-03-23 08:00:00,2948.95,2972.46,2933.65,2949.33,55447.9678,8.504e-05
2022-03-26 16:00:00,3116.38,3129.51,3109.0,3123.52,27814.4557,0.0001
2022-03-28 16:00:00,3357.6,3431.15,3333.27,3409.82,102341.2826,0.0001
2022-03-29 00:00:00,3332.91,3401.85,3329.68,3369.98,57753.6618,0.0001
2022-03-29 16:00:00,3403.06,3443.0,3368.0,3429.65,98312.1493,8.269e-05
2022-03-30 00:00:00,3400.51,3400.51,3331.84,3384.11,65287.7777,0.0001
2022-03-31 08:00:00,3403.14,3428.0,3396.1,3409.19,48879.9973,0.0001
2022-04-01 00:00:00,3281.51,3308.67,3210.68,3250.29,101613.9369,0.0001
2022-04-01 08:00:00,3279.41,3303.69,3268.0,3284.96,57860.9928,0.0001
2022-04-02 00:00:00,3455.2,3525.13,3438.78,3474.98,115552.7316,0.0001
2022-04-04 08:00:00,3502.32,3505.87,3447.64,3479.08,89167.5687,2.896e-05
2022-04-05 00:00:00,3519.5,3535.61,3500.36,3523.92,36687.325,0.0001
2022-04-06 16:00:00,3257.16,3270.28,3171.26,3225.33,209741.1913,6.028e-05
2022-04-07 08:00:00,3225.11,3262.03,3203.25,3251.67,69852.5106,-9.945e-05
2022-04-07 16:00:00,3199.29,3247.52,3195.0,3217.96,70799.1659,4.585e-05
2022-04-08 00:00:00,3227.2,3276.0,3216.43,3267.66,52641.4143,-9.963e-05
2022-04-09 08:00:00,3209.81,3217.29,3193.0,3209.59,30840.2483,0.0001
2022-04-11 00:00:00,3203.04,3213.63,3151.84,3175.31,88548.2832,4.676e-05
2022-04-11 08:00:00,3178.61,3180.68,3030.0,3051.57,202953.4221,0.0001
2022-04-12 00:00:00,2979.75,2996.93,2950.0,2983.04,69104.8851,-3.306e-05
2022-04-14 08:00:00,3113.5,3122.16,3068.63,3072.78,64155.7574,5.593e-05
2022-04-15 16:00:00,3028.88,3040.0,3009.23,3022.81,32432.6497,-3.34e-06
2022-04-17 00:00:00,3059.3,3064.5,3022.0,3029.38,26055.2717,2.48e-05
2022-04-17 16:00:00,3073.01,3078.48,3022.96,3052.08,45113.1737,2.937e-05
2022-04-18 16:00:00,2914.25,3024.78,2895.0,3005.72,133399.6264,-0.00013169
2022-04-19 16:00:00,3110.53,3125.87,3079.28,3110.65,65289.1542,2.251e-05
2022-04-20 16:00:00,3068.3,3088.0,3036.45,3070.0,67233.5576,-1.05e-06
2022-04-21 00:00:00,3076.03,3105.0,3071.25,3096.8,36304.8582,-9.577e-05
2022-04-21 08:00:00,3100.55,3159.99,3082.77,3151.15,104818.8874,-0.00012991
2022-04-23 00:00:00,2962.39,2975.39,2938.02,2946.32,33256.1962,3.778e-05
2022-04-23 08:00:00,2959.8,2969.99,2952.25,2958.73,28006.3588,-0.00010115
2022-04-24 16:00:00,2943.83,2967.06,2916.17,2959.58,65740.9608,3.41e-06
2022-04-25 16:00:00,2869.58,3015.0,2865.72,3012.41,147697.3149,-0.00024996
2022-04-26 08:00:00,3003.23,3020.83,2984.88,3003.04,47400.6188,0.0001
2022-04-27 08:00:00,2892.23,2914.34,2860.02,2884.79,91136.4491,-0.0002569
2022-04-28 00:00:00,2888.95,2915.45,2869.47,2883.85,50628.4754,-1.675e-05
2022-04-29 00:00:00,2936.92,2946.46,2904.14,2926.21,66122.6065,0.0001
2022-04-30 00:00:00,2817.13,2837.82,2810.45,2818.26,48071.0318,-8.896e-05
2022-05-01 00:00:00,2726.67,2780.62,2716.13,2777.15,90414.1142,-7.153e-05
2022-05-01 08:00:00,2766.4,2782.0,2751.74,2756.8,40768.9347,-0.00016213
2022-05-02 16:00:00,2827.68,2850.0,2780.0,2841.71,117919.3869,-2.36e-06
2022-05-03 08:00:00,2844.98,2854.12,2824.0,2849.01,37135.7252,6.446e-05
2022-05-04 16:00:00,2844.27,2965.85,2826.67,2955.71,203433.797,0.0001
2022-05-08 00:00:00,2635.35,2642.0,2517.0,2545.08,236271.8151,9.867e-05
2022-05-09 00:00:00,2519.71,2530.78,2423.84,2457.56,187870.6747,0.0001
2022-05-09 16:00:00,2381.87,2404.69,2225.0,2270.68,491747.81,9.769e-05
2022-05-10 00:00:00,2229.0,2350.0,2200.0,2300.79,387958.256,9.833e-05
2022-05-12 08:00:00,1916.3,2020.0,1870.31,1952.76,378746.0277,-0.00079682
2022-05-13 16:00:00,2093.62,2112.91,2030.0,2064.79,169413.0683,-2.742e-05
2022-05-14 00:00:00,2009.69,2070.06,2001.45,2054.4,101652.3342,5.029e-05
2022-05-14 08:00:00,2031.94,2053.98,1970.75,1985.62,128678.38,9.124e-05
2022-05-15 00:00:00,2056.47,2079.4,2000.68,2014.2,71458.5845,0.0001
2022-05-15 08:00:00,2037.55,2086.65,2018.52,2080.49,84714.7743,7.136e-05
2022-05-15 16:00:00,2062.57,2105.77,2057.12,2104.05,71054.786,7.168e-05
2022-05-17 00:00:00,2023.66,2080.0,2018.8,2073.49,84137.3876,1.965e-05
2022-05-19 00:00:00,1915.11,1969.3,1903.18,1953.7,132901.6448,-5.373e-05
2022-05-22 16:00:00,2004.58,2022.8,1992.57,2007.41,49315.2338,0.0001
2022-05-23 08:00:00,2066.76,2085.0,2051.67,2068.96,78980.0532,0.0001
2022-05-24 08:00:00,1985.22,1985.59,1952.35,1966.36,80768.0606,-4.871e-05
2022-05-25 08:00:00,1977.04,1981.98,1942.3,1944.07,77060.594,0.0001
2022-05-26 16:00:00,1862.03,1907.58,1826.13,1826.56,180070.2646,-0.00014343
2022-05-27 16:00:00,1764.34,1774.56,1715.0,1754.32,213661.5674,5.35e-05
2022-05-29 00:00:00,1792.21,1795.89,1759.96,1776.46,89239.5872,0.0001
2022-05-30 00:00:00,1813.64,1890.0,1803.18,1880.07,167439.7294,6.492e-05
2022-05-31 08:00:00,1970.36,1985.08,1957.82,1978.59,100652.1189,0.0001
2022-05-31 16:00:00,1988.62,1999.87,1925.0,1934.21,164613.2444,0.0001
2022-06-01 00:00:00,1941.9,1958.55,1927.6,1929.97,104283.3688,0.0001
2022-06-01 16:00:00,1880.59,1880.74,1807.83,1821.82,283820.7754,0.0001
2022-06-02 00:00:00,1817.96,1835.86,1805.62,1814.54,132317.8022,-8.505e-05
2022-06-04 08:00:00,1769.1,1780.0,1763.32,1768.24,49887.3875,0.0001
2022-06-05 16:00:00,1811.42,1830.17,1795.51,1821.21,99137.9453,5.865e-05
2022-06-06 00:00:00,1806.22,1884.44,1804.35,1878.29,177430.4293,0.0001
2022-06-06 16:00:00,1886.79,1888.82,1843.72,1863.83,137168.7852,0.0001
2022-06-07 00:00:00,1859.84,1862.81,1725.13,1756.75,459637.4126,0.0001
2022-06-07 16:00:00,1781.54,1874.98,1768.7,1846.97,212538.1004,1.156e-05
2022-06-09 00:00:00,1791.88,1801.73,1777.33,1799.31,85330.5093,0.0001
2022-06-09 08:00:00,1812.0,1833.0,1802.67,1805.15,99947.996,5.421e-05
2022-06-09 16:00:00,1799.35,1818.42,1782.19,1783.74,97563.7818,0.0001
2022-06-10 08:00:00,1788.63,1795.25,1763.51,1771.91,80271.8342,0.0001
2022-06-11 16:00:00,1517.61,1578.0,1496.74,1546.48,249389.12611,-9.29e-05
2022-06-13 08:00:00,1283.07,1288.95,1180.0,1209.23,1004306.07661,-2.19e-06
2022-06-15 00:00:00,1208.9,1231.67,1169.0,1173.09,215289.046,-5.37e-05
2022-06-16 16:00:00,1114.41,1134.09,1092.28,1096.05,204956.8166,-0.00010424
2022-06-17 16:00:00,1084.98,1093.52,1070.93,1080.0,158402.5825,-0.00014982
2022-06-20 08:00:00,1079.64,1170.0,1076.79,1153.05,420166.9419,-2.176e-05
2022-06-22 00:00:00,1125.86,1127.33,1086.5,1089.3,193333.2055,-4.89e-05
2022-06-23 00:00:00,1050.19,1097.98,1045.3,1076.4,201110.6653,-4.408e-05
2022-06-23 08:00:00,1091.7,1116.59,1091.17,1106.59,216374.9724,-6.496e-05
2022-06-25 16:00:00,1183.94,1214.57,1180.0,1205.57,119985.9092,6.42e-06
2022-06-27 08:00:00,1227.66,1238.93,1217.32,1220.01,96090.4165,-4.323e-05
2022-06-29 00:00:00,1144.05,1156.8,1133.03,1144.89,147631.6731,3.172e-05
2022-06-29 16:00:00,1114.27,1119.0,1087.42,1117.95,189240.9753,1.147e-05
2022-06-30 00:00:00,1100.21,1106.62,1077.0,1093.93,154989.3019,3.467e-05
2022-06-30 08:00:00,1057.42,1057.57,1011.87,1018.49,296660.848,-6.766e-05
2022-06-30 16:00:00,1032.22,1046.0,1012.21,1020.86,201617.8043,-0.00021692
2022-07-02 00:00:00,1059.73,1069.49,1033.77,1038.0,154333.579,-4.5e-06
2022-07-02 08:00:00,1042.08,1049.05,1028.29,1043.78,134546.6841,-4.376e-05
2022-07-04 16:00:00,1112.2,1135.3,1103.38,1123.47,174525.4778,6.349e-05
2022-07-05 00:00:00,1151.01,1163.31,1142.18,1153.13,152798.3236,8.23e-06
2022-07-05 08:00:00,1158.26,1158.5,1107.79,1112.21,220896.7016,1.762e-05
2022-07-06 08:00:00,1139.36,1155.7,1128.54,1134.11,154818.6105,0.0001
2022-07-06 16:00:00,1133.6,1168.24,1132.39,1153.46,211698.9451,4.373e-05
2022-07-08 16:00:00,1235.96,1247.94,1214.0,1240.03,168610.0921,5.505e-05
2022-07-09 00:00:00,1214.03,1221.79,1204.67,1217.01,147773.1735,5.118e-05
2022-07-09 08:00:00,1225.01,1228.25,1205.27,1210.28,80972.9123,2.685e-05
2022-07-11 00:00:00,1168.37,1171.29,1143.77,1154.58,210572.8458,1.102e-05
2022-07-12 00:00:00,1096.37,1098.26,1081.55,1086.15,175703.336,6.653e-05
2022-07-12 16:00:00,1075.89,1088.83,1033.46,1041.4,268903.4086,-0.00010622
2022-07-14 16:00:00,1140.96,1214.65,1133.14,1194.04,490261.6674,-5.017e-05
2022-07-17 00:00:00,1355.84,1387.0,1328.17,1353.6,195063.9383,0.0001
2022-07-19 00:00:00,1581.03,1631.0,1510.94,1516.24,539046.0327,0.0001
2022-07-19 08:00:00,1510.59,1561.45,1505.75,1541.82,226801.2291,0.0001
2022-07-20 08:00:00,1531.05,1614.0,1526.67,1602.91,280370.9474,-4.179e-05
2022-07-21 00:00:00,1521.63,1554.7,1482.23,1487.96,198535.8104,0.0001
2022-07-22 08:00:00,1601.69,1650.05,1595.12,1639.08,306124.8898,0.0001
2022-07-22 16:00:00,1574.9,1591.99,1519.65,1526.2,199606.11,9.317e-05
2022-07-24 00:00:00,1548.66,1577.24,1545.67,1551.51,108044.0686,0.0001
2022-07-24 16:00:00,1612.61,1615.38,1583.51,1602.76,116376.0563,0.0001
2022-07-25 00:00:00,1597.7,1609.55,1498.95,1511.51,321802.8622,0.0001
2022-07-26 08:00:00,1409.46,1423.97,1385.08,1406.33,119648.9608,7.151e-05
2022-07-26 16:00:00,1368.67,1396.0,1356.86,1366.02,152127.9014,0.0001
2022-07-27 08:00:00,1464.47,1474.96,1446.93,1452.68,132656.9585,8.204e-05
2022-07-29 00:00:00,1724.52,1733.98,1696.0,1727.02,144740.1656,0.0001
2022-07-29 08:00:00,1715.35,1733.11,1664.27,1681.39,189275.7295,0.0001
2022-07-29 16:00:00,1721.66,1736.23,1663.44,1723.84,246227.3858,0.0001
2022-07-30 16:00:00,1736.84,1737.49,1689.07,1691.93,103836.7588,5.049e-05
2022-08-02 00:00:00,1630.28,1657.11,1568.35,1577.35,200194.5793,0.0001
2022-08-05 08:00:00,1662.87,1717.87,1652.13,1713.43,152209.4,0.0001
2022-08-05 16:00:00,1670.06,1684.45,1656.77,1681.36,116571.9268,0.0001
2022-08-06 08:00:00,1720.73,1724.41,1702.62,1712.11,93621.3898,0.0001
2022-08-07 08:00:00,1686.23,1694.13,1673.02,1692.6,50276.855,-2.278e-05
2022-08-08 16:00:00,1775.31,1787.0,1755.6,1783.13,114974.7704,0.0001
2022-08-09 08:00:00,1782.01,1783.0,1692.2,1704.04,227871.3486,-3.21e-06
2022-08-09 16:00:00,1684.64,1698.52,1674.58,1688.0,122767.6364,-0.00014349
2022-08-10 00:00:00,1702.76,1702.76,1656.78,1669.49,170656.0031,-0.00010375
2022-08-11 08:00:00,1878.87,1913.49,1873.72,1903.58,123834.9538,4.392e-05
2022-08-11 16:00:00,1890.48,1908.39,1875.56,1899.16,120832.7541,1.783e-05
2022-08-12 08:00:00,1888.44,1904.54,1853.06,1868.61,130058.0941,5.216e-05
2022-08-14 00:00:00,1983.55,1996.0,1970.96,1985.82,57239.7978,3.144e-05
2022-08-14 08:00:00,2016.75,2017.41,1981.0,1990.15,86341.6161,8.292e-05
2022-08-14 16:00:00,1984.18,1984.81,1906.0,1931.42,161727.9001,2.19e-06
2022-08-16 16:00:00,1887.38,1897.96,1853.0,1879.34,117478.5269,3.842e-05
2022-08-19 00:00:00,1846.39,1848.0,1806.16,1818.02,195637.3277,5.275e-05
2022-08-19 08:00:00,1744.63,1745.0,1683.0,1707.73,284130.444,0.0001
2022-08-20 00:00:00,1609.0,1640.0,1607.89,1627.65,177688.4341,4.557e-05
2022-08-20 16:00:00,1634.7,1639.43,1555.0,1564.23,235287.6084,9.91e-06
2022-08-21 16:00:00,1621.11,1635.0,1609.9,1624.18,80709.6472,-5.859e-05
2022-08-23 00:00:00,1624.65,1638.87,1607.73,1609.26,121805.8333,6.559e-05
2022-08-24 16:00:00,1683.49,1694.13,1664.0,1678.59,112378.9826,5.38e-06
2022-08-25 08:00:00,1708.92,1716.56,1693.71,1710.11,93234.8205,-1.814e-05
2022-08-26 16:00:00,1593.53,1599.56,1538.23,1559.78,208407.6905,8.902e-05
2022-08-28 08:00:00,1496.99,1504.07,1475.21,1485.72,69037.4318,-0.0002688
2022-08-28 16:00:00,1486.84,1498.0,1478.41,1483.27,84903.0319,1.893e-05
2022-08-29 00:00:00,1426.76,1463.03,1422.08,1456.88,156710.1932,-0.00024797
2022-08-29 08:00:00,1454.74,1456.39,1442.0,1449.04,75623.0013,-0.00017053
2022-08-31 00:00:00,1524.59,1618.0,1524.59,1606.54,183899.8628,-0.00011151
2022-09-01 08:00:00,1544.59,1586.34,1533.04,1577.99,110436.2039,9.18e-06
2022-09-02 16:00:00,1636.33,1639.42,1546.41,1561.47,214995.4822,-1.84e-05
2022-09-03 00:00:00,1575.35,1582.71,1554.65,1561.54,65693.0326,-0.00012553
2022-09-04 16:00:00,1560.55,1576.49,1555.67,1567.1,46862.9999,-9.236e-05
2022-09-08 08:00:00,1613.54,1645.0,1606.19,1635.99,91880.7676,-1.24e-05
2022-09-09 08:00:00,1704.93,1715.78,1684.4,1700.08,160082.1618,-3.837e-05
2022-09-09 16:00:00,1719.34,1726.59,1696.0,1720.08,93990.9345,-0.00012468
2022-09-10 08:00:00,1711.0,1728.49,1709.5,1723.96,40265.4816,-0.00020439
2022-09-12 16:00:00,1706.38,1733.76,1693.0,1726.28,116216.9888,-0.00038902
2022-09-13 08:00:00,1715.99,1746.72,1708.3,1737.63,104066.5122,-0.00047985
2022-09-13 16:00:00,1594.44,1632.11,1569.94,1605.25,180483.6721,-0.0004662
2022-09-14 00:00:00,1574.4,1611.65,1552.38,1602.92,119213.9309,-0.00111142
2022-09-14 08:00:00,1612.15,1612.48,1583.2,1595.28,99930.6762,-0.00182506
2022-09-14 16:00:00,1594.94,1602.93,1560.0,1599.81,152034.112,-0.00172134
2022-09-16 00:00:00,1472.76,1483.35,1446.7,1473.56,112039.6987,-7.76e-06
2022-09-16 08:00:00,1471.7,1482.18,1442.2,1478.64,123337.8908,-2.35e-06
2022-09-16 16:00:00,1452.31,1452.31,1405.52,1427.6,142195.0776,0.0001
2022-09-17 00:00:00,1433.9,1456.6,1430.81,1440.57,75904.1048,7.4e-05
2022-09-18 00:00:00,1468.82,1469.63,1446.66,1451.81,52416.5202,8.41e-06
2022-09-18 16:00:00,1417.44,1424.68,1367.0,1380.78,244528.0361,6.342e-05
2022-09-20 16:00:00,1377.17,1384.1,1331.92,1352.1,138132.3842,2.77e-06
2022-09-21 16:00:00,1343.06,1408.9,1302.95,1323.47,585257.3432,-7.656e-05
2022-09-22 00:00:00,1245.79,1271.58,1237.32,1262.91,122189.6124,-0.00024234
2022-09-22 08:00:00,1278.59,1313.02,1276.5,1308.5,136852.1019,-0.00023437
2022-09-24 00:00:00,1327.24,1330.41,1311.36,1321.65,99590.0068,1.491e-05
2022-09-24 16:00:00,1339.77,1348.35,1333.69,1342.31,72169.0831,-8.115e-05
2022-09-25 08:00:00,1332.83,1334.45,1316.74,1329.33,63701.494,-4.292e-05
2022-09-26 16:00:00,1325.18,1340.42,1311.27,1330.38,142096.6041,-1.379e-05
2022-09-28 08:00:00,1285.52,1311.74,1253.2,1295.31,207216.5656,-2.348e-05
2022-09-28 16:00:00,1331.78,1343.75,1310.54,1334.12,131414.6832,-7.573e-05
2022-09-29 08:00:00,1321.99,1345.24,1314.0,1336.56,114222.9268,0.0001
2022-09-29 16:00:00,1326.81,1348.25,1314.64,1333.31,129587.0756,2.149e-05
2022-10-01 16:00:00,1322.62,1324.22,1305.53,1311.96,64389.9194,5.117e-05
2022-10-02 00:00:00,1311.79,1315.94,1305.23,1309.55,32336.563,1.239e-05
2022-10-02 08:00:00,1311.14,1312.99,1280.63,1297.87,87055.1071,4.395e-05
2022-10-03 00:00:00,1276.72,1300.75,1263.04,1291.8,89902.6474,-2.23e-05
2022-10-05 00:00:00,1361.5,1363.53,1352.17,1353.95,42848.8421,1.819e-05
2022-10-05 08:00:00,1353.18,1353.75,1331.41,1335.05,75946.9889,3.45e-06
2022-10-07 00:00:00,1352.07,1361.75,1350.23,1355.19,45337.1193,2.157e-05
2022-10-07 08:00:00,1356.04,1360.8,1352.0,1354.76,54102.1343,3.248e-05
2022-10-09 00:00:00,1315.48,1316.48,1307.26,1310.69,27203.0172,3.902e-05
2022-10-10 08:00:00,1316.7,1317.64,1296.36,1315.0,91265.6083,2.784e-05
2022-10-11 16:00:00,1293.56,1298.0,1275.64,1282.51,73980.036,4.405e-05
2022-10-12 08:00:00,1293.88,1306.87,1292.73,1297.68,63049.0101,-1.598e-05
2022-10-12 16:00:00,1299.23,1301.0,1287.53,1297.05,71058.8201,7.18e-06
2022-10-14 08:00:00,1321.75,1336.5,1316.55,1325.87,82926.192,0.0001
2022-10-16 08:00:00,1283.24,1290.27,1279.31,1284.03,41763.0301,-1.934e-05
2022-10-18 16:00:00,1307.62,1312.35,1286.72,1300.85,95950.4851,8.2e-05
2022-10-20 00:00:00,1285.09,1288.14,1270.36,1279.98,76788.6873,1.115e-05
2022-10-20 16:00:00,1299.84,1299.84,1277.55,1284.56,83767.9283,-5.194e-05
2022-10-21 16:00:00,1297.46,1305.66,1294.84,1303.3,86255.4301,2.595e-05
2022-10-22 00:00:00,1299.76,1304.68,1294.32,1298.81,27984.1627,2.568e-05
2022-10-22 16:00:00,1316.38,1320.2,1306.72,1314.19,41516.5199,-3.726e-05
2022-10-23 08:00:00,1309.57,1311.95,1301.3,1304.14,46521.9038,2.352e-05
2022-10-25 16:00:00,1408.29,1525.16,1405.09,1493.34,461749.9163,1.973e-05
2022-10-26 16:00:00,1567.54,1572.33,1541.27,1564.28,156641.9359,0.0001
2022-10-28 00:00:00,1514.04,1525.32,1496.4,1507.76,193661.1789,2.272e-05
2022-10-28 08:00:00,1493.68,1510.01,1484.61,1498.19,100248.4815,4.042e-05
2022-10-29 00:00:00,1554.4,1594.0,1547.66,1589.52,104337.6908,6.207e-05
2022-10-30 00:00:00,1619.55,1624.41,1605.74,1622.18,57257.6922,7.735e-05
2022-10-31 08:00:00,1591.16,1635.8,1578.6,1621.27,144837.5669,0.0001
2022-11-01 00:00:00,1572.69,1604.73,1568.8,1586.81,87964.4315,7.95e-06
2022-11-01 08:00:00,1591.12,1612.92,1582.49,1590.28,116223.6529,-5.701e-05
2022-11-01 16:00:00,1574.29,1586.79,1568.43,1576.76,60689.1878,1.321e-05
2022-11-02 00:00:00,1578.47,1595.79,1572.09,1590.74,70313.1974,7.678e-05
2022-11-02 08:00:00,1564.76,1578.67,1536.25,1555.94,101621.6934,2.913e-05
2022-11-04 00:00:00,1531.01,1549.89,1528.4,1548.92,68392.1825,1.398e-05
2022-11-06 08:00:00,1622.88,1639.02,1608.84,1620.35,64606.0226,0.0001
2022-11-08 00:00:00,1568.09,1576.79,1503.0,1507.07,219801.4954,-5.728e-05
2022-11-09 00:00:00,1334.78,1337.16,1283.37,1312.39,267660.3852,-0.00038496
2022-11-10 08:00:00,1189.54,1219.62,1175.13,1187.04,285702.3006,-0.000543
2022-11-11 00:00:00,1299.28,1309.29,1221.08,1239.11,224826.0557,-0.00016788
2022-11-12 16:00:00,1274.81,1278.88,1263.0,1268.45,50382.896,9.984e-05
2022-11-13 08:00:00,1250.94,1253.22,1212.0,1240.44,133139.1685,-8.449e-05
2022-11-14 00:00:00,1221.5,1230.54,1171.13,1193.03,156252.2094,2.81e-05
2022-11-14 08:00:00,1260.06,1276.26,1252.0,1252.33,136608.4291,2.254e-05
2022-11-14 16:00:00,1245.32,1249.76,1210.03,1216.27,112608.2643,5.237e-05
2022-11-17 00:00:00,1216.16,1228.22,1201.92,1204.05,69439.0372,-9.394e-05
2022-11-17 08:00:00,1204.88,1208.36,1181.05,1203.78,82881.1943,2.558e-05
2022-11-18 16:00:00,1211.14,1214.47,1200.36,1209.71,57070.8442,-5.327e-05
2022-11-19 00:00:00,1212.58,1213.48,1201.0,1208.54,26543.4487,6.481e-05
2022-11-20 16:00:00,1177.12,1190.0,1169.53,1185.46,53829.1957,-2.008e-05
2022-11-21 16:00:00,1130.34,1133.1,1079.76,1091.22,236304.9905,4.666e-05
2022-11-22 00:00:00,1107.34,1117.29,1097.02,1104.41,106939.2304,-6.623e-05
2022-11-22 08:00:00,1093.31,1095.0,1075.0,1085.44,114261.6261,-2.821e-05
2022-11-22 16:00:00,1135.36,1146.13,1114.27,1127.25,113257.3026,6.368e-05
2022-11-23 00:00:00,1139.59,1170.87,1127.75,1170.8,157084.7864,6.088e-05
2022-11-25 16:00:00,1189.8,1199.0,1183.0,1197.22,40751.3605,-3.074e-05
2022-11-26 08:00:00,1218.96,1227.76,1215.12,1221.71,56703.3101,-5.666e-05
2022-11-26 16:00:00,1210.9,1215.48,1201.88,1207.34,50260.0416,-6.554e-05
2022-11-27 08:00:00,1216.9,1220.99,1209.58,1215.31,62409.6216,-0.00011497
2022-11-29 00:00:00,1167.77,1189.99,1158.27,1184.67,68919.7664,3.832e-05
2022-11-29 16:00:00,1208.72,1220.0,1202.97,1215.75,69553.7715,0.0001
2022-11-30 08:00:00,1272.62,1277.34,1261.2,1266.72,56901.3303,0.0001
2022-12-01 16:00:00,1271.54,1278.69,1265.52,1275.91,42048.026,0.0001
2022-12-03 08:00:00,1276.08,1277.15,1260.54,1269.39,74686.5961,-2.779e-05
2022-12-04 08:00:00,1257.02,1263.65,1251.64,1254.94,41971.9514,-1.49e-06
2022-12-07 00:00:00,1271.31,1278.69,1259.08,1262.27,41068.835,8.029e-05
2022-12-07 08:00:00,1224.63,1230.8,1218.01,1224.97,75458.9968,5.95e-06
2022-12-07 16:00:00,1233.85,1237.48,1227.0,1232.11,43085.1723,-2.33e-06
2022-12-08 08:00:00,1232.73,1245.41,1228.2,1240.4,63643.191,1.744e-05
2022-12-09 16:00:00,1277.6,1278.0,1263.4,1269.05,40336.1771,4.9e-05
2022-12-12 00:00:00,1263.0,1263.01,1240.55,1243.83,96732.6584,3.843e-05
2022-12-12 16:00:00,1249.34,1255.94,1248.72,1254.58,35497.4915,-2.692e-05
2022-12-13 00:00:00,1275.41,1278.47,1265.84,1269.65,41158.8933,8.949e-05
2022-12-15 00:00:00,1307.45,1311.14,1281.12,1292.04,90697.0721,0.0001
2022-12-19 00:00:00,1183.06,1195.0,1174.0,1179.27,53884.8013,-3.395e-05
2022-12-19 08:00:00,1179.86,1188.38,1179.16,1183.28,31345.8323,5.7e-06
2022-12-19 16:00:00,1179.8,1182.21,1164.98,1170.8,71135.6417,-6.01e-06
2022-12-20 16:00:00,1217.05,1218.58,1198.2,1216.78,59608.7665,9.832e-05
2022-12-22 08:00:00,1213.86,1221.63,1212.11,1217.49,42310.86,9.813e-05
2022-12-23 08:00:00,1221.84,1226.37,1215.78,1223.0,44859.7204,0.0001
2022-12-23 16:00:00,1219.15,1221.21,1216.04,1219.98,24245.3792,-7.28e-06
2022-12-25 00:00:00,1220.42,1224.31,1219.77,1221.37,12598.4076,-3.84e-06
2022-12-25 16:00:00,1210.91,1212.68,1195.22,1209.51,47312.4905,1.343e-05
2022-12-26 08:00:00,1220.68,1223.06,1218.23,1220.42,21601.2534,1.023e-05
2022-12-29 08:00:00,1194.96,1202.99,1190.19,1198.84,40401.1367,5.835e-05
2022-12-30 00:00:00,1200.48,1202.15,1195.18,1197.59,29084.281,0.0001
2022-12-30 08:00:00,1188.26,1194.84,1188.16,1190.7,35878.8287,0.0001
2022-12-30 16:00:00,1195.07,1198.3,1192.77,1194.89,25877.8942,0.0001
2022-12-31 08:00:00,1196.84,1200.23,1195.55,1197.2,19335.5874,0.0001
2022-12-31 16:00:00,1202.85,1205.61,1198.9,1202.65,22617.4018,0.0001
2023-01-01 00:00:00,1196.13,1196.74,1191.71,1194.04,20292.0602,0.0001
2023-01-01 16:00:00,1196.81,1204.51,1195.88,1201.78,31016.5151,0.0001
2023-01-02 00:00:00,1200.33,1203.53,1193.0,1201.94,32154.2478,0.0001
2023-01-03 16:00:00,1211.77,1212.76,1204.93,1209.5,34435.0998,2.948e-05
2023-01-04 00:00:00,1214.56,1254.96,1212.71,1250.74,139538.0914,7.609e-05
2023-01-05 16:00:00,1249.11,1254.98,1246.71,1253.62,27613.9471,0.0001
2023-01-06 16:00:00,1263.01,1276.7,1260.22,1273.13,74675.9477,0.0001
2023-01-07 16:00:00,1265.07,1266.0,1261.87,1265.38,14637.7041,7.19e-05
2023-01-08 08:00:00,1263.65,1266.22,1261.65,1261.67,19946.6609,8.826e-05
2023-01-09 08:00:00,1311.93,1327.5,1308.34,1318.27,93762.7738,7.617e-05
2023-01-10 16:00:00,1333.97,1344.04,1328.0,1339.48,94451.0665,0.0001
2023-01-12 00:00:00,1389.4,1418.77,1386.0,1400.99,197850.4438,0.0001
2023-01-12 08:00:00,1398.44,1403.11,1394.86,1397.78,81416.3452,0.0001
2023-01-12 16:00:00,1386.07,1437.6,1383.25,1425.86,178938.8557,0.0001
2023-01-13 08:00:00,1408.11,1419.5,1404.0,1409.71,68242.215,0.0001
2023-01-14 00:00:00,1451.21,1599.98,1449.14,1556.08,366877.6818,0.0001
2023-01-14 16:00:00,1525.19,1538.2,1523.18,1529.49,69728.5418,0.00045951
2023-01-15 16:00:00,1556.35,1566.66,1533.0,1550.15,103013.8094,0.00018878
2023-01-16 16:00:00,1549.97,1604.5,1545.71,1591.23,118760.1296,0.0001
2023-01-19 00:00:00,1511.44,1528.0,1509.15,1524.82,44384.0335,0.0001
2023-01-20 00:00:00,1551.09,1563.88,1545.51,1554.54,35353.6363,0.0001
2023-01-20 08:00:00,1550.32,1555.85,1545.26,1549.49,36014.1284,0.0001
2023-01-20 16:00:00,1563.69,1601.53,1561.61,1600.49,107459.9806,0.0001
2023-01-22 00:00:00,1626.65,1636.49,1604.0,1622.5,66559.4086,0.0001
2023-01-22 08:00:00,1627.07,1631.85,1618.47,1624.57,48766.0259,0.0001
2023-01-24 16:00:00,1620.57,1624.31,1606.48,1622.41,55114.1003,0.0001
2023-01-25 08:00:00,1553.82,1556.8,1538.59,1545.49,57062.7222,0.0001
2023-01-27 08:00:00,1585.4,1586.06,1573.33,1578.84,44895.7526,0.0001
2023-01-27 16:00:00,1574.86,1611.79,1573.98,1609.7,81893.9082,0.0001
2023-01-29 08:00:00,1592.59,1619.79,1588.97,1609.08,86101.0116,0.0001
2023-01-30 08:00:00,1627.44,1630.11,1577.0,1581.55,178527.6324,0.0001
2023-01-30 16:00:00,1585.18,1590.46,1535.0,1554.24,117753.3279,0.0001
2023-01-31 08:00:00,1580.03,1583.98,1565.82,1570.91,42392.7065,0.0001
2023-02-01 08:00:00,1575.37,1583.68,1566.24,1580.87,45956.6822,0.0001
2023-02-03 08:00:00,1637.5,1650.83,1629.96,1649.2,48770.2062,0.0001
2023-02-03 16:00:00,1663.93,1676.0,1650.74,1652.91,74883.0824,0.0001
2023-02-04 08:00:00,1658.17,1662.73,1651.39,1661.92,41122.4928,0.0001
2023-02-04 16:00:00,1679.97,1685.46,1672.32,1675.93,41699.4712,0.0001
2023-02-06 08:00:00,1635.41,1637.89,1622.45,1634.81,54930.3228,0.0001
2023-02-08 16:00:00,1653.08,1660.0,1630.47,1647.69,106521.5395,0.0001
2023-02-12 08:00:00,1530.84,1540.06,1530.83,1533.48,30285.5587,3.225e-05
2023-02-15 08:00:00,1547.56,1580.0,1544.5,1572.26,72855.7368,2.81e-05
2023-02-16 08:00:00,1681.9,1692.62,1678.25,1682.82,71321.679,0.0001
2023-02-17 16:00:00,1673.11,1709.25,1662.27,1706.03,125807.6426,0.0001
2023-02-18 08:00:00,1690.71,1695.58,1685.69,1691.47,33369.4325,0.0001
2023-02-22 16:00:00,1613.72,1630.0,1595.07,1616.1,127562.793,0.0001
2023-02-26 16:00:00,1605.09,1636.0,1598.54,1633.11,68158.4265,1.098e-05
2023-02-27 16:00:00,1644.27,1646.65,1615.16,1622.12,103806.5865,6.025e-05
2023-03-01 08:00:00,1650.91,1669.72,1649.0,1656.33,55572.7014,0.0001
2023-03-02 16:00:00,1628.31,1652.48,1621.45,1648.48,78007.6497,7.746e-05
2023-03-03 00:00:00,1647.86,1649.25,1544.39,1565.44,317798.3416,3.967e-05
2023-03-03 16:00:00,1566.51,1574.66,1550.75,1565.39,93471.1576,2.284e-05
2023-03-05 00:00:00,1566.74,1588.77,1553.05,1567.85,97695.9395,5.372e-05
2023-03-05 08:00:00,1568.61,1573.07,1564.03,1568.5,32527.5642,3.555e-05
2023-03-06 16:00:00,1578.0,1580.83,1563.0,1566.19,55770.249,3.604e-05
2023-03-08 00:00:00,1561.95,1570.89,1557.62,1562.31,45814.9624,8.208e-05
2023-03-10 00:00:00,1437.32,1437.5,1409.23,1426.34,154029.0848,-8.306e-05
2023-03-10 08:00:00,1412.27,1413.0,1368.39,1384.6,170547.0425,-9.7e-07
2023-03-12 08:00:00,1459.57,1467.53,1457.97,1465.17,71756.6089,8.67e-05
2023-03-15 08:00:00,1705.12,1705.5,1650.54,1679.92,142866.7967,0.00018366
2023-03-18 08:00:00,1814.12,1818.0,1790.92,1813.15,77563.9677,0.0001
2023-03-19 16:00:00,1793.61,1841.36,1791.88,1821.22,168650.7596,0.0001
2023-03-22 00:00:00,1801.23,1807.25,1778.02,1799.59,69601.7351,5.146e-05
2023-03-22 16:00:00,1806.26,1810.93,1710.12,1716.84,401164.0069,5.54e-05
2023-03-26 00:00:00,1741.88,1756.61,1739.31,1749.57,38121.9422,8.29e-06
2023-03-26 16:00:00,1762.81,1771.82,1754.33,1765.82,38243.2732,4.383e-05
2023-03-27 16:00:00,1711.73,1732.0,1701.06,1704.58,117106.5535,-1.71e-06
2023-03-28 08:00:00,1724.54,1754.48,1709.87,1745.48,85196.1305,3.473e-05
2023-03-30 00:00:00,1793.06,1829.69,1766.5,1787.66,186718.9944,5.756e-05
2023-03-30 08:00:00,1806.46,1808.46,1793.4,1804.62,55929.3529,2.86e-06
2023-04-01 00:00:00,1821.52,1842.83,1819.61,1825.99,50583.5026,0.0001
2023-04-01 08:00:00,1823.47,1828.66,1821.07,1824.04,44428.9687,0.0001
2023-04-03 00:00:00,1794.51,1794.56,1762.77,1778.34,85448.9177,-2.938e-05
2023-04-05 00:00:00,1870.38,1925.0,1864.58,1912.37,135868.4296,6.853e-05
2023-04-06 00:00:00,1908.68,1909.91,1885.95,1898.88,62961.2326,5.011e-05
2023-04-06 16:00:00,1874.54,1882.99,1865.99,1871.29,53952.4454,2.17e-06
2023-04-07 16:00:00,1860.36,1861.91,1851.34,1854.72,24433.8402,3.638e-05
2023-04-08 00:00:00,1863.73,1872.21,1854.62,1868.27,41553.0597,3.725e-05
2023-04-10 00:00:00,1858.91,1863.46,1846.4,1857.97,43630.9572,3.359e-05
2023-04-13 16:00:00,1997.15,2023.0,1991.09,2011.28,86804.1937,0.0001
2023-04-17 16:00:00,2071.46,2088.73,2070.41,2078.14,53739.773,0.0001
2023-04-18 16:00:00,2095.49,2100.51,2069.91,2081.02,82196.1476,0.0001
2023-04-19 16:00:00,1983.41,1991.42,1964.84,1980.54,77087.4276,-1.015e-05
2023-04-22 00:00:00,1848.77,1862.74,1846.0,1859.73,50923.5853,5.467e-05
2023-04-22 08:00:00,1850.8,1854.79,1841.64,1852.09,39087.5772,-5.62e-06
2023-04-24 00:00:00,1862.01,1890.0,1850.46,1868.12,65264.8694,9.041e-05
2023-04-30 08:00:00,1903.06,1913.37,1899.36,1900.79,40510.1807,-2.13e-06
2023-05-02 16:00:00,1858.8,1881.87,1853.2,1868.37,71482.3951,8.146e-05
2023-05-04 00:00:00,1905.12,1908.21,1895.68,1903.65,45952.8773,0.0001
2023-05-04 08:00:00,1898.4,1918.26,1896.4,1904.67,52437.3722,0.0001
2023-05-05 08:00:00,1895.1,1914.56,1894.4,1911.2,44696.8554,5.68e-05
2023-05-05 16:00:00,1953.34,1998.36,1953.34,1990.97,159923.8299,0.0001
2023-05-06 08:00:00,1958.91,1958.92,1921.25,1934.31,103372.0837,0.0001
2023-05-06 16:00:00,1877.32,1907.0,1875.89,1897.93,85277.6411,6.94e-06
2023-05-07 00:00:00,1896.33,1918.6,1887.45,1892.87,72216.5622,1.519e-05
2023-05-07 08:00:00,1905.55,1915.24,1895.66,1902.28,52251.9317,2.257e-05
2023-05-08 00:00:00,1870.41,1883.97,1840.0,1865.39,142610.8508,5.356e-05
2023-05-09 08:00:00,1848.61,1849.5,1834.06,1846.76,42045.2437,0.0001
2023-05-09 16:00:00,1839.49,1858.0,1836.0,1852.43,60186.0846,5.218e-05
2023-05-10 16:00:00,1872.84,1880.0,1790.51,1849.4,244332.5204,4.334e-05
2023-05-11 08:00:00,1829.41,1829.42,1808.0,1820.84,78168.1201,2.198e-05
2023-05-13 00:00:00,1807.45,1817.03,1801.16,1805.61,41245.3238,2.858e-05
2023-05-13 08:00:00,1802.98,1811.46,1801.24,1803.78,29164.0211,2.366e-05
2023-05-16 08:00:00,1822.68,1827.18,1811.67,1816.53,41678.3576,1.255e-05
2023-05-16 16:00:00,1820.2,1832.64,1814.34,1816.8,57312.2353,6.009e-05
2023-05-17 08:00:00,1807.74,1808.56,1788.1,1790.2,81382.9367,-1.53e-05
2023-05-18 00:00:00,1822.12,1827.82,1818.28,1826.59,28953.3886,7.696e-05
2023-05-19 00:00:00,1800.56,1807.59,1796.81,1801.35,30749.276,4.796e-05
2023-05-19 16:00:00,1815.46,1822.87,1806.97,1811.44,41704.5359,0.0001
2023-05-22 08:00:00,1811.19,1820.17,1810.7,1814.32,37381.1985,5.518e-05
2023-05-24 00:00:00,1854.06,1854.09,1812.13,1821.95,69556.3537,9.078e-05
2023-05-25 00:00:00,1799.89,1807.33,1761.41,1781.27,102891.9865,1.449e-05
2023-05-26 00:00:00,1805.61,1808.98,1796.99,1807.41,34854.2847,0.0001
2023-05-28 16:00:00,1843.74,1858.93,1839.21,1848.77,57016.6208,2.481e-05
2023-05-29 00:00:00,1908.64,1927.62,1901.21,1903.77,99834.7525,0.0001
2023-05-30 08:00:00,1898.22,1917.0,1898.22,1915.4,46926.7615,0.0001
2023-05-31 08:00:00,1869.3,1873.46,1862.2,1865.19,38102.037,5.35e-06
2023-05-31 16:00:00,1857.95,1869.75,1854.28,1863.63,37383.4737,4.873e-05
2023-06-01 16:00:00,1863.36,1882.86,1857.02,1869.27,60378.5131,0.0001
2023-06-02 00:00:00,1861.78,1880.62,1847.51,1878.64,54178.4897,4.67e-05
2023-06-03 00:00:00,1906.69,1907.92,1897.42,1899.84,29463.7252,0.0001
2023-06-04 00:00:00,1892.05,1895.03,1884.22,1894.09,16525.8666,2.827e-05
2023-06-04 08:00:00,1900.21,1908.61,1898.61,1903.08,21792.4081,4.801e-05
2023-06-04 16:00:00,1901.76,1905.62,1896.17,1904.66,21097.5451,8.077e-05
2023-06-05 08:00:00,1873.4,1873.81,1862.94,1869.51,31604.8418,2.308e-05
2023-06-05 16:00:00,1820.69,1823.9,1778.0,1806.49,244006.8812,7.505e-05
2023-06-06 00:00:00,1810.49,1813.76,1803.15,1811.8,36961.6506,-4.896e-05
2023-06-07 00:00:00,1884.65,1897.8,1871.59,1877.48,66167.9314,0.0001
2023-06-07 16:00:00,1839.0,1852.5,1832.71,1850.36,77067.4355,2.658e-05
2023-06-08 08:00:00,1842.0,1848.99,1838.19,1843.8,25074.6428,5.971e-05
2023-06-08 16:00:00,1855.67,1856.24,1841.35,1847.73,25927.2378,6.27e-05
2023-06-09 00:00:00,1845.65,1849.02,1827.0,1838.23,43969.5148,7.287e-05
2023-06-09 08:00:00,1836.37,1847.42,1834.52,1843.79,29228.24,9.72e-06
2023-06-09 16:00:00,1841.71,1843.45,1830.37,1830.86,30368.3615,7.382e-05
2023-06-10 00:00:00,1840.37,1844.99,1822.13,1827.17,50640.2301,6.01e-05
2023-06-10 08:00:00,1731.79,1749.56,1715.03,1747.95,101456.4331,5.325e-05
2023-06-10 16:00:00,1737.39,1773.03,1718.5,1744.48,119236.9659,1.875e-05
2023-06-11 08:00:00,1752.92,1755.54,1745.15,1752.13,25102.8579,6.332e-05
2023-06-11 16:00:00,1740.8,1768.26,1739.76,1762.27,49706.6513,2.351e-05
2023-06-12 00:00:00,1752.77,1755.35,1720.11,1735.76,70840.0702,7.802e-05
2023-06-12 08:00:00,1736.7,1759.33,1734.28,1745.6,54970.7252,9.417e-05
2023-06-13 00:00:00,1742.57,1756.0,1728.43,1747.37,49910.0766,7.468e-05
2023-06-13 08:00:00,1748.28,1759.65,1746.32,1753.81,40038.3523,4.944e-05
2023-06-13 16:00:00,1730.17,1750.85,1729.21,1740.31,32821.2772,5.417e-05
2023-06-14 00:00:00,1740.12,1748.45,1738.26,1746.12,21088.1473,9.312e-05
2023-06-14 08:00:00,1741.28,1750.03,1740.9,1745.96,24121.4579,1.378e-05
2023-06-14 16:00:00,1741.04,1747.31,1720.01,1728.33,78982.7026,2.759e-05
2023-06-15 00:00:00,1650.95,1656.59,1643.73,1652.0,42833.9022,-7.479e-05
2023-06-15 08:00:00,1639.96,1645.16,1626.01,1643.05,76581.5059,-8.236e-05
2023-06-15 16:00:00,1642.42,1672.37,1633.79,1668.97,69902.4764,3.041e-05
2023-06-16 00:00:00,1666.96,1669.54,1660.0,1667.11,24990.3622,-8.034e-05
2023-06-16 08:00:00,1671.08,1677.13,1662.97,1664.42,34464.8078,-5.17e-05
2023-06-16 16:00:00,1682.32,1729.5,1677.56,1722.19,108494.3847,-1.294e-05
2023-06-17 00:00:00,1717.91,1721.88,1714.26,1718.74,19310.3829,6.711e-05
2023-06-17 08:00:00,1744.62,1747.45,1734.1,1738.41,24200.4981,0.0001
2023-06-17 16:00:00,1727.88,1732.47,1721.65,1728.39,22321.2303,-1.45e-06
2023-06-18 00:00:00,1727.75,1730.2,1720.47,1728.89,16287.0552,-7.19e-06
2023-06-18 08:00:00,1730.14,1735.38,1725.78,1734.44,15884.4653,-8.65e-06
2023-06-18 16:00:00,1738.12,1747.84,1736.22,1741.33,26340.0508,5.296e-05
2023-06-19 00:00:00,1720.95,1728.2,1714.32,1723.52,21220.3523,3.436e-05
2023-06-19 08:00:00,1724.48,1727.21,1720.05,1725.87,20541.0377,5.597e-05
2023-06-19 16:00:00,1721.45,1752.19,1698.0,1724.24,117978.2068,2.962e-05
2023-06-20 08:00:00,1729.98,1734.59,1724.1,1734.39,22974.6409,-2.167e-05
2023-06-20 16:00:00,1732.49,1791.88,1728.39,1782.1,141810.2991,2.359e-05
2023-06-21 00:00:00,1791.99,1828.26,1787.38,1811.38,94834.4444,0.0001
2023-06-21 08:00:00,1813.07,1833.44,1807.4,1829.65,57276.854,1.018e-05
2023-06-21 16:00:00,1849.81,1900.0,1846.88,1882.35,168789.6407,-2.36e-06
2023-06-22 00:00:00,1889.1,1933.17,1883.8,1918.45,113895.9015,0.0001
2023-06-22 16:00:00,1877.24,1892.46,1875.47,1889.6,45457.7931,0.0001
2023-06-23 00:00:00,1872.0,1883.61,1862.56,1881.75,38144.057,0.0001
2023-06-23 08:00:00,1880.44,1888.69,1874.64,1879.76,34861.9925,0.0001
2023-06-23 16:00:00,1917.61,1936.42,1886.01,1900.82,132470.7116,4.288e-05
2023-06-24 00:00:00,1892.63,1896.55,1878.15,1894.0,35282.2504,0.0001
2023-06-24 08:00:00,1883.04,1893.08,1882.27,1890.49,25201.3843,0.0001
2023-06-24 16:00:00,1874.31,1889.22,1867.2,1888.0,39590.9898,3.414e-05
2023-06-25 00:00:00,1874.95,1896.69,1868.83,1895.08,41710.745,0.0001
2023-06-25 08:00:00,1911.81,1924.51,1907.49,1918.37,52799.9087,0.0001
2023-06-25 16:00:00,1886.51,1895.51,1881.56,1894.6,38513.1659,0.0001
2023-06-26 00:00:00,1898.8,1904.26,1866.0,1880.46,73479.3543,0.0001
2023-06-26 08:00:00,1892.32,1893.95,1872.38,1880.87,66571.0777,7.153e-05
2023-06-26 16:00:00,1889.33,1890.69,1837.18,1854.1,140563.8432,7.038e-05
2023-06-27 00:00:00,1858.97,1878.93,1855.19,1872.15,51548.1044,4.477e-05
2023-06-27 08:00:00,1875.59,1890.51,1871.61,1881.53,52245.1205,6.237e-05
2023-06-27 16:00:00,1871.6,1912.53,1869.62,1894.39,119376.1212,1.184e-05
2023-06-28 00:00:00,1889.58,1890.19,1853.7,1866.46,82712.545,0.0001
2023-06-28 08:00:00,1851.0,1865.2,1850.24,1861.1,30275.4003,2.202e-05
2023-06-28 16:00:00,1859.6,1864.86,1816.56,1832.45,75349.1623,3.873e-05
2023-06-29 00:00:00,1828.03,1843.08,1827.84,1838.04,24108.5426,1.497e-05
2023-06-29 08:00:00,1847.45,1872.84,1846.74,1869.6,63671.9842,1.188e-05
2023-06-29 16:00:00,1851.79,1860.0,1841.38,1857.48,33223.9362,0.0001
2023-06-30 00:00:00,1851.99,1879.0,1841.5,1873.34,53052.3556,3.965e-05
2023-06-30 08:00:00,1887.81,1894.38,1883.44,1891.1,52089.9317,0.0001
2023-07-01 00:00:00,1933.8,1944.56,1917.28,1920.16,52121.6969,0.0001
2023-07-01 08:00:00,1920.04,1926.87,1911.6,1922.55,31289.1475,0.0001
2023-07-01 16:00:00,1922.63,1924.2,1916.6,1922.6,18792.3057,0.0001
2023-07-02 00:00:00,1924.5,1926.7,1911.26,1913.91,31697.9657,0.0001
2023-07-02 08:00:00,1914.96,1922.4,1911.83,1919.99,22339.8549,0.0001
2023-07-03 00:00:00,1937.49,1953.5,1933.55,1949.01,39170.5758,0.0001
2023-07-03 08:00:00,1966.83,1976.0,1954.6,1962.01,53017.1389,0.0001
2023-07-03 16:00:00,1968.17,1974.71,1953.26,1967.4,63204.4368,0.0001
2023-07-04 08:00:00,1948.81,1961.99,1946.54,1960.53,31901.0301,0.0001
2023-07-04 16:00:00,1954.19,1965.57,1931.58,1934.29,57187.4738,0.0001
2023-07-05 00:00:00,1936.19,1942.5,1933.64,1941.28,19400.9952,0.0001
2023-07-05 08:00:00,1936.36,1937.07,1905.0,1910.08,89042.8555,0.0001
2023-07-05 16:00:00,1902.97,1918.0,1901.26,1907.71,32428.3913,0.0001
2023-07-06 00:00:00,1910.35,1915.63,1898.8,1913.51,32525.109,0.0001
2023-07-06 08:00:00,1925.09,1958.0,1910.39,1917.65,106976.8268,0.0001
2023-07-06 16:00:00,1888.66,1894.24,1878.4,1885.21,39809.5986,2.778e-05
2023-07-07 00:00:00,1846.17,1859.89,1826.0,1858.02,71744.6908,7.449e-05
2023-07-07 08:00:00,1856.41,1865.6,1853.81,1860.17,26990.404,3.362e-05
2023-07-07 16:00:00,1872.04,1875.27,1856.29,1864.31,26375.5593,2.585e-05
2023-07-08 00:00:00,1870.92,1876.0,1862.88,1863.94,24823.0467,3.796e-05
2023-07-08 08:00:00,1861.69,1867.8,1857.2,1859.01,17175.5158,1.339e-05
2023-07-08 16:00:00,1859.43,1866.0,1843.6,1846.89,25866.2133,-4.17e-06
2023-07-09 00:00:00,1865.24,1874.45,1862.71,1867.84,22297.5777,3.226e-05
2023-07-09 08:00:00,1867.42,1870.04,1864.21,1868.98,14426.1524,2.878e-05
2023-07-09 16:00:00,1866.13,1868.79,1861.68,1868.42,14827.2391,3.18e-05
2023-07-10 00:00:00,1862.81,1867.77,1846.63,1861.66,39810.1973,2.726e-05
2023-07-10 08:00:00,1856.2,1865.32,1849.4,1864.0,30571.8374,4.524e-05
2023-07-10 16:00:00,1871.09,1901.11,1865.54,1899.98,62902.1649,7.179e-05
2023-07-11 00:00:00,1880.41,1884.54,1875.5,1879.81,25511.3696,9.527e-05
2023-07-11 08:00:00,1883.01,1883.82,1863.99,1867.55,39895.4986,7.653e-05
2023-07-11 16:00:00,1871.68,1876.35,1866.01,1874.93,24992.4792,2.549e-05
2023-07-12 00:00:00,1878.31,1889.38,1876.51,1880.24,31244.0909,8.29e-05
2023-07-12 08:00:00,1890.59,1892.0,1886.4,1890.65,22536.9578,0.0001
2023-07-12 16:00:00,1883.77,1891.5,1866.98,1870.04,47730.9908,7.32e-05
2023-07-13 00:00:00,1871.82,1876.13,1866.0,1867.4,20738.9947,-8.22e-06
2023-07-13 08:00:00,1870.37,1885.21,1869.86,1883.72,27114.1954,5.591e-05
2023-07-13 16:00:00,1932.8,2012.63,1930.9,1995.25,295630.989,-4.55e-05
2023-07-14 00:00:00,2004.49,2029.11,2002.17,2009.26,92370.2999,0.0001
2023-07-14 08:00:00,1991.21,2003.42,1983.81,1992.22,47920.7749,0.0001
2023-07-14 16:00:00,1998.52,2001.18,1898.39,1912.91,205332.2213,0.0001
2023-07-15 00:00:00,1937.82,1937.83,1926.23,1930.35,25232.7571,-1.31e-06
2023-07-15 08:00:00,1941.86,1946.37,1936.7,1939.82,24582.0957,8.11e-05
2023-07-15 16:00:00,1934.81,1939.05,1929.44,1933.68,20470.2865,8.792e-05
2023-07-16 08:00:00,1925.43,1936.52,1925.42,1933.01,16106.1554,4.632e-05
2023-07-16 16:00:00,1936.81,1939.43,1925.79,1927.78,17278.6165,4.081e-05
2023-07-17 00:00:00,1922.12,1932.6,1917.23,1931.23,27528.747,2.809e-05
2023-07-17 08:00:00,1928.7,1931.35,1889.36,1910.09,62445.5076,2.313e-05
2023-07-17 16:00:00,1908.81,1913.2,1873.26,1886.39,84499.4882,3.963e-05
2023-07-18 00:00:00,1911.21,1917.19,1906.25,1908.88,19832.6141,6.696e-05
2023-07-18 08:00:00,1898.99,1909.64,1890.8,1894.15,39215.5098,8.539e-05
2023-07-18 16:00:00,1897.21,1903.58,1875.73,1892.05,47300.3775,7.161e-05
2023-07-19 00:00:00,1897.21,1915.44,1895.09,1912.48,34769.6794,6.538e-05
2023-07-19 08:00:00,1908.6,1911.95,1902.28,1909.28,19800.2821,0.0001
2023-07-20 00:00:00,1888.64,1899.9,1882.7,1894.33,26585.8812,-2.41e-06
2023-07-20 08:00:00,1912.51,1929.05,1911.5,1921.47,64547.2427,9.217e-05
2023-07-20 16:00:00,1888.6,1893.67,1878.0,1887.98,52952.1113,0.0001
2023-07-21 08:00:00,1889.3,1894.15,1884.64,1889.25,27048.9108,4.73e-06
2023-07-21 16:00:00,1891.08,1905.74,1885.13,1894.64,41130.9797,7.376e-05
2023-07-22 00:00:00,1891.73,1897.35,1891.14,1892.85,16937.6107,5.769e-05
2023-07-22 08:00:00,1891.78,1894.53,1883.79,1888.02,17018.2964,-4.15e-06
2023-07-22 16:00:00,1888.64,1890.59,1882.02,1887.28,13388.0249,1.649e-05
2023-07-23 00:00:00,1866.52,1873.4,1857.82,1869.28,32510.5202,1.578e-05
2023-07-23 08:00:00,1875.04,1878.43,1873.8,1874.69,10736.3674,3.411e-05
2023-07-23 16:00:00,1873.96,1905.25,1873.95,1889.13,54855.0153,5.404e-05
2023-07-24 00:00:00,1888.74,1890.86,1866.01,1868.36,30865.5076,0.0001
2023-07-24 08:00:00,1875.0,1875.0,1833.19,1853.04,88893.4155,-8e-07
2023-07-24 16:00:00,1843.09,1851.21,1839.08,1849.38,41257.035,7.167e-05
2023-07-25 00:00:00,1850.0,1856.44,1845.45,1850.81,20879.7213,8.389e-05
2023-07-25 08:00:00,1850.73,1863.2,1849.38,1853.4,25345.0716,0.0001
2023-07-25 16:00:00,1858.04,1866.38,1852.92,1857.08,29212.5097,7.49e-05
2023-07-26 00:00:00,1857.66,1866.94,1851.73,1858.7,29321.2534,9.056e-05
2023-07-26 16:00:00,1860.71,1883.0,1855.11,1873.19,89922.0138,9.889e-05
2023-07-27 00:00:00,1871.99,1879.07,1867.05,1876.08,25910.0192,0.0001
2023-07-27 08:00:00,1871.88,1886.11,1869.8,1876.77,34681.7793,8.145e-05
2023-07-28 00:00:00,1861.29,1864.99,1860.0,1862.84,13831.2096,4.95e-05
2023-07-28 08:00:00,1859.23,1869.04,1858.88,1866.64,27404.9207,5.36e-05
2023-07-28 16:00:00,1875.21,1879.56,1866.27,1874.08,21723.5545,9.408e-05
2023-07-29 00:00:00,1874.2,1877.0,1873.06,1873.61,10394.4074,0.0001
2023-07-29 08:00:00,1872.2,1873.68,1869.54,1870.47,12118.1111,1.485e-05
2023-07-30 00:00:00,1880.45,1881.52,1877.47,1878.5,9831.0191,0.0001
2023-07-30 08:00:00,1875.29,1876.88,1872.44,1876.18,18258.0997,1.949e-05
2023-07-30 16:00:00,1876.43,1879.21,1857.99,1862.51,39646.5646,3.686e-05
2023-07-31 00:00:00,1861.79,1877.4,1861.12,1869.14,30423.207,4.9e-07
2023-07-31 08:00:00,1865.34,1870.0,1864.73,1867.8,22294.901,1.7e-06
2023-08-01 00:00:00,1856.13,1864.7,1815.98,1826.49,95811.9535,8.008e-05
2023-08-01 08:00:00,1834.18,1837.37,1830.2,1830.7,28479.3773,3.03e-05
2023-08-01 16:00:00,1834.59,1857.46,1829.81,1850.96,62169.256,0.0001
2023-08-02 00:00:00,1873.48,1879.74,1863.04,1863.28,52640.0042,0.0001
2023-08-02 08:00:00,1857.08,1861.01,1853.66,1859.9,30559.9204,0.0001
2023-08-02 16:00:00,1842.42,1847.53,1821.21,1841.84,68067.3737,0.0001
2023-08-03 00:00:00,1839.9,1846.07,1837.2,1840.73,20507.4174,0.0001
2023-08-03 08:00:00,1832.16,1838.78,1826.0,1837.62,26059.807,0.0001
2023-08-04 00:00:00,1835.81,1839.07,1828.35,1834.3,22375.3279,0.0001
2023-08-04 08:00:00,1837.81,1840.58,1833.38,1834.6,20930.5369,4.83e-05
2023-08-04 16:00:00,1847.26,1848.57,1827.16,1831.33,38885.2683,0.0001
2023-08-05 00:00:00,1830.24,1834.02,1827.5,1832.49,18245.7254,6.861e-05
2023-08-05 08:00:00,1831.07,1835.0,1830.2,1832.74,11568.6158,9.22e-05
2023-08-06 00:00:00,1836.48,1838.58,1833.34,1834.77,15221.2648,0.0001
2023-08-07 00:00:00,1830.28,1847.0,1826.41,1838.71,31521.4171,0.0001
2023-08-07 08:00:00,1836.87,1837.39,1832.55,1834.22,17992.8285,9.331e-05
2023-08-07 16:00:00,1818.18,1831.33,1802.0,1825.28,82062.6536,0.0001
2023-08-08 00:00:00,1829.1,1835.41,1826.33,1830.0,22654.7555,6.695e-05
2023-08-08 08:00:00,1830.56,1839.31,1830.09,1839.09,20180.8621,0.0001
2023-08-08 16:00:00,1843.58,1871.43,1843.4,1859.07,85154.029,4.942e-05
2023-08-09 00:00:00,1856.3,1861.02,1852.18,1854.9,31722.0708,0.0001
2023-08-09 08:00:00,1861.11,1866.25,1858.06,1862.79,27463.4485,1.575e-05
2023-08-09 16:00:00,1853.2,1855.0,1846.28,1848.4,30829.3811,6.699e-05
2023-08-10 08:00:00,1851.05,1854.66,1849.78,1850.92,15849.1767,9.807e-05
2023-08-10 16:00:00,1853.77,1854.27,1845.38,1849.89,21000.8906,8.989e-05
2023-08-11 00:00:00,1852.47,1854.8,1842.81,1846.66,20347.1089,3.796e-05
2023-08-11 08:00:00,1849.38,1851.72,1845.85,1851.33,12911.1236,7.02e-06
2023-08-11 16:00:00,1845.8,1848.92,1838.05,1844.56,22951.8757,4.072e-05
2023-08-12 00:00:00,1848.84,1854.01,1847.66,1847.8,12470.6044,6.253e-05
2023-08-12 08:00:00,1850.69,1851.49,1848.63,1850.85,10880.1993,4.437e-05
2023-08-12 16:00:00,1850.84,1852.68,1847.2,1847.43,8957.5182,6.868e-05
2023-08-13 00:00:00,1849.94,1851.55,1849.1,1849.9,8711.1977,5.65e-05
2023-08-13 08:00:00,1850.0,1851.28,1849.0,1849.4,8302.8929,3.083e-05
2023-08-13 16:00:00,1848.01,1862.0,1846.0,1858.59,26140.1637,9.458e-05
2023-08-14 08:00:00,1849.8,1852.25,1846.4,1848.0,19944.5475,0.0001
2023-08-14 16:00:00,1853.4,1855.68,1839.83,1842.63,28417.172,9.882e-05
2023-08-15 08:00:00,1843.7,1845.16,1839.0,1840.27,24539.4203,9.894e-05
2023-08-15 16:00:00,1840.4,1842.28,1814.0,1827.67,70828.386,8.909e-05
2023-08-16 00:00:00,1828.98,1831.52,1827.82,1828.78,14071.8444,7.286e-05
2023-08-16 16:00:00,1820.59,1829.22,1816.13,1820.95,31649.5667,0.0001
2023-08-17 00:00:00,1807.81,1809.99,1780.04,1798.52,67300.8512,0.0001
2023-08-17 08:00:00,1799.95,1800.04,1784.49,1787.91,40723.6521,7.426e-05
2023-08-17 16:00:00,1739.62,1749.0,1726.0,1738.26,93868.6037,7.146e-05
2023-08-18 00:00:00,1681.49,1699.4,1672.86,1677.0,113563.4042,-0.00017498
2023-08-18 08:00:00,1690.6,1697.0,1678.48,1685.9,57349.8191,8.602e-05
2023-08-18 16:00:00,1660.72,1678.57,1641.02,1657.61,134302.0897,2.951e-05
2023-08-19 00:00:00,1661.6,1671.64,1656.3,1659.59,36611.7398,-4.58e-05
2023-08-19 08:00:00,1661.29,1665.92,1659.22,1660.01,27730.1949,-7.861e-05
2023-08-19 16:00:00,1683.37,1696.72,1674.93,1677.38,63428.4039,-8.349e-05
2023-08-20 00:00:00,1669.68,1675.19,1665.11,1668.22,27474.38,-0.00011445
2023-08-20 08:00:00,1665.92,1675.85,1663.4,1674.92,38478.6427,-9.092e-05
2023-08-20 16:00:00,1671.14,1679.79,1665.71,1678.24,23807.0529,-1.625e-05
2023-08-21 00:00:00,1685.23,1685.66,1675.41,1677.13,34392.6417,-4.01e-05
2023-08-21 08:00:00,1671.92,1675.19,1660.21,1672.77,48993.3331,-4.365e-05
2023-08-21 16:00:00,1657.68,1675.2,1656.91,1672.36,33758.646,5.92e-06
2023-08-22 00:00:00,1667.56,1669.38,1661.57,1664.19,19880.4187,3.645e-05
2023-08-22 08:00:00,1666.63,1668.03,1660.17,1662.58,26597.1586,-6.552e-05
2023-08-22 16:00:00,1649.88,1651.29,1619.0,1625.21,145820.9987,-3.757e-05
2023-08-23 00:00:00,1635.0,1642.47,1629.05,1632.01,33689.5718,-2.059e-05
2023-08-23 08:00:00,1645.3,1648.95,1639.89,1642.39,27505.0454,-1.6e-06
2023-08-23 16:00:00,1657.37,1702.11,1655.8,1687.2,127168.7973,3.34e-06
2023-08-24 00:00:00,1679.61,1683.37,1672.36,1675.54,19916.6537,2.659e-05
2023-08-24 08:00:00,1674.69,1677.86,1666.2,1667.68,29154.192,-9.57e-06
2023-08-24 16:00:00,1643.4,1656.53,1635.28,1649.99,65027.6332,-1.897e-05
2023-08-25 00:00:00,1661.16,1664.28,1645.66,1655.29,32157.9357,-2.692e-05
2023-08-25 08:00:00,1651.3,1658.96,1651.16,1654.1,17324.5318,-1.529e-05
2023-08-25 16:00:00,1646.27,1655.65,1635.51,1647.01,43652.9641,4.98e-06
2023-08-26 00:00:00,1653.79,1655.59,1651.62,1654.62,12384.0083,3.56e-05
2023-08-26 08:00:00,1652.82,1654.01,1646.66,1650.5,22793.8261,-5.5e-07
2023-08-26 16:00:00,1651.51,1652.0,1644.0,1646.22,16449.362,-6.303e-05
2023-08-27 00:00:00,1647.03,1650.5,1646.32,1647.28,9778.2217,3.99e-06
2023-08-27 08:00:00,1648.45,1652.69,1647.38,1649.31,14745.4922,1.535e-05
2023-08-27 16:00:00,1655.44,1660.24,1650.05,1655.89,14963.4119,2.696e-05
2023-08-28 00:00:00,1658.33,1658.33,1648.06,1649.9,25731.4406,-1.76e-06
2023-08-29 00:00:00,1653.08,1662.32,1650.75,1652.45,28608.7081,3.145e-05
2023-08-29 08:00:00,1647.48,1647.95,1640.0,1642.21,22359.7645,1.139e-05
2023-08-29 16:00:00,1715.0,1745.84,1708.91,1735.28,139154.6782,-0.0001273
2023-08-30 00:00:00,1729.41,1730.93,1712.76,1718.62,37762.0389,7.488e-05
2023-08-30 08:00:00,1717.6,1720.55,1711.19,1716.2,26921.1062,7.249e-05
2023-08-30 16:00:00,1703.61,1705.21,1695.93,1701.55,27361.1572,4.644e-05
2023-08-31 00:00:00,1705.23,1705.23,1697.29,1699.16,13214.5273,3.628e-05
2023-08-31 08:00:00,1706.42,1729.0,1703.75,1713.7,43750.6782,5.955e-05
2023-08-31 16:00:00,1689.0,1689.01,1643.12,1657.12,127135.5857,2.375e-05
2023-09-01 00:00:00,1645.77,1654.53,1645.23,1652.2,22943.8273,3.532e-05
2023-09-01 08:00:00,1646.27,1648.51,1641.15,1646.89,21795.4728,-1.812e-05
2023-09-02 00:00:00,1629.13,1634.42,1628.03,1632.46,19482.3376,8.05e-06
2023-09-02 08:00:00,1631.7,1636.95,1630.18,1634.66,16540.4072,-1.621e-05
2023-09-02 16:00:00,1638.8,1640.81,1628.21,1633.61,17613.4488,6.05e-06
2023-09-03 00:00:00,1637.02,1637.38,1631.72,1636.18,10997.8334,1.39e-05
2023-09-03 08:00:00,1635.58,1636.09,1631.06,1634.39,12581.3457,-2.475e-05
2023-09-03 16:00:00,1633.14,1643.36,1625.14,1639.01,31378.2315,-6.21e-06
2023-09-04 00:00:00,1635.84,1644.82,1632.3,1637.68,15844.7137,-7.5e-07
2023-09-04 08:00:00,1638.97,1640.69,1631.14,1632.15,28151.7557,-7.752e-05
2023-09-04 16:00:00,1626.21,1635.91,1625.51,1631.34,22527.6385,9.8e-06
2023-09-05 00:00:00,1630.52,1631.32,1609.69,1618.18,34842.6257,3.126e-05
2023-09-05 08:00:00,1625.02,1638.74,1620.84,1635.55,31818.8372,2.9e-06
2023-09-05 16:00:00,1636.62,1643.45,1632.22,1632.37,27113.1703,9.77e-06
2023-09-06 00:00:00,1634.46,1640.31,1631.68,1633.49,19545.093,2.88e-05
2023-09-06 08:00:00,1629.41,1636.36,1628.63,1632.71,15885.4917,-3.144e-05
2023-09-07 00:00:00,1633.15,1640.11,1631.8,1640.1,46227.3667,4.502e-05
2023-09-07 08:00:00,1635.83,1635.84,1626.1,1627.32,20154.4235,7.831e-05
2023-09-07 16:00:00,1630.52,1641.18,1629.74,1637.3,30848.4456,4.354e-05
2023-09-08 00:00:00,1648.11,1658.93,1643.88,1646.52,22896.6822,5.596e-05
2023-09-08 08:00:00,1646.88,1647.59,1616.21,1626.02,63057.3261,2.685e-05
2023-09-08 16:00:00,1628.61,1635.17,1624.65,1634.6,29490.8511,2.497e-05
2023-09-09 00:00:00,1636.43,1636.98,1633.52,1634.47,6529.6276,5.008e-05
2023-09-09 08:00:00,1634.54,1636.1,1633.46,1635.24,10678.5131,2.832e-05
2023-09-09 16:00:00,1635.18,1637.52,1632.32,1633.99,7300.1654,4.629e-05
2023-09-10 00:00:00,1635.53,1635.7,1626.8,1631.25,12199.2401,3.947e-05
2023-09-10 08:00:00,1624.87,1626.48,1619.25,1624.43,16710.0076,1.527e-05
2023-09-10 16:00:00,1619.8,1620.09,1600.0,1616.84,73942.3517,7.75e-06
2023-09-11 00:00:00,1617.42,1619.0,1603.22,1612.41,24860.0307,4.838e-05
2023-09-11 08:00:00,1612.22,1612.6,1575.53,1586.53,96932.4935,5.747e-05
2023-09-12 00:00:00,1551.84,1594.82,1549.67,1584.81,65173.2771,-4.991e-05
2023-09-12 08:00:00,1580.04,1626.0,1576.38,1609.48,78386.1062,-2.671e-05
2023-09-12 16:00:00,1603.84,1622.0,1584.57,1598.51,61764.5334,-1.44e-06
2023-09-13 00:00:00,1592.97,1601.29,1586.81,1589.77,23319.9694,2.004e-05
2023-09-13 08:00:00,1584.51,1607.05,1583.25,1604.59,43206.047,-3.26e-05
2023-09-13 16:00:00,1608.17,1615.76,1595.43,1599.31,42279.0423,3.87e-05
2023-09-14 00:00:00,1607.61,1638.0,1607.05,1620.0,76409.7664,-3.64e-05
2023-09-14 16:00:00,1634.62,1644.29,1626.71,1635.99,42727.4508,-5.6e-06
2023-09-15 00:00:00,1626.48,1635.8,1622.36,1634.61,24423.2447,7.26e-06
2023-09-15 08:00:00,1627.85,1632.07,1617.75,1620.66,24351.3404,-2.473e-05
2023-09-15 16:00:00,1619.47,1623.48,1617.47,1621.21,17115.9745,3.877e-05
2023-09-16 00:00:00,1641.3,1653.17,1638.68,1641.58,27900.8988,0.0001
2023-09-16 08:00:00,1636.8,1638.6,1631.31,1635.75,16630.4273,9.3e-06
2023-09-16 16:00:00,1634.45,1639.42,1631.74,1633.4,13671.7848,2.24e-06
2023-09-17 00:00:00,1634.4,1634.4,1619.54,1628.98,28539.2726,2.272e-05
2023-09-17 08:00:00,1627.76,1635.0,1627.24,1629.3,16044.1817,-9.41e-06
2023-09-17 16:00:00,1629.49,1629.49,1617.76,1625.71,17217.7528,4.182e-05
2023-09-18 00:00:00,1622.48,1636.54,1603.88,1630.29,50290.7712,6.22e-06
2023-09-18 08:00:00,1634.01,1658.52,1630.82,1655.88,64131.5421,1.365e-05
2023-09-18 16:00:00,1655.35,1658.67,1632.97,1640.72,53287.0486,2.976e-05
2023-09-19 00:00:00,1636.66,1639.88,1626.32,1634.62,27293.7609,-1.298e-05
2023-09-19 16:00:00,1656.8,1659.52,1640.17,1644.08,29103.5307,1.153e-05
2023-09-20 00:00:00,1643.13,1649.34,1635.54,1637.76,23277.2251,4.614e-05
2023-09-20 08:00:00,1634.53,1638.42,1618.48,1629.69,44207.5302,2.387e-05
2023-09-20 16:00:00,1629.29,1640.79,1604.51,1616.16,65402.4953,2.909e-05
2023-09-21 08:00:00,1618.25,1622.5,1588.72,1594.95,75053.1929,7.655e-05
2023-09-21 16:00:00,1583.64,1592.98,1582.03,1589.75,31285.6308,-6.38e-06
2023-09-22 00:00:00,1583.94,1596.32,1576.58,1594.52,25366.6616,2.241e-05
2023-09-22 08:00:00,1595.64,1602.68,1593.05,1596.94,19641.7292,2.865e-05
2023-09-22 16:00:00,1593.44,1599.2,1586.83,1592.48,24318.4565,3.523e-05
2023-09-23 00:00:00,1593.07,1598.24,1590.26,1591.01,14775.4421,2.817e-05
2023-09-23 08:00:00,1594.45,1594.78,1591.06,1593.3,8570.1298,2.963e-05
2023-09-23 16:00:00,1590.48,1595.31,1588.85,1594.79,11559.6476,2.321e-05
2023-09-24 00:00:00,1593.85,1594.82,1590.9,1592.31,9268.9521,2.991e-05
2023-09-24 08:00:00,1591.9,1596.27,1591.9,1593.9,12299.0171,-5.58e-06
2023-09-24 16:00:00,1590.64,1601.12,1578.17,1586.38,59134.4782,4.671e-05
2023-09-25 00:00:00,1580.71,1588.2,1563.01,1577.72,47798.9848,2.857e-05
2023-09-25 08:00:00,1581.26,1583.12,1565.81,1569.01,23091.028,4.305e-05
2023-09-25 16:00:00,1584.64,1597.5,1584.63,1591.47,32676.2619,5.13e-05
2023-09-26 00:00:00,1588.34,1594.53,1586.17,1591.95,14287.4977,6.471e-05
2023-09-26 08:00:00,1588.9,1599.78,1585.8,1591.47,28147.7865,1.558e-05
2023-09-26 16:00:00,1582.99,1592.85,1582.09,1589.42,19180.6848,5.673e-05
2023-09-27 00:00:00,1594.02,1597.97,1589.65,1595.74,17756.1468,0.0001
2023-09-27 16:00:00,1601.64,1603.12,1583.5,1597.67,41368.2531,4.982e-05
2023-09-28 00:00:00,1598.63,1615.59,1598.14,1606.35,56894.617,8.17e-06
2023-09-28 08:00:00,1619.35,1637.76,1614.47,1623.7,54279.4193,4.301e-05
2023-09-28 16:00:00,1652.57,1668.21,1645.24,1658.3,87438.2819,2.239e-05
2023-09-29 00:00:00,1653.0,1658.7,1648.37,1651.62,33899.1802,-3.93e-06
2023-09-29 08:00:00,1686.19,1686.6,1666.54,1668.79,39718.4607,4.429e-05
2023-09-29 16:00:00,1672.25,1673.21,1657.0,1665.19,26538.4549,1.2e-07
2023-09-30 00:00:00,1667.45,1672.56,1666.19,1670.3,15576.1657,9.07e-06
2023-09-30 08:00:00,1671.95,1679.24,1671.63,1675.96,20976.5902,-2.413e-05
2023-09-30 16:00:00,1683.32,1686.22,1673.6,1679.13,24124.6022,1.168e-05
2023-10-01 00:00:00,1670.89,1677.8,1670.42,1674.49,12329.343,-1.276e-05
2023-10-01 08:00:00,1678.45,1692.08,1676.71,1688.84,26268.5062,8.22e-06
2023-10-01 16:00:00,1684.02,1684.43,1671.0,1676.25,23243.781,3.599e-05
2023-10-02 00:00:00,1733.8,1735.53,1718.21,1729.37,46821.9047,0.0001
2023-10-02 08:00:00,1730.43,1744.0,1724.91,1725.07,47461.8127,6.308e-05
2023-10-02 16:00:00,1691.61,1693.95,1640.0,1674.33,107111.1461,6.372e-05
2023-10-03 00:00:00,1662.41,1668.4,1659.91,1665.74,26769.4064,3.9e-07
2023-10-03 08:00:00,1662.42,1667.68,1650.15,1656.33,36159.7651,1.728e-05
2023-10-03 16:00:00,1648.45,1658.6,1646.0,1650.28,33991.3368,7.087e-05
2023-10-04 00:00:00,1656.88,1657.66,1625.0,1641.85,63002.4117,4.62e-05
2023-10-04 08:00:00,1644.77,1652.57,1643.65,1646.6,22425.0878,7.38e-06
2023-10-04 16:00:00,1632.64,1654.81,1631.7,1643.01,48215.3838,2.618e-05
2023-10-05 00:00:00,1646.58,1655.47,1642.01,1642.23,27258.1017,2.065e-05
2023-10-05 08:00:00,1636.07,1642.0,1634.73,1636.66,19878.1567,2.685e-05
2023-10-06 00:00:00,1611.79,1625.35,1611.79,1624.28,20730.252,0.0001
2023-10-06 08:00:00,1630.88,1639.5,1628.81,1634.69,30221.3508,8.473e-05
2023-10-06 16:00:00,1642.87,1654.67,1634.43,1646.24,39470.9163,5.905e-05
2023-10-07 00:00:00,1645.03,1647.71,1640.0,1641.2,16194.6743,8.468e-05
2023-10-07 08:00:00,1636.78,1643.29,1636.13,1638.67,21807.812,3.736e-05
2023-10-07 16:00:00,1638.54,1639.37,1630.03,1630.59,18765.212,3.615e-05
2023-10-08 00:00:00,1633.56,1641.4,1633.56,1639.0,17982.4757,9.048e-05
2023-10-08 16:00:00,1631.2,1638.95,1629.21,1635.71,22437.5204,9.791e-05
2023-10-09 00:00:00,1632.85,1636.0,1623.37,1633.65,22816.6025,0.0001
2023-10-09 08:00:00,1620.73,1621.81,1583.32,1590.65,96411.3272,6.572e-05
2023-10-09 16:00:00,1586.28,1586.88,1546.0,1581.45,139048.1127,3.935e-05
2023-10-10 00:00:00,1580.13,1592.91,1576.03,1584.86,30657.2523,6.268e-05
2023-10-10 08:00:00,1590.22,1594.9,1577.2,1579.58,32499.245,8.857e-05
2023-10-10 16:00:00,1567.85,1572.89,1557.57,1566.01,44916.4407,5.511e-05
2023-10-11 00:00:00,1567.62,1575.75,1544.26,1556.55,50344.7614,2.257e-05
2023-10-11 08:00:00,1557.02,1578.43,1556.47,1572.8,42206.6706,5.392e-05
2023-10-11 16:00:00,1559.45,1566.66,1548.92,1563.26,53267.5283,4.725e-05
2023-10-12 00:00:00,1566.86,1568.56,1556.27,1561.81,23145.9845,4.026e-05
2023-10-12 08:00:00,1559.32,1561.04,1534.55,1552.06,58020.287,2.69e-05
2023-10-12 16:00:00,1541.66,1545.19,1521.0,1531.51,66272.4477,7.112e-05
2023-10-13 00:00:00,1539.61,1547.58,1538.12,1539.1,22082.9842,3.69e-05
2023-10-13 08:00:00,1549.55,1552.39,1543.02,1546.52,20295.9729,3.476e-05
2023-10-13 16:00:00,1539.63,1549.04,1539.33,1545.94,19384.0955,2.693e-05
2023-10-14 00:00:00,1552.16,1556.48,1549.43,1553.72,16502.3841,1.068e-05
2023-10-14 08:00:00,1547.78,1549.51,1544.55,1547.12,12799.1289,3.108e-05
2023-10-14 16:00:00,1556.22,1558.62,1552.73,1555.33,14037.9321,6.65e-05
2023-10-15 00:00:00,1554.94,1557.84,1549.6,1554.44,16712.1544,7.083e-05
2023-10-15 08:00:00,1554.95,1560.17,1553.95,1555.55,10205.6721,5.253e-05
2023-10-15 16:00:00,1553.88,1565.38,1550.35,1560.41,20936.003,2.062e-05
2023-10-16 00:00:00,1557.78,1567.0,1555.06,1563.0,18583.0796,5.18e-05
2023-10-16 08:00:00,1578.73,1587.13,1575.0,1582.72,38298.1454,4.393e-05
2023-10-16 16:00:00,1577.61,1602.47,1573.33,1589.8,50175.2317,8.412e-05
2023-10-17 00:00:00,1599.41,1600.53,1588.3,1589.3,25822.5716,1.957e-05
2023-10-17 08:00:00,1590.37,1594.05,1582.89,1584.42,27294.0568,2.557e-05
2023-10-17 16:00:00,1575.5,1580.26,1551.08,1564.15,50830.5939,6.742e-05
2023-10-18 00:00:00,1565.01,1571.94,1562.4,1568.23,17983.9215,5.947e-05
2023-10-18 08:00:00,1572.47,1585.42,1568.94,1578.76,33419.4023,1.385e-05
2023-10-18 16:00:00,1570.11,1574.86,1562.82,1562.95,26070.8467,6.495e-05
2023-10-19 00:00:00,1563.45,1567.12,1541.61,1549.07,45924.5021,4.251e-05
2023-10-19 16:00:00,1561.2,1574.45,1559.86,1568.0,49123.4238,5.842e-05
2023-10-20 00:00:00,1566.57,1594.99,1561.19,1586.72,54738.204,3.868e-05
2023-10-20 16:00:00,1605.45,1609.85,1597.15,1606.73,30934.0372,7.072e-05
2023-10-21 00:00:00,1603.88,1606.45,1592.36,1597.69,17802.1621,4.902e-05
2023-10-21 08:00:00,1606.58,1609.85,1602.95,1608.68,17410.5936,1.735e-05
2023-10-21 16:00:00,1628.7,1644.53,1620.16,1635.19,60266.8226,3.771e-05
2023-10-22 00:00:00,1628.94,1641.25,1623.26,1629.73,33360.9601,7.554e-05
2023-10-22 08:00:00,1630.31,1635.98,1624.5,1628.56,26276.0955,2.649e-05
2023-10-22 16:00:00,1625.74,1640.95,1624.23,1635.0,22603.7886,6.03e-06
2023-10-23 00:00:00,1663.69,1701.43,1657.07,1694.54,115141.8556,9.262e-05
2023-10-24 00:00:00,1765.47,1850.0,1757.64,1809.26,223410.3789,0.0001
2023-10-24 08:00:00,1808.98,1845.69,1806.24,1845.68,73754.2692,0.0001
2023-10-24 16:00:00,1778.18,1799.97,1756.21,1777.52,70046.9863,0.0001
2023-10-25 00:00:00,1784.98,1807.01,1777.21,1788.67,59650.5338,0.0001
2023-10-25 08:00:00,1769.24,1793.32,1760.0,1785.57,51844.8354,0.0001
2023-10-26 08:00:00,1849.35,1865.54,1803.77,1812.32,115737.0737,0.0001
2023-10-26 16:00:00,1778.23,1794.25,1762.21,1792.54,42446.7202,0.0001
2023-10-27 00:00:00,1803.39,1803.91,1772.83,1791.22,32947.4478,0.0001
2023-10-27 08:00:00,1776.78,1791.37,1775.44,1781.33,35676.4627,0.0001
2023-10-27 16:00:00,1782.8,1784.76,1744.66,1774.34,75936.2918,0.0001
2023-10-28 00:00:00,1779.41,1793.46,1778.87,1789.95,24336.5915,0.0001
2023-10-28 16:00:00,1790.78,1790.96,1776.75,1777.08,14340.5046,0.0001
2023-10-29 00:00:00,1776.21,1781.9,1762.66,1774.98,19371.2877,0.0001
2023-10-29 08:00:00,1783.11,1793.01,1783.02,1788.66,22082.2123,0.0001
2023-10-29 16:00:00,1792.2,1806.77,1786.01,1793.07,33490.4299,0.0001
2023-10-30 00:00:00,1795.14,1798.1,1778.43,1782.9,36110.9132,0.0001
2023-10-30 08:00:00,1787.16,1827.45,1784.4,1814.92,92965.5439,0.0001
2023-10-30 16:00:00,1819.54,1819.54,1777.77,1801.51,48709.8709,0.0001
2023-10-31 08:00:00,1790.58,1813.99,1780.99,1809.41,44891.5864,0.0001
2023-10-31 16:00:00,1791.46,1814.86,1787.73,1811.47,37577.9971,0.0001
2023-11-01 00:00:00,1814.67,1829.0,1807.68,1809.73,44790.8283,0.0001
2023-11-01 08:00:00,1804.65,1808.27,1792.46,1799.79,39783.9576,0.0001
2023-11-01 16:00:00,1792.29,1850.59,1791.9,1835.9,124165.5636,0.0001
2023-11-02 08:00:00,1834.86,1840.0,1820.53,1835.97,47649.5586,0.00020558
2023-11-02 16:00:00,1803.2,1812.37,1785.01,1812.36,64276.428,0.0001
2023-11-03 00:00:00,1800.79,1802.87,1777.11,1798.34,52417.9188,0.0001
2023-11-03 08:00:00,1798.66,1804.46,1780.61,1789.65,54111.6456,0.0001
2023-11-03 16:00:00,1813.0,1823.93,1799.72,1816.98,79912.4018,0.0001
2023-11-04 00:00:00,1832.7,1839.77,1824.03,1834.73,33837.1341,0.0001
2023-11-04 08:00:00,1833.94,1847.58,1830.76,1837.49,31538.2995,0.0001
2023-11-04 16:00:00,1831.77,1840.46,1831.16,1835.57,14718.3528,0.0001
2023-11-05 00:00:00,1855.54,1894.0,1846.11,1888.58,61170.6683,0.0001
2023-11-05 08:00:00,1884.66,1896.55,1877.5,1887.88,44844.7988,0.0001
2023-11-05 16:00:00,1874.36,1912.67,1872.08,1888.3,69645.2251,0.0001
2023-11-06 00:00:00,1891.71,1899.98,1880.46,1887.21,37835.5893,0.0001
2023-11-06 16:00:00,1901.25,1904.0,1885.45,1901.73,55478.9859,0.0001
2023-11-07 08:00:00,1891.85,1894.98,1867.01,1873.39,61414.7367,0.0001
2023-11-07 16:00:00,1863.09,1900.0,1850.32,1894.22,79257.4744,0.0001
2023-11-08 00:00:00,1885.26,1893.0,1879.61,1881.98,25745.9895,0.0001
2023-11-08 08:00:00,1875.02,1889.08,1873.52,1880.89,37061.835,0.0001
2023-11-08 16:00:00,1889.12,1904.69,1886.7,1899.07,54268.57,0.0001
2023-11-09 00:00:00,1888.11,1925.89,1882.07,1919.33,84595.584,0.0001
2023-11-09 08:00:00,1911.38,1919.57,1904.39,1913.09,64227.9262,0.0001
2023-11-09 16:00:00,2035.01,2048.0,1975.0,2018.55,266733.1274,0.00071131
2023-11-10 00:00:00,2121.33,2128.88,2094.35,2120.99,110933.1759,0.00027525
2023-11-10 08:00:00,2101.43,2108.99,2082.27,2097.07,111512.7784,0.00041432
2023-11-10 16:00:00,2089.94,2103.57,2085.78,2087.98,58596.6697,0.00012656
2023-11-11 00:00:00,2077.72,2084.95,2030.3,2046.49,100208.1357,0.00013604
2023-11-11 08:00:00,2054.94,2066.19,2046.23,2057.51,43538.8066,0.00013371
2023-11-11 16:00:00,2068.0,2089.6,2066.72,2075.75,54819.4755,0.00027449
2023-11-12 00:00:00,2053.16,2054.94,2012.1,2051.42,73801.689,0.00016325
2023-11-12 08:00:00,2057.73,2058.76,2046.13,2047.52,32197.4999,0.0001
2023-11-13 00:00:00,2044.69,2074.4,2035.99,2039.74,89697.7927,0.0003299
2023-11-13 08:00:00,2048.15,2061.42,2038.8,2046.73,44731.0336,0.00022787
2023-11-13 16:00:00,2105.23,2118.0,2065.35,2100.0,93610.4606,0.00022833
2023-11-14 00:00:00,2053.65,2058.47,2031.55,2055.54,61237.6987,0.00018828
2023-11-14 08:00:00,2060.34,2064.8,2026.41,2031.84,53938.8052,0.00013623
2023-11-15 00:00:00,1979.4,1991.77,1967.01,1967.76,57930.1183,0.0001
2023-11-15 08:00:00,1982.87,2014.46,1980.65,2013.15,71369.8353,0.0001
2023-11-15 16:00:00,2021.27,2053.0,2001.83,2051.27,113863.8825,0.0001
2023-11-16 00:00:00,2058.49,2080.97,2050.95,2053.01,63862.4715,0.0001
2023-11-16 08:00:00,2053.31,2090.4,2036.07,2068.61,96984.3652,0.0001
2023-11-17 00:00:00,1961.77,1991.5,1959.4,1983.97,59412.5249,0.0001
2023-11-18 00:00:00,1960.82,1961.39,1939.62,1940.8,37786.4846,0.0001
2023-11-18 08:00:00,1935.69,1944.91,1930.81,1934.92,37399.1213,0.0001
2023-11-18 16:00:00,1952.8,1971.22,1952.62,1964.04,59958.4011,0.0001
2023-11-19 00:00:00,1962.59,1962.99,1942.89,1955.76,52435.4952,0.0001
2023-11-19 08:00:00,1961.93,1966.51,1946.0,1952.03,28614.6508,0.0001
2023-11-19 16:00:00,1966.81,1985.32,1966.06,1983.55,42762.7754,0.0001
2023-11-20 00:00:00,2011.47,2013.02,1995.4,1999.52,40630.2071,0.0001
2023-11-20 08:00:00,2019.1,2042.15,2008.55,2024.41,87005.6802,0.0001
2023-11-20 16:00:00,2042.21,2066.4,2011.3,2036.21,112081.9813,0.0001
2023-11-21 00:00:00,2021.41,2034.6,2007.38,2018.55,48239.01,0.0001
2023-11-21 08:00:00,2003.78,2017.59,2001.71,2004.01,43329.4228,0.0001
2023-11-21 16:00:00,1988.34,2020.63,1960.33,1985.6,132868.3486,0.0001
2023-11-22 00:00:00,1933.01,1980.0,1928.41,1978.31,69825.0434,0.0001
2023-11-22 08:00:00,1993.73,2029.4,1992.27,2015.13,69786.6777,0.0001
2023-11-22 16:00:00,2033.58,2082.78,2027.8,2076.97,116952.7075,0.0001
2023-11-23 00:00:00,2063.22,2071.52,2052.07,2059.53,44522.3245,0.0001
2023-11-23 08:00:00,2065.7,2088.94,2041.5,2062.61,72954.9487,0.0001
2023-11-24 00:00:00,2062.21,2077.88,2059.37,2064.0,42123.0496,0.0001
2023-11-24 08:00:00,2080.02,2127.29,2075.0,2097.01,121971.5698,0.0001
2023-11-24 16:00:00,2116.44,2125.6,2079.48,2087.51,83060.5583,0.0001
2023-11-25 00:00:00,2080.84,2089.58,2073.22,2086.77,34155.0375,0.0001
2023-11-25 08:00:00,2088.09,2090.54,2065.3,2070.6,31664.6407,0.0001
2023-11-25 16:00:00,2078.04,2084.07,2074.04,2082.51,16569.5221,0.0001
2023-11-26 00:00:00,2083.1,2083.63,2067.38,2075.95,20820.927,0.0001
2023-11-26 08:00:00,2088.89,2094.99,2081.89,2084.66,27490.5899,0.0001
2023-11-26 16:00:00,2064.66,2068.99,2036.42,2057.05,64457.2169,0.0001
2023-11-27 00:00:00,2062.34,2071.24,2038.79,2048.54,43202.3261,0.0001
2023-11-27 16:00:00,2003.08,2024.44,1985.78,1994.79,67171.6912,0.0001
2023-11-28 00:00:00,2027.5,2040.39,2020.22,2027.22,28655.1144,0.0001
2023-11-28 08:00:00,2014.62,2028.93,2005.62,2028.07,37761.8381,0.0001
2023-11-28 16:00:00,2036.39,2075.0,2035.2,2059.0,92697.5254,0.0001
2023-11-29 08:00:00,2057.62,2075.7,2045.0,2052.95,55148.4255,0.0001
2023-11-29 16:00:00,2031.72,2042.56,2019.31,2038.9,39774.3764,0.0001
2023-11-30 00:00:00,2028.8,2040.85,2022.5,2040.71,26731.0942,0.0001
2023-11-30 08:00:00,2035.76,2046.82,2020.85,2045.48,32746.3325,0.0001
2023-11-30 16:00:00,2033.04,2044.0,2028.66,2041.43,29696.0928,0.0001
2023-12-01 00:00:00,2051.95,2093.76,2045.04,2092.2,86608.5271,0.0001
2023-12-01 08:00:00,2092.74,2110.87,2086.99,2093.01,71498.2075,0.0001
2023-12-01 16:00:00,2080.16,2110.0,2078.2,2090.2,71989.9635,0.0001
2023-12-02 00:00:00,2087.24,2097.0,2086.25,2092.93,18992.7861,0.0001
2023-12-02 08:00:00,2095.98,2107.0,2095.98,2099.15,25943.1981,0.0001
2023-12-02 16:00:00,2104.18,2186.6,2097.43,2158.77,163366.8066,0.0001
2023-12-03 00:00:00,2164.75,2177.41,2155.7,2161.74,39704.716,0.0001
2023-12-03 08:00:00,2164.72,2168.42,2156.47,2159.31,25754.4445,0.0001
2023-12-03 16:00:00,2160.48,2168.84,2150.46,2167.57,30213.9874,0.0001
2023-12-04 00:00:00,2192.96,2228.59,2191.0,2210.51,79585.3125,0.0001
2023-12-04 08:00:00,2246.31,2274.28,2213.66,2237.52,140742.9428,0.0001
2023-12-04 16:00:00,2211.74,2235.65,2209.83,2234.46,52657.756,0.0001
2023-12-05 00:00:00,2243.36,2253.52,2222.77,2230.78,47514.2628,0.0001
2023-12-05 08:00:00,2200.26,2210.0,2190.47,2204.86,60940.3426,0.0001
2023-12-05 16:00:00,2228.45,2309.72,2220.0,2272.72,209501.6481,0.0001
2023-12-06 00:00:00,2293.33,2312.23,2273.94,2281.8,79645.061,0.0001
2023-12-06 08:00:00,2265.82,2287.78,2233.72,2253.15,89154.4826,0.0001
2023-12-06 16:00:00,2252.26,2284.6,2250.34,2262.8,55729.8781,0.0001
2023-12-07 00:00:00,2232.7,2250.2,2230.63,2249.07,33819.3012,0.0001
2023-12-07 08:00:00,2261.67,2268.96,2222.0,2236.05,86195.8044,0.0001
2023-12-07 16:00:00,2321.39,2356.0,2316.38,2335.62,129875.1779,0.0001
2023-12-08 00:00:00,2355.74,2387.16,2352.31,2375.23,57423.9257,0.00022693
2023-12-08 08:00:00,2352.81,2373.0,2345.17,2365.84,66229.2295,0.00012399
2023-12-08 16:00:00,2346.07,2361.13,2340.65,2353.0,50363.2924,0.00010417
2023-12-09 00:00:00,2358.71,2366.43,2349.38,2360.26,27433.8946,0.00022528
2023-12-09 08:00:00,2383.11,2403.0,2348.12,2356.35,85911.3783,0.00031293
2023-12-09 16:00:00,2362.73,2365.76,2342.1,2357.56,30192.1563,0.00033485
2023-12-10 00:00:00,2340.48,2354.85,2340.0,2351.26,21354.7656,0.00016658
2023-12-10 08:00:00,2354.0,2356.1,2320.0,2337.65,47848.6759,0.00015944
2023-12-10 16:00:00,2351.99,2361.36,2340.16,2355.0,29726.3812,0.00022842
2023-12-11 00:00:00,2352.39,2355.0,2161.0,2251.43,186771.4064,0.00024112
2023-12-11 08:00:00,2237.35,2253.16,2230.5,2249.68,56064.8753,0.0001
2023-12-11 16:00:00,2219.35,2221.98,2156.62,2187.61,164024.2449,0.0001
2023-12-12 00:00:00,2225.11,2244.12,2221.19,2231.6,50957.3437,0.0001
2023-12-12 08:00:00,2233.45,2239.01,2207.08,2208.39,45769.2677,0.0001
2023-12-12 16:00:00,2193.0,2198.53,2166.98,2179.05,74579.4107,0.0001
2023-12-13 00:00:00,2203.47,2206.89,2150.0,2166.03,74098.3216,0.00012813
2023-12-13 08:00:00,2172.48,2186.09,2168.16,2171.64,42821.5214,0.00015058
2023-12-14 00:00:00,2260.16,2262.23,2245.97,2251.39,33443.5169,0.0001
2023-12-14 08:00:00,2282.84,2308.0,2271.33,2307.35,83809.4273,0.0001
2023-12-14 16:00:00,2275.0,2313.77,2274.59,2293.0,63313.8092,0.0001
2023-12-15 00:00:00,2315.32,2317.81,2273.85,2280.45,43642.7979,0.0001
2023-12-15 08:00:00,2271.47,2286.59,2265.43,2272.74,62114.3189,0.0001
2023-12-15 16:00:00,2231.76,2248.88,2228.39,2242.22,36393.4299,0.00010419
2023-12-16 00:00:00,2220.51,2259.0,2210.0,2254.27,44290.1732,0.0001
2023-12-16 08:00:00,2241.44,2253.86,2239.45,2253.71,27991.9648,0.0001
2023-12-17 00:00:00,2228.96,2233.69,2210.77,2216.26,34891.2523,0.0001
2023-12-17 08:00:00,2208.64,2220.15,2204.92,2215.97,29442.4896,0.0001
2023-12-17 16:00:00,2221.7,2241.71,2210.8,2234.5,43618.254,0.00011402
2023-12-18 00:00:00,2196.53,2204.59,2161.78,2174.8,60466.0095,0.00015083
2023-12-18 16:00:00,2155.2,2175.85,2149.47,2174.8,38664.5823,0.0001
2023-12-19 00:00:00,2219.44,2252.8,2211.75,2237.11,67968.3955,0.0001
2023-12-19 08:00:00,2247.98,2255.0,2234.6,2236.13,50504.9339,0.0001
2023-12-19 16:00:00,2191.37,2205.3,2135.55,2176.68,98518.3936,0.0001
2023-12-20 00:00:00,2177.9,2190.85,2170.44,2186.28,36092.8949,0.0001
2023-12-20 08:00:00,2216.76,2224.26,2204.49,2211.4,53161.3514,0.0001
2023-12-20 16:00:00,2246.96,2249.71,2193.0,2204.51,82451.6623,0.00023154
2023-12-21 00:00:00,2202.17,2202.4,2182.98,2200.61,47050.5509,0.00026163
2023-12-21 08:00:00,2215.11,2256.4,2204.36,2253.01,84175.0296,0.0002655
2023-12-21 16:00:00,2232.51,2245.4,2218.32,2225.12,81671.7101,0.00042074
2023-12-22 00:00:00,2239.6,2261.16,2230.59,2249.1,60751.6935,0.00044152
2023-12-22 08:00:00,2273.22,2331.0,2268.0,2313.03,175476.5315,0.00043341
2023-12-22 16:00:00,2319.74,2341.47,2305.88,2310.09,64862.7522,0.00051141
2023-12-23 00:00:00,2324.54,2330.65,2265.97,2272.84,69777.6205,0.0001854
2023-12-23 16:00:00,2285.51,2312.38,2283.21,2292.26,44279.4355,0.00017945
2023-12-24 00:00:00,2308.2,2326.19,2294.11,2316.67,59799.7391,0.00013318
2023-12-24 08:00:00,2295.03,2298.13,2273.57,2288.91,42020.0107,0.00021857
2023-12-24 16:00:00,2293.02,2297.4,2282.13,2288.19,34207.3702,0.00019769
2023-12-25 00:00:00,2264.04,2276.76,2253.1,2276.11,38928.0628,0.00013827
2023-12-25 08:00:00,2280.55,2287.0,2264.44,2278.73,42066.4523,0.00021479
2023-12-25 16:00:00,2286.48,2288.6,2269.02,2273.19,53842.6177,0.0004388
2023-12-26 00:00:00,2271.36,2274.99,2263.73,2268.73,34884.6894,0.00050051
2023-12-26 08:00:00,2241.41,2244.29,2218.32,2242.6,69959.8589,0.00029501
2023-12-26 16:00:00,2228.99,2232.93,2178.45,2211.7,105415.2104,0.00036888
2023-12-27 00:00:00,2230.88,2233.84,2211.88,2216.93,44983.1369,0.0003153
2023-12-27 08:00:00,2228.52,2291.28,2226.78,2285.93,91514.5977,0.00040955
2023-12-27 16:00:00,2341.96,2376.59,2334.1,2346.67,123257.5106,0.00049072
2023-12-28 00:00:00,2378.35,2445.8,2376.14,2413.65,134943.1663,0.00027263
2023-12-28 08:00:00,2379.99,2410.56,2372.17,2401.46,74101.8051,0.00057135
2023-12-28 16:00:00,2358.85,2382.45,2348.1,2362.27,70359.9634,0.00049862
2023-12-29 08:00:00,2332.68,2378.2,2331.64,2372.1,60961.0733,0.00049499
2023-12-29 16:00:00,2327.19,2332.94,2283.0,2316.88,105076.7315,0.00047123
2023-12-30 08:00:00,2295.69,2296.58,2268.0,2288.14,51469.1796,0.00031443
2023-12-30 16:00:00,2312.97,2322.84,2295.82,2299.87,40722.3301,0.00026513
2023-12-31 00:00:00,2291.68,2304.55,2277.63,2284.02,26528.5774,0.00021714
2023-12-31 16:00:00,2299.0,2309.42,2290.8,2294.83,33396.2874,0.00031621
2024-01-01 00:00:00,2281.87,2306.6,2271.0,2273.81,35739.3336,0.00027858
2024-01-01 08:00:00,2284.68,2305.05,2280.0,2304.47,27894.1092,0.00031096
2024-01-01 16:00:00,2314.69,2340.98,2306.48,2337.26,46802.2526,0.00043011
2024-01-02 00:00:00,2352.05,2397.56,2346.95,2386.43,99666.5004,0.00053505
2024-01-02 08:00:00,2385.84,2431.3,2380.09,2391.24,106170.146,0.0005124
2024-01-02 16:00:00,2357.48,2372.75,2350.19,2369.19,56961.7444,0.00063801
2024-01-03 00:00:00,2355.35,2384.66,2347.4,2368.51,46709.8425,0.00028538
2024-01-03 08:00:00,2361.65,2385.45,2294.01,2307.68,108706.848,0.00024384
2024-01-03 16:00:00,2240.39,2245.33,2188.0,2206.53,152307.7741,0.0001
2024-01-04 00:00:00,2209.72,2239.79,2201.91,2231.08,59330.807,0.0001
2024-01-04 08:00:00,2221.85,2230.71,2205.0,2228.14,61027.0652,0.0001
2024-01-04 16:00:00,2276.88,2294.08,2259.1,2274.27,91424.2633,0.0001
2024-01-05 08:00:00,2252.75,2269.0,2233.23,2241.97,69688.8831,0.0001
2024-01-05 16:00:00,2225.0,2240.67,2206.17,2234.26,56104.9998,0.0001
2024-01-06 00:00:00,2268.78,2270.0,2250.4,2252.99,29406.1886,0.0001
2024-01-06 08:00:00,2233.13,2240.0,2228.58,2238.67,27814.5757,0.0001
2024-01-06 16:00:00,2246.41,2254.77,2237.5,2244.63,22234.5726,0.0001
2024-01-07 00:00:00,2240.77,2254.03,2235.58,2242.2,27632.6356,0.0001
2024-01-08 00:00:00,2221.42,2224.41,2166.38,2190.87,90216.8028,0.0001
2024-01-08 08:00:00,2224.07,2242.0,2204.47,2240.61,56230.0287,0.0001
2024-01-08 16:00:00,2269.59,2358.2,2259.39,2354.56,159339.9284,0.0001
2024-01-09 08:00:00,2306.05,2311.3,2285.4,2298.76,45679.4185,0.0001
2024-01-09 16:00:00,2257.18,2278.03,2243.41,2270.91,54245.3963,0.0001
2024-01-10 00:00:00,2344.3,2400.53,2339.59,2361.51,131181.1198,0.0001
2024-01-10 08:00:00,2368.75,2431.0,2362.64,2402.21,135704.7135,0.0001
2024-01-10 16:00:00,2449.3,2481.59,2400.71,2477.9,151178.7396,0.0001
2024-01-11 00:00:00,2584.37,2614.76,2566.01,2613.01,123879.4331,0.0001
2024-01-11 08:00:00,2589.15,2665.74,2586.66,2657.9,107315.6155,0.0001
2024-01-11 16:00:00,2613.19,2625.13,2570.0,2622.07,142383.1743,0.0001
2024-01-12 08:00:00,2595.72,2667.99,2584.11,2647.59,117234.1929,0.0001
2024-01-12 16:00:00,2647.02,2688.83,2560.71,2584.43,205091.027,0.0001
2024-01-13 00:00:00,2522.55,2557.15,2497.5,2548.53,110026.1804,0.0001
2024-01-13 08:00:00,2550.99,2560.55,2521.18,2542.5,69772.9872,0.0001
2024-01-14 00:00:00,2578.18,2578.69,2549.72,2550.99,47916.0221,0.0001
2024-01-14 08:00:00,2550.84,2553.8,2534.58,2538.0,34210.4543,0.0001
2024-01-15 00:00:00,2472.87,2513.91,2470.92,2503.32,94132.6456,0.0001
2024-01-15 08:00:00,2513.29,2542.86,2506.88,2539.35,37060.7093,0.0001
2024-01-15 16:00:00,2514.49,2553.82,2514.05,2534.7,49430.7011,0.0001
2024-01-16 00:00:00,2511.79,2538.23,2505.0,2537.6,38349.9318,0.0001
2024-01-16 08:00:00,2528.25,2549.38,2521.98,2530.77,53355.1576,0.0001
2024-01-17 00:00:00,2587.41,2592.97,2571.17,2571.43,48038.2175,0.0001
2024-01-17 08:00:00,2552.53,2554.06,2534.4,2542.85,54881.3893,0.0001
2024-01-17 16:00:00,2539.47,2544.75,2517.22,2533.29,63038.6412,0.0001
2024-01-18 08:00:00,2538.99,2550.0,2514.04,2522.41,71641.1117,0.0001
2024-01-18 16:00:00,2525.65,2526.15,2430.0,2439.5,147653.6733,0.0001
2024-01-19 00:00:00,2470.81,2474.59,2443.13,2460.4,56987.9341,0.0001
2024-01-19 08:00:00,2465.5,2496.62,2460.44,2488.97,49510.6618,0.0001
2024-01-20 00:00:00,2491.99,2492.0,2475.0,2481.22,27693.8609,0.0001
2024-01-20 16:00:00,2463.83,2467.81,2454.2,2461.52,20922.7838,0.0001
2024-01-21 00:00:00,2472.02,2481.0,2465.0,2475.42,19309.4476,0.0001
2024-01-21 08:00:00,2476.06,2482.18,2471.98,2473.65,19343.1192,0.0001
2024-01-21 16:00:00,2468.01,2478.49,2464.16,2474.26,18074.1371,0.0001
2024-01-22 00:00:00,2457.06,2466.1,2424.0,2437.56,51796.1991,0.0001
2024-01-22 08:00:00,2420.8,2420.8,2361.6,2381.34,112462.0915,0.0001
2024-01-22 16:00:00,2379.6,2385.08,2305.27,2321.87,110415.0315,0.0001
2024-01-23 00:00:00,2314.19,2342.95,2312.67,2339.16,50633.3738,0.0001
2024-01-23 08:00:00,2323.49,2326.83,2203.11,2218.14,207719.5356,0.0001
2024-01-23 16:00:00,2219.39,2232.01,2181.0,2185.7,116348.04,0.0001
2024-01-24 00:00:00,2242.6,2255.66,2211.64,2213.45,74939.3684,0.0001
2024-01-24 08:00:00,2234.5,2264.6,2229.0,2244.16,55886.0094,0.0001
2024-01-24 16:00:00,2234.89,2244.52,2203.32,2213.13,62095.218,0.0001
2024-01-25 00:00:00,2235.02,2239.6,2206.32,2216.88,37868.1415,0.0001
2024-01-25 16:00:00,2188.0,2224.55,2171.3,2218.21,89742.5797,0.0001
2024-01-26 08:00:00,2197.46,2260.66,2195.99,2254.02,93994.3241,0.0001
2024-01-26 16:00:00,2257.89,2282.36,2251.07,2258.51,83899.1179,0.0001
2024-01-27 00:00:00,2267.67,2282.94,2265.23,2274.13,29021.002,6.877e-05
2024-01-27 08:00:00,2258.45,2271.49,2251.4,2265.48,26251.635,0.0001
2024-01-27 16:00:00,2270.18,2277.49,2261.35,2272.69,20371.0644,0.0001
2024-01-28 00:00:00,2267.94,2289.0,2263.0,2287.17,33602.0418,6.557e-05
2024-01-28 08:00:00,2282.91,2301.41,2276.97,2281.08,38463.3915,6.135e-05
2024-01-28 16:00:00,2270.17,2276.0,2245.03,2253.89,31196.0233,8.266e-05
2024-01-29 00:00:00,2256.9,2278.19,2250.57,2272.11,32243.9103,0.0001
2024-01-29 16:00:00,2275.81,2315.45,2265.54,2293.46,104403.977,0.0001
2024-01-30 00:00:00,2317.61,2327.97,2304.0,2311.4,47782.9934,0.0001
2024-01-30 08:00:00,2309.3,2318.22,2302.82,2314.01,31528.5593,6.195e-05
2024-01-31 00:00:00,2343.0,2351.6,2327.27,2342.91,52908.7697,0.0001
2024-01-31 08:00:00,2340.84,2343.52,2280.77,2300.18,80945.5262,0.0001
2024-01-31 16:00:00,2329.42,2350.3,2309.51,2323.38,84379.6531,0.0001
2024-02-01 00:00:00,2283.15,2289.6,2240.0,2257.21,68099.1604,5.527e-05
2024-02-01 08:00:00,2271.95,2278.12,2265.2,2266.66,33862.5597,7.871e-05
2024-02-02 00:00:00,2304.28,2320.48,2298.54,2301.66,33767.1517,0.0001
2024-02-02 08:00:00,2313.73,2319.37,2305.01,2318.36,30964.7091,3.678e-05
2024-02-02 16:00:00,2314.0,2323.88,2286.69,2301.41,46415.986,0.0001
2024-02-03 00:00:00,2309.07,2329.98,2306.75,2321.45,33042.1771,8.15e-05
2024-02-03 08:00:00,2314.38,2316.39,2300.24,2303.89,19307.6667,0.0001
2024-02-04 00:00:00,2296.5,2306.53,2291.0,2302.96,15488.8829,3.18e-05
2024-02-04 16:00:00,2301.67,2308.48,2266.0,2279.65,41928.864,0.0001
2024-02-05 00:00:00,2289.79,2297.77,2269.11,2296.27,30890.8697,0.0001
2024-02-05 08:00:00,2310.18,2332.9,2310.17,2329.62,47957.6175,0.0001
2024-02-05 16:00:00,2298.72,2312.56,2291.0,2304.48,40164.2658,0.0001
2024-02-06 00:00:00,2301.84,2329.78,2299.0,2316.85,36531.3539,5.691e-05
2024-02-06 16:00:00,2343.73,2379.95,2340.37,2379.12,75091.5387,0.0001
2024-02-07 00:00:00,2372.63,2390.66,2363.0,2364.75,41317.0464,7.659e-05
2024-02-07 08:00:00,2362.91,2377.42,2354.0,2361.66,39126.261,4.883e-05
2024-02-07 16:00:00,2369.66,2425.46,2368.85,2419.96,101426.198,4.309e-05
2024-02-08 00:00:00,2425.09,2444.39,2423.94,2433.48,53661.7238,0.0001
2024-02-08 08:00:00,2421.2,2429.58,2416.06,2425.3,36635.157,7.523e-05
2024-02-08 16:00:00,2453.88,2455.69,2413.44,2421.53,78026.8601,9.802e-05
2024-02-09 00:00:00,2419.56,2466.0,2419.16,2448.67,61649.8305,7.752e-05
2024-02-09 08:00:00,2453.6,2507.4,2453.37,2503.2,93081.9973,0.0001
2024-02-10 08:00:00,2495.21,2498.74,2471.57,2483.1,39453.8054,9.615e-05
2024-02-10 16:00:00,2490.45,2497.51,2483.4,2497.51,21758.4841,9.995e-05
2024-02-11 00:00:00,2500.24,2529.02,2493.8,2529.02,45682.9934,0.0001
2024-02-11 16:00:00,2508.94,2520.58,2496.8,2507.73,33492.446,4.792e-05
2024-02-12 00:00:00,2507.22,2525.0,2493.01,2500.12,42358.2185,5.076e-05
2024-02-12 08:00:00,2501.7,2505.5,2472.0,2488.16,37628.5861,9.971e-05
2024-02-12 16:00:00,2557.87,2638.91,2536.63,2610.25,159218.3706,0.0001
2024-02-13 00:00:00,2659.99,2686.0,2635.96,2640.47,78634.0703,0.0001
2024-02-13 08:00:00,2648.64,2686.06,2647.07,2681.75,72813.2591,0.0001
2024-02-13 16:00:00,2631.0,2640.29,2592.37,2611.42,82295.8043,0.0001
2024-02-14 00:00:00,2639.99,2644.0,2618.4,2636.88,35113.1108,0.0001
2024-02-14 08:00:00,2653.04,2760.0,2647.58,2755.87,170408.392,0.0001
2024-02-14 16:00:00,2749.4,2766.5,2726.54,2761.8,71444.7686,0.00013082
2024-02-15 00:00:00,2774.8,2825.75,2771.61,2801.39,96484.3047,0.0001
2024-02-15 08:00:00,2772.32,2801.97,2768.34,2793.21,47946.4747,0.00012136
2024-02-15 16:00:00,2826.27,2841.44,2802.49,2834.13,72752.9189,0.00015412
2024-02-16 00:00:00,2822.58,2857.4,2820.35,2846.18,54911.1123,0.00011125
2024-02-16 08:00:00,2815.05,2835.4,2794.31,2823.59,61565.7137,0.00011597
2024-02-16 16:00:00,2776.01,2807.39,2756.75,2762.91,63579.0384,0.0001
2024-02-17 00:00:00,2801.81,2804.21,2777.64,2793.4,25515.1071,0.0001
2024-02-17 08:00:00,2795.56,2795.57,2765.22,2780.57,40578.7452,0.0001
2024-02-17 16:00:00,2754.33,2776.74,2742.73,2774.31,36486.165,0.00013519
2024-02-18 00:00:00,2785.92,2797.4,2764.25,2781.68,52629.066,0.0001
2024-02-18 08:00:00,2801.0,2822.93,2796.66,2803.4,48407.202,0.0001114
2024-02-18 16:00:00,2807.49,2844.5,2794.33,2827.86,56713.9124,0.0001
2024-02-19 00:00:00,2881.2,2893.0,2856.93,2886.78,54302.8822,0.0001
2024-02-19 08:00:00,2926.38,2928.36,2892.25,2913.2,60928.007,0.0001
2024-02-19 16:00:00,2908.93,2953.84,2887.29,2934.03,107377.9313,0.0001
2024-02-20 00:00:00,2944.8,2955.56,2903.31,2907.0,71050.264,0.000265
2024-02-20 08:00:00,2921.78,2941.0,2874.56,2935.31,91806.162,0.0001
2024-02-20 16:00:00,2925.08,2987.0,2885.47,2985.98,109550.4288,0.00025431
2024-02-21 00:00:00,3014.81,3017.15,2988.6,3005.14,60621.901,0.00020319
2024-02-21 08:00:00,2940.54,2956.84,2887.23,2899.1,119570.0275,0.00011802
2024-02-21 16:00:00,2914.81,2938.0,2886.0,2913.0,92144.8947,0.0001
2024-02-22 16:00:00,2986.95,3002.8,2960.93,2987.96,63631.0122,0.0001
2024-02-23 00:00:00,2971.4,2993.8,2932.81,2955.95,69733.6425,0.0001
2024-02-23 08:00:00,2933.61,2948.65,2913.3,2943.63,67902.8897,0.0001
2024-02-23 16:00:00,2916.06,2951.7,2906.05,2945.99,73339.4494,0.0001
2024-02-24 00:00:00,2922.25,2937.31,2906.4,2930.19,33518.2444,0.0001
2024-02-24 16:00:00,2955.47,3007.48,2955.47,2987.1,59623.5309,0.0001
2024-02-25 08:00:00,3030.0,3040.93,3010.49,3040.36,55328.0105,0.00025856
2024-02-25 16:00:00,3043.61,3088.0,3027.88,3081.6,61607.2026,0.0002111
2024-02-26 00:00:00,3112.6,3135.65,3085.81,3107.8,65663.7413,0.00059496
2024-02-26 08:00:00,3087.19,3102.84,3036.59,3057.42,119474.191,0.00018258
2024-02-26 16:00:00,3145.59,3182.98,3120.0,3179.12,138015.9044,0.00020172
2024-02-27 00:00:00,3175.95,3270.0,3160.02,3216.56,170143.5954,0.00028561
2024-02-27 08:00:00,3217.51,3269.0,3216.61,3254.89,81830.9854,0.00066751
2024-02-27 16:00:00,3229.77,3260.38,3203.72,3250.72,87635.5391,0.00029666
2024-02-28 00:00:00,3242.35,3258.39,3230.12,3248.82,32950.7248,0.00033546
2024-02-28 08:00:00,3303.0,3369.8,3277.54,3296.13,166820.2697,0.00032021
2024-02-28 16:00:00,3348.38,3488.0,3176.16,3299.12,394792.4683,0.00043581
2024-02-29 00:00:00,3383.11,3467.77,3374.18,3407.15,134560.9615,0.00062574
2024-02-29 08:00:00,3467.99,3522.81,3442.52,3513.87,140548.8542,0.00073381
2024-02-29 16:00:00,3468.42,3470.6,3351.0,3403.26,144467.7712,0.00075727
2024-03-01 00:00:00,3340.1,3388.82,3338.54,3367.79,66201.9036,0.0005304
2024-03-01 08:00:00,3365.41,3437.08,3353.74,3410.9,91689.1515,0.00039096
2024-03-01 16:00:00,3390.76,3435.9,3380.06,3427.73,63881.7445,0.00052446
2024-03-02 00:00:00,3433.42,3460.04,3424.71,3442.34,53603.9715,0.00048856
2024-03-02 16:00:00,3418.04,3431.03,3410.0,3426.19,34444.983,0.00055344
2024-03-03 00:00:00,3421.39,3434.0,3409.1,3431.56,42198.1371,0.00039105
2024-03-03 08:00:00,3392.76,3414.91,3375.0,3413.39,51813.7052,0.00038668
2024-03-03 16:00:00,3422.5,3484.44,3418.22,3465.2,69628.9165,0.00037021
2024-03-04 00:00:00,3487.8,3528.96,3423.78,3471.85,104241.127,0.00041907
2024-03-04 08:00:00,3478.61,3544.14,3478.6,3506.91,130561.2393,0.00028996
2024-03-04 16:00:00,3560.42,3610.0,3528.42,3593.01,184688.9321,0.00050061
2024-03-05 00:00:00,3627.75,3697.2,3607.24,3689.81,115612.4894,0.00038776
2024-03-05 08:00:00,3672.99,3742.0,3651.87,3731.45,96557.8615,0.00101724
2024-03-05 16:00:00,3783.0,3796.07,3200.0,3376.46,421444.8851,0.00082409
2024-03-06 00:00:00,3553.66,3591.23,3499.4,3538.01,115820.7803,0.0002058
2024-03-06 16:00:00,3790.95,3880.0,3764.25,3852.59,107005.7888,0.00040511
2024-03-07 00:00:00,3818.58,3852.69,3764.21,3775.18,101621.8497,0.00035699
2024-03-07 08:00:00,3789.23,3814.92,3770.36,3787.58,73348.2997,0.00039169
2024-03-07 16:00:00,3837.17,3883.77,3812.44,3870.19,78329.5525,0.00044218
2024-03-08 00:00:00,3868.76,3940.6,3863.56,3900.85,77725.9157,0.00042931
2024-03-08 08:00:00,3908.16,3954.98,3908.15,3950.46,79443.9638,0.00057985
2024-03-08 16:00:00,3900.76,3978.49,3820.0,3928.82,174005.1197,0.00048823
2024-03-09 00:00:00,3883.37,3929.0,3877.5,3923.21,42981.501,0.00033201
2024-03-09 16:00:00,3916.66,3920.22,3870.01,3881.18,57453.4371,0.00035498
2024-03-10 00:00:00,3905.2,3940.1,3899.51,3935.0,51918.0288,0.00034688
2024-03-10 08:00:00,3944.81,3964.67,3920.02,3932.72,60457.1563,0.00049375
2024-03-10 16:00:00,3883.7,3927.05,3882.06,3898.0,48450.6237,0.00029818
2024-03-11 00:00:00,3878.47,3888.38,3722.95,3866.93,104660.8458,0.00029368
2024-03-11 08:00:00,4001.4,4054.6,3986.86,4034.25,166787.8858,0.00067235
2024-03-11 16:00:00,4018.01,4086.23,3998.92,4031.71,107913.564,0.00064296
2024-03-12 00:00:00,4064.8,4093.92,4021.19,4028.69,82355.2843,0.00068106
2024-03-12 08:00:00,4027.13,4065.0,3965.0,4020.83,83842.3936,0.00037542
2024-03-12 16:00:00,3988.46,3991.62,3828.98,3980.23,199020.7718,0.00048306
2024-03-13 00:00:00,3979.97,4045.86,3973.53,4043.78,64974.9648,0.00046983
2024-03-13 16:00:00,3962.8,4011.06,3952.23,4000.44,70578.3149,0.00044242
2024-03-14 08:00:00,3963.45,3997.7,3943.12,3955.04,59789.1681,0.00050365
2024-03-14 16:00:00,3845.81,3896.02,3723.0,3785.89,184658.1893,0.00035217
2024-03-15 00:00:00,3881.69,3934.02,3623.0,3722.2,208926.9893,0.00040271
2024-03-15 08:00:00,3754.12,3761.65,3570.0,3689.33,231263.8534,0.00023171
2024-03-15 16:00:00,3688.89,3806.62,3659.01,3689.54,128183.8655,0.00033557
2024-03-16 00:00:00,3742.19,3781.12,3722.41,3735.52,73363.2961,0.00018856
2024-03-16 08:00:00,3740.2,3741.1,3661.83,3692.29,62013.0313,0.0002749
2024-03-16 16:00:00,3679.54,3679.88,3570.0,3600.6,122770.3784,0.00028914
2024-03-17 00:00:00,3523.09,3582.4,3504.95,3571.5,90384.1792,0.00013396
2024-03-17 08:00:00,3472.72,3606.41,3460.01,3578.99,107483.9821,0.00011824
2024-03-17 16:00:00,3628.42,3656.45,3602.43,3651.18,62380.0184,0.00030376
2024-03-18 00:00:00,3644.7,3645.02,3557.31,3600.39,82008.4412,0.00017304
2024-03-18 08:00:00,3626.65,3627.0,3548.99,3597.82,104156.7504,0.00026393
2024-03-19 00:00:00,3520.47,3548.09,3362.15,3419.17,189698.6232,0.00028148
2024-03-19 08:00:00,3360.14,3360.16,3202.84,3276.51,265410.214,0.00023311
2024-03-20 00:00:00,3158.65,3266.01,3153.26,3161.02,176684.8529,0.00016096
2024-03-20 16:00:00,3292.54,3405.78,3140.71,3379.01,263906.8566,0.0001
2024-03-21 00:00:00,3516.53,3558.99,3493.4,3510.59,109802.7426,0.00019507
2024-03-21 08:00:00,3516.04,3587.32,3516.03,3531.18,94844.8442,0.00013771
2024-03-21 16:00:00,3497.59,3545.99,3412.22,3441.38,131679.5015,0.00017743
2024-03-22 00:00:00,3492.84,3527.61,3454.01,3522.01,61088.8562,0.00022775
2024-03-22 08:00:00,3511.39,3523.8,3394.42,3405.19,68698.234,0.00023317
2024-03-22 16:00:00,3349.3,3362.19,3289.0,3340.46,123949.364,0.00016092
2024-03-23 00:00:00,3336.35,3362.38,3270.08,3303.56,58618.341,0.00010552
2024-03-23 08:00:00,3365.28,3380.57,3328.34,3364.99,43508.015,0.00012459
2024-03-23 16:00:00,3405.49,3435.48,3384.82,3386.12,45078.0352,0.00013906
2024-03-24 00:00:00,3329.53,3368.16,3307.0,3307.62,48041.0628,0.00012767
2024-03-24 08:00:00,3341.81,3392.72,3335.5,3387.38,36214.3205,0.00017907
2024-03-24 16:00:00,3397.5,3409.5,3333.0,3382.5,49572.2639,0.00017171
2024-03-25 00:00:00,3454.99,3461.17,3420.12,3454.97,42364.5167,0.00020242
2024-03-25 16:00:00,3581.49,3666.0,3566.2,3638.96,184776.909,0.00022958
2024-03-26 00:00:00,3590.43,3643.71,3580.95,3623.0,118159.5628,0.00039028
2024-03-26 08:00:00,3635.14,3670.32,3630.0,3631.6,58958.4099,0.00018
2024-03-26 16:00:00,3593.35,3603.55,3542.62,3560.82,88321.8786,0.00026242
2024-03-27 00:00:00,3587.32,3627.67,3577.0,3603.11,38078.1551,0.00024667
2024-03-27 16:00:00,3514.29,3531.76,3460.02,3491.18,73658.2574,0.00035332
2024-03-28 00:00:00,3501.2,3531.47,3465.0,3496.61,98043.3592,0.00038952
2024-03-28 08:00:00,3573.88,3595.7,3565.81,3579.73,55528.1056,0.00035672
2024-03-28 16:00:00,3578.71,3580.75,3537.48,3563.05,60508.7819,0.00036879
2024-03-29 00:00:00,3560.49,3584.37,3550.05,3562.39,28619.8812,0.00034117
2024-03-29 08:00:00,3519.42,3562.71,3517.15,3549.85,55857.175,0.00030332
2024-03-29 16:00:00,3488.52,3502.36,3445.91,3500.34,60765.2112,0.00037327
2024-03-30 00:00:00,3509.74,3521.89,3486.58,3490.0,34193.2775,0.00024188
2024-03-30 08:00:00,3492.65,3564.0,3492.2,3560.0,43774.3565,0.00024854
2024-03-30 16:00:00,3536.6,3547.71,3485.0,3509.02,34164.5481,0.00045204
2024-03-31 00:00:00,3505.65,3544.07,3505.09,3537.26,25100.8785,0.00026461
2024-03-31 08:00:00,3625.38,3632.8,3600.38,3609.2,33243.8347,0.00065366
2024-04-01 00:00:00,3645.29,3645.95,3600.74,3610.42,37328.6389,0.00060909
2024-04-01 08:00:00,3546.88,3560.17,3520.07,3537.98,44636.9281,0.00035798
2024-04-01 16:00:00,3444.04,3489.18,3413.71,3486.33,78478.2183,0.00019362
2024-04-02 16:00:00,3240.13,3284.46,3212.0,3277.53,93534.0462,0.00012642
2024-04-03 00:00:00,3278.96,3324.19,3202.79,3315.41,93189.2295,0.0001
2024-04-03 08:00:00,3305.52,3357.58,3289.97,3317.53,73863.3134,0.0001
2024-04-03 16:00:00,3329.21,3367.4,3281.21,3314.29,64897.7138,0.0001
2024-04-04 00:00:00,3310.83,3333.0,3262.86,3274.37,55991.1705,0.0001
2024-04-04 08:00:00,3322.8,3355.48,3319.42,3340.37,32050.7649,0.0001
2024-04-04 16:00:00,3364.11,3443.93,3360.68,3366.09,66511.991,0.0001
2024-04-05 00:00:00,3327.39,3336.0,3252.8,3308.3,64808.1215,0.0001
2024-04-05 08:00:00,3287.6,3312.8,3236.8,3243.51,60815.6668,0.0001
2024-04-05 16:00:00,3326.43,3350.0,3305.1,3320.1,42565.9659,0.0001
2024-04-06 00:00:00,3317.85,3346.39,3306.68,3331.34,28664.5342,0.00016732
2024-04-06 08:00:00,3330.4,3351.52,3325.0,3330.67,26159.6312,0.0001
2024-04-06 16:00:00,3335.37,3357.54,3331.22,3349.24,25061.7582,0.0001
2024-04-07 00:00:00,3351.59,3413.61,3344.08,3388.41,40788.4157,0.0001
2024-04-07 08:00:00,3385.19,3395.19,3376.83,3390.34,21075.8618,0.0001
2024-04-07 16:00:00,3390.14,3412.97,3368.0,3381.39,37069.9364,0.0001
2024-04-08 08:00:00,3473.88,3640.44,3469.8,3633.08,175678.6684,0.0001
2024-04-09 00:00:00,3694.61,3727.34,3665.25,3692.29,60917.2209,0.00024848
2024-04-10 00:00:00,3506.4,3537.5,3465.64,3513.0,59002.792,0.00018733
2024-04-10 16:00:00,3479.41,3547.49,3469.5,3521.52,73130.5015,0.00013253
2024-04-11 00:00:00,3545.64,3576.6,3524.27,3575.84,36473.6411,0.0001
2024-04-11 08:00:00,3583.4,3618.3,3514.57,3522.88,69106.2264,0.00015483
2024-04-11 16:00:00,3508.31,3522.0,3474.52,3517.7,45872.8607,0.0001
2024-04-12 00:00:00,3502.52,3537.93,3501.34,3534.01,31946.1988,0.0001
2024-04-12 16:00:00,3440.7,3454.56,3100.0,3206.17,368390.2385,0.0001
2024-04-13 00:00:00,3237.42,3237.43,3141.6,3230.91,129141.3032,0.0001
2024-04-13 08:00:00,3257.61,3301.9,3247.4,3268.2,49728.8016,0.0001
2024-04-14 00:00:00,3007.01,3019.46,2906.73,2970.85,158831.5163,0.0001
2024-04-14 08:00:00,3084.19,3099.13,3008.86,3027.01,93607.7363,0.0001
2024-04-14 16:00:00,3055.75,3101.27,2980.0,3073.62,141984.5195,0.0001
2024-04-15 00:00:00,3155.11,3158.62,3100.0,3146.5,78837.1145,0.0001
2024-04-15 16:00:00,3163.2,3179.4,3023.19,3100.1,161882.7144,8.871e-05
2024-04-16 08:00:00,3107.3,3110.76,3003.0,3093.31,106184.5489,8.536e-05
2024-04-16 16:00:00,3009.05,3084.99,2995.0,3057.64,89160.7128,5.787e-05
2024-04-17 00:00:00,3084.21,3107.24,3068.39,3095.61,45177.1765,9.805e-05
2024-04-17 08:00:00,3076.6,3087.64,3037.65,3040.2,45727.2266,5.11e-06
2024-04-17 16:00:00,2946.79,3043.73,2914.47,3001.6,113662.6669,4.92e-06
2024-04-18 00:00:00,2985.41,3035.08,2950.98,3025.68,57953.4313,3.509e-05
2024-04-18 08:00:00,2975.19,3065.56,2954.01,3046.46,78719.9921,2.246e-05
2024-04-18 16:00:00,3069.17,3083.54,3018.2,3064.19,60363.215,6.353e-05
2024-04-19 08:00:00,3084.41,3124.44,3077.19,3102.61,79642.8684,8.503e-05
2024-04-19 16:00:00,3080.73,3107.94,3029.72,3104.1,60560.4186,5.417e-05
2024-04-20 00:00:00,3056.45,3070.8,3018.75,3055.99,42184.1651,0.0001
2024-04-20 08:00:00,3060.64,3061.29,3029.99,3047.39,31576.8595,2.386e-05
2024-04-20 16:00:00,3109.86,3166.46,3087.66,3148.21,64448.8195,5.114e-05
2024-04-21 00:00:00,3155.79,3197.18,3126.87,3166.8,51393.7539,5.559e-05
2024-04-21 08:00:00,3179.54,3189.0,3153.66,3168.81,38254.6523,-6.27e-06
2024-04-21 16:00:00,3158.82,3161.36,3116.49,3136.79,39846.3754,4.395e-05
2024-04-22 00:00:00,3147.66,3210.75,3129.15,3190.1,64775.007,3.417e-05
2024-04-22 08:00:00,3203.59,3224.0,3187.99,3194.54,42406.1851,4.908e-05
2024-04-22 16:00:00,3183.33,3216.99,3169.3,3188.23,44346.4388,-1.974e-05
2024-04-23 00:00:00,3200.19,3223.36,3181.37,3183.9,31002.9675,6.74e-06
2024-04-23 08:00:00,3160.49,3185.55,3152.45,3179.8,34675.3915,1.147e-05
2024-04-24 00:00:00,3219.46,3249.28,3210.4,3237.61,38187.821,4.713e-05
2024-04-24 08:00:00,3250.1,3287.0,3241.86,3281.96,52631.1212,1.937e-05
2024-04-24 16:00:00,3175.8,3193.83,3104.9,3134.67,84696.0405,4.804e-05
2024-04-25 00:00:00,3140.79,3171.2,3126.6,3147.41,52224.3084,4.66e-06
2024-04-25 08:00:00,3136.39,3152.99,3072.2,3112.0,76649.9228,1.706e-05
2024-04-26 08:00:00,3135.45,3157.99,3121.8,3128.63,34780.1809,3.847e-05
2024-04-26 16:00:00,3117.61,3155.0,3105.71,3133.84,31786.6302,4.582e-05
2024-04-27 00:00:00,3131.3,3138.8,3066.74,3122.18,68745.2052,0.0001
2024-04-27 16:00:00,3145.05,3285.0,3142.41,3237.4,116347.8618,2.355e-05
2024-04-28 00:00:00,3255.55,3329.6,3250.45,3308.87,66495.8919,9.322e-05
2024-04-28 08:00:00,3317.59,3324.78,3275.01,3286.41,56781.1368,8.3e-05
2024-04-28 16:00:00,3321.0,3357.4,3308.17,3316.92,39141.7072,8.272e-05
2024-04-29 00:00:00,3263.44,3286.95,3168.01,3177.6,106619.9358,8.816e-05
2024-04-29 08:00:00,3188.99,3195.4,3147.54,3160.11,60914.3596,0.0001
2024-04-29 16:00:00,3182.45,3189.6,3155.23,3186.01,40952.1099,5.981e-05
2024-04-30 00:00:00,3216.74,3250.95,3150.0,3180.79,66756.5263,7.518e-05
2024-04-30 08:00:00,3157.35,3161.75,3003.7,3007.45,153525.6894,7.389e-05
2024-04-30 16:00:00,2994.11,2998.6,2921.0,2928.96,118100.8555,3.887e-05
2024-05-01 00:00:00,3014.04,3023.24,2960.03,3004.37,56122.3384,1.865e-05
2024-05-01 08:00:00,2869.7,2906.27,2817.0,2905.39,143421.0154,4.89e-05
2024-05-01 16:00:00,2885.46,3015.73,2868.72,2926.06,172442.9636,7.347e-05
2024-05-02 00:00:00,2972.46,2982.18,2893.26,2929.33,74444.8411,-8.6e-07
2024-05-02 08:00:00,2921.22,3002.51,2916.73,2995.55,79087.6942,9.579e-05
2024-05-03 00:00:00,2986.19,3036.17,2977.7,3010.15,41019.9792,4.044e-05
2024-05-03 08:00:00,2969.0,2990.62,2958.32,2979.5,34574.5244,2.157e-05
2024-05-03 16:00:00,3075.52,3087.99,3062.61,3072.5,38249.1083,3.457e-05
2024-05-04 00:00:00,3102.61,3130.85,3092.85,3112.0,31207.8168,4.29e-05
2024-05-04 08:00:00,3095.94,3168.0,3095.68,3130.45,55073.4721,8.465e-05
2024-05-04 16:00:00,3126.8,3140.0,3114.08,3137.01,23546.5398,7.001e-05
2024-05-05 00:00:00,3117.24,3126.41,3072.99,3086.91,50542.8438,8.848e-05
2024-05-05 08:00:00,3105.7,3171.93,3103.52,3138.1,66727.8936,9.394e-05
2024-05-05 16:00:00,3160.18,3166.34,3130.68,3142.45,25728.6721,5.578e-05
2024-05-06 00:00:00,3136.4,3165.97,3124.38,3134.61,26248.0382,5.569e-05
2024-05-06 08:00:00,3180.54,3221.4,3131.2,3149.23,98323.4368,0.0001
2024-05-06 16:00:00,3089.25,3096.36,3046.35,3069.84,42521.1903,9.025e-05
2024-05-07 00:00:00,3062.59,3096.8,3021.34,3049.19,48218.7778,7.342e-05
2024-05-07 08:00:00,3077.4,3129.85,3059.09,3063.39,79096.7131,4.028e-05
2024-05-07 16:00:00,3071.41,3079.41,3027.0,3049.62,33921.3804,6.978e-05
2024-05-08 00:00:00,3005.69,3038.15,2994.58,3032.33,31024.9074,7.764e-05
2024-05-08 08:00:00,2995.01,3011.4,2978.4,2990.31,46336.5347,7.236e-05
2024-05-08 16:00:00,3006.99,3024.11,2986.58,2999.38,26014.5888,0.0001
2024-05-09 00:00:00,2974.2,3005.1,2972.2,2997.9,24807.7468,0.0001
2024-05-09 08:00:00,2983.59,2991.8,2950.77,2977.2,39630.623,0.0001
2024-05-09 16:00:00,3005.99,3025.98,2989.59,3021.41,34139.9401,0.0001
2024-05-10 00:00:00,3036.24,3044.0,3018.23,3028.95,37115.6492,9.04e-05
2024-05-10 08:00:00,3042.27,3045.23,3022.0,3037.85,29448.5225,0.0001
2024-05-10 16:00:00,2918.54,2935.0,2878.03,2901.6,84041.6607,5.137e-05
2024-05-11 00:00:00,2909.98,2936.59,2905.2,2911.0,27696.4544,7.578e-05
2024-05-11 08:00:00,2921.8,2925.38,2886.46,2903.4,26271.95,6.69e-05
2024-05-11 16:00:00,2925.72,2940.37,2917.43,2930.61,15991.4116,8.517e-05
2024-05-12 00:00:00,2912.45,2925.33,2909.11,2921.13,11001.5881,8.01e-05
2024-05-12 08:00:00,2907.8,2943.73,2902.68,2928.0,22845.2522,7.264e-05
2024-05-12 16:00:00,2937.99,2955.2,2921.25,2929.59,24224.3756,6.269e-05
2024-05-13 16:00:00,2961.21,2977.89,2928.66,2956.7,51884.7266,0.0001
2024-05-14 00:00:00,2950.99,2960.6,2936.66,2940.99,29749.065,0.0001
2024-05-14 08:00:00,2920.02,2920.03,2897.53,2907.94,24096.7151,8.14e-05
2024-05-14 16:00:00,2898.94,2900.67,2862.0,2893.74,40137.7193,9.124e-05
2024-05-15 00:00:00,2881.93,2903.08,2863.75,2902.64,24110.6365,0.0001
2024-05-15 08:00:00,2916.5,2933.8,2886.81,2898.74,51111.8661,8.171e-05
2024-05-15 16:00:00,2976.8,3025.96,2970.0,3024.56,55815.6495,9.162e-05
2024-05-16 08:00:00,3016.31,3027.85,2989.72,3006.45,43183.012,6.453e-05
2024-05-16 16:00:00,2956.57,2960.64,2925.02,2944.76,48287.9599,5.401e-05
2024-05-17 00:00:00,2944.7,2956.28,2933.06,2950.49,28995.1606,5.324e-05
2024-05-17 08:00:00,3024.66,3059.53,3017.74,3030.4,68597.6468,8.531e-05
2024-05-17 16:00:00,3111.54,3120.0,3067.16,3085.16,52451.0235,4.333e-05
2024-05-18 00:00:00,3092.0,3126.66,3083.61,3114.4,46394.7028,7.513e-05
2024-05-18 08:00:00,3102.0,3146.98,3100.27,3133.79,47870.1246,3.431e-05
2024-05-18 16:00:00,3110.89,3121.2,3105.88,3119.69,17770.6644,7.815e-05
2024-05-19 00:00:00,3122.94,3136.64,3112.61,3129.36,18838.9425,7.388e-05
2024-05-19 08:00:00,3115.8,3125.0,3082.04,3102.58,42183.6904,3.451e-05
2024-05-19 16:00:00,3077.25,3083.9,3057.82,3065.2,27642.5703,8.825e-05
2024-05-20 00:00:00,3071.2,3100.67,3047.67,3087.21,38814.7129,9.672e-05
2024-05-20 08:00:00,3091.72,3113.94,3086.5,3093.8,45418.754,1.916e-05
2024-05-21 00:00:00,3661.79,3721.0,3638.8,3695.9,176437.8446,0.0001
2024-05-21 16:00:00,3777.69,3841.54,3680.68,3712.27,169773.2141,0.0001
2024-05-22 00:00:00,3789.59,3813.69,3774.91,3793.43,58660.3493,0.00012452
2024-05-22 08:00:00,3746.8,3779.8,3690.0,3690.6,65723.1063,0.00015189
2024-05-22 16:00:00,3762.65,3798.0,3700.6,3736.61,110830.3049,0.0001
2024-05-23 00:00:00,3737.72,3788.86,3736.67,3782.11,51405.4772,0.0001
2024-05-23 08:00:00,3813.99,3925.24,3790.94,3918.46,139988.1687,0.0001
2024-05-23 16:00:00,3812.96,3827.77,3685.0,3791.34,156371.2119,0.0001
2024-05-24 00:00:00,3783.6,3829.61,3744.34,3803.82,59517.5987,0.0001
2024-05-24 08:00:00,3679.24,3717.67,3626.1,3712.62,81589.6453,0.0001
2024-05-24 16:00:00,3693.66,3759.0,3655.26,3744.4,92836.7116,0.0001
2024-05-25 00:00:00,3728.28,3747.72,3709.03,3745.26,25256.8427,0.0001
2024-05-25 08:00:00,3746.6,3775.0,3736.42,3739.39,32551.3548,0.0001
2024-05-25 16:00:00,3743.8,3766.02,3736.68,3757.64,16658.1948,0.0001
2024-05-26 00:00:00,3749.25,3772.93,3731.17,3771.59,28721.1033,0.0001
2024-05-26 08:00:00,3786.01,3822.4,3777.22,3813.79,63831.0072,0.0001
2024-05-26 16:00:00,3833.06,3884.2,3831.26,3878.86,50878.426,0.0001
2024-05-27 00:00:00,3826.47,3939.59,3823.37,3919.58,87143.4381,0.0001
2024-05-27 08:00:00,3914.01,3954.35,3884.17,3900.49,58135.6201,0.0001
2024-05-27 16:00:00,3963.39,3974.3,3854.16,3873.25,56750.0898,0.0001
2024-05-28 00:00:00,3894.21,3910.0,3827.41,3849.71,68416.8132,0.0001
2024-05-28 08:00:00,3847.3,3931.09,3839.0,3904.34,70119.748,0.0001
2024-05-28 16:00:00,3861.1,3869.14,3773.9,3840.81,88427.4714,0.0001219
2024-05-29 08:00:00,3819.99,3828.88,3781.0,3811.16,64094.1388,0.0001
2024-05-29 16:00:00,3759.84,3780.0,3744.41,3749.66,44445.5715,0.000177
2024-05-30 00:00:00,3767.44,3797.79,3750.75,3791.31,30162.3742,0.00025357
2024-05-30 08:00:00,3720.32,3757.25,3702.58,3737.0,49744.5544,0.00014202
2024-05-30 16:00:00,3776.12,3825.35,3752.24,3762.01,57189.8504,0.00018706
2024-05-31 00:00:00,3747.9,3770.0,3740.45,3760.21,20559.7687,0.0001
2024-05-31 08:00:00,3729.11,3813.2,3726.45,3802.62,46707.6025,0.00010793
2024-05-31 16:00:00,3744.77,3794.62,3723.75,3785.45,56610.6927,0.00012319
2024-06-01 00:00:00,3762.29,3782.07,3752.67,3778.98,19162.466,0.00017131
2024-06-01 08:00:00,3772.99,3809.55,3772.43,3788.28,28016.7925,0.00013009
2024-06-02 00:00:00,3815.82,3838.59,3797.7,3807.13,40362.6748,0.00015695
2024-06-02 08:00:00,3793.33,3810.0,3770.99,3805.01,40043.5712,0.0001
2024-06-02 16:00:00,3798.79,3803.67,3752.62,3782.37,37585.3386,0.0001
2024-06-03 00:00:00,3780.92,3821.32,3761.05,3799.5,34542.182,0.00012702
2024-06-03 08:00:00,3817.81,3840.16,3804.7,3809.0,37028.9177,0.00015803
2024-06-03 16:00:00,3796.82,3798.63,3759.0,3773.4,31798.1474,0.00012815
2024-06-04 00:00:00,3767.07,3785.19,3730.0,3773.51,37241.3776,0.0001
2024-06-04 08:00:00,3774.72,3782.99,3741.6,3764.65,28835.7026,0.0001
2024-06-04 16:00:00,3810.63,3831.65,3776.2,3800.38,52190.8252,0.000108
2024-06-05 00:00:00,3810.23,3839.92,3800.0,3810.45,37461.0947,0.00016969
2024-06-05 08:00:00,3809.57,3811.03,3788.9,3804.31,31518.1002,0.0001
2024-06-05 16:00:00,3813.59,3878.0,3796.8,3876.54,73294.7532,0.00010659
2024-06-06 00:00:00,3866.0,3878.6,3853.2,3861.69,26177.2594,0.00019461
2024-06-06 16:00:00,3845.0,3855.6,3787.15,3791.01,62854.2034,0.00014989
2024-06-07 00:00:00,3813.47,3813.47,3792.34,3806.3,19303.9314,0.00016105
2024-06-07 08:00:00,3816.31,3839.98,3801.11,3835.0,24999.764,0.00013228
2024-06-07 16:00:00,3800.73,3807.67,3600.0,3687.37,179164.1298,0.00017029
2024-06-08 00:00:00,3678.31,3692.3,3673.82,3690.0,22188.3343,0.0001
2024-06-08 08:00:00,3708.98,3709.39,3678.53,3683.13,38253.4513,0.0001
2024-06-08 16:00:00,3688.13,3694.5,3672.18,3682.61,19917.2379,0.0001
2024-06-09 00:00:00,3681.58,3684.66,3666.36,3674.22,18043.8984,0.0001
2024-06-09 08:00:00,3685.98,3693.87,3683.02,3693.5,11187.5719,0.0001
2024-06-10 00:00:00,3706.4,3706.94,3680.97,3684.14,17242.0935,0.0001
2024-06-10 08:00:00,3647.8,3681.01,3646.94,3675.95,24499.1155,0.0001
2024-06-11 08:00:00,3534.6,3549.36,3503.4,3529.56,71505.3092,0.0001
2024-06-11 16:00:00,3447.75,3502.44,3432.0,3497.21,72534.3495,0.0001
2024-06-12 00:00:00,3497.33,3513.78,3462.07,3509.99,36109.1392,0.0001
2024-06-12 08:00:00,3526.7,3563.56,3516.95,3531.72,38233.539,0.0001
2024-06-12 16:00:00,3618.32,3625.7,3513.32,3529.01,104913.6778,0.0001
2024-06-13 00:00:00,3560.13,3561.65,3476.21,3503.0,64329.204,0.0001
2024-06-13 16:00:00,3441.73,3491.55,3428.0,3481.43,40773.5683,0.0001
2024-06-14 00:00:00,3469.4,3510.53,3457.37,3490.91,33997.5513,0.0001
2024-06-14 08:00:00,3516.61,3530.25,3505.69,3515.8,28624.7515,0.0001
2024-06-14 16:00:00,3462.41,3467.4,3362.26,3406.21,103511.0856,0.0001
2024-06-15 00:00:00,3481.8,3505.01,3473.1,3504.4,27164.3759,0.0001
2024-06-15 08:00:00,3529.61,3542.3,3519.49,3539.4,29865.1365,0.0001
2024-06-15 16:00:00,3565.8,3575.73,3552.0,3558.48,32626.8792,0.0001
2024-06-16 08:00:00,3561.93,3570.99,3546.92,3555.28,22391.2841,0.0001
2024-06-16 16:00:00,3591.88,3608.44,3586.69,3599.03,21795.5901,0.0001
2024-06-17 00:00:00,3624.41,3638.37,3573.83,3582.05,48730.6671,0.0001
2024-06-17 08:00:00,3552.68,3561.1,3490.95,3527.63,70419.5076,0.0001
2024-06-17 16:00:00,3497.26,3577.77,3463.39,3554.01,80942.9401,9.137e-05
2024-06-18 00:00:00,3511.47,3517.2,3355.0,3441.53,151261.2357,6.649e-05
2024-06-18 08:00:00,3443.97,3451.84,3391.86,3414.11,50599.076,7.836e-05
2024-06-18 16:00:00,3424.02,3436.0,3386.92,3423.27,56147.0642,6.211e-05
2024-06-19 16:00:00,3529.3,3590.01,3523.43,3546.29,50877.7687,6.122e-05
2024-06-20 00:00:00,3560.51,3594.47,3533.49,3553.65,41899.1315,0.0001
2024-06-20 08:00:00,3607.87,3625.96,3572.24,3598.94,58174.3822,6.409e-05
2024-06-20 16:00:00,3506.61,3542.4,3486.0,3536.61,51457.987,3.148e-05
2024-06-21 00:00:00,3513.08,3536.21,3491.66,3501.2,34013.0856,7.46e-06
2024-06-21 08:00:00,3475.0,3532.83,3446.82,3503.22,84533.4256,2.103e-05
2024-06-21 16:00:00,3492.78,3537.5,3469.96,3535.45,66320.0669,0.0001
2024-06-22 00:00:00,3518.5,3521.19,3493.24,3506.77,21118.7164,4.564e-05
2024-06-22 08:00:00,3494.0,3498.96,3475.09,3493.2,19859.6331,5.837e-05
2024-06-22 16:00:00,3505.43,3508.37,3485.56,3491.44,13959.7515,3.914e-05
2024-06-23 00:00:00,3495.76,3519.0,3494.67,3519.0,14289.8809,6.71e-05
2024-06-23 08:00:00,3512.49,3513.0,3488.2,3498.29,18175.411,4.594e-05
2024-06-23 16:00:00,3474.54,3482.4,3461.38,3479.93,18541.0352,3.591e-05
2024-06-24 08:00:00,3369.2,3394.36,3240.0,3321.19,160169.3219,0.0001
2024-06-24 16:00:00,3280.31,3314.9,3242.44,3293.07,102398.4262,7.41e-05
2024-06-25 00:00:00,3352.74,3386.25,3336.76,3371.61,40978.574,0.0001
2024-06-25 08:00:00,3361.0,3394.31,3345.79,3376.01,34837.6718,0.0001
2024-06-25 16:00:00,3419.6,3430.88,3381.68,3415.66,36920.3828,0.0001
2024-06-26 08:00:00,3401.8,3402.85,3366.37,3381.44,31946.3772,0.0001
2024-06-26 16:00:00,3361.68,3410.0,3325.01,3408.08,57919.9768,0.0001
2024-06-27 00:00:00,3371.77,3393.0,3361.74,3383.8,21306.96,0.0001
2024-06-27 16:00:00,3452.75,3467.5,3439.0,3449.79,24220.9756,0.0001
2024-06-28 00:00:00,3450.44,3487.7,3435.95,3460.5,35716.2271,0.0001
2024-06-28 08:00:00,3431.82,3461.39,3420.24,3452.78,30450.9048,0.0001
2024-06-28 16:00:00,3413.6,3416.6,3365.22,3379.74,44208.0751,0.0001
2024-06-29 08:00:00,3399.72,3406.05,3387.2,3400.45,15348.806,0.0001
2024-06-29 16:00:00,3394.62,3396.53,3376.81,3387.02,9707.3365,0.0001
2024-06-30 00:00:00,3378.8,3389.61,3352.66,3371.28,23491.9778,0.0001
2024-06-30 08:00:00,3394.03,3399.38,3386.02,3389.19,16477.0951,0.0001
2024-06-30 16:00:00,3399.81,3434.0,3391.99,3428.41,25398.4021,0.0001
2024-07-01 00:00:00,3438.16,3524.94,3432.55,3498.23,68223.5035,0.0001
2024-07-01 08:00:00,3490.59,3495.0,3457.59,3459.6,35063.7579,0.0001
2024-07-02 00:00:00,3442.2,3464.12,3434.02,3457.03,17046.9388,0.0001
2024-07-02 08:00:00,3439.01,3454.73,3431.6,3453.26,19840.984,0.0001
2024-07-02 16:00:00,3415.66,3433.65,3408.89,3415.37,18180.9348,0.0001
2024-07-03 00:00:00,3421.35,3432.1,3331.23,3360.33,56476.8025,0.0001
2024-07-03 16:00:00,3304.16,3322.09,3254.49,3266.29,70449.3809,0.0001
2024-07-04 00:00:00,3295.49,3313.45,3155.0,3243.2,110045.1383,0.0001
2024-07-04 08:00:00,3182.21,3195.99,3126.6,3159.45,85869.0158,0.0001
2024-07-04 16:00:00,3138.79,3152.64,3113.18,3133.82,40600.7709,0.0001
2024-07-05 00:00:00,3059.7,3110.0,2890.0,2920.99,289984.2983,0.0001
2024-07-05 08:00:00,2882.21,2956.93,2820.0,2947.42,143768.5871,9.55e-05
2024-07-05 16:00:00,2990.99,3001.63,2958.15,2987.99,60768.6971,4.923e-05
2024-07-06 00:00:00,2981.79,3026.45,2955.06,2980.01,39909.0097,9.007e-05
2024-07-06 08:00:00,3004.69,3016.0,2985.06,3005.65,44828.7897,6.597e-05
2024-07-06 16:00:00,3020.0,3065.94,3016.31,3058.21,40135.8109,5.847e-05
2024-07-07 08:00:00,3004.42,3032.18,3004.12,3015.51,19843.9563,8.938e-05
2024-07-07 16:00:00,2970.99,3009.58,2963.89,2985.19,21260.5898,5.389e-05
2024-07-08 00:00:00,2930.99,2951.89,2822.8,2879.71,111600.3586,0.0001
2024-07-08 08:00:00,2927.02,3097.06,2922.71,3053.97,118196.4132,3.423e-05
2024-07-08 16:00:00,2969.21,3009.88,2945.4,3004.59,38601.6244,9.357e-05
2024-07-09 00:00:00,3019.01,3076.74,3004.0,3064.45,51172.7521,5.681e-05
2024-07-09 16:00:00,3067.83,3089.34,3046.99,3068.99,53707.8018,7.754e-05
2024-07-10 00:00:00,3066.65,3082.46,3024.0,3080.0,29726.4409,3.746e-05
2024-07-10 08:00:00,3097.07,3109.1,3078.43,3102.22,27639.2203,1.713e-05
2024-07-10 16:00:00,3122.76,3151.51,3090.17,3107.03,49062.5774,0.0001
2024-07-12 00:00:00,3099.57,3117.92,3055.11,3085.74,32384.1963,0.0001
2024-07-12 08:00:00,3072.3,3086.24,3045.58,3070.0,32506.8939,4.73e-05
2024-07-12 16:00:00,3131.34,3157.89,3112.47,3116.1,32682.231,7.154e-05
2024-07-13 00:00:00,3133.89,3140.4,3120.3,3120.94,14045.7686,0.0001
2024-07-13 08:00:00,3140.2,3171.0,3128.99,3156.84,28706.7349,0.0001
2024-07-13 16:00:00,3154.86,3165.32,3146.85,3163.75,11736.4726,7.584e-05
2024-07-14 00:00:00,3175.93,3193.61,3163.67,3172.75,23189.3613,0.0001
2024-07-14 08:00:00,3195.4,3225.13,3195.4,3202.84,29415.9314,6.352e-05
2024-07-14 16:00:00,3190.47,3197.9,3183.31,3190.9,15171.9991,3.194e-05
2024-07-15 00:00:00,3245.2,3342.19,3233.22,3329.37,62167.7706,9.653e-05
2024-07-15 08:00:00,3355.96,3373.0,3328.0,3339.68,35902.2987,4.043e-05
2024-07-15 16:00:00,3367.82,3431.92,3358.21,3406.0,64769.2902,4.69e-05
2024-07-16 00:00:00,3483.2,3498.59,3453.96,3469.51,43190.2791,2.643e-05
2024-07-16 08:00:00,3376.8,3425.0,3346.55,3419.79,52731.1967,9.799e-05
2024-07-16 16:00:00,3476.21,3494.38,3441.61,3474.4,75353.5961,6.395e-05
2024-07-17 00:00:00,3444.14,3517.0,3441.86,3480.25,63187.5187,5.824e-05
2024-07-17 16:00:00,3437.18,3438.92,3376.0,3416.79,55994.1642,6.113e-05
2024-07-18 00:00:00,3387.05,3441.49,3383.43,3431.4,37282.1827,0.0001
2024-07-18 08:00:00,3433.0,3461.01,3431.34,3458.83,36230.4199,6.727e-05
2024-07-18 16:00:00,3389.29,3424.24,3367.2,3405.6,51836.371,3.237e-05
2024-07-19 00:00:00,3426.49,3432.92,3384.04,3429.59,31002.0002,4.387e-05
2024-07-19 08:00:00,3391.59,3412.0,3377.0,3404.54,36661.6142,8.153e-05
2024-07-19 16:00:00,3465.0,3540.27,3464.99,3522.97,82209.5679,0.0001
2024-07-20 08:00:00,3487.39,3494.59,3480.5,3484.81,19729.9081,8.573e-05
2024-07-20 16:00:00,3503.71,3539.65,3490.53,3514.45,40940.6088,2.468e-05
2024-07-21 00:00:00,3517.5,3528.8,3503.7,3510.47,13607.9347,0.0001
2024-07-21 08:00:00,3485.0,3507.21,3483.8,3498.79,15423.6252,1.524e-05
2024-07-21 16:00:00,3499.95,3526.12,3411.4,3490.72,90344.3959,6.721e-05
2024-07-22 00:00:00,3535.93,3562.82,3515.27,3517.33,34508.7552,9.867e-05
2024-07-22 08:00:00,3478.9,3503.85,3469.0,3500.31,20343.0402,7.749e-05
2024-07-22 16:00:00,3457.15,3498.63,3444.86,3498.14,26567.2598,2.82e-05
2024-07-23 00:00:00,3439.61,3490.14,3435.43,3474.99,43702.0655,7.792e-05
2024-07-23 08:00:00,3454.85,3541.0,3452.09,3516.0,106597.3643,0.0001
2024-07-23 16:00:00,3454.38,3496.49,3389.0,3457.03,109045.3008,9.013e-05
2024-07-24 00:00:00,3482.51,3487.82,3427.4,3448.36,51607.5929,7.865e-05
2024-07-24 08:00:00,3446.69,3472.33,3443.17,3459.63,28795.0939,8.396e-05
2024-07-24 16:00:00,3414.87,3432.4,3357.4,3363.0,46904.3022,6.706e-05
2024-07-25 00:00:00,3335.82,3342.5,3153.04,3168.3,162147.9909,9.46e-05
2024-07-25 08:00:00,3171.84,3187.8,3152.89,3172.5,46850.1646,2.04e-06
2024-07-25 16:00:00,3142.28,3172.75,3100.9,3123.88,56723.5005,3.72e-05
2024-07-26 00:00:00,3175.47,3259.89,3171.0,3236.21,71558.0382,3.903e-05
2024-07-26 08:00:00,3251.0,3263.76,3234.43,3246.86,34743.6662,4.196e-05
2024-07-26 16:00:00,3255.02,3285.61,3242.62,3274.19,25068.6999,4.001e-05
2024-07-27 00:00:00,3274.6,3275.06,3241.31,3245.0,23403.5223,3.05e-05
2024-07-27 08:00:00,3272.31,3282.98,3262.92,3278.41,18484.5109,7.422e-05
2024-07-27 16:00:00,3280.97,3291.81,3227.09,3261.0,44410.9596,1.78e-05
2024-07-28 00:00:00,3249.0,3256.36,3225.73,3237.7,18479.6243,0.0001
2024-07-28 08:00:00,3227.69,3265.72,3215.87,3256.46,18512.5133,0.0001
2024-07-29 08:00:00,3366.9,3396.77,3361.82,3375.0,33297.2724,0.0001
2024-07-30 00:00:00,3317.66,3337.94,3282.3,3321.0,41748.5862,0.0001
2024-07-30 16:00:00,3321.0,3327.42,3260.0,3272.79,37527.1304,0.0001
2024-07-31 00:00:00,3279.2,3304.89,3262.04,3294.01,19396.1899,0.0001
2024-07-31 08:00:00,3317.49,3326.98,3306.81,3322.87,21979.6077,0.0001
2024-07-31 16:00:00,3302.35,3326.79,3245.0,3266.19,51571.4412,0.0001
2024-08-01 00:00:00,3232.74,3242.57,3171.65,3178.22,53390.5476,0.0001
2024-08-01 08:00:00,3166.82,3194.23,3165.52,3188.39,23439.8597,5.973e-05
2024-08-01 16:00:00,3117.18,3136.0,3080.02,3131.64,73912.6239,0.0001
2024-08-02 00:00:00,3203.4,3218.6,3136.41,3168.27,34860.9621,7.641e-05
2024-08-02 16:00:00,3039.0,3048.59,2995.0,3011.64,55041.9854,3.785e-05
2024-08-03 00:00:00,2989.61,3003.53,2913.56,2982.5,68097.7841,8.493e-05
2024-08-03 08:00:00,2983.81,3006.64,2974.5,2997.21,30768.4215,2.92e-05
2024-08-04 00:00:00,2903.65,2935.46,2876.22,2915.78,32211.267,4.181e-05
2024-08-04 08:00:00,2893.24,2925.0,2876.93,2914.22,23191.0524,1.635e-05
2024-08-04 16:00:00,2827.0,2837.96,2630.0,2757.55,271340.6928,6.815e-05
2024-08-05 00:00:00,2688.91,2697.44,2111.0,2312.72,935014.2509,-1.7e-05
2024-08-05 08:00:00,2357.54,2362.24,2224.22,2290.57,321924.8795,-4.58e-06
2024-08-05 16:00:00,2450.8,2518.0,2364.14,2404.9,213856.426,-5.766e-05
2024-08-06 00:00:00,2419.76,2547.43,2415.8,2491.9,124688.8145,-2.276e-05
2024-08-06 08:00:00,2523.42,2525.0,2440.32,2458.91,104813.2647,-0.00010667
2024-08-06 16:00:00,2527.59,2549.73,2480.99,2493.04,85929.469,-1.11e-05
2024-08-07 00:00:00,2461.33,2530.0,2425.53,2507.27,89998.2153,-4.25e-05
2024-08-07 16:00:00,2412.76,2416.45,2326.95,2350.45,107767.2516,-4.478e-05
2024-08-08 08:00:00,2414.0,2460.68,2408.6,2447.63,53930.8485,-1.083e-05
2024-08-08 16:00:00,2507.21,2607.29,2504.02,2573.53,119225.8246,-3.437e-05
2024-08-09 00:00:00,2682.5,2702.19,2646.4,2694.67,63994.929,1.139e-05
2024-08-09 08:00:00,2670.21,2681.28,2617.2,2634.92,59287.2414,4.212e-05
2024-08-09 16:00:00,2557.82,2609.75,2552.61,2590.8,47767.5934,-2.753e-05
2024-08-10 00:00:00,2598.79,2644.7,2576.49,2602.59,41781.1559,-4.249e-05
2024-08-10 08:00:00,2634.27,2642.84,2623.0,2636.58,23580.2801,3.504e-05
2024-08-10 16:00:00,2599.5,2622.84,2589.51,2603.01,42801.0115,1.614e-05
2024-08-11 00:00:00,2609.92,2668.28,2606.02,2646.38,29621.3165,-8.82e-06
2024-08-11 08:00:00,2677.8,2720.0,2644.91,2652.61,59099.6587,9.73e-06
2024-08-12 00:00:00,2555.38,2577.9,2510.05,2541.02,58146.0202,1.047e-05
2024-08-12 08:00:00,2567.27,2683.2,2558.54,2673.6,89661.5896,6.766e-05
2024-08-12 16:00:00,2689.2,2698.87,2627.89,2660.09,52993.2364,6.424e-05
2024-08-13 00:00:00,2722.3,2738.4,2650.61,2656.39,75847.8786,7.892e-05
2024-08-13 08:00:00,2648.95,2658.34,2611.37,2644.65,36586.1892,-6.036e-05
2024-08-13 16:00:00,2652.0,2730.28,2650.0,2711.46,80433.5472,-4.532e-05
2024-08-14 00:00:00,2702.44,2725.4,2685.8,2709.39,29788.4378,5.55e-06
2024-08-14 08:00:00,2727.56,2764.05,2715.0,2750.24,57437.1613,3.166e-05
2024-08-14 16:00:00,2674.22,2674.22,2641.4,2669.06,38939.5101,-3.462e-05
2024-08-15 00:00:00,2661.45,2673.57,2634.0,2652.5,35244.0635,5.044e-05
2024-08-15 08:00:00,2615.16,2644.1,2604.3,2637.73,32083.2746,7.775e-05
2024-08-15 16:00:00,2668.4,2675.0,2521.87,2549.59,130417.331,6.62e-06
2024-08-16 00:00:00,2569.9,2610.35,2552.17,2580.08,34928.8712,-1.182e-05
2024-08-16 08:00:00,2617.44,2626.41,2606.55,2612.52,24004.2242,2.105e-05
2024-08-16 16:00:00,2568.96,2630.97,2564.13,2620.4,81118.3896,3.363e-05
2024-08-17 00:00:00,2592.72,2607.92,2587.5,2595.77,17799.5792,2.448e-05
2024-08-17 08:00:00,2600.24,2607.28,2593.0,2599.23,14186.2746,-2.485e-05
2024-08-17 16:00:00,2606.79,2629.69,2606.78,2614.94,15643.5968,-3.471e-05
2024-08-18 00:00:00,2614.51,2638.22,2605.05,2606.6,25195.1998,7.82e-06
2024-08-18 08:00:00,2608.05,2669.49,2605.59,2649.4,46909.3327,-4.706e-05
2024-08-18 16:00:00,2672.2,2678.38,2643.75,2667.9,19490.8698,-1.42e-06
2024-08-19 00:00:00,2612.15,2647.42,2603.53,2644.41,39440.4953,-3.66e-05
2024-08-19 08:00:00,2614.31,2622.26,2565.84,2587.9,47327.1464,8.59e-06
2024-08-20 00:00:00,2636.36,2677.0,2619.06,2661.99,44019.1489,9.69e-06
2024-08-20 08:00:00,2674.81,2676.4,2639.4,2642.45,28408.1903,1.977e-05
2024-08-21 08:00:00,2600.73,2607.87,2567.35,2577.6,25994.1915,2.306e-05
2024-08-22 00:00:00,2630.71,2640.25,2584.2,2616.59,37855.1007,-9.46e-06
2024-08-22 08:00:00,2636.3,2644.49,2619.6,2641.91,32925.1144,3.544e-05
2024-08-23 00:00:00,2622.89,2652.95,2621.4,2635.72,29172.9593,6.601e-05
2024-08-23 08:00:00,2669.24,2681.0,2650.99,2653.27,41876.3322,6.071e-05
2024-08-23 16:00:00,2671.09,2750.0,2663.0,2746.54,104960.0382,-1.72e-06
2024-08-24 00:00:00,2762.49,2769.6,2742.47,2746.6,37141.1388,-1.504e-05
2024-08-24 16:00:00,2761.06,2820.0,2760.28,2793.01,83086.7315,5.81e-06
2024-08-25 00:00:00,2768.01,2782.73,2748.9,2764.53,32309.0924,-3.389e-05
2024-08-25 08:00:00,2743.39,2761.5,2737.23,2750.99,23915.8443,3.311e-05
2024-08-25 16:00:00,2763.81,2773.8,2760.15,2766.3,13737.9161,2.579e-05
2024-08-26 00:00:00,2746.12,2762.0,2718.14,2744.34,29741.3445,2.145e-05
2024-08-26 16:00:00,2721.69,2732.08,2675.52,2680.83,54876.0413,6.339e-05
2024-08-27 08:00:00,2687.9,2692.07,2619.3,2626.67,46222.7582,5.093e-05
2024-08-27 16:00:00,2579.3,2591.93,2563.49,2584.0,42186.7785,7.429e-05
2024-08-28 00:00:00,2457.33,2480.31,2418.8,2478.45,88136.9581,-6.098e-05
2024-08-28 08:00:00,2437.02,2550.31,2429.14,2523.2,95664.2576,-7.62e-06
2024-08-29 00:00:00,2528.33,2537.99,2512.2,2523.4,24672.3392,1.16e-05
2024-08-29 16:00:00,2575.97,2585.69,2509.66,2528.54,61398.5516,-4.09e-06
2024-08-30 00:00:00,2527.6,2535.4,2505.0,2516.8,28608.572,5.49e-05
2024-08-30 08:00:00,2517.42,2528.37,2507.31,2512.44,21297.5566,3.483e-05
2024-08-30 16:00:00,2448.76,2542.19,2431.14,2506.94,130701.1151,1.032e-05
2024-08-31 00:00:00,2525.99,2533.95,2518.86,2523.52,14166.9397,7.976e-05
2024-08-31 08:00:00,2521.01,2529.81,2511.47,2525.5,14773.6726,7.237e-05
2024-08-31 16:00:00,2519.18,2519.8,2491.92,2499.8,22057.3239,7.811e-05
2024-09-01 00:00:00,2513.0,2516.28,2476.44,2488.74,22040.3526,4.499e-05
2024-09-01 16:00:00,2480.83,2514.82,2457.16,2501.71,38784.3156,4.183e-05
2024-09-02 16:00:00,2513.2,2530.92,2505.78,2524.25,29916.1001,7.064e-05
2024-09-03 00:00:00,2538.0,2553.6,2514.73,2516.0,27730.1585,5.67e-05
2024-09-03 16:00:00,2444.01,2469.87,2435.83,2447.6,41528.1331,5.216e-05
2024-09-04 00:00:00,2425.28,2449.22,2306.65,2373.0,144366.9266,8.054e-05
2024-09-04 08:00:00,2401.52,2410.83,2387.15,2398.77,36620.6349,-1.109e-05
2024-09-04 16:00:00,2455.39,2490.0,2439.2,2452.16,48221.7855,5.833e-05
2024-09-05 00:00:00,2450.71,2466.0,2404.28,2405.55,51182.1435,4.539e-05
2024-09-05 08:00:00,2412.41,2416.35,2383.16,2389.54,28448.2371,2.41e-05
2024-09-06 00:00:00,2368.81,2408.4,2357.6,2392.63,32980.5199,3.662e-05
2024-09-06 16:00:00,2290.21,2293.17,2207.4,2222.56,176299.547,4.007e-05
2024-09-07 00:00:00,2225.24,2243.0,2220.98,2238.41,34327.2918,2.41e-06
2024-09-07 08:00:00,2288.11,2299.47,2275.2,2283.7,29197.2328,-5.37e-06
2024-09-07 16:00:00,2300.49,2304.54,2263.4,2290.44,41600.0682,2.652e-05
2024-09-08 00:00:00,2273.58,2288.33,2263.22,2286.04,19091.7911,5.363e-05
2024-09-08 08:00:00,2294.94,2309.86,2287.64,2296.6,24075.8922,3.089e-05
2024-09-08 16:00:00,2245.74,2283.46,2243.26,2272.09,27008.5984,1.827e-05
2024-09-09 00:00:00,2297.3,2320.74,2288.61,2304.23,36474.1665,7.67e-06
2024-09-09 08:00:00,2314.33,2339.0,2310.06,2315.29,45191.1776,3.085e-05
2024-09-10 00:00:00,2359.51,2360.59,2334.99,2340.84,27409.2787,1.082e-05
2024-09-10 08:00:00,2363.51,2372.0,2339.08,2351.0,33662.5301,-3.453e-05
2024-09-10 16:00:00,2325.01,2391.94,2324.52,2380.73,47628.1754,2.28e-06
2024-09-11 00:00:00,2388.52,2389.32,2339.0,2348.31,39080.7694,2.484e-05
2024-09-11 08:00:00,2341.66,2341.89,2306.45,2327.59,29236.327,1.804e-05
2024-09-11 16:00:00,2325.89,2368.87,2324.48,2340.6,54352.1621,-1.796e-05
2024-09-12 00:00:00,2340.54,2391.93,2339.54,2368.0,44561.7461,2.592e-05
2024-09-12 08:00:00,2359.59,2365.99,2343.2,2348.55,23459.5022,2.496e-05
2024-09-12 16:00:00,2323.2,2361.54,2322.42,2361.03,32562.9832,1.134e-05
2024-09-13 00:00:00,2361.75,2364.56,2350.27,2356.04,13613.7223,4.291e-05
2024-09-14 00:00:00,2439.19,2440.6,2422.28,2432.94,23620.601,8.45e-06
2024-09-14 08:00:00,2420.23,2421.76,2407.98,2417.07,19673.4027,-4.15e-06
2024-09-15 00:00:00,2417.8,2430.32,2416.53,2420.09,14598.6023,-2.67e-06
2024-09-15 08:00:00,2422.89,2423.18,2401.75,2406.86,14771.6684,1.355e-05
2024-09-15 16:00:00,2408.72,2409.12,2362.71,2372.35,41671.0716,2.131e-05
2024-09-16 00:00:00,2316.09,2322.6,2252.39,2278.38,86962.8377,3.228e-05
2024-09-16 16:00:00,2287.73,2311.06,2269.25,2275.22,57131.6662,-1.149e-05
2024-09-17 08:00:00,2309.18,2323.69,2302.46,2308.12,40567.8112,2.423e-05
2024-09-17 16:00:00,2383.79,2390.0,2327.9,2353.09,55350.6039,5.73e-05
2024-09-18 00:00:00,2341.79,2343.28,2309.69,2334.79,33269.0484,4.792e-05
2024-09-18 08:00:00,2330.0,2330.01,2277.34,2300.59,43998.7581,3.074e-05
2024-09-19 00:00:00,2374.74,2412.82,2372.6,2403.68,74063.4655,7.727e-05
2024-09-19 08:00:00,2438.07,2442.1,2423.35,2435.35,42639.8525,8.266e-05
2024-09-20 00:00:00,2465.21,2521.71,2437.31,2520.56,49254.4522,0.0001
2024-09-20 16:00:00,2560.27,2569.0,2525.36,2540.98,42141.6771,0.0001
2024-09-21 08:00:00,2555.77,2557.34,2545.04,2556.5,13639.3088,6.665e-05
2024-09-21 16:00:00,2560.0,2578.4,2556.21,2572.05,16053.7707,4.536e-05
2024-09-22 00:00:00,2612.4,2632.57,2588.1,2594.71,44959.9,4.896e-05
2024-09-22 08:00:00,2587.99,2595.76,2569.61,2580.59,27603.6937,5.198e-05
2024-09-22 16:00:00,2570.51,2591.69,2552.49,2578.37,36410.4297,0.0001
2024-09-23 00:00:00,2580.99,2687.24,2539.49,2676.71,98308.8181,2.548e-05
2024-09-23 08:00:00,2646.47,2662.47,2633.91,2646.0,36840.1003,6.821e-05
2024-09-23 16:00:00,2675.37,2702.82,2658.08,2672.97,58966.6192,6.476e-05
2024-09-24 00:00:00,2646.98,2651.39,2609.4,2627.4,52066.9646,3.85e-05
2024-09-24 08:00:00,2647.0,2667.75,2619.35,2636.85,45110.5414,4.791e-05
2024-09-25 00:00:00,2653.2,2673.5,2632.5,2646.6,45571.698,2.445e-05
2024-09-25 16:00:00,2600.81,2609.39,2564.77,2570.69,47192.8845,3.538e-05
2024-09-26 08:00:00,2629.8,2639.5,2612.83,2628.8,46833.8007,8.119e-05
2024-09-26 16:00:00,2652.01,2666.22,2626.8,2648.99,46663.0564,0.0001
2024-09-27 00:00:00,2632.25,2644.9,2615.21,2638.66,26768.3738,9.625e-05
2024-09-27 08:00:00,2657.28,2677.61,2641.3,2652.0,41596.5263,7.694e-05
2024-09-27 16:00:00,2683.63,2728.6,2678.49,2701.37,71817.2564,6.276e-05
2024-09-28 00:00:00,2694.43,2704.35,2688.01,2690.31,21128.0815,0.0001
2024-09-28 16:00:00,2669.89,2684.51,2662.21,2678.34,21399.5884,7.162e-05
2024-09-29 08:00:00,2640.43,2655.0,2634.2,2652.49,24320.7835,6.785e-05
2024-09-29 16:00:00,2666.38,2671.8,2650.49,2666.78,20369.8117,8.854e-05
2024-09-30 00:00:00,2657.62,2663.5,2601.12,2629.89,67474.6477,6.161e-05
2024-09-30 16:00:00,2595.99,2610.01,2575.0,2595.31,45071.6506,0.0001
2024-10-01 00:00:00,2602.24,2633.3,2591.34,2629.83,46721.4787,0.0001
2024-10-01 08:00:00,2645.61,2647.19,2628.47,2628.87,28094.2912,0.0001
2024-10-02 00:00:00,2447.78,2499.0,2442.13,2489.6,44750.7125,0.0001
2024-10-02 08:00:00,2482.03,2486.89,2441.71,2455.22,39918.2223,6.859e-05
2024-10-02 16:00:00,2460.4,2478.89,2368.03,2371.77,74986.2284,0.0001
2024-10-03 00:00:00,2364.09,2399.6,2352.59,2399.32,42118.3821,2.418e-05
2024-10-03 08:00:00,2364.65,2370.0,2318.72,2352.34,83288.927,4.124e-05
2024-10-03 16:00:00,2340.6,2354.31,2312.0,2353.51,39550.6975,4.621e-05
2024-10-04 00:00:00,2349.8,2380.0,2339.15,2367.06,38159.3861,5.138e-05
2024-10-04 08:00:00,2381.6,2393.52,2374.11,2386.2,24944.9194,3.739e-05
2024-10-05 00:00:00,2414.41,2428.23,2390.26,2399.6,20356.2535,0.0001
2024-10-05 08:00:00,2415.11,2428.22,2415.1,2417.19,14026.2539,7.909e-05
2024-10-05 16:00:00,2415.01,2416.1,2392.8,2396.54,18796.2094,5.458e-05
2024-10-06 00:00:00,2414.66,2423.0,2407.0,2413.64,11865.5663,9.056e-05
2024-10-06 16:00:00,2446.62,2453.0,2435.4,2441.39,20084.9861,3.309e-05
2024-10-07 00:00:00,2440.02,2512.92,2435.84,2495.34,64906.1124,3.36e-05
2024-10-07 08:00:00,2480.54,2488.87,2437.9,2475.84,53068.404,9.258e-05
2024-10-08 00:00:00,2422.7,2448.1,2422.7,2438.13,23442.3811,6.592e-05
2024-10-08 08:00:00,2428.6,2441.74,2417.4,2439.71,20649.4241,0.0001
2024-10-08 16:00:00,2419.49,2456.62,2411.17,2440.13,43221.5315,8.377e-05
2024-10-09 00:00:00,2440.88,2473.61,2427.44,2446.78,35935.5975,0.0001
2024-10-09 08:00:00,2436.0,2442.55,2427.79,2441.7,22985.73,3.64e-05
2024-10-09 16:00:00,2461.3,2462.61,2407.43,2418.3,40763.1329,0.0001
2024-10-10 00:00:00,2370.47,2400.6,2366.87,2395.3,38178.3731,6.663e-05
2024-10-10 08:00:00,2395.78,2408.12,2368.55,2406.56,32497.4526,0.0001
2024-10-10 16:00:00,2404.62,2421.36,2330.66,2367.13,93309.876,0.0001
2024-10-11 00:00:00,2386.49,2416.94,2381.86,2411.1,30289.8309,0.0001
2024-10-11 08:00:00,2407.64,2426.22,2402.65,2417.82,29077.8241,9.474e-05
2024-10-12 00:00:00,2439.49,2451.37,2434.35,2439.04,25581.3859,4.445e-05
2024-10-12 16:00:00,2473.1,2486.75,2466.66,2472.6,21868.9413,7.35e-05
2024-10-13 00:00:00,2476.4,2484.92,2452.55,2457.86,22224.4323,7.928e-05
2024-10-13 08:00:00,2465.0,2471.74,2457.52,2458.27,13286.2189,3.958e-05
2024-10-13 16:00:00,2440.51,2462.31,2437.92,2458.09,24263.4219,1.763e-05
2024-10-14 00:00:00,2468.92,2526.6,2443.39,2521.11,65340.254,6.559e-05
2024-10-14 08:00:00,2535.78,2547.49,2519.65,2537.9,44684.5599,0.0001
2024-10-14 16:00:00,2635.47,2640.4,2615.12,2620.51,51675.6035,0.0001
2024-10-15 00:00:00,2629.79,2637.38,2608.52,2612.32,32699.9359,0.0001
2024-10-15 08:00:00,2615.67,2622.5,2580.01,2586.2,46038.5745,0.0001
2024-10-15 16:00:00,2573.42,2619.33,2571.36,2592.11,70160.4914,0.0001
2024-10-16 00:00:00,2607.41,2630.6,2588.67,2617.23,41559.1494,0.0001
2024-10-16 16:00:00,2607.68,2628.0,2591.58,2614.93,29249.1835,0.0001
2024-10-17 00:00:00,2611.1,2645.6,2610.03,2640.8,42096.8727,0.0001
2024-10-17 08:00:00,2628.5,2630.71,2596.49,2598.01,37961.3642,0.0001
2024-10-18 16:00:00,2653.15,2675.58,2629.5,2651.31,65334.2914,0.0001
2024-10-19 00:00:00,2642.17,2663.49,2635.22,2646.41,24351.122,0.0001
2024-10-19 08:00:00,2641.05,2648.6,2631.02,2631.48,17547.521,0.0001
2024-10-19 16:00:00,2645.69,2646.52,2637.0,2641.34,14020.3029,0.0001
2024-10-20 00:00:00,2648.2,2653.56,2635.54,2640.25,16860.0707,0.0001
2024-10-20 08:00:00,2646.1,2651.49,2643.13,2649.49,12696.1974,0.0001
2024-10-20 16:00:00,2706.58,2709.77,2686.25,2699.86,31714.755,0.0001
2024-10-21 00:00:00,2746.91,2769.48,2725.3,2733.81,65279.2393,0.0001
2024-10-21 08:00:00,2722.01,2729.2,2701.41,2704.77,46379.4613,0.0001
2024-10-21 16:00:00,2679.43,2684.79,2655.01,2680.1,46431.9384,0.0001
2024-10-22 00:00:00,2666.71,2671.92,2613.49,2644.56,74882.1172,0.0001
2024-10-22 08:00:00,2646.8,2649.19,2613.2,2632.9,45524.9314,0.0001
2024-10-22 16:00:00,2624.33,2633.82,2607.0,2628.01,30526.639,0.0001
2024-10-23 00:00:00,2622.81,2628.2,2601.18,2616.5,28370.0336,0.0001
2024-10-23 08:00:00,2602.81,2611.52,2563.73,2580.93,57446.364,0.0001
2024-10-23 16:00:00,2540.21,2542.56,2450.0,2512.51,127126.4845,0.0001
2024-10-24 00:00:00,2524.6,2560.75,2508.98,2544.8,51444.6055,0.0001
2024-10-24 08:00:00,2544.76,2551.4,2508.8,2529.47,42147.9069,0.0001
2024-10-24 16:00:00,2525.8,2541.91,2507.31,2539.96,40463.6768,0.0001
2024-10-25 00:00:00,2535.82,2538.53,2509.89,2521.73,27585.145,0.0001
2024-10-25 08:00:00,2484.07,2547.0,2478.37,2545.13,79017.9636,0.0001
2024-10-25 16:00:00,2524.86,2536.7,2455.6,2476.1,114795.8392,0.0001
2024-10-26 00:00:00,2440.63,2458.0,2430.12,2452.27,59166.402,0.0001
2024-10-26 16:00:00,2457.6,2488.14,2455.77,2486.68,35230.3821,0.0001
2024-10-27 00:00:00,2482.51,2484.89,2469.52,2484.64,15688.7621,0.0001
2024-10-27 08:00:00,2481.25,2484.4,2464.13,2469.86,20154.6201,0.0001
2024-10-27 16:00:00,2501.98,2511.7,2486.0,2494.59,22550.227,0.0001
2024-10-28 00:00:00,2507.8,2512.53,2471.67,2477.71,28902.3387,0.0001
2024-10-28 16:00:00,2501.01,2524.3,2488.0,2506.7,77169.9539,0.0001
2024-10-29 00:00:00,2567.49,2631.66,2561.2,2607.75,113234.5153,0.0001
2024-10-29 08:00:00,2613.29,2638.8,2612.81,2631.59,47484.2184,0.0001
2024-10-30 00:00:00,2638.8,2651.42,2599.66,2641.7,58651.4667,0.0001
2024-10-30 08:00:00,2668.6,2696.5,2657.09,2659.18,73414.7548,0.0001
2024-10-31 00:00:00,2659.19,2669.0,2637.63,2657.0,44745.4639,0.0001
2024-10-31 08:00:00,2646.79,2648.5,2625.26,2638.81,49785.3798,0.0001
2024-10-31 16:00:00,2562.86,2564.09,2506.3,2514.33,86177.7516,0.0001
2024-11-01 00:00:00,2518.61,2533.25,2467.67,2503.2,86691.3327,0.0001
2024-11-01 08:00:00,2504.12,2525.8,2494.55,2515.44,50334.2681,0.0001
2024-11-01 16:00:00,2500.02,2538.58,2495.2,2514.49,70817.1562,0.0001
2024-11-02 00:00:00,2511.49,2523.45,2501.0,2506.7,23860.5833,0.0001
2024-11-02 08:00:00,2507.34,2510.3,2491.2,2502.13,20552.6748,0.0001
2024-11-02 16:00:00,2488.78,2497.73,2479.3,2493.02,18610.8072,0.0001
2024-11-03 00:00:00,2494.23,2496.39,2421.29,2449.59,67070.7487,0.0001
2024-11-03 08:00:00,2450.03,2462.64,2443.94,2454.47,36799.3352,0.0001
2024-11-03 16:00:00,2442.63,2459.53,2411.0,2452.89,52907.215,0.0001
2024-11-04 00:00:00,2457.73,2491.39,2434.99,2473.76,37127.5002,0.0001
2024-11-04 08:00:00,2459.68,2478.0,2447.34,2470.2,28566.6765,0.0001
2024-11-04 16:00:00,2442.6,2446.32,2405.8,2430.43,63432.5532,0.0001
2024-11-05 00:00:00,2398.21,2421.4,2380.74,2420.41,47944.8664,0.0001
2024-11-06 00:00:00,2422.6,2638.0,2420.3,2579.31,273196.315,9.511e-05
2024-11-06 08:00:00,2593.99,2637.0,2571.0,2629.02,130007.8482,0.0001
2024-11-06 16:00:00,2634.2,2687.26,2633.43,2687.25,84147.198,0.0001
2024-11-07 00:00:00,2721.88,2880.0,2699.49,2852.42,239110.0996,0.0001
2024-11-07 08:00:00,2820.3,2830.0,2790.0,2792.28,65854.3896,0.00014885
2024-11-07 16:00:00,2847.5,2893.8,2823.75,2885.0,121819.8352,0.0001
2024-11-08 00:00:00,2895.47,2954.94,2886.4,2902.42,126526.9325,0.0001
2024-11-08 08:00:00,2911.88,2930.89,2893.33,2914.39,62192.9151,0.0001
2024-11-08 16:00:00,2937.03,2981.69,2890.04,2949.96,126505.7537,0.0001
2024-11-09 00:00:00,2961.75,2995.22,2954.56,2965.5,76958.1964,0.0001
2024-11-09 08:00:00,3030.37,3055.88,3021.46,3051.6,69670.2941,0.0001
2024-11-09 16:00:00,3040.85,3094.55,2990.58,3070.39,98531.409,0.0001
2024-11-10 00:00:00,3126.2,3151.41,3103.7,3134.82,92569.5686,0.0001
2024-11-10 08:00:00,3185.89,3230.0,3168.81,3220.0,96121.2648,0.0001
2024-11-10 16:00:00,3209.52,3248.52,3150.0,3164.27,167610.7179,0.00026708
2024-11-11 08:00:00,3140.16,3212.49,3132.1,3197.79,91922.0003,0.0001881
2024-11-11 16:00:00,3236.97,3346.4,3233.63,3300.2,264375.1673,0.00017298
2024-11-12 08:00:00,3368.72,3442.5,3207.67,3282.42,280549.6624,0.0005762
2024-11-12 16:00:00,3261.72,3304.57,3209.5,3272.82,117233.5137,0.00046001
2024-11-13 00:00:00,3243.79,3285.52,3201.83,3207.99,130449.5382,0.00013607
2024-11-13 16:00:00,3309.28,3331.0,3155.0,3158.81,193136.2758,0.00012894
2024-11-14 08:00:00,3217.62,3230.73,3155.0,3185.23,78316.7747,0.0001
2024-11-14 16:00:00,3077.68,3181.0,3070.84,3145.41,97075.8204,0.0001
2024-11-15 00:00:00,3058.81,3092.54,3034.87,3082.44,62360.0892,0.00013133
2024-11-15 08:00:00,3039.49,3114.0,3022.0,3104.29,72596.3179,0.00013108
2024-11-15 16:00:00,3023.73,3059.9,3015.6,3039.58,94772.9642,0.0001
2024-11-16 16:00:00,3141.11,3184.6,3128.0,3169.01,55018.2084,0.00011351
2024-11-17 00:00:00,3132.88,3154.0,3034.99,3080.68,99299.4635,0.0001
2024-11-17 08:00:00,3136.79,3162.11,3100.81,3105.52,64426.9637,0.0001
2024-11-18 00:00:00,3075.99,3124.2,3069.0,3111.96,55672.4888,0.00019865
2024-11-18 08:00:00,3130.56,3139.78,3050.01,3056.28,74634.8774,0.00031651
2024-11-18 16:00:00,3143.41,3199.0,3090.3,3127.17,182179.47,0.00019762
2024-11-19 00:00:00,3207.81,3221.2,3141.7,3148.5,84612.4122,0.00040458
2024-11-19 08:00:00,3118.09,3130.0,3091.13,3126.51,63945.7633,0.00021234
2024-11-19 16:00:00,3104.35,3145.0,3099.49,3122.19,86887.7832,0.00015353
2024-11-20 08:00:00,3109.54,3135.13,3083.8,3099.82,70771.0925,0.00019505
2024-11-20 16:00:00,3130.0,3135.0,3029.41,3058.05,130168.2034,0.00013619
2024-11-21 08:00:00,3137.02,3155.0,3118.37,3147.75,92439.1127,0.0001
2024-11-22 00:00:00,3355.88,3380.68,3304.39,3365.8,93006.5467,0.0003418
2024-11-22 08:00:00,3362.65,3383.84,3311.68,3344.75,91214.4542,0.00029201
2024-11-23 00:00:00,3327.78,3364.98,3312.72,3345.51,105265.7506,0.00015103
2024-11-23 08:00:00,3341.34,3402.98,3335.16,3354.65,105279.0199,0.00032558
2024-11-23 16:00:00,3460.34,3470.22,3377.0,3407.83,150136.8855,0.00037006
2024-11-24 08:00:00,3422.51,3428.35,3339.11,3344.22,99770.3421,0.00023721
2024-11-24 16:00:00,3294.39,3334.19,3287.19,3326.63,63212.5803,0.00027264
2024-11-25 00:00:00,3361.21,3370.4,3300.01,3362.44,66165.1278,0.00017259
2024-11-25 08:00:00,3399.4,3527.0,3396.6,3471.84,169761.3244,0.00023935
2024-11-25 16:00:00,3518.41,3546.66,3423.47,3464.0,190751.0262,0.00031797
2024-11-26 00:00:00,3414.49,3462.49,3395.84,3434.61,99053.4641,0.0002448
2024-11-26 08:00:00,3394.8,3397.33,3280.1,3323.01,159770.0173,0.0001227
2024-11-26 16:00:00,3296.33,3338.0,3252.0,3300.61,139329.9409,0.0001819
2024-11-27 00:00:00,3324.74,3372.5,3302.4,3361.03,86102.9925,0.00021068
2024-11-27 08:00:00,3424.12,3485.5,3402.43,3460.43,97680.7587,0.00020895
2024-11-28 00:00:00,3653.27,3661.92,3564.75,3598.8,102778.5796,0.00015948
2024-11-28 08:00:00,3592.4,3638.39,3574.23,3620.51,93409.4729,0.0001647
2024-11-28 16:00:00,3541.78,3584.87,3529.76,3575.05,76570.5621,0.0001
2024-11-29 00:00:00,3578.8,3602.85,3550.07,3583.82,65033.1438,0.0001
2024-11-29 08:00:00,3544.5,3599.66,3544.49,3594.74,55500.5568,0.00015354
2024-11-29 16:00:00,3613.95,3620.08,3559.24,3582.79,76494.6217,0.0001
2024-11-30 00:00:00,3592.22,3661.0,3568.4,3657.12,92179.3342,0.00017097
2024-11-30 08:00:00,3703.06,3718.0,3631.23,3653.69,76964.0164,0.0002474
2024-11-30 16:00:00,3674.0,3696.78,3656.23,3689.56,61494.3031,0.00012425
2024-12-01 00:00:00,3703.59,3732.34,3659.2,3707.0,92779.5957,0.00011863
2024-12-01 08:00:00,3702.32,3717.0,3675.47,3692.42,61458.2739,0.00013737
2024-12-01 16:00:00,3728.59,3744.11,3693.02,3707.96,66222.5075,0.00015064
2024-12-02 16:00:00,3672.13,3682.01,3554.32,3612.17,137683.3569,0.00028383
2024-12-03 00:00:00,3643.43,3658.16,3607.8,3639.75,86733.4244,0.00026464
2024-12-03 08:00:00,3616.85,3635.14,3585.0,3613.81,121073.7629,0.00034689
2024-12-03 16:00:00,3571.8,3594.4,3538.55,3577.34,90514.4017,0.00014297
2024-12-04 00:00:00,3614.51,3707.57,3614.51,3661.8,172948.5304,0.00018732
2024-12-04 08:00:00,3715.0,3751.44,3696.42,3729.09,139644.0469,0.00015899
2024-12-04 16:00:00,3820.99,3844.65,3732.98,3841.15,190852.24,0.00019842
2024-12-05 08:00:00,3850.98,3943.28,3850.75,3930.98,138309.1401,0.00049482
2024-12-05 16:00:00,3888.0,3926.33,3820.01,3830.81,120866.8673,0.00031177
2024-12-06 00:00:00,3785.21,3914.0,3777.26,3907.01,113127.0334,0.00014294
2024-12-06 08:00:00,3893.74,3910.45,3845.3,3867.02,92340.5447,0.0002554
2024-12-06 16:00:00,3993.01,4073.86,3980.11,4067.62,137627.0476,0.0002635
2024-12-07 00:00:00,3998.87,4024.46,3970.0,3986.87,65288.4745,0.0003059
2024-12-07 08:00:00,3985.87,4009.0,3973.51,3998.3,44383.4721,0.00024299
2024-12-07 16:00:00,4004.72,4020.43,3986.0,4012.19,46291.4199,0.00023099
2024-12-08 00:00:00,3996.22,4008.99,3985.47,3989.28,27302.2303,0.00020864
2024-12-08 08:00:00,3980.6,3981.79,3923.5,3971.84,55860.2743,0.00023941
2024-12-08 16:00:00,3990.79,3999.89,3964.4,3989.99,35630.8291,0.00018574
2024-12-09 00:00:00,4004.15,4006.17,3905.21,3929.37,74905.7169,0.00020272
2024-12-09 08:00:00,3918.44,3920.0,3841.24,3850.88,95335.7358,0.0001
2024-12-10 08:00:00,3734.54,3773.39,3713.56,3750.11,66469.389,0.0001
2024-12-10 16:00:00,3567.76,3634.92,3515.89,3628.82,238385.3346,0.0001
2024-12-11 00:00:00,3628.24,3668.96,3562.34,3665.23,83678.45,0.0001
2024-12-11 08:00:00,3652.58,3728.0,3651.23,3716.84,62134.3791,0.0001
2024-12-12 08:00:00,3905.4,3937.99,3891.32,3913.38,60232.5799,0.0001
2024-12-13 00:00:00,3881.6,3941.19,3852.94,3932.83,64542.0267,0.0001
2024-12-13 08:00:00,3885.64,3923.66,3872.2,3901.5,54233.1081,0.0001
2024-12-14 00:00:00,3906.8,3945.0,3895.67,3910.83,48077.2434,0.0001
2024-12-14 08:00:00,3920.75,3931.38,3886.2,3894.53,32599.3234,0.0001
2024-12-14 16:00:00,3889.0,3898.23,3827.0,3859.11,65864.5831,0.0001
2024-12-15 00:00:00,3870.3,3895.53,3856.02,3874.48,24783.839,0.0001
2024-12-15 08:00:00,3845.19,3879.01,3837.21,3877.61,25590.3833,0.0001
2024-12-15 16:00:00,3894.76,3919.6,3886.4,3904.09,31811.6421,9.404e-05
2024-12-16 00:00:00,3959.09,4025.18,3928.88,3942.6,144630.7421,8.662e-05
2024-12-16 16:00:00,3941.21,4107.8,3939.4,4056.88,220282.2717,0.0001
2024-12-17 00:00:00,3986.24,4041.82,3943.0,4035.01,73034.8936,0.0001
2024-12-17 08:00:00,3994.23,4031.38,3990.0,3997.14,51842.525,0.0001
2024-12-17 16:00:00,3939.19,3984.46,3917.2,3943.99,71693.5838,0.0001
2024-12-18 00:00:00,3893.01,3903.2,3834.66,3849.81,80564.7394,8.046e-05
2024-12-18 08:00:00,3847.33,3887.32,3841.6,3882.65,44754.8074,0.0001
2024-12-18 16:00:00,3867.99,3907.19,3770.0,3770.29,120106.5226,0.0001
2024-12-19 00:00:00,3626.8,3673.82,3542.22,3668.9,199888.1171,6.104e-05
2024-12-19 08:00:00,3693.79,3720.0,3664.28,3705.62,58298.6588,7.438e-05
2024-12-19 16:00:00,3613.92,3637.1,3376.2,3439.44,392538.6357,7.373e-05
2024-12-20 00:00:00,3417.01,3465.6,3370.47,3413.87,147018.6408,0.0001
2024-12-21 00:00:00,3472.2,3489.96,3445.35,3467.64,54575.1862,6.352e-05
2024-12-21 08:00:00,3523.45,3527.49,3423.91,3442.23,71843.6301,0.0001
2024-12-22 00:00:00,3338.92,3374.48,3318.71,3356.38,46613.1262,0.0001
2024-12-22 08:00:00,3332.5,3403.0,3331.19,3381.03,44270.8729,0.0001
2024-12-22 16:00:00,3302.38,3338.65,3238.0,3247.14,75577.8841,5.37e-05
2024-12-23 00:00:00,3281.83,3357.03,3216.97,3351.0,92072.9227,5.686e-05
2024-12-23 08:00:00,3305.2,3355.54,3293.5,3339.54,54542.9983,5.398e-05
2024-12-24 00:00:00,3422.53,3426.4,3358.19,3396.94,52061.6979,0.0001
2024-12-24 08:00:00,3401.22,3416.65,3385.98,3414.56,34709.9812,8.121e-05
2024-12-25 08:00:00,3489.21,3547.95,3465.43,3471.04,56689.0785,6.55e-05
2024-12-25 16:00:00,3473.0,3488.55,3440.93,3481.21,30283.1034,1.254e-05
2024-12-26 00:00:00,3497.0,3514.94,3450.45,3455.71,39490.1081,0.0001
2024-12-26 08:00:00,3422.0,3426.0,3346.87,3373.28,75705.1585,0.0001
2024-12-26 16:00:00,3344.14,3365.01,3313.5,3339.75,51011.9069,6.305e-05
2024-12-27 00:00:00,3335.04,3388.57,3317.27,3379.4,45630.5975,0.0001
2024-12-27 08:00:00,3326.01,3444.16,3325.68,3419.27,84740.616,8.428e-05
2024-12-27 16:00:00,3326.32,3366.62,3306.6,3355.0,51582.1218,5.349e-05
2024-12-28 08:00:00,3335.53,3363.53,3333.0,3359.23,26959.5805,0.0001
2024-12-28 16:00:00,3368.39,3413.0,3365.61,3400.87,33164.8093,9.336e-05
2024-12-29 00:00:00,3404.01,3406.6,3375.62,3382.98,20759.3469,5.941e-05
2024-12-29 08:00:00,3407.6,3413.78,3390.0,3398.36,21613.8119,5.146e-05
2024-12-29 16:00:00,3373.82,3376.21,3345.9,3362.6,25174.7717,9.485e-05
2024-12-30 00:00:00,3356.48,3437.59,3347.77,3403.76,63632.2232,0.0001
2024-12-30 16:00:00,3324.16,3408.56,3317.5,3401.93,73974.9031,0.0001
2024-12-31 00:00:00,3361.83,3365.04,3315.59,3340.18,41362.5257,0.0001
2024-12-31 08:00:00,3353.64,3410.0,3352.79,3394.73,44537.3245,8.514e-05
2024-12-31 16:00:00,3412.86,3416.35,3330.0,3355.38,65968.4251,0.0001
2025-01-01 08:00:00,3347.11,3348.84,3313.88,3341.0,39620.2004,0.0001
2025-01-02 00:00:00,3360.39,3405.6,3354.5,3388.55,52198.498,0.0001
2025-01-02 16:00:00,3463.52,3491.19,3428.99,3463.18,59125.0848,0.0001
2025-01-03 00:00:00,3455.68,3477.03,3442.62,3470.16,30377.2819,0.0001
2025-01-03 08:00:00,3433.27,3468.01,3423.44,3465.62,33237.3195,0.0001
2025-01-03 16:00:00,3565.14,3630.0,3565.14,3622.83,91647.7522,0.0001
2025-01-04 00:00:00,3609.0,3620.86,3579.92,3597.97,32059.5521,0.0001
2025-01-04 08:00:00,3594.05,3605.57,3572.42,3602.01,26671.4,0.0001
2025-01-04 16:00:00,3607.81,3644.54,3601.62,3631.14,31618.7517,0.0001
2025-01-05 00:00:00,3656.88,3675.25,3629.66,3637.79,23170.7894,0.0001
2025-01-05 08:00:00,3631.55,3633.29,3603.33,3613.47,29089.6373,0.0001
2025-01-05 16:00:00,3629.6,3648.11,3613.04,3637.78,27732.354,0.0001
2025-01-06 00:00:00,3636.0,3684.03,3610.63,3664.92,50315.5662,0.0001
2025-01-06 16:00:00,3714.45,3744.83,3655.55,3687.44,72164.6711,0.0001
2025-01-07 00:00:00,3687.44,3700.86,3663.0,3682.25,27692.0794,0.0001
2025-01-07 08:00:00,3667.78,3679.27,3625.55,3639.27,38116.8609,0.0001
2025-01-08 08:00:00,3354.59,3376.85,3323.0,3349.79,56107.3562,0.0001
2025-01-08 16:00:00,3346.72,3347.68,3208.2,3280.68,202602.4597,0.0001
2025-01-09 00:00:00,3327.29,3357.27,3306.5,3324.74,52228.5161,6.609e-05
2025-01-09 08:00:00,3288.71,3327.75,3265.77,3301.41,68409.9459,0.0001
2025-01-09 16:00:00,3320.57,3327.91,3190.82,3195.63,101321.1919,0.0001
2025-01-10 00:00:00,3219.2,3260.47,3213.74,3254.37,38726.2671,7.573e-05
2025-01-10 08:00:00,3296.29,3321.25,3288.12,3311.65,58339.9484,6.162e-05
2025-01-10 16:00:00,3245.15,3322.49,3232.2,3295.66,87802.2684,0.0001
2025-01-11 00:00:00,3267.05,3270.0,3231.83,3236.8,23585.0737,6.574e-05
2025-01-11 08:00:00,3235.72,3280.5,3217.56,3273.81,33928.1666,5.65e-05
2025-01-11 16:00:00,3271.33,3283.54,3259.06,3278.45,20674.0187,0.0001
2025-01-12 00:00:00,3282.83,3290.91,3274.12,3286.0,16338.3838,0.0001
2025-01-12 08:00:00,3266.87,3271.36,3224.49,3253.02,30127.3285,0.0001
2025-01-12 16:00:00,3285.68,3300.0,3268.66,3280.12,25565.4361,8.134e-05
2025-01-13 00:00:00,3267.3,3339.0,3235.69,3242.72,74893.5146,0.0001
2025-01-13 08:00:00,3201.66,3205.9,3055.88,3057.16,168149.8731,9.353e-05
2025-01-13 16:00:00,3049.01,3060.51,2986.4,3025.07,133843.8405,3.392e-05
2025-01-14 00:00:00,3137.51,3175.51,3125.65,3158.87,49686.9686,5.423e-05
2025-01-14 08:00:00,3171.53,3256.67,3169.41,3217.62,81942.4905,7.452e-05
2025-01-14 16:00:00,3199.45,3235.99,3172.12,3214.38,56930.5399,7.652e-05
2025-01-15 00:00:00,3225.63,3245.77,3205.17,3240.79,53847.0282,4.503e-05
2025-01-15 08:00:00,3233.3,3248.55,3186.36,3199.6,41139.0192,5.924e-05
2025-01-15 16:00:00,3334.47,3442.59,3323.91,3434.99,92241.8869,5.443e-05
2025-01-16 00:00:00,3451.51,3460.79,3346.0,3363.38,80015.6264,0.0001
2025-01-16 08:00:00,3384.3,3385.84,3300.21,3351.27,81969.0716,8.311e-05
2025-01-16 16:00:00,3333.02,3365.95,3310.47,3344.81,66607.9866,5.275e-05
2025-01-17 08:00:00,3373.14,3439.0,3372.52,3423.24,70486.3322,0.0001
2025-01-18 00:00:00,3473.64,3494.39,3368.06,3384.07,72302.7289,0.0001
2025-01-18 16:00:00,3307.07,3316.62,3250.0,3290.2,102206.1472,0.0001
2025-01-19 00:00:00,3307.71,3378.11,3298.71,3335.47,85390.1548,0.0001
2025-01-19 08:00:00,3276.06,3277.53,3130.48,3149.97,255482.6912,0.0001
2025-01-19 16:00:00,3383.68,3448.99,3378.11,3418.92,133240.277,0.0001
2025-01-20 00:00:00,3215.2,3280.75,3142.78,3272.34,274130.007,0.0001
2025-01-20 16:00:00,3335.91,3390.68,3205.42,3343.5,286337.6826,0.0001
2025-01-21 00:00:00,3283.99,3289.85,3204.6,3262.6,133473.3547,0.0001
2025-01-21 08:00:00,3254.7,3314.0,3234.48,3305.07,82511.5762,0.0001
2025-01-21 16:00:00,3295.1,3368.0,3290.5,3332.16,92024.6512,0.0001
2025-01-22 00:00:00,3327.55,3365.99,3321.31,3330.98,60248.4497,0.0001
2025-01-22 08:00:00,3288.08,3329.99,3273.83,3326.55,52580.187,0.0001
2025-01-22 16:00:00,3278.39,3291.3,3239.4,3261.99,61571.1565,0.0001
2025-01-23 08:00:00,3233.48,3233.65,3188.89,3213.08,54314.7039,0.0001
2025-01-23 16:00:00,3259.33,3297.49,3195.0,3204.98,86129.1778,0.0001
2025-01-24 00:00:00,3338.22,3349.6,3275.9,3302.26,79820.4869,0.0001
2025-01-24 08:00:00,3380.79,3416.5,3374.68,3399.22,57084.8198,0.0001
2025-01-24 16:00:00,3383.64,3409.4,3365.0,3368.7,54874.6628,0.0001
2025-01-25 00:00:00,3310.1,3325.0,3268.66,3319.44,56579.5625,6.904e-05
2025-01-25 08:00:00,3291.52,3311.5,3272.09,3306.91,26453.7694,7.065e-05
2025-01-26 00:00:00,3318.76,3350.0,3313.9,3338.94,30620.8049,9.663e-05
2025-01-26 08:00:00,3338.57,3343.45,3292.82,3312.3,37739.2642,9.725e-05
2025-01-26 16:00:00,3315.31,3344.88,3307.96,3338.74,32638.251,3.849e-05
2025-01-27 00:00:00,3232.61,3253.91,3160.71,3183.6,143752.4038,-2.76e-06
2025-01-27 08:00:00,3070.8,3090.77,3034.48,3058.94,113419.5103,3.922e-05
2025-01-27 16:00:00,3133.39,3133.39,3046.68,3075.93,91816.9296,3.069e-05
2025-01-28 00:00:00,3182.44,3218.39,3151.62,3203.15,59730.3964,0.0001
2025-01-28 08:00:00,3196.22,3208.0,3177.1,3186.74,29927.795,4.046e-05
2025-01-28 16:00:00,3181.37,3182.98,3120.36,3147.31,70607.8468,5.904e-05
2025-01-29 00:00:00,3077.72,3132.69,3076.31,3130.43,38565.7576,0.0001
2025-01-29 08:00:00,3156.88,3164.11,3119.8,3135.13,31298.1473,6.567e-05
2025-01-29 16:00:00,3101.11,3153.22,3054.06,3126.5,138822.555,8.686e-05
2025-01-30 00:00:00,3113.9,3202.58,3091.06,3201.5,59767.8767,2.287e-05
2025-01-30 08:00:00,3191.04,3229.82,3181.1,3222.71,43500.7294,0.0001
2025-01-30 16:00:00,3255.3,3283.43,3249.06,3271.61,48762.1455,7.055e-05
2025-01-31 00:00:00,3247.38,3279.5,3221.2,3230.65,44873.3589,9.386e-05
2025-01-31 08:00:00,3241.63,3338.55,3234.05,3335.16,93861.7646,7.998e-05
2025-01-31 16:00:00,3427.65,3437.31,3294.97,3339.08,183740.9869,0.0001
2025-02-01 00:00:00,3300.99,3331.98,3283.01,3291.97,45386.3486,8.432e-05
2025-02-01 08:00:00,3280.11,3286.31,3224.01,3252.16,61226.0725,9.742e-05
2025-02-01 16:00:00,3251.0,3267.24,3178.07,3197.08,60538.4039,3.573e-05
2025-02-02 08:00:00,3101.5,3124.13,3052.19,3064.86,74238.7842,0.0001
2025-02-02 16:00:00,3081.18,3082.02,2894.4,2958.9,371163.2332,2.6e-05
2025-02-03 00:00:00,2869.68,2872.75,2125.01,2527.12,1114056.6473,3.237e-05
2025-02-03 08:00:00,2622.35,2622.51,2526.16,2581.41,313992.2338,-0.00016657
2025-02-03 16:00:00,2700.73,2770.26,2668.06,2764.23,264479.6094,-0.00025121
2025-02-04 00:00:00,2879.89,2888.5,2792.22,2811.0,138011.8718,-0.00010653
2025-02-04 16:00:00,2777.18,2869.39,2765.26,2770.6,197618.1804,-8.177e-05
2025-02-05 16:00:00,2773.45,2787.56,2715.27,2775.49,147455.2194,-2.404e-05
2025-02-06 16:00:00,2705.57,2726.75,2672.03,2689.57,178796.1312,-7.747e-05
2025-02-07 00:00:00,2686.63,2739.61,2679.79,2715.58,84594.2909,2.439e-05
2025-02-07 08:00:00,2713.06,2764.78,2705.56,2762.69,54688.6634,2.905e-05
2025-02-07 16:00:00,2721.74,2727.78,2655.8,2659.3,136563.808,-1.197e-05
2025-02-08 00:00:00,2622.11,2667.3,2615.88,2641.66,92979.212,-1.894e-05
2025-02-08 08:00:00,2629.61,2632.5,2601.4,2613.32,46191.8863,9.532e-05
2025-02-08 16:00:00,2605.24,2649.9,2589.97,2637.89,64134.2209,6.93e-05
2025-02-09 00:00:00,2632.46,2698.9,2626.63,2678.54,57303.1101,-3.64e-06
2025-02-09 08:00:00,2662.59,2673.38,2650.99,2654.78,36834.7682,5.479e-05
2025-02-09 16:00:00,2653.22,2666.38,2616.81,2623.89,38288.2364,5.02e-05
2025-02-10 00:00:00,2627.18,2658.6,2559.85,2625.97,124085.1172,9.11e-06
2025-02-10 08:00:00,2637.02,2662.0,2634.84,2653.16,44469.5344,7.074e-05
2025-02-10 16:00:00,2658.21,2693.79,2650.0,2672.28,64651.5219,5.396e-05
2025-02-11 00:00:00,2661.19,2725.04,2660.72,2678.89,74917.793,-5.72e-06
2025-02-11 08:00:00,2712.12,2720.9,2690.24,2708.8,59949.3625,4.26e-05
2025-02-11 16:00:00,2662.35,2670.8,2580.0,2589.7,103602.5891,-1.236e-05
2025-02-12 00:00:00,2602.59,2624.36,2569.31,2587.24,51289.7143,6.151e-05
2025-02-12 08:00:00,2618.62,2639.49,2610.78,2627.08,58319.6511,3.35e-05
2025-02-13 08:00:00,2681.51,2688.43,2650.65,2656.19,67087.393,0.0001
2025-02-14 00:00:00,2675.87,2721.4,2664.46,2715.39,46515.5177,2.39e-06
2025-02-14 16:00:00,2734.33,2791.78,2709.61,2738.0,116442.086,7.834e-05
2025-02-15 00:00:00,2725.95,2739.0,2703.99,2724.4,38406.6504,4.385e-05
2025-02-15 08:00:00,2697.65,2715.1,2695.7,2708.37,31229.706,3.822e-05
2025-02-15 16:00:00,2691.05,2707.93,2679.0,2691.59,29841.035,8.44e-06
2025-02-16 00:00:00,2693.04,2705.98,2687.71,2698.73,18133.5135,3.859e-05
2025-02-16 08:00:00,2695.59,2713.0,2689.49,2710.99,31255.4898,5.945e-05
2025-02-16 16:00:00,2694.21,2703.46,2659.1,2683.47,38553.7836,3.775e-05
2025-02-17 00:00:00,2661.41,2684.0,2658.0,2671.88,34706.9905,3.649e-05
2025-02-17 08:00:00,2681.59,2774.98,2676.29,2755.2,133143.9377,5.61e-05
2025-02-17 16:00:00,2755.71,2765.79,2686.91,2717.72,124486.4926,0.0001
2025-02-18 00:00:00,2744.05,2756.93,2707.5,2712.08,53866.0828,4.742e-05
2025-02-18 08:00:00,2672.51,2706.12,2653.4,2679.26,88680.2452,-1.595e-05
2025-02-18 16:00:00,2673.7,2684.63,2605.44,2630.37,139482.6642,5.441e-05
2025-02-19 00:00:00,2672.0,2700.0,2656.03,2694.02,48256.7103,4.964e-05
2025-02-19 08:00:00,2708.39,2736.7,2703.99,2726.93,61785.4339,7.273e-05
2025-02-19 16:00:00,2696.99,2724.29,2694.78,2712.03,47648.0995,3.185e-05
2025-02-20 00:00:00,2715.51,2751.5,2709.69,2741.77,50953.0686,-2.07e-06
2025-02-20 08:00:00,2730.23,2746.99,2725.28,2740.71,33327.6054,5.629e-05
2025-02-20 16:00:00,2712.6,2767.93,2707.18,2747.77,72800.2885,6.405e-05
2025-02-21 08:00:00,2756.31,2831.71,2747.74,2788.73,101826.5357,6.624e-05
2025-02-21 16:00:00,2723.3,2769.88,2625.94,2640.19,328655.2354,4.228e-05
2025-02-22 00:00:00,2663.0,2688.97,2653.33,2675.37,88626.3932,3.254e-05
2025-02-22 08:00:00,2684.55,2753.59,2676.8,2732.99,136897.9772,-1.427e-05
2025-02-22 16:00:00,2775.67,2798.07,2756.37,2770.09,89040.9675,3.41e-05
2025-02-23 00:00:00,2763.23,2775.88,2745.41,2752.77,39782.8142,9.726e-05
2025-02-23 08:00:00,2825.2,2831.58,2783.2,2797.48,98860.1041,3.796e-05
2025-02-23 16:00:00,2783.0,2824.0,2782.38,2807.97,117626.0389,2.13e-06
2025-02-24 00:00:00,2819.7,2839.95,2711.8,2718.08,132389.5642,7.127e-05
2025-02-24 08:00:00,2722.02,2722.4,2663.03,2689.99,104336.8507,9.24e-06
2025-02-24 16:00:00,2658.77,2682.42,2623.12,2641.26,112927.4368,3.082e-05
2025-02-25 00:00:00,2513.52,2530.6,2458.27,2495.21,211165.3701,-3.589e-05
2025-02-25 08:00:00,2368.12,2439.5,2357.05,2433.69,255323.8198,4.71e-06
2025-02-25 16:00:00,2409.8,2473.59,2383.4,2471.91,135745.5299,2.913e-05
2025-02-26 00:00:00,2495.69,2507.5,2471.8,2490.6,62969.4729,1.86e-05
2025-02-26 08:00:00,2483.81,2496.25,2457.77,2464.79,93766.3355,6.103e-05
2025-02-26 16:00:00,2428.5,2434.2,2266.1,2296.29,278352.1916,3.433e-05
2025-02-27 08:00:00,2356.13,2381.6,2343.41,2353.82,77842.7418,0.0001
2025-02-27 16:00:00,2323.31,2337.5,2278.79,2292.41,105527.0794,5.027e-05
2025-02-28 08:00:00,2106.21,2151.94,2076.26,2125.8,164223.0144,1.219e-05
2025-02-28 16:00:00,2223.0,2255.13,2193.4,2230.15,120716.9075,1.248e-05
2025-03-01 00:00:00,2237.59,2275.61,2213.33,2262.98,76171.7295,4.855e-05
2025-03-01 08:00:00,2229.25,2239.77,2171.41,2184.42,76803.1109,-1.061e-05
2025-03-02 00:00:00,2217.4,2230.82,2201.1,2220.18,64784.6556,3.173e-05
2025-03-02 08:00:00,2221.4,2260.84,2208.06,2238.88,91437.409,6.221e-05
2025-03-02 16:00:00,2229.51,2518.0,2212.35,2486.42,673710.4844,6.102e-05
2025-03-03 08:00:00,2387.01,2388.11,2322.01,2356.16,106661.5946,3.061e-05
2025-03-03 16:00:00,2287.3,2297.0,2100.0,2109.88,321208.0472,6.25e-06
2025-03-04 16:00:00,2074.49,2174.72,1993.2,2172.65,263372.4771,2.04e-06
2025-03-05 00:00:00,2171.5,2192.75,2155.03,2160.89,75779.2625,6.417e-05
2025-03-05 08:00:00,2207.0,2273.51,2204.61,2217.72,157942.1343,7.146e-05
2025-03-05 16:00:00,2186.81,2222.99,2161.78,2218.3,119024.4928,2.539e-05
2025-03-06 00:00:00,2241.59,2296.31,2234.07,2289.79,105010.7409,-1.037e-05
2025-03-06 16:00:00,2257.5,2265.7,2176.9,2198.34,112488.4374,2.685e-05
2025-03-07 00:00:00,2202.21,2227.39,2101.82,2147.89,241562.3974,-2.474e-05
2025-03-07 16:00:00,2209.67,2215.49,2141.53,2178.34,137449.4887,5.628e-05
2025-03-08 00:00:00,2141.6,2156.0,2105.06,2137.8,49887.2769,3.124e-05
2025-03-09 08:00:00,2185.07,2187.68,2128.43,2146.7,55551.963,3.637e-05
2025-03-09 16:00:00,2097.01,2109.32,1998.0,2040.47,249511.9992,-1.3e-07
2025-03-10 00:00:00,2020.43,2071.0,1995.08,2057.89,102595.4967,-4.249e-05
2025-03-10 08:00:00,2075.3,2152.4,2047.83,2128.12,160181.7753,2.575e-05
2025-03-10 16:00:00,2017.83,2025.3,1810.01,1869.3,566502.5453,3.433e-05
2025-03-11 00:00:00,1865.11,1890.46,1754.28,1849.78,363691.2023,-4.045e-05
2025-03-11 08:00:00,1904.1,1929.68,1899.57,1914.12,121867.722,2.173e-05
2025-03-12 00:00:00,1923.42,1932.86,1867.09,1868.9,89187.395,1.672e-05
2025-03-12 08:00:00,1911.26,1960.0,1871.11,1916.84,215120.8672,1.107e-05
2025-03-13 00:00:00,1908.2,1917.12,1882.01,1886.87,52279.6222,2.931e-05
2025-03-13 08:00:00,1872.23,1905.38,1853.9,1900.24,122758.5939,-5e-08
2025-03-13 16:00:00,1875.41,1878.1,1821.81,1851.82,103269.565,4.218e-05
2025-03-14 00:00:00,1864.59,1894.63,1861.31,1889.29,37433.6401,2.744e-05
2025-03-14 08:00:00,1893.08,1908.93,1889.5,1902.4,46793.3531,7.681e-05
2025-03-14 16:00:00,1922.2,1945.64,1914.19,1934.16,67614.675,5.537e-05
2025-03-15 00:00:00,1911.64,1923.37,1903.75,1920.44,30993.0842,2.924e-05
2025-03-15 08:00:00,1917.68,1931.87,1912.7,1929.0,29503.127,5.445e-05
2025-03-15 16:00:00,1937.84,1948.22,1928.76,1937.31,40092.5507,1.25e-05
2025-03-16 00:00:00,1937.18,1940.87,1916.56,1927.52,31212.3097,-3.041e-05
2025-03-16 08:00:00,1925.89,1926.92,1866.9,1874.0,90060.573,-2.357e-05
2025-03-16 16:00:00,1895.01,1924.11,1860.38,1882.74,86543.0685,-2.967e-05
2025-03-17 00:00:00,1887.01,1915.44,1886.36,1908.85,41322.9928,2.057e-05
2025-03-17 08:00:00,1900.75,1918.42,1893.0,1910.59,37499.8988,5.669e-05
2025-03-17 16:00:00,1919.47,1952.4,1907.74,1942.23,71315.4844,3.697e-05
2025-03-18 00:00:00,1926.3,1930.25,1897.47,1901.17,52066.7245,5.319e-05
2025-03-18 08:00:00,1905.05,1913.09,1885.58,1892.43,55602.0709,4.099e-05
2025-03-18 16:00:00,1881.03,1908.39,1873.6,1904.57,56527.7258,1.465e-05
2025-03-19 00:00:00,1931.54,1949.03,1927.58,1938.33,78297.369,5.983e-05
2025-03-19 08:00:00,1932.0,2033.79,1931.7,2027.99,177658.3462,8.986e-05
2025-03-19 16:00:00,2049.0,2064.91,1997.33,2031.06,179077.3681,6.676e-05
2025-03-20 00:00:00,2056.05,2067.9,2020.41,2022.75,55508.5588,-1.704e-05
2025-03-20 08:00:00,2007.55,2021.27,1972.4,1989.08,83047.3029,1.553e-05
2025-03-20 16:00:00,1972.01,1980.26,1952.17,1974.75,92498.9104,-8.57e-06
2025-03-21 00:00:00,1983.79,1996.73,1973.0,1978.17,36187.0196,5.235e-05
2025-03-21 08:00:00,1976.79,1982.33,1956.6,1966.81,43285.7076,6.749e-05
2025-03-21 16:00:00,1950.69,1977.9,1946.07,1973.93,51879.2956,2.613e-05
2025-03-22 00:00:00,1965.74,1987.23,1964.34,1986.04,30242.4857,-1.402e-05
2025-03-22 16:00:00,1986.29,2000.0,1982.52,1995.94,21282.0684,2.587e-05
2025-03-23 00:00:00,1980.68,2008.73,1976.81,2008.31,30652.622,1.553e-05
2025-03-23 08:00:00,2008.04,2020.74,2002.9,2008.01,40446.2429,6.053e-05
2025-03-23 16:00:00,2007.06,2008.23,1987.5,1996.3,37278.0699,-3.36e-06
2025-03-24 00:00:00,2005.99,2021.39,1977.67,2014.48,79392.7375,-1.29e-05
2025-03-24 08:00:00,2069.18,2104.11,2068.77,2092.77,82706.6126,9.456e-05
2025-03-24 16:00:00,2089.76,2101.3,2067.67,2088.71,69700.2774,3.069e-05
2025-03-25 08:00:00,2055.56,2075.36,2052.44,2068.68,58564.8607,1.456e-05
2025-03-25 16:00:00,2067.67,2083.52,2056.51,2075.64,49556.1643,-4.75e-06
2025-03-26 00:00:00,2066.16,2079.21,2042.6,2049.07,47785.8977,2.976e-05
2025-03-26 08:00:00,2069.26,2075.76,2057.6,2068.51,61640.9566,1.074e-05
2025-03-28 16:00:00,1872.13,1887.28,1862.14,1874.16,67418.3875,-1.109e-05
2025-03-29 00:00:00,1896.9,1913.6,1886.27,1899.83,49911.4913,3.56e-06
2025-03-29 08:00:00,1880.14,1887.28,1833.5,1844.55,104293.8926,4.498e-05
2025-03-29 16:00:00,1840.24,1848.12,1797.2,1827.5,121732.8898,3.469e-05
2025-03-30 00:00:00,1828.09,1844.59,1812.69,1834.39,45627.2749,-1.072e-05
2025-03-30 08:00:00,1837.74,1849.01,1826.49,1833.27,34404.5555,-1.999e-05
2025-03-30 16:00:00,1813.76,1834.33,1785.41,1814.22,70663.6853,1.191e-05
2025-03-31 00:00:00,1807.74,1823.5,1776.75,1798.32,83766.4283,-3.26e-06
2025-03-31 08:00:00,1798.91,1819.74,1777.79,1813.43,90571.4839,2.663e-05
2025-03-31 16:00:00,1842.22,1847.34,1817.23,1827.71,68966.6935,2.009e-05
2025-04-01 00:00:00,1822.43,1843.0,1817.88,1835.0,55092.8255,-6.52e-06
2025-04-01 16:00:00,1918.59,1924.17,1901.5,1910.09,53127.4709,3.314e-05
2025-04-02 08:00:00,1865.07,1888.05,1862.62,1868.72,46565.6618,-4.5e-07
2025-04-02 16:00:00,1901.21,1916.1,1882.22,1911.45,91870.8888,4.262e-05
2025-04-03 00:00:00,1795.21,1834.88,1788.97,1824.46,86309.6716,-6.39e-06
2025-04-03 08:00:00,1815.31,1824.18,1787.23,1795.13,68000.455,6.39e-05
2025-04-03 16:00:00,1782.26,1799.15,1767.23,1787.12,61798.8036,-6.15e-06
2025-04-04 00:00:00,1817.23,1823.12,1771.11,1792.91,71533.8066,6.701e-05
2025-04-04 08:00:00,1817.94,1835.68,1758.72,1783.88,126091.5891,-2.093e-05
2025-04-04 16:00:00,1795.24,1828.9,1783.25,1810.21,99784.1323,3.78e-05
2025-04-05 00:00:00,1816.88,1827.29,1809.39,1810.01,24960.4779,2.181e-05
2025-04-05 08:00:00,1813.22,1822.04,1806.56,1807.34,27693.9316,5.939e-05
2025-04-05 16:00:00,1782.01,1795.38,1780.0,1782.17,20889.6367,-7.82e-06
2025-04-06 00:00:00,1806.02,1817.0,1801.78,1809.81,24843.9304,2.389e-05
2025-04-06 08:00:00,1797.7,1798.2,1783.0,1789.19,36956.075,5.41e-05
2025-04-07 00:00:00,1580.77,1614.2,1520.78,1543.69,231470.3874,-3.784e-05
2025-04-07 08:00:00,1460.15,1520.83,1455.63,1483.11,289167.8855,-9.65e-06
2025-04-07 16:00:00,1556.56,1572.7,1526.0,1545.41,211504.8219,-3.451e-05
2025-04-08 00:00:00,1553.04,1618.67,1541.04,1584.71,108270.5369,-4.38e-06
2025-04-08 08:00:00,1570.83,1590.08,1554.37,1588.32,79592.2855,1.155e-05
2025-04-08 16:00:00,1531.76,1533.08,1454.63,1466.67,296007.5833,-1.429e-05
2025-04-09 00:00:00,1473.41,1482.28,1385.05,1418.8,348901.6501,-4.82e-05
2025-04-09 16:00:00,1485.26,1673.29,1481.97,1640.92,728405.2382,1.591e-05
2025-04-10 00:00:00,1669.51,1669.85,1601.76,1617.01,126397.4019,0.0001
2025-04-10 08:00:00,1595.81,1606.86,1581.36,1594.81,87134.1256,3.042e-05
2025-04-10 16:00:00,1495.97,1532.2,1471.02,1514.67,206611.5545,-7.8e-07
2025-04-11 08:00:00,1553.05,1585.0,1538.14,1558.79,139182.3495,-5.857e-05
2025-04-11 16:00:00,1565.44,1591.47,1555.87,1565.79,83844.1242,-4.61e-06
2025-04-12 00:00:00,1566.85,1569.79,1546.06,1554.4,48549.479,2.511e-05
2025-04-12 16:00:00,1655.88,1662.33,1628.24,1642.63,96645.472,2.416e-05
2025-04-13 00:00:00,1644.19,1649.75,1606.55,1624.53,75377.2782,7.676e-05
2025-04-13 08:00:00,1613.51,1628.2,1592.58,1604.28,72537.0065,5.203e-05
2025-04-13 16:00:00,1586.61,1649.04,1562.01,1590.25,173502.9478,5.299e-05
2025-04-14 00:00:00,1597.76,1660.32,1595.56,1629.59,126833.3588,7.387e-05
2025-04-14 08:00:00,1635.58,1691.5,1629.34,1675.32,140481.582,5.913e-05
2025-04-14 16:00:00,1627.94,1651.51,1615.0,1636.58,105039.3429,5.384e-05
2025-04-15 00:00:00,1623.78,1643.7,1614.8,1637.89,66593.4424,2.56e-05
2025-04-15 08:00:00,1644.83,1651.96,1622.47,1632.05,71974.1557,1.812e-05
2025-04-16 00:00:00,1588.77,1604.4,1576.5,1591.04,53725.2608,4.294e-05
2025-04-16 08:00:00,1564.28,1586.1,1556.7,1584.17,61135.9591,-2.96e-05
2025-04-16 16:00:00,1590.7,1612.83,1538.07,1588.6,208530.8318,-2.514e-05
2025-04-17 08:00:00,1601.6,1604.23,1588.65,1593.27,44240.9551,5.184e-05
2025-04-18 00:00:00,1583.63,1589.19,1577.23,1584.15,38792.3674,-3.125e-05
2025-04-18 08:00:00,1584.1,1592.82,1582.3,1590.67,30494.132,2.747e-05
2025-04-18 16:00:00,1583.17,1595.18,1581.8,1593.31,25174.1423,-1.492e-05
2025-04-19 00:00:00,1588.6,1600.26,1585.01,1597.76,31072.3981,-2.388e-05
2025-04-19 08:00:00,1600.94,1606.4,1594.07,1596.79,30170.2623,8.846e-05
2025-04-19 16:00:00,1607.28,1631.81,1598.5,1614.79,58737.7878,7.189e-05
2025-04-20 00:00:00,1613.26,1619.19,1608.0,1611.87,27425.144,5.765e-05
2025-04-20 08:00:00,1597.46,1597.61,1565.59,1572.62,86979.4597,7.724e-05
2025-04-20 16:00:00,1573.51,1587.97,1571.49,1586.17,28189.3136,-5.358e-05
2025-04-21 00:00:00,1587.36,1645.45,1586.18,1634.54,160608.8717,-1.24e-06
2025-04-22 08:00:00,1619.2,1638.16,1613.01,1631.03,118180.9271,2.2e-07
2025-04-22 16:00:00,1703.0,1710.66,1683.08,1698.22,117017.3822,8.105e-05
2025-04-23 00:00:00,1756.25,1807.56,1744.95,1795.49,193263.6182,6.679e-05
2025-04-23 16:00:00,1794.6,1810.0,1774.47,1786.03,88340.4333,0.0001
2025-04-24 00:00:00,1795.08,1802.82,1766.52,1768.18,68766.2419,0.0001
2025-04-26 08:00:00,1800.49,1841.16,1778.94,1785.85,115929.7567,-2.999e-05
2025-04-27 08:00:00,1803.75,1815.52,1801.56,1805.94,32043.3556,-6.737e-05
2025-04-27 16:00:00,1793.85,1808.47,1787.31,1808.01,32862.3788,-3.852e-05
2025-04-29 00:00:00,1799.88,1811.56,1787.89,1802.08,60533.1763,8.281e-05
2025-04-29 08:00:00,1821.71,1842.99,1816.92,1829.77,104234.231,5.79e-05
2025-04-30 08:00:00,1796.37,1816.8,1792.8,1815.7,43373.0871,9.04e-06
2025-05-01 00:00:00,1793.62,1819.0,1792.52,1807.99,54356.6699,5.43e-05
2025-05-01 08:00:00,1810.59,1859.23,1808.8,1845.58,136551.2761,4.5e-05
2025-05-02 00:00:00,1838.1,1851.3,1835.1,1847.74,36438.5546,-5.91e-06
2025-05-02 08:00:00,1816.33,1835.53,1813.0,1833.39,64205.9035,-5.797e-05
2025-05-03 00:00:00,1842.2,1843.05,1826.58,1834.8,28605.7458,4.901e-05
2025-05-03 08:00:00,1826.41,1830.51,1817.63,1824.1,38880.361,1.565e-05
2025-05-03 16:00:00,1834.53,1839.2,1810.0,1838.21,47650.4581,2.092e-05
2025-05-05 00:00:00,1808.86,1818.49,1781.85,1794.51,86015.2042,1.81e-06
2025-05-05 08:00:00,1826.58,1831.55,1798.3,1804.63,57907.623,1.998e-05
2025-05-06 16:00:00,1770.09,1798.8,1762.16,1784.79,59655.6448,-3.589e-05
2025-05-07 08:00:00,1838.23,1847.05,1830.51,1836.35,56688.7297,8.548e-05
2025-05-08 00:00:00,1811.11,1906.77,1808.71,1901.1,182304.831,4.564e-05
2025-05-09 16:00:00,2301.28,2355.2,2274.33,2331.57,129993.1001,0.0001
2025-05-10 08:00:00,2400.01,2435.72,2360.0,2384.75,221266.4512,9.797e-05
2025-05-11 00:00:00,2583.22,2608.13,2504.27,2537.63,191294.7124,0.0001
2025-05-12 08:00:00,2554.78,2585.83,2522.0,2530.59,153519.4558,0.0001
2025-05-12 16:00:00,2486.91,2512.36,2406.63,2460.36,211087.0722,5.717e-05
2025-05-13 00:00:00,2495.48,2495.79,2415.3,2424.8,110339.1684,6.233e-05
2025-05-14 08:00:00,2640.75,2645.95,2577.48,2624.94,186139.4657,5.48e-05
2025-05-15 00:00:00,2609.75,2647.03,2566.91,2574.93,118326.6199,0.0001
2025-05-15 16:00:00,2563.77,2603.59,2511.77,2530.98,143149.7719,5.698e-05
2025-05-16 08:00:00,2601.5,2649.31,2558.12,2620.83,145031.4625,0.0001
2025-05-16 16:00:00,2594.93,2602.01,2570.0,2591.8,63870.4425,7.202e-05
2025-05-17 00:00:00,2537.13,2538.16,2452.6,2496.98,179817.7157,2.543e-05
2025-05-18 00:00:00,2475.09,2487.44,2467.75,2477.2,33903.8121,5.366e-05
2025-05-18 08:00:00,2509.29,2528.55,2498.11,2501.75,60946.9309,4.909e-05
2025-05-18 16:00:00,2579.0,2584.0,2403.33,2408.2,270494.374,1.3e-06
2025-05-19 00:00:00,2497.78,2513.67,2379.8,2385.31,164347.1386,-4.925e-05
2025-05-20 00:00:00,2528.14,2588.63,2510.72,2553.3,153200.7856,8.013e-05
2025-05-20 16:00:00,2482.78,2511.46,2442.4,2501.28,132395.1503,1.174e-05
2025-05-21 00:00:00,2524.19,2554.5,2509.0,2544.98,94538.6309,3.663e-05
2025-05-22 08:00:00,2635.19,2692.99,2627.32,2650.75,187811.6911,0.0001
2025-05-23 08:00:00,2655.2,2689.21,2551.0,2566.79,174275.1796,0.0001
2025-05-24 08:00:00,2546.99,2575.85,2545.22,2563.31,43777.2332,4.033e-05
2025-05-25 08:00:00,2494.4,2502.19,2463.0,2497.91,73532.6991,3.75e-05
2025-05-25 16:00:00,2511.69,2535.66,2496.1,2526.6,35833.8594,8.487e-05
2025-05-26 00:00:00,2551.22,2577.0,2536.84,2560.3,79035.4012,3.85e-06
2025-05-26 08:00:00,2580.79,2582.7,2553.24,2568.08,50205.7588,8.047e-05
2025-05-29 00:00:00,2681.61,2788.0,2669.01,2762.5,229259.2567,0.0001
2025-05-29 16:00:00,2643.68,2673.48,2628.99,2650.12,102620.318,8.321e-05
2025-05-30 16:00:00,2598.21,2604.28,2533.2,2574.41,150402.1797,5.699e-05
2025-05-31 00:00:00,2531.35,2539.98,2475.33,2513.98,168287.9684,3.389e-05
2025-05-31 08:00:00,2521.11,2538.45,2508.04,2519.61,49679.8374,8.054e-05
2025-05-31 16:00:00,2536.29,2547.99,2523.36,2537.4,29163.6348,2.739e-05
2025-06-01 16:00:00,2523.23,2547.79,2493.49,2526.38,77247.3012,3.37e-05
2025-06-02 08:00:00,2506.94,2515.92,2475.0,2480.94,72369.9377,5.378e-05
2025-06-02 16:00:00,2544.39,2565.56,2524.8,2532.44,84111.6306,8.588e-05
2025-06-03 00:00:00,2607.42,2649.91,2589.3,2603.39,131030.6321,3.263e-05
2025-06-03 08:00:00,2610.0,2620.34,2594.79,2601.78,52849.5399,6.067e-05
2025-06-04 00:00:00,2593.35,2640.83,2583.5,2627.9,61798.9202,4.39e-05
2025-06-04 08:00:00,2627.75,2650.0,2624.0,2624.4,63468.9201,7.623e-05
2025-06-04 16:00:00,2667.92,2669.59,2622.22,2623.72,77307.5958,7.897e-05
2025-06-05 08:00:00,2604.09,2613.72,2580.88,2608.01,59838.8406,8.508e-05
2025-06-05 16:00:00,2589.44,2591.59,2506.4,2528.96,157136.102,6.396e-05
2025-06-06 08:00:00,2455.64,2493.82,2454.01,2476.15,74073.1256,2.643e-05
2025-06-07 00:00:00,2476.1,2493.47,2457.0,2488.98,53068.2557,8.699e-05
2025-06-07 08:00:00,2491.27,2501.4,2482.11,2495.75,29169.0092,5.456e-05
2025-06-08 00:00:00,2524.64,2525.92,2508.08,2511.72,37219.908,0.0001
2025-06-08 08:00:00,2514.45,2521.13,2490.58,2513.51,56611.4709,9.522e-05
2025-06-08 16:00:00,2514.44,2540.5,2512.62,2532.56,54196.2283,4.695e-05
2025-06-09 00:00:00,2509.84,2511.79,2482.15,2496.86,64068.886,2.206e-05
2025-06-10 00:00:00,2680.13,2726.78,2675.16,2688.88,195206.6267,0.0001
2025-06-11 00:00:00,2816.41,2834.86,2771.8,2791.06,101757.4584,0.0001
2025-06-11 08:00:00,2791.6,2793.57,2754.0,2772.25,77665.6327,0.0001
2025-06-13 00:00:00,2642.66,2645.45,2436.98,2514.33,583148.633,-1.372e-05
2025-06-14 00:00:00,2579.19,2579.43,2547.03,2548.76,64282.3801,4.572e-05
2025-06-14 08:00:00,2537.5,2539.79,2518.51,2538.52,40689.0778,1.962e-05
2025-06-14 16:00:00,2519.41,2526.11,2488.72,2507.5,88407.3102,4.4e-06
2025-06-15 16:00:00,2541.81,2559.51,2531.09,2536.79,44829.9693,7.131e-05
2025-06-16 00:00:00,2547.62,2579.0,2514.85,2568.25,87899.7186,4.573e-05
2025-06-16 08:00:00,2628.69,2633.8,2592.6,2617.01,85218.9976,9.06e-05
2025-06-17 00:00:00,2544.17,2618.6,2524.54,2607.4,134766.9166,-9.06e-06
2025-06-19 16:00:00,2492.97,2523.0,2485.03,2504.87,39512.2462,4.883e-05
2025-06-20 00:00:00,2521.13,2531.49,2512.45,2517.19,31393.7018,8.145e-05
2025-06-21 16:00:00,2423.59,2428.23,2382.25,2384.76,59605.916,5.011e-05
2025-06-22 08:00:00,2270.69,2280.0,2236.05,2273.0,72607.0,-1.761e-05
2025-06-23 00:00:00,2227.7,2260.42,2222.3,2234.68,68795.3555,2.289e-05
2025-06-24 08:00:00,2393.31,2449.14,2376.11,2409.44,111376.6709,1.201e-05
2025-06-24 16:00:00,2438.11,2482.04,2417.22,2434.24,105632.5355,4.46e-06
2025-06-25 08:00:00,2444.55,2448.47,2407.63,2428.95,83084.6157,-2.6e-07
2025-06-26 00:00:00,2418.5,2520.92,2416.99,2488.78,136035.3947,2.757e-05
2025-06-27 00:00:00,2415.96,2448.84,2382.53,2446.97,77786.3549,3.79e-06
2025-06-27 08:00:00,2442.3,2463.54,2435.25,2447.25,65938.1952,5.06e-06
2025-06-28 16:00:00,2436.1,2447.8,2431.64,2433.22,33334.2293,4.011e-05
2025-06-30 00:00:00,2500.09,2524.3,2495.17,2499.21,79654.3745,5.102e-05
2025-07-01 16:00:00,2423.54,2434.0,2400.0,2402.87,45021.1484,-1.429e-05
2025-07-02 08:00:00,2447.03,2459.99,2441.7,2445.7,51333.2834,4.864e-05
2025-07-07 00:00:00,2570.35,2590.57,2550.46,2577.42,43450.6801,0.0001
2025-07-07 16:00:00,2533.81,2557.49,2512.0,2543.97,82559.972,-3.011e-05
2025-07-08 16:00:00,2564.68,2628.21,2559.68,2610.61,124670.1733,6.466e-05
2025-07-10 08:00:00,2791.08,2797.0,2772.0,2778.69,80534.4173,2.808e-05
2025-07-12 00:00:00,2958.21,2970.85,2932.0,2966.09,47769.6089,8.032e-05
2025-07-14 00:00:00,2972.03,3051.26,2962.81,3037.36,125331.2348,9.98e-06
2025-07-14 08:00:00,3045.02,3083.0,3023.08,3051.72,153682.6878,0.0001
2025-07-14 16:00:00,3012.48,3029.96,2983.0,3000.33,121773.2371,0.0001
2025-07-15 08:00:00,2977.5,2989.25,2958.84,2981.11,60092.5512,0.0001
2025-07-15 16:00:00,3039.94,3097.32,3032.35,3040.88,223763.2107,0.0001
2025-07-16 00:00:00,3137.9,3152.53,3103.17,3115.99,107060.7869,0.0001
2025-07-16 08:00:00,3162.44,3173.47,3143.81,3150.5,97381.3174,0.0001
2025-07-17 08:00:00,3447.9,3480.19,3425.49,3433.29,156281.7676,0.0001
2025-07-17 16:00:00,3420.49,3455.54,3364.43,3412.33,143203.4818,0.0001
2025-07-18 08:00:00,3604.1,3628.12,3582.41,3610.24,150319.7932,0.0001
2025-07-18 16:00:00,3563.68,3624.8,3538.0,3551.59,121323.4152,0.0001
2025-07-19 08:00:00,3571.46,3578.38,3538.07,3552.75,63369.9911,0.0001
2025-07-20 00:00:00,3592.0,3694.99,3579.13,3658.01,120180.4935,0.0001
2025-07-20 08:00:00,3668.5,3766.45,3668.5,3756.71,196973.3489,0.0001
2025-07-20 16:00:00,3786.06,3824.56,3730.72,3749.93,184914.7826,0.0001
2025-07-21 08:00:00,3787.7,3837.0,3755.32,3808.69,138350.401,0.0001
2025-07-22 00:00:00,3762.32,3798.65,3696.18,3731.14,142115.4027,0.0001
2025-07-23 00:00:00,3746.21,3764.2,3712.45,3728.63,94168.634,0.0001
2025-07-24 00:00:00,3628.29,3665.31,3612.57,3641.19,55247.2289,0.0001
2025-07-24 16:00:00,3730.77,3754.17,3666.74,3732.79,135066.6564,0.0001
2025-07-25 00:00:00,3706.95,3708.21,3573.76,3596.0,174613.3279,0.0001
2025-07-25 08:00:00,3631.67,3747.0,3629.1,3721.37,150331.2639,0.0001
2025-07-25 16:00:00,3634.21,3659.75,3615.0,3641.14,78268.9365,0.0001
2025-07-27 08:00:00,3768.0,3842.95,3751.0,3815.26,90831.0542,8.879e-05
2025-07-28 08:00:00,3893.01,3901.94,3860.01,3879.79,61307.7424,0.0001
2025-07-28 16:00:00,3808.11,3822.8,3754.0,3797.36,100389.1324,0.0001
2025-07-29 08:00:00,3877.36,3886.44,3811.78,3825.9,82993.7615,0.0001
2025-07-29 16:00:00,3761.56,3797.0,3716.04,3765.89,117271.5126,0.0001
2025-07-30 08:00:00,3811.44,3825.73,3744.16,3758.18,74284.4796,5.083e-05
2025-07-31 00:00:00,3810.0,3868.0,3801.53,3863.31,100247.8735,5.162e-05
2025-07-31 16:00:00,3788.39,3819.0,3735.0,3737.72,99597.7602,-1.18e-05
2025-08-01 16:00:00,3616.1,3634.0,3515.13,3518.4,133452.712,4.859e-05
2025-08-02 08:00:00,3519.17,3524.25,3474.23,3508.67,52942.9471,6.57e-06
2025-08-02 16:00:00,3459.33,3481.64,3372.47,3383.2,155907.9965,7.965e-05
2025-08-03 00:00:00,3393.94,3452.29,3354.28,3444.12,70214.7952,6.733e-05
2025-08-03 08:00:00,3456.24,3516.31,3454.11,3485.46,58025.3762,5.752e-05
2025-08-04 08:00:00,3552.0,3574.47,3542.25,3555.7,45699.2755,1.113e-05
2025-08-05 00:00:00,3720.99,3722.24,3648.24,3651.94,75119.4199,1.47e-06
2025-08-05 08:00:00,3613.49,3694.06,3608.1,3673.79,67427.9027,3.116e-05
2025-08-05 16:00:00,3570.43,3612.26,3559.71,3571.66,64656.721,1.37e-05
2025-08-06 08:00:00,3639.81,3644.6,3607.54,3619.64,48235.9133,8.2e-05
2025-08-06 16:00:00,3664.7,3698.6,3638.56,3683.65,63895.5877,6.246e-05
2025-08-08 16:00:00,3954.56,4065.86,3950.0,4060.99,161157.1735,0.0001
2025-08-09 08:00:00,4170.64,4246.65,4166.22,4190.0,132401.5516,0.0001
2025-08-11 00:00:00,4250.58,4343.0,4238.52,4309.64,135191.5621,8.873e-05
2025-08-11 08:00:00,4273.69,4287.17,4170.02,4185.1,109276.4312,9.354e-05
2025-08-11 16:00:00,4329.74,4366.46,4233.99,4259.39,127454.6271,0.0001
2025-08-12 00:00:00,4223.22,4311.12,4219.04,4286.09,69103.5726,3.659e-05
2025-08-13 00:00:00,4590.52,4656.24,4564.33,4647.0,118706.8508,0.0001
2025-08-14 16:00:00,4618.87,4623.62,4480.63,4537.63,205989.8934,0.0001
2025-08-15 00:00:00,4546.84,4650.0,4537.32,4634.46,107623.8843,0.0001
2025-08-15 08:00:00,4640.15,4666.66,4612.31,4634.16,69832.2749,9.765e-05
2025-08-15 16:00:00,4430.87,4462.26,4369.46,4383.45,168479.3926,6.474e-05
2025-08-16 08:00:00,4451.84,4459.12,4372.54,4387.87,81613.2986,8.99e-05
2025-08-17 00:00:00,4422.0,4459.3,4393.98,4452.77,48880.8973,4.669e-05
2025-08-18 00:00:00,4472.34,4481.88,4278.13,4320.22,241372.5328,6.32e-06
2025-08-19 00:00:00,4312.99,4355.0,4213.21,4218.66,118747.775,0.0001
2025-08-19 16:00:00,4192.14,4206.33,4113.63,4142.0,191723.2518,0.0001
2025-08-20 00:00:00,4075.58,4158.32,4060.0,4140.92,114356.889,0.0001
2025-08-20 08:00:00,4185.22,4242.0,4150.26,4195.3,95308.3674,3.18e-06
2025-08-20 16:00:00,4255.68,4364.77,4254.72,4346.65,159841.4222,9.07e-05
2025-08-21 08:00:00,4310.79,4315.01,4256.34,4278.52,66951.7258,5.834e-05
2025-08-23 16:00:00,4750.99,4761.97,4727.8,4758.66,37902.4266,0.0001
2025-08-25 00:00:00,4780.15,4797.97,4670.0,4727.41,111875.813,4.932e-05
2025-08-26 00:00:00,4376.17,4451.72,4311.04,4402.58,172417.3867,-7.39e-06
2025-08-26 08:00:00,4429.7,4465.86,4405.09,4427.24,81044.3995,1.08e-05
2025-08-26 16:00:00,4519.03,4598.28,4498.58,4596.7,170031.4537,1.029e-05
2025-08-27 08:00:00,4580.46,4619.68,4550.01,4608.87,72044.2122,1.933e-05
2025-08-28 00:00:00,4506.71,4549.0,4467.63,4541.63,69573.9921,5.965e-05
2025-08-29 00:00:00,4511.2,4516.75,4434.79,4489.75,69637.5081,1.728e-05
2025-08-29 08:00:00,4381.03,4398.43,4318.57,4346.48,135466.2144,4.981e-05
2025-08-30 00:00:00,4360.18,4381.61,4257.2,4352.45,102136.5521,4.162e-05
2025-08-31 08:00:00,4450.84,4483.8,4440.47,4476.98,64280.1686,5.543e-05
2025-09-01 00:00:00,4391.83,4432.25,4360.0,4404.16,97484.5196,-2.114e-05
2025-09-01 08:00:00,4463.29,4491.84,4381.99,4392.83,81553.9294,-1.3e-05
2025-09-02 00:00:00,4314.5,4394.97,4290.98,4367.11,80296.0877,4.06e-06
2025-09-04 08:00:00,4371.05,4433.85,4365.4,4407.03,66351.3837,-2.012e-05
2025-09-04 16:00:00,4305.32,4323.79,4265.33,4275.92,63186.7386,-2.527e-05
2025-09-05 16:00:00,4283.4,4331.9,4272.35,4331.54,59666.9203,2.866e-05
2025-09-06 00:00:00,4307.46,4329.3,4302.77,4320.42,20383.2609,-2.104e-05
2025-09-06 16:00:00,4270.23,4304.25,4236.0,4255.48,59382.7999,4.06e-05
2025-09-07 00:00:00,4273.15,4304.08,4270.81,4296.9,21924.9924,5.946e-05
2025-09-07 08:00:00,4294.57,4315.35,4291.65,4310.87,41022.6191,8.938e-05
2025-09-07 16:00:00,4299.39,4301.62,4270.81,4293.48,26890.3039,3.335e-05
2025-09-08 08:00:00,4291.78,4337.77,4288.3,4312.41,81225.5367,2.063e-05
2025-09-08 16:00:00,4371.64,4373.43,4284.44,4293.0,59748.4888,9.082e-05
2025-09-09 00:00:00,4306.36,4316.03,4276.76,4306.63,48368.7809,4.706e-05
2025-09-09 08:00:00,4361.53,4366.77,4342.16,4347.34,47693.0197,0.0001
2025-09-09 16:00:00,4284.94,4299.99,4278.13,4295.0,41784.0676,6.645e-05
2025-09-10 00:00:00,4310.08,4326.09,4285.1,4320.44,43917.563,6.156e-05
2025-09-10 16:00:00,4404.9,4409.31,4300.59,4322.72,108167.4643,0.0001
2025-09-11 00:00:00,4349.33,4408.0,4338.82,4404.1,49171.4106,1.341e-05
2025-09-11 08:00:00,4440.4,4442.47,4406.3,4429.8,51898.3732,0.0001
2025-09-13 16:00:00,4653.92,4667.92,4605.0,4638.21,72101.4936,0.0001
2025-09-14 08:00:00,4650.58,4674.38,4626.68,4635.0,26149.13,8.307e-05
2025-09-16 08:00:00,4512.87,4531.35,4493.31,4501.26,29726.7817,4.526e-05
2025-09-16 16:00:00,4468.19,4510.51,4447.03,4491.21,64203.9793,2.037e-05
2025-09-17 08:00:00,4544.07,4545.81,4479.0,4491.64,35585.1247,5.358e-05
2025-09-18 16:00:00,4599.35,4636.22,4581.03,4588.23,54659.6496,1.971e-05
2025-09-19 00:00:00,4587.66,4620.72,4542.27,4549.98,46833.9789,5.745e-05
2025-09-19 16:00:00,4474.93,4489.21,4435.7,4440.68,52976.9531,-4.324e-05
2025-09-20 00:00:00,4468.59,4475.91,4454.45,4465.52,17981.8216,-4.366e-05
2025-09-20 08:00:00,4483.21,4483.21,4456.43,4469.96,16915.9373,-5.97e-06
2025-09-21 00:00:00,4480.41,4490.0,4458.0,4478.26,23270.3085,-2.372e-05
2025-09-21 08:00:00,4477.78,4479.57,4444.34,4460.57,22522.2855,4.828e-05
2025-09-21 16:00:00,4482.8,4498.16,4464.59,4494.4,34203.4693,3.039e-05
2025-09-22 16:00:00,4167.88,4183.28,4122.0,4134.98,66207.1206,5.08e-06
2025-09-23 00:00:00,4199.09,4211.56,4114.39,4188.01,62240.6868,-1.93e-06
2025-09-23 16:00:00,4181.01,4207.0,4137.7,4153.43,56635.5887,-2.189e-05
2025-09-25 00:00:00,4152.81,4161.04,4022.0,4062.78,146839.1013,-8.602e-05
2025-09-25 16:00:00,4003.27,4006.77,3815.0,3911.59,229844.5748,0.0001
2025-09-26 00:00:00,3874.35,3971.09,3867.65,3965.32,100004.6252,8.976e-05
2025-09-26 08:00:00,3938.11,3944.58,3873.0,3906.0,64785.9249,3.202e-05
2025-09-27 00:00:00,4032.24,4032.44,4005.74,4019.41,28037.3209,-1.608e-05
2025-09-28 00:00:00,4018.39,4031.75,3994.27,4002.74,22549.9823,7.975e-05
2025-09-28 08:00:00,4014.32,4016.0,3984.45,3992.39,24299.9091,4.229e-05
2025-09-28 16:00:00,4021.68,4055.12,4021.68,4039.45,49060.9871,8.2e-05
2025-09-29 00:00:00,4142.16,4146.38,4103.81,4121.8,41433.1935,3.512e-05
2025-09-30 16:00:00,4119.88,4170.43,4092.1,4160.1,85179.584,4.72e-06
2025-10-01 00:00:00,4145.15,4174.63,4124.12,4128.66,48730.697,-1.572e-05
2025-10-01 08:00:00,4145.8,4329.0,4142.92,4298.2,174933.893,2.569e-05
2025-10-01 16:00:00,4327.24,4340.0,4288.64,4334.53,79548.398,-7.44e-06
2025-10-02 00:00:00,4348.03,4399.11,4332.73,4376.3,100457.8046,1.487e-05
2025-10-02 16:00:00,4437.1,4516.74,4426.12,4495.61,116624.1945,3.733e-05
2025-10-03 16:00:00,4534.75,4591.59,4450.62,4519.48,163628.1193,5.593e-05
2025-10-04 08:00:00,4498.28,4503.9,4479.93,4483.83,26306.8309,7.25e-06
2025-10-04 16:00:00,4455.08,4476.46,4440.0,4467.12,33938.1125,4.8e-05
2025-10-05 00:00:00,4487.16,4575.0,4467.05,4531.54,109994.6239,5.761e-05
2025-10-07 00:00:00,4684.02,4698.99,4663.71,4690.59,42932.2933,0.0001
2025-10-07 16:00:00,4511.99,4524.0,4446.13,4479.44,129849.5741,0.0001
2025-10-08 00:00:00,4447.7,4498.22,4433.68,4443.6,63178.9578,1.254e-05
2025-10-09 08:00:00,4426.6,4426.69,4320.0,4373.05,135485.784,-2.26e-06
2025-10-09 16:00:00,4314.78,4344.33,4265.06,4338.0,77400.7073,5.752e-05
2025-10-11 00:00:00,3829.72,3878.3,3726.16,3792.26,251247.2349,0.0001
2025-10-11 16:00:00,3825.14,3848.0,3731.03,3760.61,73573.5841,-1.73e-06
2025-10-12 16:00:00,4034.59,4170.0,4034.58,4135.68,162787.2256,-4.563e-05
2025-10-14 00:00:00,4240.86,4263.38,4137.63,4153.56,86464.5703,5.602e-05
2025-10-14 08:00:00,3981.19,4014.61,3888.74,3971.85,163117.091,3.52e-06
2025-10-14 16:00:00,4085.41,4164.62,4048.49,4102.94,222833.5711,2.693e-05
2025-10-15 16:00:00,3980.98,4013.17,3929.66,3983.21,97017.747,2.5e-05
2025-10-16 00:00:00,3985.61,4036.84,3976.07,4014.85,77531.3247,-4.99e-06
2025-10-18 00:00:00,3831.58,3882.28,3819.07,3870.57,48438.1674,1.423e-05
2025-10-20 16:00:00,4003.99,4003.99,3922.0,3981.36,111593.2246,5.999e-05
2025-10-21 08:00:00,3892.95,3897.77,3851.0,3890.07,46017.1815,4.7e-07
2025-10-21 16:00:00,4081.66,4110.0,3965.47,3995.69,143288.4239,7.724e-05
2025-10-22 08:00:00,3868.72,3868.91,3770.02,3829.0,84899.402,2.192e-05
2025-10-22 16:00:00,3841.76,3861.9,3784.0,3804.0,115522.1619,2.392e-05
2025-10-23 00:00:00,3805.53,3835.93,3796.54,3826.79,34230.4223,5.29e-06
2025-10-24 00:00:00,3856.8,3896.0,3845.86,3891.0,35863.7739,8.88e-06
2025-10-24 08:00:00,3949.22,3969.81,3925.83,3946.57,58504.1386,9.418e-05
2025-10-25 00:00:00,3934.88,3939.29,3912.4,3921.2,22578.8468,1.282e-05
2025-10-26 16:00:00,4075.29,4080.25,4046.29,4067.94,37810.8531,0.0001
2025-10-27 00:00:00,4158.46,4225.55,4148.48,4205.08,94241.752,0.0001
2025-10-27 16:00:00,4172.95,4233.48,4172.95,4193.96,60752.7981,7.827e-05
2025-10-28 00:00:00,4120.16,4143.13,4069.8,4094.32,68080.5655,3.936e-05
2025-10-28 08:00:00,4117.25,4136.1,4104.23,4112.46,30177.84,4.615e-05
2025-10-29 16:00:00,3951.72,4018.46,3840.37,3905.71,221047.0208,3.915e-05
2025-10-31 00:00:00,3804.95,3860.79,3796.36,3829.16,57392.9838,3.219e-05
2025-11-01 08:00:00,3860.84,3882.94,3860.73,3877.79,25844.5104,7.748e-05
2025-11-01 16:00:00,3895.15,3909.39,3862.92,3879.99,29432.8992,0.0001
2025-11-02 08:00:00,3906.73,3910.97,3853.76,3891.31,60294.5256,9.258e-05
2025-11-03 00:00:00,3906.58,3914.29,3728.09,3736.23,157359.3494,8.937e-05
2025-11-03 16:00:00,3588.89,3682.35,3564.13,3631.5,140180.7037,5.24e-06
2025-11-04 16:00:00,3507.59,3520.58,3226.16,3230.94,383940.2832,4.875e-05
2025-11-05 00:00:00,3287.05,3349.12,3166.66,3334.83,264027.8071,1.174e-05
2025-11-05 08:00:00,3331.09,3331.09,3274.54,3322.55,90433.4419,6.56e-06
2025-11-06 08:00:00,3380.4,3415.0,3366.99,3399.4,54543.3963,4.986e-05
2025-11-09 08:00:00,3422.79,3435.13,3382.35,3428.37,67792.0122,6.622e-05
2025-11-10 00:00:00,3583.46,3658.98,3553.52,3627.47,122599.1998,3.686e-05
2025-11-10 08:00:00,3609.09,3631.32,3586.02,3610.57,72187.4013,9.099e-05
2025-11-11 08:00:00,3544.67,3587.05,3543.55,3574.14,80646.1818,-2.557e-05
2025-11-12 00:00:00,3417.76,3456.06,3410.0,3439.1,72507.7037,3.618e-05
2025-11-12 16:00:00,3427.85,3454.65,3371.65,3407.99,139071.2411,7.04e-05
2025-11-13 08:00:00,3538.74,3550.0,3476.06,3501.95,78146.7771,0.0001
2025-11-14 00:00:00,3231.55,3251.88,3186.2,3227.93,122991.5222,-3.82e-06
2025-11-14 08:00:00,3215.6,3219.39,3116.82,3144.35,102244.5895,3.573e-05
2025-11-15 08:00:00,3176.56,3177.98,3134.23,3152.52,39200.489,4.397e-05
2025-11-16 08:00:00,3219.54,3249.0,3160.36,3168.64,59004.6391,0.0001
2025-11-16 16:00:00,3105.45,3128.0,3026.0,3091.09,194474.7026,7.779e-05
2025-11-17 16:00:00,3121.04,3142.56,2972.88,2982.27,229892.4268,5.992e-05
2025-11-18 16:00:00,3106.87,3169.95,3099.39,3146.02,122085.9485,5.928e-05
2025-11-19 00:00:00,3123.65,3125.54,3069.59,3073.02,65254.2784,0.0001
2025-11-19 08:00:00,3084.97,3112.55,3053.55,3083.51,68846.4676,6.727e-05
2025-11-20 00:00:00,3025.48,3058.0,3004.41,3038.98,87568.1898,7.097e-05
2025-11-20 08:00:00,3039.44,3044.75,2993.91,3023.98,63213.0443,7.838e-05
2025-11-20 16:00:00,2955.65,2961.28,2790.01,2847.9,451454.189,6.788e-05
2025-11-21 08:00:00,2720.17,2754.48,2663.01,2688.42,218825.5422,1.947e-05
2025-11-22 08:00:00,2756.21,2756.36,2704.33,2735.16,50191.6518,7.195e-05
2025-11-22 16:00:00,2738.92,2759.02,2735.2,2750.65,41469.8761,4.657e-05
2025-11-23 00:00:00,2770.12,2834.33,2768.29,2824.77,67882.0772,6.445e-05
2025-11-24 08:00:00,2830.26,2843.09,2788.0,2803.41,85563.0091,7.615e-05
2025-11-25 00:00:00,2953.38,2953.38,2904.39,2911.99,55807.6755,4.02e-05
2025-11-26 16:00:00,2927.4,3045.0,2926.37,3032.28,112464.2424,1.886e-05
2025-11-27 08:00:00,3033.89,3044.73,3017.78,3028.54,31351.503,1.646e-05
2025-11-28 08:00:00,3001.9,3077.77,3001.59,3034.02,74468.9509,2.638e-05
2025-11-29 00:00:00,3031.14,3052.64,3017.73,3022.6,24555.3461,2.574e-05
2025-11-30 08:00:00,3005.22,3018.48,2999.94,3003.36,23291.3467,4.019e-05
2025-12-01 00:00:00,2991.25,2999.47,2813.2,2825.77,199403.7391,5.374e-05
2025-12-01 16:00:00,2745.73,2758.02,2719.73,2740.8,92163.4609,-2.535e-05
2025-12-02 08:00:00,2805.66,2834.5,2782.19,2826.18,41716.9565,5.552e-05
2025-12-02 16:00:00,3006.61,3033.76,2987.19,3015.83,104569.563,4.147e-05
2025-12-03 00:00:00,2996.07,3048.0,2985.58,3030.75,51276.0073,4.698e-05
2025-12-03 08:00:00,3057.44,3080.0,3043.75,3073.23,45464.5888,1.107e-05
2025-12-04 08:00:00,3190.1,3208.63,3175.51,3186.55,41332.4332,0.0001
2025-12-05 00:00:00,3133.26,3193.33,3132.45,3170.98,43830.0206,2.405e-05
2025-12-05 08:00:00,3173.95,3173.95,3107.82,3131.38,87970.9676,9.771e-05
2025-12-07 00:00:00,3038.06,3056.97,3032.47,3053.92,15546.9343,3.716e-05
2025-12-07 16:00:00,3027.0,3150.0,2999.63,3137.92,123703.2987,1.448e-05
2025-12-08 00:00:00,3059.86,3134.73,3040.87,3111.01,62439.9004,2.807e-05
2025-12-08 08:00:00,3134.31,3180.51,3125.1,3142.25,67113.0422,7.24e-05
2025-12-11 08:00:00,3201.52,3213.0,3178.0,3192.75,38704.27,1.38e-06
2025-12-11 16:00:00,3179.24,3234.25,3155.0,3194.51,90002.7899,2.616e-05
2025-12-13 16:00:00,3109.63,3116.37,3096.05,3108.41,23595.4427,3.292e-05
2025-12-14 00:00:00,3114.64,3129.54,3103.49,3118.96,17318.8749,8.266e-05
2025-12-15 00:00:00,3063.49,3150.92,3056.7,3108.68,68229.9045,6.154e-05
2025-12-15 08:00:00,3128.91,3177.5,3125.86,3156.73,45866.4503,3.415e-05
2025-12-15 16:00:00,3010.97,3017.77,2894.57,2940.3,146722.7896,2.051e-05
2025-12-16 08:00:00,2924.1,2964.14,2920.02,2957.93,50801.8701,2.281e-05
2025-12-17 08:00:00,2947.92,2947.92,2908.56,2928.71,28398.9424,3.718e-05
2025-12-17 16:00:00,2904.65,2925.59,2791.02,2820.28,155552.7194,8.6e-07
2025-12-19 00:00:00,2828.56,2935.0,2808.63,2909.01,123898.4272,5.783e-05
2025-12-19 16:00:00,2964.99,3007.06,2936.3,2985.02,93755.7291,9.196e-05
2025-12-20 08:00:00,2981.24,2990.2,2975.14,2987.13,14432.6945,1.909e-05
2025-12-21 00:00:00,2977.93,2981.43,2961.42,2972.81,21624.4873,1.836e-05
2025-12-21 16:00:00,2974.69,2997.96,2967.74,2991.18,24256.6751,3.37e-06
2025-12-22 00:00:00,3002.03,3060.55,2972.48,3021.52,67518.0299,-2.332e-05
2025-12-23 00:00:00,3009.48,3035.79,2971.56,2991.8,52521.8213,3.812e-05
2025-12-23 08:00:00,2964.88,2975.35,2952.26,2973.63,22052.4785,6.79e-05
2025-12-24 16:00:00,2925.54,2954.39,2921.37,2945.72,32340.0522,5.629e-05
2025-12-25 00:00:00,2947.48,2956.89,2936.89,2947.15,13645.1601,6.527e-05
2025-12-27 00:00:00,2928.0,2933.7,2921.33,2933.4,12504.4062,4.038e-05
2025-12-27 08:00:00,2933.27,2940.79,2917.25,2930.88,22992.0865,-5.19e-06
2025-12-28 08:00:00,2938.99,2947.34,2931.56,2944.09,18702.5796,7.91e-05
2025-12-28 16:00:00,2949.47,2954.72,2924.54,2933.61,29530.2686,4.862e-05
2025-12-29 16:00:00,2935.75,2946.0,2914.03,2932.48,51908.4218,1.862e-05
2026-01-02 16:00:00,3086.64,3150.01,3079.23,3123.62,103511.24,0.0001
2026-01-03 08:00:00,3090.49,3110.56,3083.86,3098.49,24186.4409,3.421e-05
2026-01-03 16:00:00,3101.32,3118.55,3098.33,3113.13,13958.2898,3.231e-05
2026-01-04 00:00:00,3127.11,3167.22,3126.35,3147.36,48314.7056,7.598e-05
2026-01-04 08:00:00,3141.29,3148.3,3126.0,3139.54,25325.4415,2.12e-06
2026-01-05 00:00:00,3144.71,3220.82,3143.54,3185.86,78748.0623,7.926e-05
2026-01-05 08:00:00,3157.24,3183.64,3153.12,3180.27,35017.8247,9.66e-06
2026-01-05 16:00:00,3195.58,3229.99,3159.48,3223.07,84699.9838,5.085e-05
2026-01-06 08:00:00,3219.24,3242.98,3214.52,3238.08,31791.5748,6.876e-05
2026-01-06 16:00:00,3272.31,3279.36,3183.27,3223.57,114076.954,4.25e-05
2026-01-08 08:00:00,3128.29,3136.56,3096.68,3121.24,46446.0065,7.658e-05
2026-01-08 16:00:00,3104.19,3140.0,3090.2,3111.53,53648.4349,4.9e-07
2026-01-09 08:00:00,3111.21,3115.37,3067.44,3090.36,40427.3691,3.789e-05
2026-01-10 00:00:00,3088.4,3094.61,3080.1,3086.51,10803.586,8.959e-05
2026-01-11 16:00:00,3118.22,3147.27,3115.63,3124.36,36016.8437,5.876e-05
2026-01-12 08:00:00,3135.33,3147.62,3101.48,3115.43,40245.0871,3.472e-05
2026-01-12 16:00:00,3130.17,3146.66,3083.5,3121.83,57077.6791,6.663e-05
2026-01-14 00:00:00,3325.83,3357.56,3315.15,3351.95,85543.415,0.0001
2026-01-15 00:00:00,3354.92,3355.8,3278.0,3286.55,57564.0628,5.358e-05
2026-01-16 00:00:00,3318.7,3326.79,3291.89,3295.21,26232.6895,3.284e-05
2026-01-16 08:00:00,3309.42,3319.97,3293.33,3301.94,24987.7787,3.558e-05
2026-01-17 00:00:00,3296.28,3297.34,3283.96,3289.32,11302.5507,8.371e-05
2026-01-17 08:00:00,3291.56,3305.32,3289.01,3302.72,19466.0816,8.079e-05
2026-01-18 08:00:00,3307.3,3326.2,3303.52,3322.0,26425.7891,1.351e-05
2026-01-18 16:00:00,3334.0,3368.82,3330.05,3346.56,28977.7552,2.477e-05
2026-01-23 08:00:00,2948.58,2951.34,2914.93,2940.68,56738.2502,2.868e-05
2026-01-26 00:00:00,2816.9,2898.76,2812.37,2850.68,103456.7027,-0.00013629
2026-01-26 16:00:00,2899.32,2936.06,2885.97,2923.12,66316.68,1.326e-05
2026-01-27 08:00:00,2929.11,2932.65,2899.77,2917.02,55309.1442,8.694e-05
2026-01-27 16:00:00,2937.46,2998.52,2918.09,2980.48,130629.9434,9.488e-05
2026-01-28 00:00:00,3026.77,3029.79,2996.55,3005.18,26992.6585,8.698e-05
2026-01-28 08:00:00,3005.07,3045.36,2986.59,3039.72,57899.7112,9.559e-05
2026-01-28 16:00:00,3008.25,3031.68,2989.41,3016.6,64622.6941,4.501e-05
2026-01-29 00:00:00,3010.78,3013.5,2944.48,2952.52,54242.7483,4.731e-05
2026-01-29 16:00:00,2824.31,2860.05,2754.53,2797.53,242269.3264,-1.167e-05
2026-01-30 08:00:00,2740.17,2768.78,2710.0,2759.88,65278.2179,-3.08e-06
2026-01-31 00:00:00,2707.37,2714.64,2684.67,2695.86,31607.4725,-7.003e-05
2026-02-01 16:00:00,2315.47,2377.99,2284.17,2320.35,236454.4214,-7.308e-05
2026-02-02 00:00:00,2270.16,2324.17,2166.14,2239.02,298359.9131,-0.00015302
2026-02-02 16:00:00,2372.71,2387.31,2327.68,2331.54,123749.5713,-0.00010921
2026-02-03 00:00:00,2347.01,2359.88,2284.48,2344.03,92480.3296,-0.00015482
2026-02-03 16:00:00,2303.21,2303.4,2110.0,2205.28,499560.1202,-3.903e-05
2026-02-04 16:00:00,2151.84,2194.71,2076.68,2188.27,475231.0228,-6.117e-05
2026-02-05 08:00:00,2091.5,2149.75,2061.96,2079.98,171883.2094,-5.04e-06
2026-02-06 00:00:00,1826.83,1947.84,1747.8,1891.82,467955.4557,-0.00027709
2026-02-06 16:00:00,1980.8,2090.13,1970.17,2065.63,408242.2928,1.852e-05
2026-02-07 08:00:00,2027.1,2032.6,1999.57,2018.77,90171.0894,-1.83e-06
2026-02-08 08:00:00,2084.41,2137.57,2078.04,2132.35,92748.6006,-3.046e-05
2026-02-08 16:00:00,2108.63,2129.73,2072.8,2126.77,60836.7024,-5.398e-05
2026-02-10 00:00:00,2105.02,2124.71,2052.14,2064.96,63762.6252,4.269e-05
2026-02-10 16:00:00,2022.67,2046.94,1996.18,2017.95,63309.8136,-0.00019437
2026-02-11 00:00:00,2022.67,2032.31,1998.0,2009.59,33194.1097,-8.436e-05
2026-02-11 16:00:00,1929.46,1959.8,1908.8,1952.28,103334.7985,-0.00012326
2026-02-12 00:00:00,1941.19,1977.75,1941.19,1968.69,42186.6103,-2.549e-05
2026-02-15 00:00:00,2086.59,2090.5,2030.9,2058.94,241490.3874,-6.367e-05
2026-02-15 16:00:00,2011.29,2011.3,1928.88,1942.23,289683.7113,-7.55e-05
2026-02-16 16:00:00,1956.65,1988.4,1956.31,1974.04,57117.5097,-3.499e-05
2026-02-18 00:00:00,1991.67,2000.56,1968.68,1997.07,48694.6631,1.121e-05
2026-02-18 08:00:00,2018.06,2039.05,1976.57,1981.43,60451.9639,-3.783e-05
2026-02-19 08:00:00,1981.76,1982.54,1948.16,1949.58,43208.626,-3.009e-05
2026-02-20 00:00:00,1949.08,1964.54,1947.41,1954.85,28686.3728,-4.637e-05
2026-02-20 08:00:00,1960.93,1973.86,1940.58,1943.98,58746.4014,-3.19e-05
2026-02-20 16:00:00,1963.96,1981.18,1939.21,1963.69,94955.2126,-7.16e-05
2026-02-21 08:00:00,1962.7,1988.6,1962.0,1977.02,40811.7456,4.592e-05
2026-02-22 16:00:00,1953.99,1955.56,1935.0,1943.74,29014.4909,-4.379e-05
2026-02-23 08:00:00,1885.5,1928.19,1877.23,1915.3,69463.5612,-0.00036526
2026-02-23 16:00:00,1895.65,1900.18,1837.13,1857.19,118579.9054,1.654e-05
2026-02-24 08:00:00,1825.7,1836.18,1815.22,1826.75,63530.8244,-4.446e-05
2026-02-25 16:00:00,2013.69,2086.17,2013.36,2071.1,145026.7604,5.753e-05
2026-02-26 00:00:00,2057.48,2076.6,2039.37,2054.55,59037.3129,7.787e-05
2026-02-27 08:00:00,2032.69,2045.93,1953.37,1962.08,92541.2853,3.34e-06
2026-02-28 00:00:00,1929.84,1937.17,1919.8,1924.49,21099.5553,-8.821e-05
2026-02-28 08:00:00,1866.73,1881.0,1845.05,1863.31,66347.784,-9.456e-05
2026-03-01 08:00:00,2007.23,2010.18,1972.24,1983.32,51208.5737,4.986e-05
2026-03-02 16:00:00,2047.33,2090.0,2017.15,2043.57,122416.9126,-6.736e-05
2026-03-03 00:00:00,2027.34,2041.48,1998.0,2008.88,72387.9676,4.93e-05
2026-03-03 08:00:00,1996.32,2000.53,1939.1,1961.28,94656.1381,-2.809e-05
2026-03-04 16:00:00,2150.23,2199.0,2129.13,2177.51,171810.7114,6.615e-05
2026-03-05 00:00:00,2127.28,2141.93,2107.5,2120.15,54056.4032,-1.331e-05
2026-03-05 08:00:00,2104.96,2163.66,2093.63,2137.92,70522.7353,-8.37e-06
2026-03-08 08:00:00,1955.22,1979.8,1944.85,1951.38,70951.6493,-8.766e-05
2026-03-09 00:00:00,1937.11,2006.01,1929.65,1977.48,104584.2494,-0.00022545
2026-03-11 00:00:00,2036.5,2041.71,2018.13,2021.17,36763.3501,-3.94e-06
2026-03-12 00:00:00,2051.97,2058.16,2017.59,2023.38,44363.5344,9.02e-06
2026-03-12 08:00:00,2040.69,2076.65,2038.42,2062.83,56474.7206,-6.811e-05
2026-03-12 16:00:00,2072.33,2078.09,2045.42,2069.59,63567.8353,-1.513e-05
2026-03-13 16:00:00,2128.01,2143.33,2090.28,2102.48,84455.4942,2.099e-05
2026-03-14 08:00:00,2077.46,2081.64,2061.6,2073.67,26861.5463,-2.367e-05
2026-03-15 00:00:00,2096.16,2107.91,2083.35,2096.15,28619.3164,-4.662e-05
2026-03-15 08:00:00,2105.64,2123.44,2105.64,2119.63,21019.7068,1.371e-05
2026-03-15 16:00:00,2093.79,2117.86,2088.84,2113.49,31467.5941,3.459e-05
2026-03-16 00:00:00,2178.29,2253.48,2164.73,2235.67,133968.0991,7.611e-05
2026-03-16 16:00:00,2273.88,2348.06,2270.0,2330.92,127675.3126,7.073e-05
2026-03-17 00:00:00,2352.97,2376.66,2308.03,2320.0,159041.6195,5.155e-05
2026-03-19 00:00:00,2203.39,2233.72,2187.24,2212.29,52579.6266,-3.8e-06
2026-03-20 08:00:00,2150.53,2176.84,2131.56,2141.5,61690.4049,-5.947e-05
2026-03-20 16:00:00,2134.0,2144.76,2117.41,2132.91,45009.742,-7.2e-07
2026-03-21 00:00:00,2146.21,2159.87,2144.24,2153.6,15716.7385,2.359e-05
2026-03-21 08:00:00,2155.67,2159.52,2149.57,2157.37,12040.1339,1.136e-05
2026-03-23 00:00:00,2053.9,2072.33,2035.69,2052.54,46093.4891,-5.929e-05
2026-03-24 00:00:00,2152.03,2156.22,2124.26,2141.59,43067.6466,2.88e-05
2026-03-24 08:00:00,2165.61,2175.16,2147.36,2165.9,40140.7495,2.122e-05
2026-03-25 00:00:00,2156.22,2168.63,2146.35,2158.54,35228.5599,3.54e-05
2026-03-25 08:00:00,2164.57,2199.02,2164.57,2186.41,56767.0182,-4.168e-05
2026-03-26 16:00:00,2070.4,2070.95,2034.54,2049.12,65545.1975,-8.212e-05
2026-03-27 08:00:00,2066.24,2069.6,1983.02,1991.8,119274.8749,-5.164e-05
2026-03-27 16:00:00,1991.32,1997.73,1974.48,1991.71,70350.7315,-0.00018104
2026-03-28 16:00:00,2026.84,2030.23,2016.5,2020.56,12710.5504,4.5e-07
2026-03-29 16:00:00,1992.98,2003.61,1987.6,1995.89,16964.0358,-3.76e-05
2026-03-30 00:00:00,1984.65,2043.5,1980.28,2035.88,70029.5862,-2.586e-05
2026-03-30 16:00:00,2074.53,2074.99,2013.33,2023.7,60238.4065,4.113e-05
2026-03-31 00:00:00,2026.48,2092.34,2016.29,2066.71,66502.1402,2.57e-06
2026-03-31 08:00:00,2055.98,2059.2,2012.64,2041.2,62779.5377,1.748e-05
2026-03-31 16:00:00,2054.85,2124.03,2054.29,2096.54,126072.2648,-9.62e-06
2026-04-01 00:00:00,2105.43,2117.79,2082.08,2102.91,37975.9983,-2.57e-06
2026-04-01 08:00:00,2131.0,2142.93,2125.0,2135.32,46234.2524,4.782e-05
2026-04-01 16:00:00,2135.04,2167.85,2123.58,2141.43,74639.0666,4.428e-05
2026-04-03 00:00:00,2057.18,2062.49,2040.66,2054.23,27862.5809,-2.988e-05
2026-04-04 00:00:00,2053.83,2053.86,2047.92,2050.05,7032.7972,-3e-07
2026-04-04 16:00:00,2056.29,2084.0,2053.07,2064.71,25517.2179,7.35e-06
2026-04-05 08:00:00,2037.29,2052.53,2035.91,2042.32,8916.0507,6.23e-06
2026-04-07 00:00:00,2107.16,2120.14,2093.64,2108.37,34808.2346,-3.933e-05
2026-04-07 08:00:00,2104.03,2133.83,2082.35,2089.58,52681.4772,-2.975e-05
2026-04-07 16:00:00,2080.07,2116.65,2077.52,2113.39,55202.1323,1.031e-05
2026-04-08 00:00:00,2240.01,2251.39,2228.24,2234.68,71283.3269,0.0001
2026-04-08 08:00:00,2253.76,2263.35,2237.12,2247.23,52326.6102,5.834e-05
2026-04-09 00:00:00,2190.0,2193.79,2162.0,2182.49,34908.9725,3.32e-05
2026-04-10 00:00:00,2190.17,2204.1,2176.1,2186.06,33173.2947,1.25e-05
2026-04-10 16:00:00,2224.28,2256.0,2221.46,2253.17,37702.4223,-4.48e-06
2026-04-11 00:00:00,2245.06,2252.15,2234.81,2237.17,19355.1058,-6.627e-05
2026-04-11 08:00:00,2232.6,2249.31,2232.14,2246.11,22661.8276,-7.635e-05
2026-04-12 00:00:00,2285.0,2288.57,2207.06,2213.71,91337.4612,8.271e-05
2026-04-12 08:00:00,2218.02,2219.04,2194.32,2204.62,26727.7633,-3.576e-05
2026-04-12 16:00:00,2186.47,2207.23,2183.09,2198.27,21416.5101,-5.477e-05
2026-04-13 16:00:00,2209.28,2268.88,2200.0,2262.33,64810.6588,3.014e-05
2026-04-15 00:00:00,2322.44,2342.76,2317.56,2328.81,28901.5466,1.802e-05
2026-04-15 08:00:00,2316.62,2339.42,2312.15,2337.43,39774.7835,1.648e-05
2026-04-15 16:00:00,2332.03,2385.61,2329.1,2375.05,60038.6043,2.61e-06
2026-04-16 08:00:00,2341.52,2348.4,2328.64,2335.67,38717.9452,-5.141e-05
2026-04-16 16:00:00,2339.01,2361.96,2309.96,2359.7,72519.8431,-3.792e-05
2026-04-18 16:00:00,2363.64,2375.14,2339.92,2348.59,39182.5061,-0.00015064
2026-04-20 00:00:00,2263.28,2294.3,2259.67,2286.56,30033.2489,-9.27e-06
2026-04-20 08:00:00,2298.81,2320.0,2289.82,2308.42,37613.5655,-1.408e-05
2026-04-21 00:00:00,2313.84,2326.64,2300.01,2311.62,22781.1909,-4.382e-05
2026-04-22 08:00:00,2389.98,2400.78,2383.0,2398.44,41401.3724,0.0001
2026-04-22 16:00:00,2403.84,2413.75,2384.17,2397.79,50321.212,7.797e-05
2026-04-23 00:00:00,2374.08,2382.0,2331.5,2340.81,76206.1153,0.0001
2026-04-23 08:00:00,2344.43,2345.0,2305.61,2328.97,78151.0377,-1.984e-05
2026-04-24 08:00:00,2311.63,2332.26,2303.74,2328.1,35868.9201,-6.98e-05
2026-04-24 16:00:00,2323.81,2325.0,2308.82,2321.6,24666.2517,-0.00012145
2026-04-25 00:00:00,2314.98,2321.36,2311.27,2318.43,7639.0588,-4.387e-05
2026-04-27 08:00:00,2316.0,2325.52,2309.13,2320.39,29605.5066,-7.865e-05
2026-04-28 08:00:00,2288.0,2291.64,2270.36,2275.32,32729.5921,-0.00011678
2026-04-30 08:00:00,2260.31,2273.7,2252.07,2258.18,30735.9241,-4.636e-05
2026-04-30 16:00:00,2265.7,2267.16,2251.62,2261.99,17651.0886,-7.717e-05
2026-05-01 00:00:00,2257.51,2295.0,2257.21,2282.87,26924.6936,-4e-05
2026-05-01 16:00:00,2307.64,2314.21,2298.17,2304.85,26400.5038,-2.131e-05
2026-05-02 08:00:00,2301.01,2307.78,2299.05,2302.1,8398.4598,-3.82e-05
2026-05-03 16:00:00,2328.45,2337.87,2322.38,2335.59,19196.1335,8.747e-05
2026-05-04 00:00:00,2322.65,2391.0,2309.24,2385.12,114327.9965,4.305e-05
2026-05-04 08:00:00,2362.79,2371.09,2314.25,2337.59,85731.0321,8.648e-05
2026-05-05 00:00:00,2347.17,2389.38,2344.93,2382.43,43369.6537,-1.957e-05
2026-05-05 16:00:00,2381.3,2383.38,2359.71,2371.94,40911.2728,-6.52e-05
2026-05-06 08:00:00,2371.74,2423.74,2369.16,2410.47,113801.0466,-9.447e-05
2026-05-07 00:00:00,2350.84,2352.3,2313.89,2322.39,63504.3173,-6.585e-05
2026-05-07 08:00:00,2344.59,2346.6,2317.35,2329.94,54139.7818,-0.00011993
2026-05-09 00:00:00,2307.07,2320.77,2304.19,2315.33,39168.7188,6.199e-05
2026-05-10 08:00:00,2327.36,2333.59,2319.0,2322.58,28879.9992,8.268e-05
2026-05-10 16:00:00,2347.56,2368.0,2340.11,2365.54,154424.5599,6.714e-05
2026-05-11 00:00:00,2371.26,2374.92,2320.01,2330.56,60324.2716,7.463e-05
2026-05-11 08:00:00,2330.55,2339.9,2326.66,2335.8,21339.0861,1.995e-05
2026-05-11 16:00:00,2333.48,2344.35,2323.68,2340.43,43385.8646,3.355e-05
2026-05-12 16:00:00,2261.86,2287.43,2256.27,2285.09,29736.9338,3.956e-05
2026-05-14 08:00:00,2265.49,2270.99,2252.53,2253.81,31025.1104,5.526e-05
2026-05-14 16:00:00,2298.48,2319.33,2293.96,2298.34,71280.168,3.946e-05
2026-05-15 00:00:00,2283.26,2300.29,2260.45,2273.34,56947.0188,-6.93e-06
2026-05-16 08:00:00,2194.81,2196.87,2162.55,2176.1,66188.9001,4.496e-05
2026-05-17 00:00:00,2180.77,2185.6,2167.98,2181.7,22317.4449,7.161e-05
2026-05-20 16:00:00,2136.76,2148.77,2124.1,2139.12,32155.664,5.29e-05
2026-05-21 08:00:00,2135.07,2148.33,2110.0,2115.27,41666.6187,2.532e-05
2026-05-21 16:00:00,2132.64,2153.75,2121.79,2142.83,55972.0073,3.837e-05
2026-05-22 00:00:00,2133.77,2141.39,2125.68,2137.88,14039.1024,4.926e-05
2026-05-24 16:00:00,2095.83,2109.0,2095.22,2100.87,16390.0018,4.195e-05
2026-05-26 00:00:00,2113.01,2113.89,2084.52,2093.12,34695.0977,3.458e-05
2026-05-26 16:00:00,2087.36,2089.97,2055.06,2074.29,65909.5277,3.408e-05
2026-05-27 00:00:00,2073.77,2084.23,2068.9,2070.0,21987.0064,7.351e-05
2026-05-28 08:00:00,1995.56,1998.4,1984.85,1989.89,32953.9429,2.543e-05
2026-05-29 00:00:00,2009.89,2017.17,1997.24,2002.78,24310.5747,8.553e-05
2026-05-30 00:00:00,2014.54,2023.55,2010.69,2016.83,14645.2914,4.54e-05
2026-05-30 16:00:00,2026.63,2030.01,2019.5,2028.76,15670.4214,5.705e-05
2026-05-31 00:00:00,2022.44,2038.0,2020.83,2033.41,17706.4074,9.397e-05
2026-05-31 08:00:00,2024.02,2029.11,2015.34,2023.27,20999.1397,7.226e-05
2026-06-01 16:00:00,1968.45,2008.83,1958.79,2004.53,69908.5378,9.572e-05
2026-06-02 00:00:00,2006.73,2006.78,1962.76,2003.94,46692.2407,0.0001
2026-06-02 08:00:00,1981.89,1989.0,1966.69,1978.53,47617.4742,0.0001
2026-06-02 16:00:00,1914.81,1943.87,1881.01,1912.28,96022.4005,5.699e-05
2026-06-03 08:00:00,1878.39,1893.07,1869.95,1878.16,53244.0374,9.862e-05
2026-06-04 08:00:00,1777.44,1783.27,1730.13,1751.51,141386.8608,4.482e-05
2026-06-05 00:00:00,1770.76,1774.99,1722.36,1729.71,88171.1972,4.67e-05
2026-06-06 00:00:00,1583.4,1601.22,1555.28,1563.34,68604.3971,-7.917e-05
2026-06-06 08:00:00,1575.14,1593.04,1535.68,1558.89,96734.7301,-3.161e-05
2026-06-06 16:00:00,1560.45,1566.51,1547.05,1554.56,60854.9147,-3.461e-05
2026-06-07 08:00:00,1615.18,1648.7,1608.39,1630.12,79805.2925,-0.00010189
2026-06-07 16:00:00,1630.07,1638.0,1604.0,1613.11,60204.4464,4.72e-06
2026-06-08 00:00:00,1690.5,1711.58,1670.94,1680.01,74470.0385,-8.235e-05
2026-06-09 00:00:00,1690.48,1696.88,1654.63,1669.44,65616.5084,-4.506e-05
2026-06-09 08:00:00,1679.86,1680.64,1665.0,1671.96,39039.5622,3.6e-07
2026-06-11 00:00:00,1621.6,1661.3,1621.6,1653.95,36288.0336,-3.684e-05
2026-06-11 16:00:00,1645.56,1693.59,1632.71,1681.26,85215.6465,-2.432e-05
2026-06-12 00:00:00,1673.46,1678.42,1660.93,1673.25,20659.4497,-2.404e-05
2026-06-12 08:00:00,1662.12,1685.65,1662.12,1673.89,33152.9108,-5.854e-05
2026-06-12 16:00:00,1660.08,1678.1,1657.38,1665.92,42191.8674,-2.216e-05
2026-06-13 00:00:00,1666.42,1675.9,1663.36,1665.25,16399.5929,-6.31e-06
2026-06-14 16:00:00,1662.95,1668.57,1658.95,1665.43,17942.9787,-1.919e-05
2026-06-16 00:00:00,1796.14,1802.09,1764.84,1779.16,50532.628,2.969e-05
2026-06-16 08:00:00,1774.25,1807.97,1773.25,1799.59,57224.9557,-2.07e-05
2026-06-17 08:00:00,1785.09,1786.15,1759.35,1763.92,35117.6055,2.339e-05
2026-06-17 16:00:00,1773.42,1796.08,1729.26,1734.72,126372.9648,-7.37e-06
2026-06-18 08:00:00,1749.8,1753.61,1739.11,1743.31,47075.973,6.87e-06
2026-06-20 08:00:00,1725.81,1731.76,1721.25,1727.18,13310.0526,3.17e-05
2026-06-21 00:00:00,1741.08,1741.45,1733.51,1737.87,11485.9288,2.892e-05
2026-06-21 08:00:00,1732.36,1737.02,1718.56,1725.36,19610.1055,2.602e-05
2026-06-21 16:00:00,1730.71,1739.32,1721.67,1734.14,20185.3775,7.57e-06
2026-06-22 00:00:00,1706.94,1759.84,1706.94,1730.0,48245.9908,3.88e-05
2026-06-22 08:00:00,1746.34,1774.7,1743.56,1767.68,39953.9512,1.941e-05
2026-06-25 00:00:00,1622.18,1626.51,1614.69,1619.6,23937.0954,5.42e-06
2026-06-25 08:00:00,1657.2,1658.98,1628.05,1633.27,44025.3002,4.282e-05
2026-06-25 16:00:00,1570.01,1587.7,1554.6,1559.42,70320.4164,-8.135e-05
2026-06-26 16:00:00,1580.13,1594.7,1570.32,1574.51,54249.7168,5.22e-06
2026-06-27 00:00:00,1578.68,1587.17,1571.55,1580.62,19128.5427,1.807e-05
2026-06-27 08:00:00,1585.72,1585.95,1579.0,1584.0,13455.5916,-5.97e-06
2026-06-28 00:00:00,1574.0,1580.05,1569.07,1575.08,12159.2677,-5.389e-05
2026-06-28 16:00:00,1580.9,1581.94,1556.81,1564.62,26775.6987,1.924e-05
2026-06-30 00:00:00,1613.07,1614.41,1586.49,1587.18,34800.71,4.49e-05
2026-06-30 08:00:00,1592.51,1594.28,1575.85,1578.58,33797.8662,4.566e-05
2026-07-01 00:00:00,1572.0,1599.19,1552.92,1594.81,49726.9569,6.151e-05
2026-07-01 08:00:00,1578.36,1585.33,1567.13,1569.89,26168.9067,5.33e-05
2026-07-01 16:00:00,1620.1,1629.26,1607.17,1618.09,41221.2114,2.077e-05
2026-07-02 00:00:00,1609.59,1642.32,1597.22,1639.47,45157.4777,1.96e-05
2026-07-02 08:00:00,1615.97,1657.53,1615.08,1650.32,70678.134,5.02e-05
2026-07-02 16:00:00,1697.06,1707.14,1686.49,1700.15,38353.5213,7.321e-05
2026-07-03 00:00:00,1700.57,1718.97,1694.72,1706.43,34469.11,7.837e-05
2026-07-03 16:00:00,1731.24,1753.0,1727.87,1745.38,26376.499,5.241e-05
2026-07-04 00:00:00,1758.22,1764.0,1744.09,1753.92,18698.1782,9.748e-05
2026-07-04 08:00:00,1758.18,1765.55,1755.0,1758.24,17210.9322,7.642e-05
2026-07-05 16:00:00,1774.66,1786.23,1770.31,1781.43,18203.54,4.748e-05
2026-07-06 00:00:00,1785.65,1799.02,1772.22,1779.71,28847.3588,8.332e-05
2026-07-06 08:00:00,1772.32,1778.6,1755.77,1759.64,33338.5309,4.679e-05
2026-07-06 16:00:00,1788.57,1805.0,1782.42,1792.76,60585.2426,6.963e-05
2026-07-07 00:00:00,1799.56,1810.16,1768.85,1771.56,37424.6442,7.62e-05
2026-07-07 08:00:00,1771.23,1785.0,1768.37,1780.77,27719.868,3.271e-05
2026-07-07 16:00:00,1797.45,1813.16,1773.5,1790.45,46598.5947,4.088e-05
2026-07-08 00:00:00,1771.45,1785.0,1741.21,1751.78,45660.413,1.519e-05
2026-07-08 08:00:00,1756.7,1758.7,1725.18,1747.95,56796.3744,2.984e-05
2026-07-08 16:00:00,1722.96,1746.52,1722.78,1740.98,31384.7131,4.537e-05
2026-07-09 00:00:00,1743.55,1756.79,1721.93,1730.7,27790.6064,7.189e-05
2026-07-10 00:00:00,1745.17,1779.68,1737.68,1776.12,45350.5313,2.613e-05
2026-07-11 00:00:00,1796.85,1799.29,1786.77,1796.5,16451.0616,5.051e-05
2026-07-11 08:00:00,1799.99,1803.52,1795.15,1800.48,13163.6509,2.19e-05
2026-07-11 16:00:00,1814.82,1830.0,1810.62,1824.38,44106.5907,6.296e-05
2026-07-12 00:00:00,1787.76,1813.67,1779.46,1811.53,30490.9328,6.46e-06
2026-07-12 16:00:00,1820.94,1824.39,1814.85,1821.4,27234.0306,3.016e-05
2026-07-13 00:00:00,1806.8,1846.0,1775.0,1780.55,99489.3232,2.248e-05
2026-07-14 00:00:00,1776.71,1794.47,1773.41,1783.65,25835.8415,1.26e-06
2026-07-15 16:00:00,1931.96,1937.0,1904.36,1924.15,55271.775,8.736e-05
2026-07-16 00:00:00,1917.86,1929.0,1908.12,1918.7,28168.2017,4.35e-05
2026-07-17 00:00:00,1864.71,1871.08,1843.2,1852.53,44486.8168,6.892e-05
2026-07-18 00:00:00,1841.94,1846.74,1839.38,1845.96,13627.6371,2.552e-05
2026-07-18 08:00:00,1844.2,1849.44,1842.3,1845.56,10162.4632,3.939e-05
2026-07-19 08:00:00,1870.26,1879.38,1863.46,1871.41,21823.4567,4.255e-05
2026-07-20 00:00:00,1872.24,1891.71,1862.08,1879.94,40327.5711,2.897e-05
2026-07-21 08:00:00,1934.07,1953.0,1925.98,1935.69,113965.7397,4.126e-05
2026-07-22 00:00:00,1930.09,1944.68,1926.76,1928.77,38196.5647,1.055e-05
2026-07-22 08:00:00,1914.43,1933.62,1914.08,1927.27,36444.4362,1.429e-05
