Date,Open,High,Low,Close,Volume,funding_rate
2021-01-02 00:00:00,1.8421,1.9071,1.7244,1.8614,1310461.36,-0.00120567
2021-01-02 08:00:00,1.7526,1.7954,1.7158,1.7655,603978.54,0.0001
2021-01-03 08:00:00,2.0662,2.38,2.0642,2.2657,2471257.28,-0.00048296
2021-01-04 00:00:00,2.1789,2.4,2.1,2.3094,1697574.43,-0.00302774
2021-01-04 08:00:00,2.1153,2.2138,1.86,2.0429,1753753.05,0.0001
2021-01-04 16:00:00,2.2757,2.45,2.1179,2.4397,1018018.08,-0.00240332
2021-01-06 16:00:00,2.0801,2.1265,1.9743,1.981,1473862.55,-0.0075
2021-01-07 08:00:00,2.126,2.3896,2.005,2.2037,7923928.63,-0.0075
2021-01-08 00:00:00,2.3655,2.4245,2.175,2.2619,3938806.46,-0.00094262
2021-01-08 08:00:00,2.4054,3.4,2.193,3.1519,9827803.45,0.00071256
2021-01-08 16:00:00,3.3027,3.5437,3.1826,3.2105,2664799.18,0.00012872
2021-01-09 16:00:00,3.1011,3.6998,2.93,3.6238,3049052.54,0.00051747
2021-01-10 00:00:00,3.3734,3.6605,3.3151,3.5265,1005418.91,0.00318311
2021-01-10 16:00:00,3.4153,3.4599,3.2563,3.3251,904865.47,0.00080074
2021-01-11 00:00:00,3.4455,3.5282,3.0376,3.1376,1345320.45,0.00024441
2021-01-11 16:00:00,2.7584,2.9069,2.5795,2.8578,1160835.08,0.00087274
2021-01-12 00:00:00,3.1016,3.2799,3.058,3.2708,567930.66,0.0001
2021-01-12 08:00:00,3.3824,3.4695,3.293,3.4185,812800.82,-4.075e-05
2021-01-13 08:00:00,3.4888,3.4895,3.265,3.3708,721928.25,0.00028285
2021-01-14 00:00:00,3.5243,3.5387,3.3616,3.3844,467139.43,0.0001
2021-01-14 16:00:00,3.4951,3.5072,3.1814,3.2886,2420209.54,0.00127162
2021-01-15 08:00:00,3.3711,3.4213,3.3233,3.3747,744955.94,0.0001
2021-01-16 00:00:00,3.2479,3.4622,3.2463,3.453,1055070.94,0.00063201
2021-01-16 16:00:00,3.4024,3.649,3.3164,3.5853,2079144.26,0.00199151
2021-01-17 08:00:00,3.388,3.6085,3.3086,3.6009,900335.45,0.00088588
2021-01-18 00:00:00,3.8243,3.8997,3.6167,3.7607,1535188.71,0.00122517
2021-01-18 16:00:00,3.9654,4.0359,3.865,3.9021,503583.23,0.00146114
2021-01-19 00:00:00,3.7873,4.0498,3.7508,3.961,730198.32,0.00120146
2021-01-21 00:00:00,3.7199,3.7411,3.5041,3.53,675102.98,-4.668e-05
2021-01-21 08:00:00,3.5579,3.5579,3.365,3.4842,831118.26,0.0001
2021-01-23 00:00:00,3.3302,3.4233,3.3056,3.4226,257782.62,0.0001
2021-01-23 16:00:00,3.4806,3.5364,3.4577,3.514,270622.13,0.0001
2021-01-25 16:00:00,3.7116,3.9928,3.601,3.893,2202057.86,0.0001
2021-01-26 08:00:00,3.7507,4.05,3.7347,4.017,1397630.68,0.0001
2021-01-26 16:00:00,3.7883,4.034,3.7403,4.0224,1471147.81,0.0001
2021-01-27 00:00:00,4.0418,4.0422,3.8379,3.8438,363799.99,0.0001
2021-01-28 00:00:00,3.664,3.7387,3.6,3.7319,187575.25,0.0001
2021-01-28 08:00:00,3.7634,3.8478,3.7358,3.8235,232629.02,0.0001
2021-01-28 16:00:00,3.8887,3.9205,3.8431,3.8542,372551.89,0.00032246
2021-01-29 08:00:00,3.6662,3.7551,3.6,3.728,820352.11,0.00046897
2021-01-29 16:00:00,3.8133,3.845,3.7036,3.7388,289338.23,0.00135527
2021-01-30 00:00:00,3.8301,3.9188,3.8136,3.8286,310175.53,0.00074522
2021-01-30 08:00:00,3.8361,3.93,3.8001,3.881,465840.79,0.000426
2021-01-30 16:00:00,4.0426,4.2116,3.9447,4.02,1028510.34,0.00083867
2021-01-31 08:00:00,4.4892,4.805,4.4659,4.55,1507240.6,0.00068997
2021-01-31 16:00:00,4.2266,4.3952,4.1798,4.2924,611417.78,0.00125194
2021-02-01 16:00:00,4.2103,4.495,4.2042,4.495,361513.72,0.00023243
2021-02-02 00:00:00,4.6148,4.92,4.4632,4.8068,1168783.9,0.00049185
2021-02-02 16:00:00,5.0523,5.2666,5.03,5.1654,534489.33,0.00178222
2021-02-04 08:00:00,5.8314,5.8745,5.5676,5.7631,795021.72,0.00196534
2021-02-05 16:00:00,6.9411,7.1438,6.641,6.716,849748.18,0.00248849
2021-02-06 16:00:00,5.7925,6.112,5.7,6.085,722965.64,0.0015495
2021-02-07 00:00:00,6.1219,6.1889,5.853,5.9017,398207.16,0.00069317
2021-02-08 00:00:00,6.6931,6.7325,6.4554,6.6459,625358.75,0.00045129
2021-02-08 16:00:00,7.755,8.078,7.5248,8.0344,1357388.63,0.00189272
2021-02-11 00:00:00,9.0897,9.26,8.72,8.9489,728202.72,0.0016268
2021-02-11 08:00:00,9.4522,9.7425,9.0652,9.159,1976962.8,0.00151791
2021-02-11 16:00:00,9.2689,9.4085,8.9989,9.1219,754326.75,0.00128569
2021-02-12 00:00:00,9.2058,9.6464,9.0353,9.4242,604507.7,0.00211126
2021-02-12 08:00:00,9.3325,9.8874,9.2914,9.7662,471706.91,0.00076834
2021-02-12 16:00:00,9.5404,9.7335,9.4233,9.4421,380831.02,0.00087438
2021-02-13 16:00:00,9.07,9.1558,8.8647,8.8884,519810.66,0.0014149
2021-02-14 08:00:00,8.714,8.7419,8.5501,8.5699,306301.79,0.00252331
2021-02-15 00:00:00,8.7234,8.7988,7.7,8.1148,966891.12,0.00066418
2021-02-15 16:00:00,8.9147,9.38,8.8333,9.1943,656445.04,0.0001
2021-02-16 08:00:00,8.7288,8.7923,8.5736,8.575,229537.57,0.00158627
2021-02-18 08:00:00,8.5484,8.5846,8.4238,8.5178,206657.33,0.00155495
2021-02-20 00:00:00,11.4845,11.8327,10.8478,11.1003,1095388.66,0.00134072
2021-02-20 16:00:00,10.2533,10.605,10.2064,10.4481,539801.44,0.00248155
2021-02-22 16:00:00,10.2747,14.0238,10.1716,13.32,5606881.07,0.0001
2021-02-23 00:00:00,14.4176,15.2422,13.5476,13.993,3749727.31,-0.00114458
2021-02-23 16:00:00,15.4,15.8,14.23,14.2602,3466815.51,0.0001
2021-02-25 08:00:00,16.3183,16.3852,15.532,16.1646,1337974.87,0.0001
2021-02-26 00:00:00,13.8565,14.6432,13.2,14.63,1564108.5,0.0001
2021-02-27 08:00:00,13.8889,13.9941,13.3183,13.9314,1029431.01,0.0001
2021-02-27 16:00:00,13.3866,13.85,13.3342,13.8249,504294.86,0.00013802
2021-02-28 16:00:00,11.5129,13.501,11.4316,13.2421,1727879.07,0.0001
2021-03-01 00:00:00,13.08,14.2884,13.0102,13.9287,1306611.14,0.0001
2021-03-02 00:00:00,14.9989,15.25,14.1941,14.3406,916765.39,0.00021657
2021-03-02 08:00:00,14.2929,14.766,14.2739,14.5527,374789.59,0.00051119
2021-03-03 00:00:00,13.9546,14.15,13.7018,14.0388,425104.27,0.0007243
2021-03-03 16:00:00,14.1587,14.738,14.0813,14.3112,815439.95,0.00096015
2021-03-04 00:00:00,14.0936,14.2737,13.7501,13.7726,445571.48,0.00017193
2021-03-05 00:00:00,13.0649,13.0992,12.35,12.5591,448409.61,0.00018864
2021-03-06 00:00:00,12.5507,12.6714,12.2744,12.3716,198571.9,0.00051149
2021-03-06 08:00:00,12.3007,12.3954,12.0025,12.0848,323584.26,0.00058979
2021-03-06 16:00:00,12.2724,12.9,12.2211,12.895,527401.22,0.00023359
2021-03-08 00:00:00,13.8174,13.906,13.3678,13.4425,258600.93,0.0004945
2021-03-08 08:00:00,13.3102,13.39,13.138,13.2749,453793.85,0.00048468
2021-03-09 00:00:00,13.608,13.9409,13.1985,13.9197,501740.5,0.00142095
2021-03-09 08:00:00,13.8792,14.3984,13.8792,14.2898,385757.88,0.00139988
2021-03-09 16:00:00,14.6806,14.8486,14.4369,14.8288,320762.19,0.00131768
2021-03-11 00:00:00,14.2011,14.2572,13.8426,14.0916,350300.04,0.00059116
2021-03-11 08:00:00,13.8978,14.2565,13.67,14.0894,522559.53,0.00064766
2021-03-13 00:00:00,14.5532,14.6002,13.8439,14.1373,506476.8,0.00077028
2021-03-13 16:00:00,14.8926,15.3325,14.8512,15.0,404216.55,0.00143906
2021-03-14 08:00:00,14.5596,14.8504,14.3399,14.5241,322254.56,0.00123232
2021-03-14 16:00:00,14.4807,15.0457,14.3968,14.8585,232793.31,0.00131239
2021-03-17 08:00:00,13.5208,13.5912,13.0326,13.3059,339589.77,0.00114411
2021-03-18 08:00:00,14.2247,14.3,14.0175,14.06,182436.1,0.00099333
2021-03-18 16:00:00,14.2,14.75,14.115,14.3147,470296.16,0.00185766
2021-03-19 16:00:00,14.3686,14.4628,14.2692,14.3238,203573.23,0.00018788
2021-03-20 00:00:00,14.1588,14.3388,14.09,14.3251,221765.48,0.00011949
2021-03-20 08:00:00,14.523,14.8083,14.4505,14.8008,273103.6,0.0001
2021-03-21 00:00:00,14.1788,14.2711,13.9,14.0753,190251.96,0.00012712
2021-03-21 08:00:00,13.9458,14.027,13.6755,13.7333,199532.01,0.0001
2021-03-21 16:00:00,13.9242,14.3064,13.88,14.1922,259180.8,0.0001
2021-03-22 16:00:00,15.83,15.89,15.2589,15.4325,482958.62,0.00018783
2021-03-23 00:00:00,14.7962,15.227,14.693,15.1,360744.37,0.0001
2021-03-24 08:00:00,14.6589,14.8329,14.5834,14.71,211825.49,0.0001
2021-03-24 16:00:00,14.8497,15.3719,14.5753,14.6594,678677.64,0.0001
2021-03-25 00:00:00,13.5844,13.6898,12.9236,13.35,615821.91,0.0001
2021-03-25 08:00:00,13.3119,13.4478,13.0756,13.1114,425055.86,0.0001
2021-03-25 16:00:00,12.7871,13.071,12.6745,12.9752,232027.31,0.0001
2021-03-26 08:00:00,14.0064,14.3,13.8118,13.9628,649104.28,0.0001
2021-03-27 08:00:00,16.035,16.2127,15.4124,15.62,712823.29,0.00014263
2021-03-28 00:00:00,16.4516,17.634,16.3049,17.2226,917709.9,0.000344
2021-03-28 08:00:00,17.5103,18.3699,17.2739,18.2957,1102346.47,0.00033489
2021-03-29 08:00:00,18.1013,18.4902,18.0638,18.3798,556015.18,0.00075959
2021-03-29 16:00:00,18.1444,19.0,18.0344,18.8299,469361.92,0.00077512
2021-03-31 00:00:00,19.0645,19.1934,18.2239,18.7394,484488.95,0.00089395
2021-03-31 08:00:00,18.58,19.5,18.0,19.4406,585196.81,0.00054855
2021-03-31 16:00:00,19.4118,19.8154,18.88,19.5141,472544.16,0.00057877
2021-04-02 00:00:00,19.0443,19.1306,18.345,18.724,463623.95,0.000564
2021-04-02 08:00:00,19.0196,19.1466,18.9304,19.1032,187489.3,0.00150169
2021-04-02 16:00:00,19.4936,19.7201,18.9965,19.2665,307540.08,0.00096656
2021-04-03 08:00:00,21.1538,22.6514,21.1538,22.5116,1340228.39,0.00142513
2021-04-03 16:00:00,21.0204,22.531,20.4367,22.1705,1184621.42,0.00167753
2021-04-04 00:00:00,22.4672,23.7412,21.9867,22.7723,1253925.77,0.00016572
2021-04-04 08:00:00,23.7662,24.5317,23.5172,23.6828,570432.71,0.00080358
2021-04-05 00:00:00,23.7755,24.6232,23.1334,24.3263,563140.38,0.00085227
2021-04-06 08:00:00,23.0306,23.7844,22.1769,22.8103,513130.31,0.00149504
2021-04-07 00:00:00,25.0548,25.941,23.7736,25.1743,970393.67,0.0001
2021-04-09 00:00:00,26.9261,28.0,26.7097,27.6372,585110.35,0.0001
2021-04-10 16:00:00,27.0614,27.6,26.6105,26.6105,392090.62,0.00083453
2021-04-11 08:00:00,26.3351,26.5225,25.9,26.0716,371289.71,0.00076346
2021-04-11 16:00:00,27.5718,28.6369,27.3568,28.5467,489354.6,0.00042257
2021-04-14 08:00:00,26.3452,26.8721,25.4909,25.99,519367.68,0.00150253
2021-04-15 08:00:00,26.7532,26.997,26.3317,26.559,311030.69,0.00141831
2021-04-16 08:00:00,26.9468,27.1956,25.4756,26.1271,560105.51,0.00063461
2021-04-17 08:00:00,26.1925,26.7914,25.6935,25.8858,499539.77,0.00069825
2021-04-18 16:00:00,28.1237,30.707,27.1,30.2,2164313.51,0.0003846
2021-04-19 00:00:00,32.3324,32.625,30.5374,31.8023,1704586.21,0.00011935
2021-04-19 08:00:00,30.7973,34.95,29.8066,33.8528,2240750.18,0.00052771
2021-04-20 08:00:00,29.7888,31.6584,29.4285,31.2561,1316207.4,0.00031573
2021-04-22 00:00:00,32.5965,37.0,31.4586,35.8759,2719833.26,0.0001
2021-04-22 08:00:00,37.8022,37.8524,35.5392,36.493,1598862.66,0.0001
2021-04-25 00:00:00,40.8525,43.6146,40.572,40.9943,2038993.56,0.0001
2021-04-25 16:00:00,46.661,47.002,43.223,44.027,2269792.731,5.25e-05
2021-04-27 00:00:00,43.884,46.606,43.6,45.065,1379966.811,0.00041422
2021-04-27 08:00:00,45.65,46.297,44.595,45.136,937212.556,0.00028532
2021-04-28 00:00:00,43.147,45.095,42.025,43.159,1383663.539,0.00067111
2021-04-28 08:00:00,42.453,44.15,41.425,44.105,924166.54,0.00018219
2021-05-01 16:00:00,47.36,49.5,46.603,49.45,1532571.508,0.00040718
2021-05-03 08:00:00,48.47,49.0,47.608,48.24,486957.85,0.00047332
2021-05-06 16:00:00,43.724,43.855,42.55,43.799,571710.891,0.00172483
2021-05-07 00:00:00,43.496,43.746,41.603,41.985,457243.558,0.00090695
2021-05-07 08:00:00,42.251,43.072,41.96,42.697,291259.932,0.00086546
2021-05-08 08:00:00,43.624,44.65,43.523,44.257,389814.386,0.00082146
2021-05-08 16:00:00,43.564,45.346,43.523,44.897,456172.544,0.00072061
2021-05-09 16:00:00,44.189,45.0,43.994,44.23,453313.516,0.00057052
2021-05-10 08:00:00,45.488,45.532,43.628,43.918,382657.582,0.00074243
2021-05-11 00:00:00,42.868,42.99,40.0,40.4,544460.6,0.0001
2021-05-11 08:00:00,41.622,42.2,40.149,41.408,483814.609,0.0001
2021-05-13 08:00:00,44.203,44.581,40.4,41.575,1017169.023,0.0001
2021-05-16 00:00:00,43.462,47.87,43.059,47.614,1454367.212,0.00014056
2021-05-17 16:00:00,48.517,51.985,45.688,49.155,4317150.62,0.00040371
2021-05-19 00:00:00,55.969,57.691,50.928,51.974,2511699.326,0.0001
2021-05-20 08:00:00,41.666,44.11,39.286,43.238,1736393.149,0.0001
2021-05-21 00:00:00,44.367,47.7,44.313,45.446,1435771.792,0.0001
2021-05-21 08:00:00,43.971,44.319,41.0,42.214,1857123.67,0.0001
2021-05-25 00:00:00,31.42,33.195,28.709,29.192,1976962.161,0.0001
2021-05-25 16:00:00,29.578,29.97,28.152,28.381,1117284.61,0.0001
2021-05-27 00:00:00,35.427,35.594,30.976,31.852,1386217.475,0.0001
2021-05-27 16:00:00,34.14,34.567,32.775,34.439,625669.304,0.0001
2021-05-28 16:00:00,31.149,31.5,30.186,30.815,663273.416,0.0001
2021-05-29 08:00:00,29.126,29.393,27.641,28.728,776827.07,0.0001
2021-05-29 16:00:00,26.981,27.518,25.713,26.041,630454.898,0.0001
2021-05-31 08:00:00,30.603,32.414,30.3,31.55,1460315.65,0.0001
2021-05-31 16:00:00,32.642,33.014,31.298,31.607,967711.803,0.0001
2021-06-02 08:00:00,31.703,32.571,31.397,32.419,630416.79,0.0001
2021-06-05 00:00:00,37.356,42.5,36.982,41.45,1777595.565,0.0001
2021-06-06 00:00:00,39.663,40.653,38.912,39.685,857834.968,0.0001
2021-06-06 16:00:00,42.838,43.4,41.397,41.648,1249354.864,0.0001
2021-06-08 00:00:00,38.2,39.784,35.213,37.519,2431807.684,0.0001
2021-06-08 08:00:00,36.809,38.154,35.403,37.25,2153985.958,0.0001
2021-06-09 16:00:00,42.522,43.173,40.967,41.748,1516829.115,-6.088e-05
2021-06-10 16:00:00,41.121,41.55,39.459,40.946,1142647.165,0.0001
2021-06-12 08:00:00,36.087,36.698,35.0,36.624,1069899.853,0.0001
2021-06-13 08:00:00,35.74,36.382,35.505,35.856,448058.05,0.0001
2021-06-14 00:00:00,38.713,39.244,37.645,37.871,658921.64,0.0001
2021-06-14 16:00:00,39.88,40.561,38.462,39.002,1078859.078,0.0001
2021-06-15 00:00:00,39.7,40.991,39.323,40.545,659583.917,0.0001
2021-06-15 08:00:00,41.309,41.741,40.034,40.538,827934.771,0.0001
2021-06-16 16:00:00,39.535,41.75,38.57,39.499,2355587.742,0.0001
2021-06-17 08:00:00,41.006,41.264,40.414,40.646,457177.707,0.0001
2021-06-19 16:00:00,36.27,36.386,34.901,35.566,399524.036,0.0001
2021-06-20 08:00:00,35.328,35.434,32.237,32.493,1001788.836,1.243e-05
2021-06-21 08:00:00,31.062,31.872,28.353,30.498,2025284.852,-0.00014527
2021-06-23 08:00:00,30.625,31.848,30.025,30.987,1585091.775,-0.00016983
2021-06-23 16:00:00,29.056,30.799,28.358,28.45,1739644.799,-0.00048376
2021-06-25 16:00:00,29.07,29.78,27.949,29.416,1648579.981,8.509e-05
2021-06-26 08:00:00,27.288,29.011,26.659,28.806,1846433.735,2.356e-05
2021-06-29 08:00:00,33.478,34.5,33.274,34.313,797607.423,0.0001
2021-06-29 16:00:00,35.282,35.69,34.572,34.795,616644.14,-4.814e-05
2021-07-01 00:00:00,35.51,35.567,33.624,33.794,666704.257,8.824e-05
2021-07-03 08:00:00,34.771,35.406,34.548,35.1,652934.135,0.0001
2021-07-05 08:00:00,33.999,34.49,32.941,33.166,538521.107,0.0001
2021-07-06 16:00:00,33.823,33.879,33.203,33.687,420284.707,0.0001
2021-07-09 00:00:00,33.134,33.784,31.976,33.412,567675.057,0.0001
2021-07-09 16:00:00,33.936,34.141,32.756,32.947,422681.697,2.573e-05
2021-07-10 08:00:00,33.368,33.69,32.459,32.777,323887.657,0.0001
2021-07-12 00:00:00,32.173,32.696,31.952,32.535,230890.874,0.0001
2021-07-12 16:00:00,31.083,31.196,30.011,30.361,735785.992,0.0001
2021-07-13 00:00:00,30.77,31.096,30.481,30.8,147729.86,0.0001
2021-07-14 00:00:00,29.154,29.281,27.706,28.159,420388.277,0.0001
2021-07-14 08:00:00,28.1,29.43,27.536,28.999,686923.657,0.0001
2021-07-15 16:00:00,28.769,28.901,27.975,28.663,538724.332,0.0001
2021-07-16 00:00:00,28.562,29.478,28.144,29.164,422623.301,0.0001
2021-07-16 08:00:00,28.334,28.339,27.0,27.147,530811.858,0.0001
2021-07-18 00:00:00,26.789,27.756,26.672,27.497,370241.565,0.0001
2021-07-21 08:00:00,25.7,26.516,25.335,26.207,755939.921,2.876e-05
2021-07-23 08:00:00,27.926,27.933,27.086,27.537,521332.411,0.0001
2021-07-24 00:00:00,28.53,29.0,28.25,28.7,436963.01,0.0001
2021-07-25 16:00:00,27.351,27.743,26.98,27.535,236048.399,0.0001
2021-07-26 00:00:00,28.247,31.115,28.0,30.108,1825157.783,0.0001
2021-07-26 08:00:00,29.72,30.2,29.244,30.039,877305.164,0.0001
2021-07-26 16:00:00,30.07,30.9,29.578,29.692,719212.381,0.0001
2021-07-28 00:00:00,28.119,28.59,27.538,27.97,438933.602,0.0001
2021-07-29 08:00:00,28.154,28.69,27.996,28.132,366292.915,0.0001
2021-07-30 08:00:00,32.059,32.1,29.91,30.921,1368222.934,0.0001
2021-07-30 16:00:00,31.03,31.85,30.432,31.789,720766.515,0.0001
2021-07-31 00:00:00,32.354,33.78,31.954,32.607,675786.398,0.0001
2021-08-02 00:00:00,34.178,35.074,33.322,34.812,489468.968,0.0001
2021-08-03 00:00:00,33.177,33.665,32.72,33.219,394715.626,0.0001
2021-08-03 08:00:00,33.519,34.621,33.023,34.37,595566.048,0.0001
2021-08-04 00:00:00,34.094,34.431,33.49,33.738,398890.886,0.0001
2021-08-04 08:00:00,33.701,34.423,33.236,34.353,378434.209,0.0001
2021-08-05 00:00:00,35.757,37.453,35.5,37.232,497074.26,0.0001
2021-08-05 08:00:00,36.607,37.2,35.919,36.833,603603.909,0.0001
2021-08-06 00:00:00,37.354,37.503,35.8,35.916,533423.21,0.0001
2021-08-08 00:00:00,39.454,39.549,37.933,38.711,411161.701,0.00031014
2021-08-09 00:00:00,37.653,37.898,36.351,37.288,324038.935,0.0001
2021-08-09 08:00:00,37.774,39.342,37.711,39.272,531257.887,0.00012233
2021-08-10 00:00:00,38.646,40.683,38.183,39.802,531773.713,0.00013435
2021-08-10 16:00:00,40.124,40.689,39.041,40.627,451102.237,0.000245
2021-08-11 16:00:00,42.589,43.437,42.33,43.402,279501.713,0.00041409
2021-08-12 16:00:00,39.831,41.149,39.36,41.024,276549.676,0.0001822
2021-08-13 00:00:00,41.105,42.332,40.668,42.253,209983.413,0.0001
2021-08-13 08:00:00,43.405,44.647,43.397,43.596,594041.29,0.0001
2021-08-14 08:00:00,44.486,44.874,42.727,43.739,537564.941,0.00029733
2021-08-14 16:00:00,44.05,44.184,43.525,43.869,160455.581,0.00010998
2021-08-15 08:00:00,43.626,47.177,43.368,46.767,885047.778,0.00027631
2021-08-18 00:00:00,64.135,67.3,59.722,65.792,2188980.467,0.0001
2021-08-18 08:00:00,67.438,78.447,67.387,74.959,3873605.993,0.0001
2021-08-19 00:00:00,72.659,75.436,68.981,69.666,1861475.986,0.00043629
2021-08-19 16:00:00,73.522,74.086,70.6,72.33,1047454.099,0.0001
2021-08-20 00:00:00,72.8,74.158,71.813,72.388,629545.593,0.00012284
2021-08-21 16:00:00,75.391,76.486,72.6,73.248,708645.258,0.00023414
2021-08-24 16:00:00,71.985,72.634,68.5,71.672,1274872.033,0.00025647
2021-08-25 08:00:00,71.143,71.24,66.03,67.694,1620158.825,0.0001
2021-08-25 16:00:00,71.277,71.501,69.591,70.237,633634.513,0.0001
2021-08-28 00:00:00,87.98,88.85,86.08,86.3,689022.15,9.474e-05
2021-08-28 08:00:00,86.93,92.94,86.85,92.43,1324491.695,0.0001
2021-08-28 16:00:00,94.65,96.43,93.17,93.93,1056558.093,0.0001
2021-08-29 00:00:00,96.17,97.82,91.86,93.95,1074945.73,0.0001
2021-08-30 16:00:00,105.59,116.84,104.35,109.66,3227594.635,0.0001
2021-08-31 00:00:00,110.26,115.3,108.65,115.19,1538742.33,0.00031369
2021-09-01 00:00:00,108.27,112.43,105.89,111.24,1424390.45,0.00068753
2021-09-01 16:00:00,117.27,118.88,114.0,114.98,1202386.08,0.00030261
2021-09-03 08:00:00,144.67,145.19,135.54,139.39,2473119.69,0.0001
2021-09-05 16:00:00,136.29,138.88,135.18,137.87,805465.2,0.00121532
2021-09-08 08:00:00,152.48,166.44,146.5,160.77,2963197.4,0.00034589
2021-09-08 16:00:00,166.27,195.0,164.01,194.79,3422881.84,0.00023683
2021-09-11 00:00:00,179.6,193.51,177.39,181.48,1696443.92,0.00013268
2021-09-11 16:00:00,188.42,190.0,181.21,181.99,761195.35,0.0001
2021-09-12 00:00:00,179.05,180.79,172.89,179.04,755781.96,0.0001
2021-09-12 16:00:00,178.92,179.85,174.02,177.67,538825.12,0.00034487
2021-09-13 00:00:00,174.31,174.6,154.1,154.95,1822366.5,0.0002385
2021-09-14 08:00:00,166.04,171.51,163.67,165.04,789380.48,0.0001
2021-09-17 00:00:00,152.3,153.55,146.16,148.64,711636.64,0.00049934
2021-09-18 00:00:00,147.59,149.0,144.11,144.83,824401.57,0.0001
2021-09-20 08:00:00,139.18,144.0,134.2,137.48,1872158.09,0.0001
2021-09-21 16:00:00,138.51,138.52,127.09,127.16,1454176.9,0.0001
2021-09-22 16:00:00,141.68,151.36,140.18,146.39,2022796.66,0.0001
2021-09-23 08:00:00,151.44,152.5,142.92,144.35,924150.15,0.0001
2021-09-24 00:00:00,149.9,151.2,144.47,144.86,537776.78,0.0001
2021-09-24 16:00:00,137.66,139.73,136.5,138.14,685774.72,0.0001
2021-09-26 08:00:00,126.98,137.65,125.51,135.09,1105135.0,0.0001
2021-09-27 00:00:00,135.7,143.17,133.72,139.24,714843.93,0.0001
2021-09-27 16:00:00,145.29,145.43,140.41,143.29,722052.64,0.0001
2021-09-28 00:00:00,136.34,138.67,135.07,138.12,527279.36,0.0001
2021-09-28 16:00:00,130.39,132.14,128.17,131.06,625085.04,0.0001
2021-09-29 00:00:00,132.22,139.42,132.09,138.81,964408.59,0.0001
2021-09-29 16:00:00,135.62,136.38,131.59,132.01,660936.22,0.0001
2021-09-30 00:00:00,135.24,140.1,134.8,139.91,687903.99,0.0001
2021-10-01 16:00:00,157.43,164.95,155.32,162.81,1177737.09,0.0001
2021-10-02 00:00:00,161.62,161.68,156.06,156.69,668651.74,0.0001
2021-10-04 08:00:00,169.62,169.87,164.81,165.86,566646.68,0.0001
2021-10-04 16:00:00,166.44,172.4,165.81,169.27,953991.91,0.0001
2021-10-06 08:00:00,155.93,156.33,150.1,152.91,899540.94,0.0004101
2021-10-07 16:00:00,155.87,157.0,153.41,156.07,507805.56,0.00044623
2021-10-09 16:00:00,157.97,158.4,156.1,156.4,254752.86,0.00038839
2021-10-10 00:00:00,156.8,156.9,152.38,155.41,383065.48,0.0002851
2021-10-10 16:00:00,154.41,154.67,152.0,153.48,195073.83,0.00030808
2021-10-13 16:00:00,146.31,147.9,144.56,145.01,545291.86,0.0001
2021-10-14 16:00:00,152.83,153.53,148.56,150.07,505712.3,0.00025417
2021-10-16 08:00:00,158.29,164.8,157.94,162.14,541147.0,0.00034779
2021-10-19 08:00:00,157.67,157.91,155.6,157.0,267690.82,0.00028792
2021-10-19 16:00:00,155.54,156.51,154.41,154.53,298865.58,0.00020799
2021-10-21 00:00:00,176.72,189.77,176.7,184.22,2147968.15,0.00019697
2021-10-21 08:00:00,186.99,194.21,183.15,187.09,1492644.24,0.00056063
2021-10-26 16:00:00,206.57,209.6,204.01,207.1,385858.93,0.00053961
2021-10-27 08:00:00,194.09,195.87,176.94,190.0,1939449.34,0.00054673
2021-10-28 08:00:00,186.77,200.0,186.7,195.41,860606.84,0.0001
2021-10-29 00:00:00,195.37,205.22,194.45,201.6,586595.88,0.0001
2021-10-30 00:00:00,200.36,200.62,196.5,197.04,252453.6,0.0001
2021-11-02 00:00:00,203.91,204.8,200.97,203.92,220929.26,0.00021978
2021-11-03 08:00:00,232.49,235.0,226.82,231.7,733800.81,0.00031299
2021-11-05 00:00:00,247.06,248.84,240.53,242.93,481605.04,0.0001
2021-11-06 08:00:00,245.91,249.88,239.77,242.33,574398.22,0.0001
2021-11-08 08:00:00,245.86,247.77,242.37,243.77,327025.65,0.00065061
2021-11-08 16:00:00,248.28,253.3,245.83,246.43,401738.17,0.00072728
2021-11-09 00:00:00,248.27,253.22,246.17,246.72,408546.71,0.00030837
2021-11-10 00:00:00,239.06,241.23,235.89,236.6,326774.63,0.00042121
2021-11-12 00:00:00,233.34,239.09,230.06,232.24,362425.43,0.0001
2021-11-12 08:00:00,228.12,231.65,224.68,226.17,369737.06,0.0001
2021-11-13 00:00:00,228.46,232.72,225.46,225.54,195941.06,0.0001
2021-11-14 16:00:00,234.41,235.84,230.4,235.37,214323.88,0.0001
2021-11-15 08:00:00,241.29,244.0,239.81,243.0,241304.84,0.00010613
2021-11-15 16:00:00,239.75,242.41,237.57,240.31,336195.82,0.0001
2021-11-16 00:00:00,238.18,238.21,224.13,226.7,688316.56,0.0001
2021-11-19 00:00:00,195.19,202.71,188.99,192.0,512198.28,0.0001
2021-11-19 08:00:00,196.43,206.37,196.31,202.94,472697.1,0.0001
2021-11-20 08:00:00,212.81,217.09,212.24,215.56,232594.34,0.0001
2021-11-21 00:00:00,217.64,218.22,210.93,211.66,180983.11,0.0001
2021-11-21 16:00:00,215.08,233.35,214.6,228.84,693506.77,0.00015518
2021-11-22 08:00:00,216.0,224.34,215.71,218.93,355024.35,0.0001
2021-11-22 16:00:00,222.55,225.25,212.22,212.84,503432.61,0.0001
2021-11-25 00:00:00,205.76,211.7,204.71,210.95,273308.04,0.0001
2021-11-25 16:00:00,214.44,216.35,209.9,210.45,316402.87,0.0001
2021-11-26 00:00:00,209.94,210.53,205.18,205.5,200486.06,0.00028435
2021-11-26 08:00:00,201.35,201.42,183.75,185.31,1079805.78,0.0003784
2021-11-28 08:00:00,189.82,191.49,187.34,190.07,135629.08,0.0001
2021-11-29 16:00:00,206.91,212.75,205.24,206.05,317606.29,0.0001
2021-11-30 00:00:00,204.1,206.53,201.2,203.72,186261.51,0.0001
2021-11-30 16:00:00,213.03,216.13,207.74,215.41,483946.85,0.0001
2021-12-01 00:00:00,208.52,215.0,207.89,214.93,237304.89,0.0001
2021-12-01 08:00:00,218.44,224.45,216.24,221.29,456112.7,0.0001
2021-12-02 00:00:00,229.81,236.24,220.0,224.24,682539.68,0.0001
2021-12-04 16:00:00,205.03,208.7,198.28,207.13,545540.54,0.0001
2021-12-06 16:00:00,188.29,192.0,185.83,187.56,406586.04,0.0001
2021-12-07 08:00:00,199.37,204.1,199.02,203.14,330568.52,-2.874e-05
2021-12-07 16:00:00,198.16,198.93,193.51,194.3,253620.68,0.0001
2021-12-08 00:00:00,190.24,193.45,186.0,186.62,255541.83,0.0001
2021-12-09 08:00:00,190.85,190.85,186.81,187.63,349372.79,0.0001
2021-12-09 16:00:00,184.93,186.68,178.91,181.26,414951.08,0.0001
2021-12-10 00:00:00,181.08,184.6,179.8,179.82,190063.11,0.0001
2021-12-11 16:00:00,171.0,173.8,167.59,167.98,223703.41,0.0001
2021-12-13 16:00:00,158.16,159.23,148.04,153.17,720953.32,0.0001
2021-12-14 08:00:00,154.76,158.49,153.05,158.09,296686.61,0.0001
2021-12-15 00:00:00,161.25,163.66,158.54,160.5,283652.92,0.0001
2021-12-16 16:00:00,187.05,187.49,179.54,180.08,363167.65,7.386e-05
2021-12-17 00:00:00,176.89,181.65,176.46,179.25,256071.87,0.0001
2021-12-18 16:00:00,181.41,182.76,179.76,181.74,142356.38,0.0001
2021-12-19 08:00:00,187.16,187.87,182.79,184.83,200382.66,0.0001
2021-12-22 00:00:00,179.62,181.57,177.41,179.61,185017.17,0.0001
2021-12-23 08:00:00,177.87,180.66,177.13,179.02,176007.0,0.0001
2021-12-23 16:00:00,180.94,193.5,180.1,191.15,625107.44,0.0001
2021-12-24 08:00:00,188.81,191.39,188.12,188.76,211806.57,0.0001
2021-12-25 00:00:00,190.37,195.0,189.76,191.65,214360.72,0.0001
2021-12-26 16:00:00,198.18,200.59,197.41,198.42,203500.67,0.0001
2021-12-27 16:00:00,201.57,204.75,200.41,200.55,222392.21,0.0001
2021-12-28 00:00:00,195.68,195.68,187.04,190.29,349657.36,0.0001
2021-12-28 16:00:00,185.57,186.0,176.2,180.17,562304.7,0.0001
2021-12-31 16:00:00,175.71,176.1,167.67,167.96,232998.75,0.0001
2022-01-01 16:00:00,173.84,177.34,173.57,177.3,126904.92,0.0001
2022-01-02 08:00:00,175.83,176.29,174.51,175.66,82573.1,0.0001
2022-01-02 16:00:00,176.24,178.69,174.31,175.32,150294.65,0.0001
2022-01-04 00:00:00,170.14,170.41,166.94,167.84,166741.34,0.0001
2022-01-05 16:00:00,168.26,168.69,157.53,158.65,453250.04,0.0001
2022-01-07 08:00:00,139.0,144.0,138.25,139.21,401139.05,0.0001
2022-01-08 16:00:00,144.21,146.16,133.0,135.38,811000.75,0.0001
2022-01-09 08:00:00,140.38,141.34,137.83,140.56,223003.73,0.0001
2022-01-09 16:00:00,140.11,145.71,139.7,145.26,324326.52,0.0001
2022-01-10 00:00:00,140.82,142.55,138.88,140.62,170643.01,0.0001
2022-01-11 16:00:00,137.09,143.5,136.94,142.39,486881.21,0.0001
2022-01-12 16:00:00,147.7,153.2,147.59,152.71,540280.27,0.0001
2022-01-13 08:00:00,151.39,152.8,149.9,150.32,208862.36,0.0001
2022-01-14 00:00:00,146.13,147.99,144.39,147.52,201101.41,0.0001
2022-01-15 00:00:00,146.18,147.29,145.06,145.98,112478.85,0.0001
2022-01-15 16:00:00,148.0,148.83,147.13,147.95,162416.77,0.0001
2022-01-16 00:00:00,147.61,148.22,146.09,146.83,95000.69,0.0001
2022-01-18 08:00:00,140.22,140.39,135.95,137.62,196465.69,0.0001
2022-01-19 08:00:00,134.44,136.37,132.77,136.13,248307.57,0.0001
2022-01-19 16:00:00,136.94,138.05,135.33,136.74,170239.36,0.0001
2022-01-20 08:00:00,137.41,138.2,135.6,137.89,121919.29,0.0001
2022-01-20 16:00:00,143.15,143.83,139.69,139.93,324355.21,0.0001
2022-01-21 16:00:00,121.91,126.89,120.12,120.33,814582.0,4.765e-05
2022-01-24 08:00:00,86.77,89.57,81.71,83.94,1440649.81,-0.00021201
2022-01-25 00:00:00,91.94,92.03,87.88,90.07,408441.14,-0.0001253
2022-01-25 08:00:00,89.98,94.52,89.91,91.59,654688.82,-7.29e-06
2022-01-26 00:00:00,94.65,95.4,91.37,94.73,396428.95,-0.00012652
2022-01-28 00:00:00,89.51,92.96,88.67,92.42,469900.93,-7.83e-05
2022-01-28 08:00:00,89.68,90.99,87.58,88.65,352474.9,-0.00012491
2022-01-29 08:00:00,97.21,97.7,95.24,96.31,296688.34,5.37e-06
2022-01-30 16:00:00,95.16,95.92,91.71,92.04,258040.61,-7.703e-05
2022-01-31 00:00:00,93.26,93.62,89.25,90.72,351678.02,-0.00026589
2022-01-31 08:00:00,90.26,91.77,89.95,91.37,156702.42,-0.0001549
2022-01-31 16:00:00,95.42,98.8,94.95,98.39,652775.48,4.16e-06
2022-02-01 08:00:00,105.41,109.0,103.8,106.35,723680.23,6.873e-05
2022-02-02 08:00:00,108.52,110.65,108.26,109.98,257134.76,-3.736e-05
2022-02-03 08:00:00,99.4,100.01,94.0,97.43,1017889.18,2.861e-05
2022-02-03 16:00:00,98.25,99.21,95.83,96.81,385033.59,-5.058e-05
2022-02-05 08:00:00,115.56,116.93,114.49,114.95,358615.26,8.29e-05
2022-02-05 16:00:00,116.01,116.42,110.76,113.5,560932.51,0.0001
2022-02-06 00:00:00,113.74,115.8,113.67,114.4,227678.04,3.195e-05
2022-02-06 08:00:00,114.31,116.06,113.56,114.41,209249.82,0.0001
2022-02-06 16:00:00,113.06,114.56,112.03,112.88,198589.88,0.0001
2022-02-09 00:00:00,113.44,115.1,110.86,111.23,319671.85,-0.0001339
2022-02-10 08:00:00,112.39,115.38,112.06,113.77,348900.5,-9.518e-05
2022-02-11 00:00:00,106.18,106.61,103.61,104.67,375574.41,-0.00018494
2022-02-17 08:00:00,100.93,101.1,97.31,99.09,293331.37,7.98e-06
2022-02-18 00:00:00,93.55,95.52,92.75,94.38,294691.65,-0.00010135
2022-02-18 16:00:00,90.95,92.03,89.31,91.03,466227.02,9.853e-05
2022-02-19 08:00:00,92.13,92.35,88.6,89.48,309207.64,1.521e-05
2022-02-21 00:00:00,90.7,95.26,90.46,93.83,535312.61,4.623e-05
2022-02-22 08:00:00,82.11,86.0,81.87,85.2,530964.72,-0.00023126
2022-02-22 16:00:00,85.85,86.54,83.81,86.28,428300.26,-0.00025532
2022-02-25 00:00:00,89.35,90.82,87.57,89.65,540195.74,0.0001
2022-02-27 08:00:00,88.83,90.97,88.07,90.79,294193.87,-0.00013711
2022-02-27 16:00:00,91.21,91.28,84.48,84.87,547581.9,3.243e-05
2022-02-28 00:00:00,85.61,88.05,84.17,86.68,340683.41,-9.949e-05
2022-03-01 16:00:00,97.87,99.12,96.02,97.71,395474.58,0.0001
2022-03-02 00:00:00,98.65,105.19,96.76,104.24,887202.49,0.0001
2022-03-02 08:00:00,102.39,106.43,101.2,104.58,747130.25,0.0001
2022-03-03 00:00:00,100.69,101.7,97.73,98.39,534949.19,0.0001
2022-03-03 08:00:00,99.78,101.2,98.74,99.71,371102.62,0.0001
2022-03-04 08:00:00,91.99,93.9,90.52,93.16,424878.59,5.32e-05
2022-03-04 16:00:00,91.32,92.87,88.36,88.7,479774.65,6.822e-05
2022-03-05 16:00:00,89.13,91.22,89.12,90.14,323517.52,-7.34e-06
2022-03-06 08:00:00,88.32,88.42,85.68,87.02,359826.31,0.0001
2022-03-07 16:00:00,85.04,86.04,80.0,80.34,714660.04,6.7e-07
2022-03-08 16:00:00,82.78,85.04,81.34,82.9,698110.25,0.0001
2022-03-09 08:00:00,89.26,89.92,87.86,88.19,449317.77,0.0001
2022-03-10 00:00:00,88.06,88.57,85.28,85.31,434235.85,0.0001
2022-03-10 16:00:00,81.92,82.85,81.68,82.44,394614.66,-6.881e-05
2022-03-11 08:00:00,82.26,83.89,81.21,83.28,454474.53,-3.858e-05
2022-03-13 08:00:00,81.75,81.81,80.8,81.05,289613.21,0.0001
2022-03-15 08:00:00,79.34,80.5,78.99,80.1,248678.44,0.0001
2022-03-16 08:00:00,82.83,84.6,82.72,84.24,337483.04,0.0001
2022-03-17 08:00:00,87.22,87.8,86.58,87.67,231030.01,0.0001
2022-03-18 00:00:00,87.8,88.1,85.61,85.91,529189.6,0.0001
2022-03-18 08:00:00,85.77,86.6,84.41,84.96,426704.98,0.0001
2022-03-19 16:00:00,94.04,94.55,92.32,92.65,411726.02,0.0001
2022-03-20 00:00:00,92.31,92.55,90.34,90.78,280567.12,0.0001
2022-03-23 08:00:00,91.13,91.79,90.62,91.33,262060.75,0.0001
2022-03-26 16:00:00,101.2,103.3,101.09,102.69,453633.44,0.0001
2022-03-28 16:00:00,109.89,112.98,108.88,111.38,603037.04,0.0001
2022-03-29 00:00:00,105.75,110.47,105.49,109.17,439623.27,0.0001
2022-03-29 16:00:00,111.62,114.13,108.84,113.91,953500.79,0.0001
2022-03-30 00:00:00,111.62,111.62,107.11,110.75,555536.39,0.0001
2022-03-31 08:00:00,123.28,127.98,122.41,127.24,750998.28,0.0001
2022-04-01 00:00:00,122.79,124.94,117.39,121.95,1105757.83,0.0001
2022-04-01 08:00:00,126.45,127.2,123.99,124.37,617000.71,0.0001
2022-04-02 00:00:00,134.53,137.28,133.05,134.78,794611.64,0.0001
2022-04-04 08:00:00,136.94,137.88,133.14,134.76,495681.81,0.0001
2022-04-05 00:00:00,132.14,133.97,129.73,133.36,329876.0,0.0001
2022-04-06 16:00:00,117.63,120.0,114.5,118.8,952722.34,0.0001
2022-04-07 08:00:00,116.02,117.7,113.78,117.46,482942.56,0.0001
2022-04-07 16:00:00,113.23,118.6,112.71,117.71,572636.27,-1.999e-05
2022-04-08 00:00:00,118.47,122.42,118.01,122.08,520556.63,0.0001
2022-04-09 08:00:00,110.62,111.17,108.96,110.5,195063.1,-0.00010071
2022-04-11 00:00:00,111.06,111.94,108.33,109.96,396818.89,8.77e-05
2022-04-11 08:00:00,111.1,111.86,103.36,103.93,836994.95,0.0001
2022-04-12 00:00:00,99.64,101.1,98.31,99.72,465744.11,1.234e-05
2022-04-14 08:00:00,106.4,107.28,103.23,103.67,408112.34,1.928e-05
2022-04-15 16:00:00,102.32,102.81,100.2,100.39,251121.84,3.18e-06
2022-04-17 00:00:00,102.06,102.36,101.01,101.51,118825.3,0.0001
2022-04-17 16:00:00,105.1,105.44,102.76,104.07,361850.94,0.0001
2022-04-18 16:00:00,98.66,102.41,97.1,101.18,643988.69,-8.262e-05
2022-04-19 16:00:00,106.46,107.19,105.28,106.92,464928.41,0.0001
2022-04-20 16:00:00,105.72,106.67,104.25,106.04,402520.07,0.0001
2022-04-21 00:00:00,105.58,107.17,105.39,107.06,204238.78,0.0001
2022-04-21 08:00:00,106.85,109.07,105.75,108.38,392040.38,0.0001
2022-04-23 00:00:00,100.55,101.04,99.32,99.86,154663.18,0.0001
2022-04-23 08:00:00,101.21,102.05,100.68,101.54,198986.0,0.0001
2022-04-24 16:00:00,100.11,101.25,98.55,100.48,290265.27,6.085e-05
2022-04-25 16:00:00,96.95,100.78,96.8,100.69,478493.72,-8.571e-05
2022-04-26 08:00:00,100.89,101.62,99.77,100.51,230779.82,8.835e-05
2022-04-27 08:00:00,99.55,100.11,98.01,99.22,361814.51,4.328e-05
2022-04-28 00:00:00,98.35,99.98,97.98,99.14,208564.67,-7.066e-05
2022-04-29 00:00:00,98.23,98.68,96.96,97.23,186260.21,4.822e-05
2022-04-30 00:00:00,93.96,94.95,93.71,94.09,157067.88,4.104e-05
2022-05-01 00:00:00,84.63,88.43,84.15,88.03,633437.44,-0.00033407
2022-05-01 08:00:00,88.9,89.92,87.76,88.24,263666.68,-0.0001754
2022-05-02 16:00:00,87.74,87.96,85.1,87.26,372006.68,-5.79e-05
2022-05-03 08:00:00,88.35,88.74,87.23,88.48,209574.45,4.176e-05
2022-05-04 16:00:00,87.19,92.18,86.5,91.64,882733.82,-5.21e-06
2022-05-08 00:00:00,78.86,79.41,75.93,76.94,536930.44,-6.156e-05
2022-05-09 00:00:00,75.39,77.21,73.75,75.24,533201.08,-0.00013911
2022-05-09 16:00:00,69.84,70.36,62.88,65.09,1964641.079,-0.00013895
2022-05-10 00:00:00,62.16,66.65,60.13,64.46,2005491.911,-0.00015146
2022-05-12 08:00:00,44.7,47.95,41.44,43.95,2349500.85,-0.00136442
2022-05-13 16:00:00,53.09,54.25,49.7,51.49,1275270.4,-0.00034587
2022-05-14 00:00:00,48.93,53.91,48.56,51.73,882937.91,-0.0001833
2022-05-14 08:00:00,50.75,51.57,47.34,48.04,896213.49,-0.00013604
2022-05-15 00:00:00,52.43,52.83,49.63,50.2,529270.86,-6.465e-05
2022-05-15 08:00:00,51.46,53.68,50.81,53.45,535327.16,-3.59e-06
2022-05-15 16:00:00,52.88,55.65,52.69,55.27,618783.47,-0.00013599
2022-05-17 00:00:00,53.8,56.13,53.7,55.77,553906.06,-0.00016672
2022-05-19 00:00:00,49.93,50.97,48.2,50.63,632481.38,-7.774e-05
2022-05-22 16:00:00,51.82,52.23,51.14,51.42,319079.62,1.666e-05
2022-05-23 08:00:00,53.56,54.68,52.94,54.01,577319.77,0.0001
2022-05-24 08:00:00,49.83,49.97,48.68,49.55,463506.87,-0.00011051
2022-05-25 08:00:00,48.83,49.38,47.59,47.69,545785.32,7.84e-05
2022-05-26 16:00:00,45.11,46.68,43.9,44.05,1185830.21,-0.00021906
2022-05-27 16:00:00,42.14,42.36,40.42,41.86,1190551.03,-1.81e-06
2022-05-29 00:00:00,44.24,44.41,42.14,42.36,1013068.99,-2.49e-06
2022-05-30 00:00:00,44.98,46.79,44.27,45.95,1025608.6,8.839e-05
2022-05-31 08:00:00,46.36,46.93,45.96,46.59,589956.24,0.0001
2022-05-31 16:00:00,46.34,46.83,45.21,45.53,707504.93,0.0001
2022-06-01 00:00:00,45.78,46.12,44.67,44.78,457925.08,0.0001
2022-06-01 16:00:00,42.94,43.12,40.77,41.29,1270027.78,0.0001
2022-06-02 00:00:00,40.11,40.24,38.7,38.85,1026539.96,-4.526e-05
2022-06-04 08:00:00,37.34,37.9,36.84,37.0,511308.57,-7.799e-05
2022-06-05 16:00:00,39.82,40.22,39.21,39.65,443944.0,-4.947e-05
2022-06-06 00:00:00,38.53,41.97,38.33,41.77,1267471.65,1.117e-05
2022-06-06 16:00:00,42.83,42.86,41.53,42.23,917309.95,0.0001
2022-06-07 00:00:00,42.39,42.8,38.7,39.55,2177248.28,3.519e-05
2022-06-07 16:00:00,39.14,41.16,38.63,40.44,988549.55,-0.00012704
2022-06-09 00:00:00,38.83,39.23,38.44,39.12,418395.5,-2.06e-05
2022-06-09 08:00:00,39.55,41.97,39.31,41.22,2039857.06,3.94e-06
2022-06-09 16:00:00,40.34,41.44,39.55,39.66,617539.51,2.197e-05
2022-06-10 08:00:00,40.32,40.76,38.9,39.31,899781.19,4.696e-05
2022-06-11 16:00:00,33.77,34.77,33.34,34.12,767699.05,-0.0003144
2022-06-13 08:00:00,27.57,28.5,26.05,26.84,3388160.733,-0.00035495
2022-06-15 00:00:00,29.59,30.29,28.64,28.8,1251877.41,-0.00011727
2022-06-16 16:00:00,31.31,32.65,30.44,30.87,1778743.27,-0.00015316
2022-06-17 16:00:00,31.2,32.12,30.96,31.14,1073170.51,-0.00020039
2022-06-20 08:00:00,32.33,36.9,32.17,36.34,2367987.4,-7.43e-06
2022-06-22 00:00:00,36.42,36.73,34.53,34.7,791802.56,-0.00018474
2022-06-23 00:00:00,34.13,35.86,33.91,35.13,781697.29,-5.501e-05
2022-06-23 08:00:00,35.96,37.48,35.71,36.91,1351242.83,-4.23e-06
2022-06-25 16:00:00,39.86,40.95,39.75,40.36,513876.82,4.134e-05
2022-06-27 08:00:00,40.61,41.25,40.27,40.33,535071.63,-5.212e-05
2022-06-29 00:00:00,35.34,36.12,35.03,35.46,707209.57,-3.836e-05
2022-06-29 16:00:00,34.66,34.69,33.1,34.49,1064399.4,5.463e-05
2022-06-30 00:00:00,34.06,34.2,32.53,33.01,688043.07,-9.058e-05
2022-06-30 08:00:00,31.91,32.14,31.21,31.68,882124.84,9.26e-06
2022-06-30 16:00:00,32.1,32.88,31.54,32.03,719051.66,-1.65e-05
2022-07-02 00:00:00,32.85,33.44,32.08,32.16,621647.1,-8.115e-05
2022-07-02 08:00:00,32.43,32.79,31.87,32.77,408929.05,-6.851e-05
2022-07-04 16:00:00,34.3,35.15,34.13,34.87,615437.95,6.37e-06
2022-07-05 00:00:00,36.71,36.99,35.17,35.85,827311.89,-3.792e-05
2022-07-05 08:00:00,35.93,35.94,33.83,33.98,992486.85,-7.35e-05
2022-07-06 08:00:00,35.95,36.67,35.6,35.62,798812.0,3.646e-05
2022-07-06 16:00:00,35.74,36.8,35.68,36.28,1013878.71,4.154e-05
2022-07-08 16:00:00,38.59,39.35,37.93,38.96,1143841.01,-0.00010229
2022-07-09 00:00:00,38.12,38.83,37.78,38.33,482169.84,6.265e-05
2022-07-09 08:00:00,38.61,38.86,38.04,38.18,280679.35,0.0001
2022-07-11 00:00:00,36.71,36.73,35.35,35.81,532652.44,0.0001
2022-07-12 00:00:00,33.42,34.0,33.25,33.63,419787.33,-2.61e-06
2022-07-12 16:00:00,34.21,34.5,32.71,32.95,677388.97,8.5e-06
2022-07-14 16:00:00,35.17,37.2,34.83,36.36,1750739.92,-4.3e-07
2022-07-17 00:00:00,39.59,40.49,39.28,39.89,595811.25,0.0001
2022-07-19 00:00:00,43.52,46.0,42.8,42.99,1933169.64,0.0001
2022-07-19 08:00:00,43.48,45.9,43.24,45.54,1113510.05,0.0001
2022-07-20 08:00:00,44.41,45.64,43.71,45.33,909870.29,0.0001
2022-07-21 00:00:00,42.03,42.47,39.86,40.02,1228066.03,0.0001
2022-07-22 08:00:00,43.06,44.33,42.85,44.14,802035.55,0.0001
2022-07-22 16:00:00,41.69,41.9,40.03,40.2,952575.48,0.0001
2022-07-24 00:00:00,39.97,40.44,39.47,39.61,401058.39,1.546e-05
2022-07-24 16:00:00,41.2,41.28,40.6,40.83,355249.64,2.87e-05
2022-07-25 00:00:00,40.93,41.09,37.74,38.09,1006633.37,0.0001
2022-07-26 08:00:00,35.66,36.24,35.33,35.81,542616.57,4.215e-05
2022-07-26 16:00:00,34.99,35.59,34.67,35.02,619561.77,7.794e-05
2022-07-27 08:00:00,36.83,37.06,36.3,36.39,424381.48,6.03e-05
2022-07-29 00:00:00,42.92,43.55,42.4,43.48,649746.03,0.0001
2022-07-29 08:00:00,43.06,43.3,41.31,41.93,879368.43,0.0001
2022-07-29 16:00:00,42.64,42.68,41.25,41.84,864013.26,0.0001
2022-07-30 16:00:00,46.29,46.65,44.81,45.08,1178932.34,0.0001
2022-08-02 00:00:00,41.65,42.11,39.97,40.24,591053.67,9.608e-05
2022-08-05 08:00:00,40.08,41.07,39.85,41.01,522366.19,0.0001
2022-08-05 16:00:00,40.01,40.15,39.44,39.94,499310.16,9.433e-05
2022-08-06 08:00:00,40.42,40.88,40.27,40.29,282988.89,0.0001
2022-08-07 08:00:00,39.98,40.16,39.69,40.13,215509.38,8.3e-05
2022-08-08 16:00:00,42.5,42.56,42.01,42.5,468908.18,0.0001
2022-08-09 08:00:00,42.56,42.59,40.68,40.85,881250.09,0.0001
2022-08-09 16:00:00,40.13,40.48,39.94,40.08,298343.07,0.0001
2022-08-10 00:00:00,40.34,40.34,39.15,39.28,822647.15,6.131e-05
2022-08-11 08:00:00,44.52,44.61,43.69,44.08,658492.08,0.0001
2022-08-11 16:00:00,43.46,44.01,42.85,43.37,678066.39,0.0001
2022-08-12 08:00:00,43.15,43.8,42.12,42.31,584249.25,0.0001
2022-08-14 00:00:00,46.59,47.64,46.05,46.74,510034.07,0.0001
2022-08-14 08:00:00,47.73,47.77,46.6,46.71,544910.52,0.0001
2022-08-14 16:00:00,46.04,46.1,44.46,45.09,801214.5,5.903e-05
2022-08-16 16:00:00,43.42,43.59,42.54,43.12,590416.21,7.023e-05
2022-08-19 00:00:00,39.51,39.59,37.84,38.31,1304356.63,6.21e-06
2022-08-19 08:00:00,36.65,36.67,35.55,36.37,975137.95,-0.00038828
2022-08-20 00:00:00,35.82,36.86,35.77,36.6,643499.17,-0.00011506
2022-08-20 16:00:00,36.5,36.6,34.39,34.44,928100.67,-1.428e-05
2022-08-21 16:00:00,36.02,36.57,35.85,36.33,394028.06,-0.00026181
2022-08-23 00:00:00,35.42,35.59,35.09,35.22,332505.47,-4.493e-05
2022-08-24 16:00:00,36.06,36.4,35.68,35.83,420766.28,-5.88e-06
2022-08-25 08:00:00,36.25,36.37,35.95,36.33,414338.76,-0.00015818
2022-08-26 16:00:00,33.29,33.39,32.56,32.92,772110.76,-0.00012159
2022-08-28 08:00:00,31.79,32.05,31.51,31.77,419154.25,-0.00026121
2022-08-28 16:00:00,31.85,32.21,31.66,31.7,353596.07,-0.00027065
2022-08-29 00:00:00,30.43,30.97,30.0,30.69,648880.24,-0.00049567
2022-08-29 08:00:00,30.58,30.78,30.34,30.7,418793.83,-0.00023722
2022-08-31 00:00:00,31.47,32.65,31.45,32.45,510057.16,3.327e-05
2022-09-01 08:00:00,31.08,31.58,30.86,31.45,408090.56,-0.00010618
2022-09-02 16:00:00,32.28,32.34,30.76,31.06,565151.95,7.74e-05
2022-09-03 00:00:00,31.23,31.27,30.87,30.95,145472.77,-0.00014696
2022-09-04 16:00:00,31.81,31.95,31.63,31.74,245254.17,0.0001
2022-09-08 08:00:00,32.37,33.3,32.34,32.89,509035.92,0.0001
2022-09-09 08:00:00,35.37,35.96,35.12,35.37,712874.96,0.0001
2022-09-09 16:00:00,34.96,35.18,34.43,34.8,504251.4,0.0001
2022-09-10 08:00:00,34.36,34.85,34.34,34.74,279138.67,0.0001
2022-09-12 16:00:00,37.14,37.86,36.8,37.64,637309.64,0.0001
2022-09-13 08:00:00,38.54,38.98,38.15,38.46,498748.19,1.301e-05
2022-09-13 16:00:00,34.74,35.32,33.3,34.09,906152.74,1.102e-05
2022-09-14 00:00:00,33.0,33.82,32.67,33.6,602777.01,-0.00012007
2022-09-14 08:00:00,33.17,33.67,32.97,33.23,480697.9,-0.00016733
2022-09-14 16:00:00,33.54,33.62,32.72,33.49,511095.84,-0.00017481
2022-09-16 00:00:00,33.08,33.26,32.5,32.86,453151.28,4.718e-05
2022-09-16 08:00:00,32.83,33.14,32.34,33.07,270974.43,9.735e-05
2022-09-16 16:00:00,32.27,32.27,31.5,32.11,468420.15,6.856e-05
2022-09-17 00:00:00,32.25,32.97,32.23,32.67,270797.36,6.919e-05
2022-09-18 00:00:00,33.69,33.88,33.23,33.42,266398.45,-1.851e-05
2022-09-18 16:00:00,32.89,32.99,32.07,32.41,560632.55,0.0001
2022-09-20 16:00:00,32.52,32.53,31.45,31.84,565219.78,1.907e-05
2022-09-21 16:00:00,31.5,33.48,30.78,31.55,2453011.44,1.837e-05
2022-09-22 00:00:00,30.65,31.14,30.59,31.02,410694.42,-0.00018851
2022-09-22 08:00:00,31.74,32.45,31.7,32.35,548624.65,-0.00013428
2022-09-24 00:00:00,33.67,34.49,33.41,33.98,712944.48,0.0001
2022-09-24 16:00:00,33.72,34.17,33.26,34.06,340422.15,0.0001
2022-09-25 08:00:00,33.96,33.99,33.46,33.64,271934.26,0.0001
2022-09-26 16:00:00,33.11,33.95,32.69,33.74,642861.64,6.761e-05
2022-09-28 08:00:00,32.33,32.85,31.84,32.49,569756.48,1.343e-05
2022-09-28 16:00:00,33.13,33.76,32.79,33.58,614952.8,-0.00011599
2022-09-29 08:00:00,33.35,33.94,33.21,33.75,266899.3,0.0001
2022-09-29 16:00:00,34.12,34.42,33.4,33.82,685501.94,0.0001
2022-10-01 16:00:00,32.98,33.0,32.34,32.65,362381.73,-8.454e-05
2022-10-02 00:00:00,32.44,32.96,32.42,32.84,163695.73,-3.16e-06
2022-10-02 08:00:00,32.82,32.89,32.1,32.54,259297.44,-0.00012694
2022-10-03 00:00:00,32.06,32.51,31.73,32.32,248944.86,0.0001
2022-10-05 00:00:00,34.1,34.37,33.89,34.08,232849.55,-2.002e-05
2022-10-05 08:00:00,34.12,34.14,33.44,33.52,333133.59,4.8e-05
2022-10-07 00:00:00,33.35,33.76,33.33,33.62,184398.27,5e-08
2022-10-07 08:00:00,33.33,33.47,33.15,33.35,234345.03,8.021e-05
2022-10-09 00:00:00,32.57,32.64,32.44,32.51,86685.99,-5.496e-05
2022-10-10 08:00:00,32.9,32.91,32.36,32.7,306745.24,0.0001
2022-10-11 16:00:00,31.57,31.89,31.13,31.16,322338.21,1.173e-05
2022-10-12 08:00:00,31.26,31.55,31.15,31.24,124533.27,-6.356e-05
2022-10-12 16:00:00,31.29,31.29,30.85,31.11,173321.74,0.0001
2022-10-14 08:00:00,31.33,31.52,31.15,31.21,266840.59,3.869e-05
2022-10-16 08:00:00,29.76,30.04,29.76,29.95,142375.36,-0.00010784
2022-10-18 16:00:00,30.31,30.5,29.73,30.08,442159.78,9.704e-05
2022-10-20 00:00:00,28.86,29.01,28.42,28.91,359669.33,8.555e-05
2022-10-20 16:00:00,29.14,29.15,28.05,28.26,681234.5,9.895e-05
2022-10-21 16:00:00,27.58,28.26,27.57,28.19,678106.99,4.104e-05
2022-10-22 00:00:00,28.1,28.17,27.66,27.82,212895.26,-0.00016497
2022-10-22 16:00:00,27.99,28.08,27.64,27.82,260547.0,-9.324e-05
2022-10-23 08:00:00,28.42,28.53,27.93,27.96,272502.94,1.405e-05
2022-10-25 16:00:00,29.69,32.31,29.69,31.5,2203260.83,1.166e-05
2022-10-26 16:00:00,31.42,31.67,30.94,31.27,532895.22,8.93e-06
2022-10-28 00:00:00,30.6,30.86,30.38,30.68,279504.7,6.137e-05
2022-10-28 08:00:00,30.22,30.64,30.21,30.42,304438.94,7.565e-05
2022-10-29 00:00:00,32.06,33.0,31.85,32.89,455111.0,0.0001
2022-10-30 00:00:00,32.87,33.26,32.72,33.0,199401.75,7.022e-05
2022-10-31 08:00:00,33.42,34.39,33.13,34.03,674822.75,0.0001
2022-11-01 00:00:00,32.57,33.0,32.5,32.61,299685.43,-7.785e-05
2022-11-01 08:00:00,33.03,33.39,32.83,32.9,416808.58,-3.806e-05
2022-11-01 16:00:00,32.47,32.59,32.16,32.22,352744.37,-6.234e-05
2022-11-02 00:00:00,32.2,32.38,31.93,32.26,297246.16,9.5e-07
2022-11-02 08:00:00,31.72,31.96,31.11,31.3,305883.32,1.628e-05
2022-11-04 00:00:00,30.86,31.94,30.66,31.94,343677.18,-8.29e-05
2022-11-06 08:00:00,36.17,36.41,35.57,35.75,525314.25,0.0001
2022-11-08 00:00:00,29.62,29.7,26.0,26.5,3150564.19,-0.00035346
2022-11-09 00:00:00,24.38,24.38,21.21,22.1,2357501.32,-0.0075
2022-11-10 08:00:00,15.34,15.34,13.14,14.15,5377360.28,-0.02
2022-11-10 12:00:00,14.16,18.55,14.0,17.67,9163169.14,-0.02
2022-11-10 20:00:00,17.29,18.5,16.9,17.66,2863406.52,-0.01792917
2022-11-11 00:00:00,17.65,18.15,15.81,16.39,3003478.34,-0.00262997
2022-11-12 04:00:00,15.82,15.93,14.75,15.49,1817137.06,-0.00194529
2022-11-12 16:00:00,14.82,15.26,14.76,15.16,776156.64,-0.00087212
2022-11-12 20:00:00,15.15,15.17,14.47,14.58,830670.6,-0.0002072
2022-11-13 08:00:00,13.95,13.99,13.33,13.78,1180164.05,-0.0017701
2022-11-14 00:00:00,13.18,13.34,12.07,13.0,2111257.26,-0.0017293
2022-11-14 08:00:00,14.54,15.01,14.19,14.22,1937458.4,-0.00020798
2022-11-14 12:00:00,14.23,14.97,13.5,13.72,2232685.47,-0.00065817
2022-11-14 16:00:00,13.72,14.24,13.25,13.74,1363411.59,-0.00078889
2022-11-15 20:00:00,14.35,14.44,14.15,14.32,619411.49,-0.00066296
2022-11-16 12:00:00,14.16,14.2,13.67,13.77,976441.57,-0.00107526
2022-11-17 00:00:00,14.27,14.5,14.19,14.25,567541.38,-0.00015275
2022-11-17 08:00:00,14.26,14.34,14.07,14.22,408761.0,-9.19e-05
2022-11-18 04:00:00,13.71,13.74,13.55,13.62,409495.67,-0.00035674
2022-11-18 16:00:00,13.37,13.41,13.0,13.17,729169.18,-0.00082757
2022-11-19 00:00:00,13.28,13.28,12.65,12.88,517751.37,-0.00068642
2022-11-20 16:00:00,13.0,13.03,12.67,12.76,499004.92,-0.00112922
2022-11-21 16:00:00,11.92,12.08,11.27,11.42,804191.81,-0.00116096
2022-11-22 00:00:00,11.83,12.08,11.57,11.61,506063.67,-0.00016606
2022-11-22 08:00:00,11.51,11.52,11.0,11.04,744493.62,-0.00056977
2022-11-22 16:00:00,12.06,12.18,11.66,11.84,951420.86,-0.00089583
2022-11-23 00:00:00,12.43,13.44,12.4,13.08,1593649.05,-0.00042476
2022-11-25 16:00:00,14.15,14.23,13.95,14.23,382103.64,-0.00056949
2022-11-26 08:00:00,14.47,14.98,14.34,14.75,685572.37,-0.00034616
2022-11-26 16:00:00,14.43,14.44,14.07,14.24,453898.11,-0.00055804
2022-11-27 08:00:00,14.32,14.38,14.21,14.35,308343.89,-0.00043291
2022-11-29 00:00:00,13.33,13.58,13.14,13.47,517271.43,-0.00021025
2022-11-29 16:00:00,13.45,13.46,13.28,13.42,353643.23,-0.00073299
2022-11-30 08:00:00,13.71,13.8,13.65,13.71,323399.78,-0.00140667
2022-12-01 16:00:00,13.63,13.65,13.5,13.52,331101.19,-0.0001949
2022-12-03 08:00:00,13.56,13.6,13.44,13.5,314706.15,-0.00016897
2022-12-04 08:00:00,13.46,13.48,13.34,13.38,171736.09,4.642e-05
2022-12-07 00:00:00,14.3,14.34,14.04,14.05,352263.28,4.454e-05
2022-12-07 08:00:00,13.62,13.73,13.39,13.62,711114.73,3.151e-05
2022-12-07 16:00:00,13.68,13.74,13.53,13.58,248443.9,5.056e-05
2022-12-08 08:00:00,13.5,13.59,13.39,13.5,392925.77,-0.00028326
2022-12-09 16:00:00,13.87,13.89,13.55,13.62,504241.49,7.054e-05
2022-12-12 00:00:00,13.42,13.5,12.82,12.96,684509.85,-0.0001843
2022-12-12 16:00:00,13.11,13.25,13.1,13.23,585908.32,-0.00012371
2022-12-13 00:00:00,13.31,13.39,13.06,13.09,314835.95,-1.654e-05
2022-12-15 00:00:00,14.12,14.52,13.86,14.38,795916.19,0.0001
2022-12-19 00:00:00,12.38,12.59,12.16,12.23,429193.79,-0.00018596
2022-12-19 08:00:00,12.23,12.36,12.21,12.28,243717.28,-0.00045428
2022-12-19 16:00:00,12.17,12.23,11.92,12.02,695590.11,-0.000376
2022-12-20 16:00:00,12.34,12.35,12.12,12.24,277219.47,-0.00024139
2022-12-22 08:00:00,12.06,12.17,12.04,12.12,205526.86,-0.00027483
2022-12-23 08:00:00,11.9,11.98,11.8,11.89,234649.35,9.921e-05
2022-12-23 16:00:00,11.84,11.88,11.79,11.86,150053.85,-7.019e-05
2022-12-25 00:00:00,11.45,11.5,11.4,11.47,98390.16,-0.00063471
2022-12-25 16:00:00,11.35,11.4,11.27,11.39,164934.4,-0.00017688
2022-12-26 08:00:00,11.32,11.37,11.27,11.35,200666.4,-0.00035979
2022-12-29 08:00:00,9.61,9.65,9.26,9.46,1071282.63,-0.00011408
2022-12-30 00:00:00,9.64,10.26,9.38,9.52,3802836.04,-0.00277763
2022-12-30 08:00:00,9.13,9.24,9.0,9.12,1097494.97,-0.00216253
2022-12-30 16:00:00,9.58,10.07,9.5,9.85,1665272.2,-0.00240802
2022-12-31 08:00:00,9.83,9.93,9.74,9.85,447060.78,-0.00180298
2022-12-31 16:00:00,10.16,10.19,9.93,10.07,557205.36,-0.00095178
2023-01-01 00:00:00,9.97,10.09,9.91,9.97,388499.09,-0.00092452
2023-01-01 16:00:00,9.86,10.06,9.85,9.97,425262.92,-0.00097445
2023-01-02 00:00:00,9.99,10.02,9.81,9.99,377527.05,-0.00105604
2023-01-03 16:00:00,13.09,13.91,12.7,12.94,4501379.9,-0.00820119
2023-01-04 00:00:00,13.37,14.05,13.23,13.57,3728337.78,-0.00349905
2023-01-05 16:00:00,13.3,13.49,13.06,13.4,611099.6,-0.00035808
2023-01-06 16:00:00,13.2,13.44,13.07,13.37,904369.53,-0.00097063
2023-01-07 16:00:00,13.27,13.28,13.18,13.22,181694.42,-0.00049317
2023-01-08 08:00:00,13.33,13.78,13.28,13.51,946006.74,-0.00041686
2023-01-09 08:00:00,16.35,16.83,16.09,16.38,2101674.21,0.0001
2023-01-10 16:00:00,16.24,16.48,16.03,16.39,1078973.07,-0.00015347
2023-01-12 00:00:00,16.37,17.0,16.14,16.42,2043462.85,0.0001
2023-01-12 08:00:00,16.25,16.26,15.89,16.07,774811.87,0.0001
2023-01-12 16:00:00,15.96,16.8,15.9,16.54,2183261.0,-0.00044772
2023-01-13 08:00:00,16.9,17.1,16.54,16.67,1095518.76,2.603e-05
2023-01-14 00:00:00,18.29,22.84,18.2,21.92,7544541.95,0.0001
2023-01-14 16:00:00,22.34,23.43,22.15,23.06,2508499.01,0.0001
2023-01-15 16:00:00,23.69,23.8,22.97,23.36,1659059.81,0.00012309
2023-01-16 16:00:00,23.08,23.8,22.85,23.55,1376360.38,0.0001
2023-01-19 00:00:00,20.78,21.54,20.77,21.35,1339470.58,0.0001
2023-01-20 00:00:00,21.4,21.64,21.02,21.33,753062.36,0.0001
2023-01-20 08:00:00,21.07,21.24,20.96,21.14,362992.68,0.0001
2023-01-20 16:00:00,21.43,23.4,21.4,23.29,2448711.54,0.0001
2023-01-22 00:00:00,24.56,25.32,24.4,25.0,1052309.19,0.0001
2023-01-22 08:00:00,25.13,25.32,24.77,24.9,809607.95,0.0001
2023-01-24 16:00:00,24.48,24.53,24.07,24.46,454585.48,0.0001
2023-01-25 08:00:00,23.27,23.41,22.98,23.13,524527.22,1.239e-05
2023-01-27 08:00:00,24.03,24.04,23.57,23.7,576255.5,0.0001
2023-01-27 16:00:00,23.82,24.59,23.81,24.48,716878.39,0.0001
2023-01-29 08:00:00,24.14,24.51,24.06,24.36,447704.64,0.0001
2023-01-30 08:00:00,25.37,25.53,23.77,24.02,2351505.62,0.0001
2023-01-30 16:00:00,24.37,24.64,23.11,23.6,1647844.77,0.0001
2023-01-31 08:00:00,24.11,24.14,23.49,23.75,430398.66,0.0001
2023-02-01 08:00:00,23.56,23.63,23.15,23.54,733156.26,0.0001
2023-02-03 08:00:00,24.32,24.53,24.1,24.49,454977.56,6.262e-05
2023-02-03 16:00:00,24.86,25.05,24.35,24.38,729706.58,7.317e-05
2023-02-04 08:00:00,24.51,24.6,24.41,24.58,190565.92,0.0001
2023-02-04 16:00:00,24.71,24.8,24.51,24.66,445874.05,0.0001
2023-02-06 08:00:00,23.35,23.4,23.05,23.32,295054.12,0.0001
2023-02-08 16:00:00,23.28,23.47,22.8,23.09,1155931.75,0.0001
2023-02-12 08:00:00,20.85,21.08,20.84,21.06,340724.5,-0.00045565
2023-02-15 08:00:00,21.54,22.23,21.46,22.11,671743.58,8.397e-05
2023-02-16 08:00:00,23.73,23.9,23.49,23.56,488808.12,0.0001
2023-02-17 16:00:00,22.79,23.49,22.58,23.46,896397.03,0.0001
2023-02-18 08:00:00,23.22,23.26,22.92,23.06,423613.93,0.0001
2023-02-22 16:00:00,23.66,24.15,23.4,23.78,1230779.42,0.0001
2023-02-26 16:00:00,22.94,23.4,22.68,23.37,639179.27,-1.898e-05
2023-02-27 16:00:00,23.07,23.14,22.32,22.54,886942.28,8.837e-05
2023-03-01 08:00:00,22.59,22.91,22.54,22.68,406166.58,0.0001
2023-03-02 16:00:00,21.84,22.15,21.7,22.09,272852.66,-8.101e-05
2023-03-03 00:00:00,22.0,22.02,20.34,20.86,1819919.1,2.047e-05
2023-03-03 16:00:00,21.26,21.46,21.15,21.44,302991.9,9.745e-05
2023-03-05 00:00:00,20.98,21.72,20.93,21.33,714428.91,0.0001
2023-03-05 08:00:00,21.3,21.38,21.14,21.2,142062.43,0.0001
2023-03-06 16:00:00,21.05,21.19,20.75,20.76,351215.52,-2.168e-05
2023-03-08 00:00:00,20.25,20.39,19.8,20.0,487614.31,-5.279e-05
2023-03-10 00:00:00,17.34,17.36,16.79,17.16,1274343.71,-0.00018592
2023-03-10 08:00:00,16.99,17.03,16.0,16.71,2054231.12,8.585e-05
2023-03-12 08:00:00,17.84,18.28,17.8,18.13,412631.21,6.8e-05
2023-03-15 08:00:00,21.23,21.24,20.17,20.58,914357.96,0.0001
2023-03-18 08:00:00,22.17,22.51,21.78,22.49,915942.69,0.00027581
2023-03-19 16:00:00,22.0,22.43,21.97,22.19,1171110.28,0.0001
2023-03-22 00:00:00,22.52,22.53,22.02,22.3,576902.2,0.0001
2023-03-22 16:00:00,22.64,22.95,20.93,21.1,3846459.83,0.0001
2023-03-26 00:00:00,20.4,20.76,20.29,20.67,267460.26,-0.00010361
2023-03-26 16:00:00,20.82,21.01,20.65,20.92,263740.03,-4.191e-05
2023-03-27 16:00:00,19.77,19.97,19.6,19.68,653870.76,2.013e-05
2023-03-28 08:00:00,19.88,20.19,19.61,20.09,487542.54,8.36e-05
2023-03-30 00:00:00,21.1,21.67,20.58,21.06,1311054.07,4.312e-05
2023-03-30 08:00:00,21.02,21.05,20.52,20.68,557102.83,7.675e-05
2023-04-01 00:00:00,21.15,21.34,20.92,21.03,449477.06,0.0001
2023-04-01 08:00:00,21.02,21.11,20.92,21.03,225019.33,0.0001
2023-04-03 00:00:00,20.52,20.56,19.94,20.04,540266.98,-0.00014684
2023-04-05 00:00:00,20.91,21.34,20.83,21.14,556930.0,0.0001
2023-04-06 00:00:00,20.96,20.99,20.51,20.83,317440.0,0.0001
2023-04-06 16:00:00,20.75,20.86,20.61,20.72,246772.71,1.019e-05
2023-04-07 16:00:00,20.54,20.57,20.42,20.49,104288.59,2.05e-06
2023-04-08 00:00:00,20.44,20.5,20.27,20.48,154901.7,0.0001
2023-04-10 00:00:00,20.29,20.35,20.13,20.26,138405.62,0.0001
2023-04-13 16:00:00,24.62,24.89,24.38,24.73,718020.5,0.0001
2023-04-17 16:00:00,24.54,24.89,24.34,24.73,512370.28,0.00013821
2023-04-18 16:00:00,24.92,25.0,24.42,24.68,534062.85,0.0001
2023-04-19 16:00:00,23.34,23.49,22.83,22.99,626274.08,-5.574e-05
2023-04-22 00:00:00,21.26,21.4,21.05,21.37,264878.8,-1.147e-05
2023-04-22 08:00:00,21.28,21.4,21.21,21.37,149697.35,9.14e-06
2023-04-24 00:00:00,21.47,22.02,21.26,21.72,614338.31,3.83e-06
2023-04-30 08:00:00,23.42,23.74,23.42,23.49,359368.57,7.129e-05
2023-05-02 16:00:00,22.19,22.38,22.09,22.29,442102.58,-4.732e-05
2023-05-04 00:00:00,22.24,22.49,22.13,22.24,572061.19,-2.27e-06
2023-05-04 08:00:00,22.11,22.45,22.08,22.24,340246.88,0.0001
2023-05-05 08:00:00,21.78,22.04,21.77,22.01,272029.48,3.223e-05
2023-05-05 16:00:00,22.32,22.95,22.31,22.87,1128484.58,0.0001
2023-05-06 08:00:00,22.63,22.68,22.44,22.67,353793.42,0.0001
2023-05-06 16:00:00,21.78,22.16,21.73,21.98,376337.66,2.441e-05
2023-05-07 00:00:00,21.91,22.03,21.72,21.88,351629.4,3.648e-05
2023-05-07 08:00:00,22.06,22.24,21.93,22.1,278404.55,-2.12e-05
2023-05-08 00:00:00,21.65,21.81,20.75,21.3,1155316.37,0.0001
2023-05-09 08:00:00,20.69,20.81,20.51,20.81,349376.98,-5.327e-05
2023-05-09 16:00:00,20.55,20.85,20.4,20.62,449427.47,-5.678e-05
2023-05-10 16:00:00,21.08,21.19,19.74,20.96,2051911.07,-2.9e-07
2023-05-11 08:00:00,20.59,20.64,20.31,20.49,321260.5,2.605e-05
2023-05-13 00:00:00,20.91,21.19,20.8,21.15,417362.62,1.245e-05
2023-05-13 08:00:00,21.22,21.29,21.03,21.08,247818.03,6.953e-05
2023-05-16 08:00:00,21.05,21.11,20.8,20.88,244925.96,6.067e-05
2023-05-16 16:00:00,20.78,20.82,20.47,20.5,410115.7,0.0001
2023-05-17 08:00:00,20.56,20.69,20.47,20.52,334964.58,0.0001
2023-05-18 00:00:00,21.06,21.09,20.88,21.03,313603.66,0.0001
2023-05-19 00:00:00,20.35,20.42,20.27,20.34,232688.64,-9.122e-05
2023-05-19 16:00:00,20.41,20.51,20.31,20.37,194362.96,8.946e-05
2023-05-22 08:00:00,19.69,19.92,19.69,19.87,308324.95,7.846e-05
2023-05-24 00:00:00,20.02,20.07,19.44,19.56,524684.53,0.0001
2023-05-25 00:00:00,19.22,19.4,18.77,19.37,515845.49,5.668e-05
2023-05-26 00:00:00,19.25,19.36,19.18,19.29,149789.24,0.0001
2023-05-28 16:00:00,20.5,20.99,20.47,20.77,570986.25,0.0001
2023-05-29 00:00:00,20.81,20.98,20.64,20.7,513409.64,0.0001
2023-05-30 08:00:00,20.75,21.37,20.74,21.28,577843.45,0.0001
2023-05-31 08:00:00,20.72,20.81,20.52,20.61,280005.62,0.0001
2023-05-31 16:00:00,20.47,20.73,20.45,20.64,244433.65,0.0001
2023-06-01 16:00:00,20.69,20.86,20.5,20.68,346070.58,0.0001
2023-06-02 00:00:00,20.49,20.78,20.3,20.76,293977.52,0.0001
2023-06-03 00:00:00,21.26,21.31,21.07,21.12,170153.39,0.0001
2023-06-04 00:00:00,21.19,21.31,21.03,21.25,178125.0,0.0001
2023-06-04 08:00:00,21.61,21.73,21.46,21.7,233189.21,0.0001
2023-06-04 16:00:00,22.04,22.29,21.9,22.21,571231.3,0.0001
2023-06-05 08:00:00,21.66,21.69,21.5,21.6,398652.16,0.0001
2023-06-05 16:00:00,19.92,20.58,19.03,20.03,2406807.45,0.0001
2023-06-06 00:00:00,20.01,20.03,19.71,20.0,344591.76,-7.522e-05
2023-06-07 00:00:00,20.38,20.53,20.01,20.15,454245.96,0.0001
2023-06-07 16:00:00,19.32,19.32,18.6,18.97,1109052.79,8.161e-05
2023-06-08 08:00:00,18.65,18.83,18.55,18.79,417705.8,-6.138e-05
2023-06-08 16:00:00,18.92,18.93,18.56,18.86,345472.9,-3.987e-05
2023-06-09 00:00:00,18.88,18.92,18.59,18.76,312752.98,-1.99e-05
2023-06-09 08:00:00,18.58,19.37,18.55,19.27,582950.85,2.244e-05
2023-06-09 16:00:00,18.71,18.71,17.22,17.39,1651999.16,4.756e-05
2023-06-10 00:00:00,17.4,17.43,16.03,16.29,2170498.45,4.312e-05
2023-06-10 08:00:00,14.42,15.07,14.25,14.92,2342382.28,-0.00018689
2023-06-10 16:00:00,14.77,15.87,14.52,15.32,3044008.0,-0.00045568
2023-06-11 08:00:00,15.4,15.71,15.29,15.53,815840.74,-0.00039139
2023-06-11 16:00:00,15.22,16.18,15.14,16.0,1607186.07,-0.00011432
2023-06-12 00:00:00,15.55,15.6,14.9,15.1,1049700.32,-5.452e-05
2023-06-12 08:00:00,15.09,15.69,15.02,15.4,927888.33,-0.00010351
2023-06-13 00:00:00,15.19,15.52,15.0,15.34,751179.5,-6.7e-06
2023-06-13 08:00:00,15.43,15.69,15.35,15.64,875317.11,8.95e-06
2023-06-13 16:00:00,14.8,15.16,14.78,14.97,641699.19,-1.734e-05
2023-06-14 00:00:00,15.03,15.3,14.92,15.25,320893.14,-6.216e-05
2023-06-14 08:00:00,15.06,15.24,15.04,15.2,243405.9,-9.959e-05
2023-06-14 16:00:00,15.1,15.37,14.87,15.09,1149352.7,-3.849e-05
2023-06-15 00:00:00,14.49,15.08,14.42,14.92,764581.35,-3.913e-05
2023-06-15 08:00:00,14.81,14.92,14.45,14.65,915690.6,-0.0001096
2023-06-15 16:00:00,14.48,14.82,14.18,14.77,875232.39,0.0001
2023-06-16 00:00:00,14.78,14.87,14.63,14.8,199437.33,2.986e-05
2023-06-16 08:00:00,14.85,14.95,14.53,14.56,364101.39,3.481e-05
2023-06-16 16:00:00,15.01,15.47,14.89,15.28,845195.46,-4.6e-06
2023-06-17 00:00:00,15.32,15.43,15.16,15.42,255876.03,-3.146e-05
2023-06-17 08:00:00,15.86,15.95,15.72,15.77,369614.13,5.237e-05
2023-06-17 16:00:00,15.65,15.79,15.62,15.65,295594.9,6.248e-05
2023-06-18 00:00:00,15.65,15.67,15.41,15.59,235421.36,-2.892e-05
2023-06-18 08:00:00,15.59,15.75,15.5,15.72,184944.74,-5.493e-05
2023-06-18 16:00:00,15.71,15.83,15.68,15.81,184564.83,-1.03e-06
2023-06-19 00:00:00,15.45,15.58,15.34,15.49,216399.13,-6.35e-05
2023-06-19 08:00:00,15.48,15.57,15.41,15.56,135135.73,-8.954e-05
2023-06-19 16:00:00,15.56,15.98,15.43,15.85,750752.4,-4.972e-05
2023-06-20 08:00:00,15.97,15.98,15.8,15.93,203978.92,-8.12e-06
2023-06-20 16:00:00,15.95,16.5,15.85,16.36,1085312.22,1.7e-06
2023-06-21 00:00:00,16.65,17.21,16.56,16.76,850664.58,5.55e-06
2023-06-21 08:00:00,16.82,16.9,16.64,16.79,404857.25,7.67e-05
2023-06-21 16:00:00,16.88,17.29,16.81,17.12,1039760.65,1.523e-05
2023-06-22 00:00:00,17.23,17.75,17.17,17.53,537548.16,5.684e-05
2023-06-22 16:00:00,16.89,17.11,16.79,16.93,522943.93,-9.97e-06
2023-06-23 00:00:00,16.62,16.8,16.52,16.78,330719.21,8.86e-05
2023-06-23 08:00:00,16.78,16.84,16.54,16.59,349403.13,0.0001
2023-06-23 16:00:00,16.98,17.27,16.81,17.13,1607547.4,-3.27e-06
2023-06-24 00:00:00,17.14,17.53,17.05,17.37,742167.58,-5.354e-05
2023-06-24 08:00:00,17.07,17.32,17.06,17.21,260157.54,8.164e-05
2023-06-24 16:00:00,16.62,16.8,16.42,16.69,502835.34,1.615e-05
2023-06-25 00:00:00,16.64,16.99,16.57,16.98,294209.85,-9.403e-05
2023-06-25 08:00:00,17.27,17.38,17.02,17.24,497076.26,4.045e-05
2023-06-25 16:00:00,17.12,17.28,16.88,16.99,498760.16,2.049e-05
2023-06-26 00:00:00,16.96,16.97,16.54,16.75,573348.32,2.481e-05
2023-06-26 08:00:00,16.93,16.97,16.72,16.92,278045.41,-6.749e-05
2023-06-26 16:00:00,16.82,16.82,16.09,16.31,968807.2,5.956e-05
2023-06-27 00:00:00,16.27,16.5,16.13,16.5,371199.59,-2.886e-05
2023-06-27 08:00:00,16.74,16.78,16.51,16.69,400367.66,0.0001
2023-06-27 16:00:00,16.39,16.81,16.34,16.72,505613.43,0.0001
2023-06-28 00:00:00,16.63,16.65,16.12,16.39,792979.43,0.0001
2023-06-28 08:00:00,15.97,16.23,15.91,16.21,375992.82,-1.801e-05
2023-06-28 16:00:00,16.33,16.41,15.6,15.9,927361.83,5.458e-05
2023-06-29 00:00:00,15.98,16.19,15.87,16.03,280096.33,1.7e-05
2023-06-29 08:00:00,16.26,18.28,16.24,18.06,3450492.46,0.0001
2023-06-29 16:00:00,17.67,17.8,17.52,17.73,916651.78,0.0001
2023-06-30 00:00:00,18.0,19.08,17.86,18.95,2433543.72,4.827e-05
2023-06-30 08:00:00,18.79,19.02,18.58,18.88,892280.93,0.0001
2023-07-01 00:00:00,18.85,19.0,18.16,18.3,976594.97,0.0001
2023-07-01 08:00:00,18.44,18.51,18.19,18.33,458176.87,0.0001
2023-07-01 16:00:00,18.44,18.49,18.25,18.33,278210.51,2.201e-05
2023-07-02 00:00:00,18.7,18.91,18.53,18.76,827666.71,0.0001
2023-07-02 08:00:00,19.22,19.41,19.0,19.04,597756.13,0.0001
2023-07-03 00:00:00,19.46,19.66,19.17,19.58,439596.14,0.0001
2023-07-03 08:00:00,19.42,19.51,19.3,19.47,325870.08,0.0001
2023-07-03 16:00:00,19.28,19.35,19.02,19.28,515430.59,0.0001
2023-07-04 08:00:00,19.09,19.25,19.07,19.23,225601.8,0.0001
2023-07-04 16:00:00,19.84,19.86,19.3,19.5,777600.82,0.0001
2023-07-05 00:00:00,19.14,19.3,19.1,19.28,189095.73,0.0001
2023-07-05 08:00:00,19.32,19.53,18.32,18.71,939298.19,0.0001
2023-07-05 16:00:00,18.59,18.88,18.51,18.6,295402.29,4.304e-05
2023-07-06 00:00:00,18.99,19.75,18.95,19.46,1160564.03,-5.29e-06
2023-07-06 08:00:00,19.6,20.36,19.54,19.9,1619888.08,0.0001
2023-07-06 16:00:00,19.7,21.0,19.5,20.91,2529815.89,0.0001
2023-07-07 00:00:00,19.61,20.52,19.45,20.21,1219186.14,0.0001
2023-07-07 08:00:00,19.45,20.35,19.26,20.17,1681262.86,8.838e-05
2023-07-07 16:00:00,21.22,21.54,21.04,21.43,1489016.33,-0.00022841
2023-07-08 00:00:00,21.51,21.99,21.43,21.7,883661.32,-5.703e-05
2023-07-08 08:00:00,21.98,22.5,21.79,21.94,1541611.34,1.315e-05
2023-07-08 16:00:00,21.52,22.0,21.4,21.62,1098945.57,0.0001
2023-07-09 00:00:00,21.82,22.38,21.53,21.66,990308.72,-0.00011345
2023-07-09 08:00:00,21.57,21.89,21.5,21.62,506092.5,1.049e-05
2023-07-09 16:00:00,21.25,21.4,21.17,21.29,356194.61,0.0001
2023-07-10 00:00:00,21.32,21.37,20.78,21.25,1244273.28,0.0001
2023-07-10 08:00:00,20.73,20.88,20.47,20.8,740257.81,0.0001
2023-07-10 16:00:00,21.16,21.62,20.91,21.58,767329.61,-5.346e-05
2023-07-11 00:00:00,21.3,21.8,21.2,21.74,780418.35,-0.00013561
2023-07-11 08:00:00,22.11,22.15,21.83,22.05,576117.71,-2.651e-05
2023-07-11 16:00:00,22.14,22.19,21.9,21.97,494393.05,2.775e-05
2023-07-12 00:00:00,22.06,22.27,21.89,21.91,561692.95,1.497e-05
2023-07-12 08:00:00,22.02,22.18,21.94,22.13,486640.64,-2.714e-05
2023-07-12 16:00:00,22.42,22.47,21.74,21.84,1171482.93,4.12e-05
2023-07-13 00:00:00,21.93,22.02,21.56,21.65,606532.34,9.789e-05
2023-07-13 08:00:00,21.77,22.49,21.72,22.41,796426.7,-6.37e-06
2023-07-13 16:00:00,24.06,26.82,24.06,26.2,8423872.85,-0.00021919
2023-07-14 00:00:00,26.01,32.13,25.6,28.54,7551859.2,0.0001
2023-07-14 08:00:00,28.71,29.98,27.64,28.05,2840361.97,0.00029523
2023-07-14 16:00:00,28.17,28.24,25.56,26.07,3836463.13,0.00017912
2023-07-15 00:00:00,26.67,28.02,26.45,27.15,2963090.22,0.0001
2023-07-15 08:00:00,28.72,29.12,28.44,28.93,1723468.76,0.0001
2023-07-15 16:00:00,27.56,28.19,27.01,27.9,1410410.94,0.0001
2023-07-16 08:00:00,27.7,28.33,27.65,28.06,1021535.41,0.0001
2023-07-16 16:00:00,28.1,28.12,27.32,27.37,930921.01,0.0001
2023-07-17 00:00:00,27.41,28.44,27.2,28.02,1173651.6,0.0001
2023-07-17 08:00:00,27.63,27.64,26.55,27.13,1618223.02,0.0001
2023-07-17 16:00:00,27.01,27.26,25.55,26.18,2234012.11,0.0001
2023-07-18 00:00:00,26.8,27.09,26.41,26.56,666632.52,9.171e-05
2023-07-18 08:00:00,25.71,26.12,24.87,25.02,1830564.56,0.0001
2023-07-18 16:00:00,25.52,25.78,24.87,25.29,876121.96,0.0001
2023-07-19 00:00:00,25.54,26.59,25.35,26.4,969389.7,0.0001
2023-07-19 08:00:00,26.21,26.5,25.67,26.48,618167.05,0.0001
2023-07-20 00:00:00,26.31,26.81,26.14,26.49,523559.31,7.165e-05
2023-07-20 08:00:00,26.86,27.38,26.8,27.16,936799.67,0.0001
2023-07-20 16:00:00,25.69,25.77,25.21,25.39,900371.65,0.0001
2023-07-21 08:00:00,25.17,25.47,25.06,25.28,475540.49,-1.51e-06
2023-07-21 16:00:00,25.3,26.0,25.17,25.79,813057.95,7.977e-05
2023-07-22 00:00:00,25.51,25.97,25.45,25.84,363368.88,2.099e-05
2023-07-22 08:00:00,25.77,25.89,25.4,25.6,323537.83,0.0001
2023-07-22 16:00:00,25.69,25.75,25.22,25.29,393212.5,0.0001
2023-07-23 00:00:00,24.52,24.8,24.15,24.71,536538.85,8.045e-05
2023-07-23 08:00:00,24.69,24.86,24.63,24.67,211516.14,6.786e-05
2023-07-23 16:00:00,24.69,25.26,24.69,24.9,683800.94,0.0001
2023-07-24 00:00:00,24.76,24.83,24.23,24.35,393844.88,5.539e-05
2023-07-24 08:00:00,24.57,24.63,23.05,23.63,1302857.13,8.79e-05
2023-07-24 16:00:00,23.21,23.5,23.07,23.31,501657.75,0.0001
2023-07-25 00:00:00,23.36,23.52,23.13,23.37,340223.56,2.921e-05
2023-07-25 08:00:00,23.09,23.4,23.03,23.17,275843.99,4.666e-05
2023-07-25 16:00:00,23.22,23.46,23.07,23.17,407584.26,-2.252e-05
2023-07-26 00:00:00,23.28,23.69,23.17,23.52,645721.52,9.281e-05
2023-07-26 16:00:00,24.92,25.68,24.5,25.37,2100613.68,4.654e-05
2023-07-27 00:00:00,25.18,25.53,24.66,24.93,869164.82,0.0001
2023-07-27 08:00:00,25.01,25.5,24.92,25.39,596947.83,2.473e-05
2023-07-28 00:00:00,25.1,25.4,24.83,24.94,363690.34,0.0001
2023-07-28 08:00:00,24.63,24.84,24.54,24.63,313985.41,0.0001
2023-07-28 16:00:00,25.23,25.42,24.83,25.05,484312.1,0.0001
2023-07-29 00:00:00,24.82,25.21,24.75,25.13,289640.32,0.0001
2023-07-29 08:00:00,25.07,25.18,24.94,24.97,287059.02,0.0001
2023-07-30 00:00:00,25.17,25.21,25.01,25.02,242091.93,0.0001
2023-07-30 08:00:00,24.93,25.06,24.83,24.97,217619.67,9.213e-05
2023-07-30 16:00:00,24.89,25.0,23.87,24.24,858378.35,0.0001
2023-07-31 00:00:00,24.25,24.79,24.12,24.64,570819.89,9.232e-05
2023-07-31 08:00:00,24.49,24.6,24.35,24.46,306207.62,-2.568e-05
2023-08-01 00:00:00,23.72,23.99,22.88,23.4,1041122.98,0.0001
2023-08-01 08:00:00,23.48,23.63,23.3,23.33,280202.29,7.943e-05
2023-08-01 16:00:00,23.27,23.8,23.19,23.62,555081.28,6.97e-05
2023-08-02 00:00:00,24.06,24.29,23.64,23.67,775990.17,1.932e-05
2023-08-02 08:00:00,23.63,23.72,23.42,23.68,367542.96,1.057e-05
2023-08-02 16:00:00,23.25,23.33,22.82,23.18,884852.41,3.245e-05
2023-08-03 00:00:00,23.14,23.38,23.07,23.24,250566.14,-2.37e-05
2023-08-03 08:00:00,22.71,22.85,22.45,22.75,573890.35,0.0001
2023-08-04 00:00:00,22.65,22.79,22.48,22.74,419587.83,1.777e-05
2023-08-04 08:00:00,22.96,23.07,22.83,22.91,263558.37,9.93e-06
2023-08-04 16:00:00,23.36,23.46,22.76,22.94,681530.15,5.856e-05
2023-08-05 00:00:00,22.8,22.83,22.49,22.73,382836.21,0.0001
2023-08-05 08:00:00,22.77,22.94,22.71,22.79,179653.14,2.082e-05
2023-08-06 00:00:00,22.66,22.9,22.58,22.84,283219.33,-3.498e-05
2023-08-07 00:00:00,23.2,23.67,23.02,23.31,526711.8,0.0001
2023-08-07 08:00:00,23.15,23.16,23.01,23.09,231828.47,7.203e-05
2023-08-07 16:00:00,22.76,23.07,22.27,22.97,1186046.18,0.0001
2023-08-08 00:00:00,23.11,23.24,23.02,23.15,269164.61,7.405e-05
2023-08-08 08:00:00,23.23,23.39,23.16,23.38,318159.2,0.0001
2023-08-08 16:00:00,23.74,24.79,23.71,24.59,1635097.28,9.805e-05
2023-08-09 00:00:00,24.22,24.49,24.16,24.31,480464.04,9.326e-05
2023-08-09 08:00:00,24.57,24.98,24.53,24.85,949906.39,7.15e-06
2023-08-09 16:00:00,24.56,24.6,24.23,24.3,552839.26,6.361e-05
2023-08-10 08:00:00,24.32,24.5,24.24,24.4,278974.18,0.0001
2023-08-10 16:00:00,24.56,24.63,24.36,24.6,304068.02,0.0001
2023-08-11 00:00:00,24.63,24.93,24.63,24.68,408494.32,5.018e-05
2023-08-11 08:00:00,24.49,24.57,24.39,24.53,251097.51,0.0001
2023-08-11 16:00:00,24.55,24.66,24.34,24.45,338665.22,0.0001
2023-08-12 00:00:00,24.63,24.76,24.4,24.48,257884.14,0.0001
2023-08-12 08:00:00,24.54,24.56,24.45,24.55,125450.84,0.0001
2023-08-12 16:00:00,24.67,24.85,24.64,24.75,438547.96,0.0001
2023-08-13 00:00:00,24.91,24.95,24.67,24.9,318589.41,7.464e-05
2023-08-13 08:00:00,24.77,24.88,24.66,24.69,193348.31,5.155e-05
2023-08-13 16:00:00,24.58,24.69,24.32,24.66,517542.18,0.0001
2023-08-14 08:00:00,24.42,24.6,24.41,24.51,375762.13,7.157e-05
2023-08-14 16:00:00,24.82,25.3,24.53,24.83,1036082.01,3.069e-05
2023-08-15 08:00:00,24.88,25.06,24.73,24.83,535656.29,0.0001
2023-08-15 16:00:00,24.72,24.84,23.75,24.05,1225856.51,0.0001
2023-08-16 00:00:00,23.91,24.03,23.62,23.69,528306.53,0.0001
2023-08-16 16:00:00,23.08,23.64,22.87,23.34,810493.13,5.907e-05
2023-08-17 00:00:00,22.82,23.43,22.46,23.31,741197.31,6.9e-07
2023-08-17 08:00:00,23.26,23.3,22.99,23.08,275218.07,0.0001
2023-08-17 16:00:00,22.87,23.32,22.61,23.09,765076.17,3.019e-05
2023-08-18 00:00:00,21.67,22.03,21.3,21.56,649690.16,-0.00029147
2023-08-18 08:00:00,22.08,22.18,21.81,22.02,348224.47,-2.584e-05
2023-08-18 16:00:00,21.6,21.75,20.9,21.29,1183021.62,8.169e-05
2023-08-19 00:00:00,21.34,21.66,21.29,21.43,238518.47,-7.003e-05
2023-08-19 08:00:00,21.83,21.89,21.6,21.65,216454.66,-5.498e-05
2023-08-19 16:00:00,21.98,22.18,21.79,21.88,388699.42,-6.27e-05
2023-08-20 00:00:00,21.89,21.96,21.74,21.81,147122.3,-6.623e-05
2023-08-20 08:00:00,21.74,22.04,21.64,21.97,203904.73,-7.076e-05
2023-08-20 16:00:00,21.8,21.88,21.58,21.79,207872.53,-3.023e-05
2023-08-21 00:00:00,21.78,21.79,21.35,21.4,273187.64,-3.625e-05
2023-08-21 08:00:00,21.34,21.36,20.96,21.23,485569.7,-7.183e-05
2023-08-21 16:00:00,20.71,21.38,20.66,21.28,535189.12,-7.18e-06
2023-08-22 00:00:00,21.2,21.26,21.03,21.11,181214.6,1.569e-05
2023-08-22 08:00:00,21.18,21.21,20.93,20.94,160256.77,5.112e-05
2023-08-22 16:00:00,20.69,20.73,20.0,20.07,1339226.96,2.087e-05
2023-08-23 00:00:00,20.59,20.76,20.47,20.59,312091.3,-0.00012671
2023-08-23 08:00:00,20.76,20.94,20.61,20.63,364825.28,-3.319e-05
2023-08-23 16:00:00,20.92,21.69,20.9,21.5,1495927.03,3.526e-05
2023-08-24 00:00:00,21.74,21.81,21.6,21.76,215895.19,-7.433e-05
2023-08-24 08:00:00,21.74,21.92,21.62,21.78,249127.3,-9.124e-05
2023-08-24 16:00:00,21.04,21.2,20.74,20.93,697905.82,-9.96e-06
2023-08-25 00:00:00,21.05,21.06,20.47,20.74,297172.57,-8.674e-05
2023-08-25 08:00:00,20.56,20.77,20.56,20.68,185548.58,-5.421e-05
2023-08-25 16:00:00,20.35,20.47,20.09,20.24,452023.68,-0.00018382
2023-08-26 00:00:00,20.42,20.42,20.22,20.41,155622.59,-0.00014373
2023-08-26 08:00:00,20.31,20.36,20.24,20.3,102965.91,-0.00024234
2023-08-26 16:00:00,20.37,20.39,20.2,20.35,125920.0,-0.00018306
2023-08-27 00:00:00,20.28,20.39,20.24,20.3,85524.42,-0.00017578
2023-08-27 08:00:00,20.39,20.74,20.37,20.57,384897.94,-0.00011914
2023-08-27 16:00:00,20.74,20.8,20.55,20.77,205837.98,-0.00016818
2023-08-28 00:00:00,20.79,20.79,20.43,20.49,190213.46,-3.451e-05
2023-08-29 00:00:00,20.57,20.77,20.43,20.51,207314.01,8.373e-05
2023-08-29 08:00:00,20.26,20.34,20.12,20.15,246131.9,5.29e-06
2023-08-29 16:00:00,21.33,21.96,21.2,21.58,1112602.38,-0.00040362
2023-08-30 00:00:00,21.79,21.99,21.47,21.64,393926.62,0.0001
2023-08-30 08:00:00,21.63,21.72,21.38,21.42,343135.26,2.088e-05
2023-08-30 16:00:00,20.83,20.86,20.6,20.68,301130.51,8.869e-05
2023-08-31 00:00:00,20.82,20.82,20.61,20.64,143772.25,-5.589e-05
2023-08-31 08:00:00,20.77,21.07,20.68,20.89,300419.69,-7.295e-05
2023-08-31 16:00:00,20.33,20.34,19.43,19.83,1632720.19,-9.89e-05
2023-09-01 00:00:00,19.74,19.93,19.7,19.89,155881.52,-0.00013928
2023-09-01 08:00:00,19.81,19.91,19.73,19.84,200697.27,-9.007e-05
2023-09-02 00:00:00,19.33,19.59,19.31,19.57,242306.99,6.71e-06
2023-09-02 08:00:00,19.58,19.66,19.5,19.57,157508.13,-8.469e-05
2023-09-02 16:00:00,19.55,19.6,19.13,19.41,340445.61,-5.343e-05
2023-09-03 00:00:00,19.5,19.67,19.46,19.63,188742.97,-6.5e-07
2023-09-03 08:00:00,19.53,19.54,19.32,19.42,167541.95,-3.935e-05
2023-09-03 16:00:00,19.34,19.57,19.23,19.48,185705.66,-3.56e-05
2023-09-04 00:00:00,19.57,20.05,19.55,19.76,498961.65,-5.078e-05
2023-09-04 08:00:00,19.77,19.88,19.58,19.58,256990.11,-7.224e-05
2023-09-04 16:00:00,19.4,19.55,19.33,19.43,135364.08,8.919e-05
2023-09-05 00:00:00,19.52,19.56,19.03,19.21,465475.23,1.756e-05
2023-09-05 08:00:00,19.41,19.63,19.25,19.55,663314.16,-6.252e-05
2023-09-05 16:00:00,20.4,20.58,20.17,20.23,648935.91,-0.00010758
2023-09-06 00:00:00,20.26,20.39,20.1,20.14,452579.22,-1.341e-05
2023-09-06 08:00:00,19.73,19.87,19.7,19.76,311740.68,8.04e-06
2023-09-07 00:00:00,19.63,19.82,19.57,19.75,369201.7,-2.787e-05
2023-09-07 08:00:00,19.55,19.6,19.36,19.4,325626.02,2.88e-06
2023-09-07 16:00:00,19.53,19.76,19.52,19.67,469090.07,3.3e-07
2023-09-08 00:00:00,19.92,20.28,19.83,20.01,352985.39,-8.527e-05
2023-09-08 08:00:00,19.9,19.92,19.37,19.56,488183.63,-0.00013966
2023-09-08 16:00:00,19.52,19.57,19.38,19.57,281161.19,-0.00021132
2023-09-09 00:00:00,19.6,19.61,19.47,19.54,74490.31,-0.0001045
2023-09-09 08:00:00,19.46,19.58,19.45,19.56,106921.41,-0.00021188
2023-09-09 16:00:00,19.53,19.57,19.38,19.43,168243.9,-0.00016996
2023-09-10 00:00:00,19.43,19.44,19.19,19.2,357875.49,-0.0002388
2023-09-10 08:00:00,18.52,18.52,18.24,18.33,550810.94,-0.00038599
2023-09-10 16:00:00,18.22,18.27,17.81,18.19,839029.77,-0.00047908
2023-09-11 00:00:00,18.23,18.46,17.98,18.36,761108.17,-0.00036941
2023-09-11 08:00:00,18.2,18.22,17.36,17.67,1112438.68,-0.00022734
2023-09-12 00:00:00,17.72,18.53,17.57,18.19,896262.64,-3.978e-05
2023-09-12 08:00:00,17.98,18.8,17.93,18.3,1138432.38,-5.673e-05
2023-09-12 16:00:00,18.0,18.32,17.68,17.93,684951.21,-7.381e-05
2023-09-13 00:00:00,17.91,18.18,17.78,17.83,364862.52,-0.00016024
2023-09-13 08:00:00,17.9,18.29,17.86,18.18,534221.51,-0.00017635
2023-09-13 16:00:00,18.36,18.54,17.89,18.36,1230406.57,-4.981e-05
2023-09-14 00:00:00,18.4,19.33,18.38,18.94,1473533.77,-0.00016123
2023-09-14 16:00:00,18.97,19.13,18.87,19.04,563839.79,-0.00024678
2023-09-15 00:00:00,18.85,19.19,18.73,19.14,244209.11,-0.0002153
2023-09-15 08:00:00,19.08,19.24,19.0,19.01,247430.58,-0.00012046
2023-09-15 16:00:00,18.89,18.91,18.55,18.73,360651.73,-5.91e-06
2023-09-16 00:00:00,19.15,19.46,19.05,19.21,350296.4,1.257e-05
2023-09-16 08:00:00,19.11,19.25,19.04,19.15,190793.65,-5.38e-05
2023-09-16 16:00:00,18.96,19.14,18.92,18.97,145184.54,-0.00014091
2023-09-17 00:00:00,19.12,19.14,18.74,19.03,242625.3,-0.00021514
2023-09-17 08:00:00,18.91,19.11,18.88,19.04,140281.68,-7.124e-05
2023-09-17 16:00:00,18.97,19.0,18.75,18.9,191678.84,-5.427e-05
2023-09-18 00:00:00,18.81,19.29,18.58,19.2,559400.31,-0.00030943
2023-09-18 08:00:00,19.12,19.75,19.09,19.58,697846.68,-7.847e-05
2023-09-18 16:00:00,19.96,20.06,19.5,19.78,835106.41,-0.00013976
2023-09-19 00:00:00,19.65,19.98,19.58,19.96,286651.69,-5.9e-05
2023-09-19 16:00:00,20.13,20.15,19.83,19.94,1028703.17,0.0001
2023-09-20 00:00:00,20.02,20.24,19.85,19.91,267494.27,-0.00014401
2023-09-20 08:00:00,19.95,20.18,19.87,20.06,315248.91,-8.143e-05
2023-09-20 16:00:00,20.2,20.54,19.88,20.12,808913.01,-9.609e-05
2023-09-21 08:00:00,19.92,19.96,19.5,19.59,933482.61,-6.489e-05
2023-09-21 16:00:00,19.61,19.71,19.53,19.62,217675.82,0.0001
2023-09-22 00:00:00,19.45,19.69,19.23,19.66,304862.89,1.075e-05
2023-09-22 08:00:00,19.63,19.81,19.58,19.69,301743.64,1.389e-05
2023-09-22 16:00:00,19.47,19.5,19.3,19.35,418535.07,4.359e-05
2023-09-23 00:00:00,19.42,19.57,19.29,19.38,277967.18,5.987e-05
2023-09-23 08:00:00,19.52,19.54,19.44,19.52,135582.18,0.0001
2023-09-23 16:00:00,19.31,19.49,19.29,19.46,123704.15,5.94e-05
2023-09-24 00:00:00,19.48,19.66,19.44,19.57,204716.12,8.557e-05
2023-09-24 08:00:00,19.62,19.68,19.53,19.6,98404.62,8.1e-06
2023-09-24 16:00:00,19.53,19.66,19.43,19.46,237041.15,6.559e-05
2023-09-25 00:00:00,19.36,19.6,19.07,19.47,381138.86,1.511e-05
2023-09-25 08:00:00,19.49,19.58,19.4,19.55,219496.74,-3.233e-05
2023-09-25 16:00:00,19.58,19.74,19.46,19.52,300696.29,2.778e-05
2023-09-26 00:00:00,19.39,19.53,19.29,19.44,258678.48,1.913e-05
2023-09-26 08:00:00,19.33,19.43,19.24,19.39,241665.89,-6.278e-05
2023-09-26 16:00:00,19.16,19.3,19.12,19.24,223670.71,1.89e-05
2023-09-27 00:00:00,19.03,19.13,18.94,19.03,224297.72,7.51e-05
2023-09-27 16:00:00,18.94,19.03,18.73,18.98,367619.51,2.165e-05
2023-09-28 00:00:00,19.13,19.44,19.1,19.21,384680.64,-0.00025005
2023-09-28 08:00:00,19.22,19.32,19.1,19.17,315839.01,4.959e-05
2023-09-28 16:00:00,19.6,19.73,19.43,19.71,833432.66,0.0001
2023-09-29 00:00:00,19.97,20.33,19.85,20.2,671356.85,-8.879e-05
2023-09-29 08:00:00,20.27,20.31,20.04,20.09,328302.57,3.522e-05
2023-09-29 16:00:00,20.33,20.35,20.08,20.24,301839.03,-8.995e-05
2023-09-30 00:00:00,20.28,20.45,20.2,20.21,234502.54,-9.192e-05
2023-09-30 08:00:00,20.32,20.4,20.26,20.28,165017.29,-0.00013968
2023-09-30 16:00:00,21.44,21.81,21.25,21.41,897592.35,-0.00033235
2023-10-01 00:00:00,21.37,21.43,21.13,21.21,329369.54,-0.00015019
2023-10-01 08:00:00,21.37,24.25,21.36,22.97,2383286.95,-0.00024577
2023-10-01 16:00:00,23.09,23.09,22.44,22.72,728517.64,4.55e-05
2023-10-02 00:00:00,23.88,24.34,23.58,24.1,932998.55,0.0001
2023-10-02 08:00:00,24.33,24.52,23.78,23.82,747778.73,-5.358e-05
2023-10-02 16:00:00,24.05,24.29,23.08,23.83,1313087.53,7.399e-05
2023-10-03 00:00:00,23.38,23.81,23.3,23.66,515701.97,0.0001
2023-10-03 08:00:00,23.82,24.47,23.78,23.92,920484.99,-9.329e-05
2023-10-03 16:00:00,23.99,24.33,23.44,23.52,864071.46,-0.00016715
2023-10-04 00:00:00,23.61,23.66,22.8,23.12,998845.48,-0.00020449
2023-10-04 08:00:00,23.16,23.86,23.1,23.58,624411.49,-0.00014362
2023-10-04 16:00:00,22.69,23.28,22.58,22.92,811543.52,1.008e-05
2023-10-05 00:00:00,23.13,23.76,23.04,23.24,523521.64,-0.00019583
2023-10-05 08:00:00,23.0,23.35,22.89,23.22,372256.56,-0.00010441
2023-10-06 00:00:00,22.7,23.34,22.66,23.19,493009.17,-0.00014401
2023-10-06 08:00:00,23.34,23.57,23.08,23.18,890782.22,-1.702e-05
2023-10-06 16:00:00,23.51,23.75,23.33,23.42,758797.25,6.028e-05
2023-10-07 00:00:00,23.41,23.74,23.34,23.67,373586.14,1.517e-05
2023-10-07 08:00:00,23.52,23.84,23.36,23.48,902194.26,-3.624e-05
2023-10-07 16:00:00,23.34,23.45,23.08,23.13,282379.01,-0.00013829
2023-10-08 00:00:00,23.29,23.64,23.18,23.52,545835.79,-7.284e-05
2023-10-08 16:00:00,23.49,23.56,23.26,23.33,323365.86,-2.324e-05
2023-10-09 00:00:00,23.21,23.31,23.08,23.25,274974.39,-2.043e-05
2023-10-09 08:00:00,22.99,23.01,22.05,22.17,1424599.66,-0.00010232
2023-10-09 16:00:00,22.21,22.43,21.59,22.2,1302171.92,-8.685e-05
2023-10-10 00:00:00,22.09,22.25,21.88,22.14,331209.87,-0.00026515
2023-10-10 08:00:00,22.32,22.45,22.11,22.13,433315.93,-0.00011672
2023-10-10 16:00:00,21.97,22.07,21.69,22.03,589259.65,-4.739e-05
2023-10-11 00:00:00,22.11,22.29,21.73,21.98,450804.5,-8.746e-05
2023-10-11 08:00:00,22.01,22.43,21.99,22.14,527261.52,-1.27e-05
2023-10-11 16:00:00,21.99,22.03,21.62,21.91,535402.22,-0.00010217
2023-10-12 00:00:00,22.01,22.05,21.49,21.71,496005.5,-5.206e-05
2023-10-12 08:00:00,21.64,21.66,21.15,21.5,849868.64,5.051e-05
2023-10-12 16:00:00,21.28,21.37,20.93,21.22,706606.53,-4.469e-05
2023-10-13 00:00:00,21.29,21.47,21.12,21.13,242813.79,-4.739e-05
2023-10-13 08:00:00,21.4,21.57,21.31,21.48,264077.8,-7.419e-05
2023-10-13 16:00:00,21.42,21.61,21.41,21.58,226971.27,-7.301e-05
2023-10-14 00:00:00,21.85,22.06,21.8,22.03,309866.99,-0.00015669
2023-10-14 08:00:00,22.06,22.31,21.91,21.98,403581.98,-0.0003452
2023-10-14 16:00:00,22.08,22.1,21.97,22.04,107965.77,-4.015e-05
2023-10-15 00:00:00,22.0,22.17,21.83,21.93,175933.98,-7.073e-05
2023-10-15 08:00:00,21.93,22.02,21.81,21.87,339779.16,-1.29e-06
2023-10-15 16:00:00,21.74,21.98,21.71,21.91,236830.41,2.222e-05
2023-10-16 00:00:00,21.93,22.23,21.89,22.11,226714.46,-0.00010829
2023-10-16 08:00:00,22.82,23.16,22.62,23.16,795082.1,-6.321e-05
2023-10-16 16:00:00,23.15,24.14,23.15,23.86,1012269.88,-0.00013087
2023-10-17 00:00:00,23.95,24.34,23.77,24.0,701374.42,8.45e-06
2023-10-17 08:00:00,24.08,24.56,24.05,24.08,983649.68,-0.00014135
2023-10-17 16:00:00,23.89,24.39,23.72,24.17,709331.72,2.264e-05
2023-10-18 00:00:00,23.94,24.11,23.8,24.04,310679.54,7.478e-05
2023-10-18 08:00:00,23.89,24.15,23.78,23.81,338800.81,-2.937e-05
2023-10-18 16:00:00,23.68,23.79,23.57,23.7,315492.83,9.438e-05
2023-10-19 00:00:00,23.41,23.58,23.11,23.46,481146.1,1.267e-05
2023-10-19 16:00:00,24.77,25.77,24.67,25.16,2009614.2,-0.00018428
2023-10-20 00:00:00,24.92,25.72,24.73,25.67,1065737.19,-1.42e-05
2023-10-20 16:00:00,26.89,27.05,26.31,26.88,1066202.83,-6.18e-06
2023-10-21 00:00:00,27.02,27.13,26.65,26.81,612542.93,-8.888e-05
2023-10-21 08:00:00,28.08,29.97,27.84,29.52,2240626.25,-9.934e-05
2023-10-21 16:00:00,29.04,29.92,28.87,29.5,1494558.36,6.969e-05
2023-10-22 00:00:00,29.33,29.94,29.17,29.73,878156.63,-9.897e-05
2023-10-22 08:00:00,28.81,29.05,28.09,28.34,1219024.09,-4.073e-05
2023-10-22 16:00:00,28.42,29.16,28.39,28.69,636169.51,5.08e-05
2023-10-23 00:00:00,29.06,30.67,28.74,30.66,2243688.66,2.37e-06
2023-10-24 00:00:00,31.88,32.57,31.26,31.4,2746056.34,0.0001
2023-10-24 08:00:00,31.25,31.99,31.17,31.84,977423.17,0.0001
2023-10-24 16:00:00,30.89,31.2,30.02,30.5,1759336.28,0.0001
2023-10-25 00:00:00,30.18,32.21,30.0,31.04,1717292.76,0.0001
2023-10-25 08:00:00,30.97,32.51,30.78,32.23,1661403.7,0.0001
2023-10-26 08:00:00,32.82,32.98,31.6,31.82,1294112.12,0.0001
2023-10-26 16:00:00,31.31,31.69,30.73,31.55,887578.13,4.969e-05
2023-10-27 00:00:00,32.78,32.86,31.82,32.39,875612.67,0.0001
2023-10-27 08:00:00,32.34,33.1,32.15,32.58,1013470.44,0.0001
2023-10-27 16:00:00,32.21,32.49,31.2,31.93,1369809.81,0.0001
2023-10-28 00:00:00,31.73,32.38,31.65,32.34,361061.49,0.0001
2023-10-28 16:00:00,32.03,32.1,31.5,31.58,426415.69,0.0001
2023-10-29 00:00:00,31.62,31.83,31.27,31.57,338257.37,0.0001
2023-10-29 08:00:00,32.29,32.37,32.12,32.25,406955.96,0.0001
2023-10-29 16:00:00,32.63,33.19,32.54,33.0,979513.06,0.0001
2023-10-30 00:00:00,32.83,33.09,32.51,32.74,659324.3,0.0001
2023-10-30 08:00:00,32.55,35.16,32.48,34.94,3520914.32,9.376e-05
2023-10-30 16:00:00,35.04,35.05,34.23,34.88,951939.78,0.0001
2023-10-31 08:00:00,35.72,36.98,35.59,36.58,1563634.98,0.0001
2023-10-31 16:00:00,36.1,36.45,35.82,36.28,745321.83,4.712e-05
2023-11-01 00:00:00,38.41,38.79,37.9,38.27,1414812.91,5.676e-05
2023-11-01 08:00:00,38.46,39.8,38.0,39.28,2367688.78,-4.06e-05
2023-11-01 16:00:00,40.67,46.9,40.39,42.0,6909221.28,-0.00041129
2023-11-02 08:00:00,43.12,44.57,42.53,44.47,1910216.01,0.0001
2023-11-02 16:00:00,40.03,41.58,38.65,41.42,3681674.4,0.0001
2023-11-03 00:00:00,40.24,40.26,37.98,38.94,2290996.58,0.0001
2023-11-03 08:00:00,39.02,39.77,38.08,39.15,1985209.93,0.0001
2023-11-03 16:00:00,39.81,40.06,38.51,39.17,1538280.02,0.0001
2023-11-04 00:00:00,39.45,41.23,39.0,41.12,1780704.97,0.0001
2023-11-04 08:00:00,41.72,42.72,41.26,41.53,1569360.87,0.0001
2023-11-04 16:00:00,41.28,41.88,41.03,41.38,487690.45,0.0001
2023-11-05 00:00:00,42.41,42.85,41.7,42.52,783261.58,0.0001
2023-11-05 08:00:00,41.56,41.81,41.1,41.64,588265.24,0.0001
2023-11-05 16:00:00,40.72,41.6,40.63,40.74,576377.27,0.0001
2023-11-06 00:00:00,41.16,41.83,40.88,41.11,620297.63,0.0001
2023-11-06 16:00:00,40.23,40.52,39.88,40.48,657456.12,0.00015286
2023-11-07 08:00:00,41.56,41.75,40.48,41.1,1012562.46,0.0001
2023-11-07 16:00:00,41.21,44.39,41.02,43.86,2767947.45,0.00020579
2023-11-08 00:00:00,42.93,43.5,42.25,43.37,698981.97,0.00017143
2023-11-08 08:00:00,43.47,43.88,43.09,43.31,716189.83,0.0001
2023-11-08 16:00:00,42.77,43.61,42.55,43.1,768404.65,0.0001
2023-11-09 00:00:00,43.12,44.15,42.5,44.09,1336250.8,0.0001
2023-11-09 08:00:00,43.9,47.45,43.88,47.13,2569347.77,0.0001
2023-11-09 16:00:00,46.4,46.8,41.36,44.42,2796957.53,0.00028089
2023-11-10 00:00:00,45.3,47.99,45.05,47.4,1560960.78,0.0001
2023-11-10 08:00:00,47.54,51.2,46.56,50.7,2897939.39,0.00015368
2023-11-10 16:00:00,50.88,54.99,50.64,54.11,3228527.69,0.00011529
2023-11-11 00:00:00,56.67,57.7,54.39,55.84,2358233.76,0.0001
2023-11-11 08:00:00,54.27,55.84,53.8,55.25,1082337.57,0.0001
2023-11-11 16:00:00,60.89,62.49,58.1,60.53,2340562.26,0.00030654
2023-11-12 00:00:00,56.36,57.91,54.5,57.39,2341627.92,0.00051279
2023-11-12 08:00:00,61.09,61.45,58.4,59.97,1645461.95,0.00017231
2023-11-13 00:00:00,56.27,59.42,55.1,56.99,1660877.4,0.00050694
2023-11-13 08:00:00,58.23,59.6,56.46,57.04,1236013.66,0.00033025
2023-11-13 16:00:00,55.63,56.9,52.2,54.64,2151097.05,0.0001
2023-11-14 00:00:00,51.6,54.84,51.12,54.03,1842957.17,0.00047225
2023-11-14 08:00:00,55.16,55.82,52.01,52.65,1472104.57,0.0001
2023-11-15 00:00:00,56.81,57.97,56.15,56.24,1005579.01,0.00012356
2023-11-15 08:00:00,59.17,63.5,58.72,62.99,2368273.48,0.00010903
2023-11-15 16:00:00,62.43,65.8,60.61,65.33,3059141.43,0.00026624
2023-11-16 00:00:00,65.43,66.72,64.4,65.88,1645316.77,0.00031874
2023-11-16 08:00:00,65.67,66.11,63.28,64.03,2144018.51,0.00014572
2023-11-17 00:00:00,57.81,60.57,57.63,58.95,2119898.51,0.0001
2023-11-18 00:00:00,58.52,58.62,56.31,56.68,1112644.71,0.0001
2023-11-18 08:00:00,56.36,57.64,56.05,56.96,898248.89,0.0001
2023-11-18 16:00:00,58.01,59.37,57.51,59.06,1680275.08,0.0001
2023-11-19 00:00:00,58.56,58.57,56.61,58.25,832602.36,0.0001
2023-11-19 08:00:00,60.44,61.79,59.42,59.87,1658903.29,0.0001
2023-11-19 16:00:00,59.98,61.29,59.41,61.19,952723.55,0.0001
2023-11-20 00:00:00,61.1,61.33,59.78,59.92,973344.61,0.0001
2023-11-20 08:00:00,59.89,61.09,59.3,60.08,888828.5,0.0001
2023-11-20 16:00:00,59.01,59.41,56.6,57.54,1842382.6,0.0001
2023-11-21 00:00:00,56.57,57.4,55.1,56.0,1155926.31,0.0001
2023-11-21 08:00:00,55.39,57.12,55.36,56.27,939525.79,0.0001
2023-11-21 16:00:00,55.11,56.24,52.35,54.81,2727687.85,0.0001
2023-11-22 00:00:00,51.65,54.46,51.43,54.37,1484593.69,0.0001
2023-11-22 08:00:00,54.68,55.23,54.37,54.53,893664.07,0.0001
2023-11-22 16:00:00,54.94,57.67,54.4,57.34,1775262.1,0.0001
2023-11-23 00:00:00,57.55,58.49,56.98,57.64,917047.17,0.0001
2023-11-23 08:00:00,57.81,58.98,57.2,57.97,855837.5,0.0001
2023-11-24 00:00:00,56.52,57.6,56.2,57.28,528395.14,0.0001
2023-11-24 08:00:00,57.34,58.79,57.08,58.03,993196.92,0.0001
2023-11-24 16:00:00,58.13,58.43,56.82,57.14,746393.52,0.0001
2023-11-25 00:00:00,56.86,59.82,55.7,58.83,1668765.42,0.0001
2023-11-25 08:00:00,58.59,58.83,57.33,57.81,604978.82,0.0001
2023-11-25 16:00:00,58.55,59.7,58.34,59.03,607852.14,0.0001
2023-11-26 00:00:00,58.81,59.04,57.99,58.31,347330.45,0.0001
2023-11-26 08:00:00,58.4,58.63,57.75,57.86,374112.83,0.0001
2023-11-26 16:00:00,57.09,57.3,56.12,57.2,738890.77,0.0001
2023-11-27 00:00:00,57.57,58.09,56.15,56.6,528071.71,0.0001
2023-11-27 16:00:00,53.94,55.15,53.47,54.13,940354.36,0.0001
2023-11-28 00:00:00,55.06,55.42,54.62,54.96,507346.22,0.0001
2023-11-28 08:00:00,55.08,56.35,54.65,56.19,871902.04,0.0001
2023-11-28 16:00:00,56.05,58.4,55.95,58.04,1758369.37,0.0001
2023-11-29 08:00:00,59.37,61.78,59.36,60.64,1963614.53,0.0001
2023-11-29 16:00:00,60.06,60.39,58.88,60.06,1028232.13,0.0001
2023-11-30 00:00:00,59.31,60.75,58.75,60.42,856129.39,0.0001
2023-11-30 08:00:00,60.01,60.94,59.24,60.78,669029.99,0.0001
2023-11-30 16:00:00,59.6,60.0,58.96,59.99,625384.52,0.0001
2023-12-01 00:00:00,59.3,61.08,58.6,60.75,1050384.86,0.0001
2023-12-01 08:00:00,60.87,61.9,60.68,61.04,956545.49,0.0001
2023-12-01 16:00:00,60.13,61.66,59.87,60.51,1155640.4,0.0001
2023-12-02 00:00:00,59.74,61.15,59.67,61.01,603346.26,0.0001
2023-12-02 08:00:00,62.01,62.48,61.61,62.15,723255.49,0.00030174
2023-12-02 16:00:00,61.88,63.32,61.31,62.98,972267.68,0.0001
2023-12-03 00:00:00,63.66,65.53,63.51,64.09,1496475.59,0.0001
2023-12-03 08:00:00,63.95,64.13,63.03,63.52,501092.46,0.00020381
2023-12-03 16:00:00,62.99,63.02,62.22,62.94,479086.58,0.00018264
2023-12-04 00:00:00,62.99,64.88,62.92,64.23,1147886.74,0.0001
2023-12-04 08:00:00,63.69,64.35,59.75,62.11,2072881.97,0.00053853
2023-12-04 16:00:00,60.53,61.31,60.32,61.04,867857.85,0.0001
2023-12-05 00:00:00,61.63,62.17,59.66,60.62,1092424.75,0.0001
2023-12-05 08:00:00,59.69,60.44,59.43,60.16,655510.75,0.0001
2023-12-05 16:00:00,60.95,62.6,60.38,61.37,1530138.48,0.0001
2023-12-06 00:00:00,61.04,64.47,61.03,64.36,2619357.89,0.00025226
2023-12-06 08:00:00,63.35,66.68,62.0,63.05,3390580.58,0.00045867
2023-12-06 16:00:00,62.61,64.45,62.48,64.42,922672.67,0.00011861
2023-12-07 00:00:00,61.85,63.97,61.64,62.92,881565.57,0.0001
2023-12-07 08:00:00,63.36,64.32,61.78,64.18,1985622.8,0.0001
2023-12-07 16:00:00,65.81,67.49,64.5,64.77,2256278.76,0.00036868
2023-12-08 00:00:00,67.74,72.29,67.74,71.47,2689786.14,0.00061268
2023-12-08 08:00:00,71.38,73.78,70.45,72.95,1667551.94,0.00024053
2023-12-08 16:00:00,72.02,74.08,72.0,72.28,1510474.5,0.0002033
2023-12-09 00:00:00,74.93,75.53,72.9,74.16,1267033.58,0.00032215
2023-12-09 08:00:00,76.96,77.5,74.6,77.1,1793415.25,0.000394
2023-12-09 16:00:00,75.57,75.84,72.73,74.08,1303717.18,0.0001
2023-12-10 00:00:00,72.31,74.0,72.17,73.0,825597.81,0.00025874
2023-12-10 08:00:00,72.48,72.75,70.67,71.42,1200906.05,0.00037686
2023-12-10 16:00:00,73.72,74.1,72.16,73.47,747433.36,0.00020175
2023-12-11 00:00:00,74.88,75.0,64.18,70.88,3618084.48,0.00027221
2023-12-11 08:00:00,68.5,69.96,67.73,69.66,1440411.39,0.0001
2023-12-11 16:00:00,69.26,70.88,67.94,69.33,2578456.75,0.0001
2023-12-12 00:00:00,70.24,72.42,70.23,71.18,1414268.02,0.00023316
2023-12-12 08:00:00,71.76,72.2,70.5,70.61,1094171.06,0.00011574
2023-12-12 16:00:00,68.45,68.78,65.75,67.62,1718498.87,0.00011972
2023-12-13 00:00:00,68.6,68.76,65.12,65.48,1672081.87,0.0001
2023-12-13 08:00:00,64.9,66.6,64.79,65.38,904862.68,0.0001
2023-12-14 00:00:00,70.62,71.05,69.66,70.08,770545.75,0.0001
2023-12-14 08:00:00,71.52,73.7,71.06,73.53,1073890.17,0.0001
2023-12-14 16:00:00,71.65,74.48,71.64,73.28,1463114.91,0.0001
2023-12-15 00:00:00,75.68,75.85,73.98,74.38,999348.81,0.00016198
2023-12-15 08:00:00,76.63,79.31,76.16,79.14,1857901.38,0.0001688
2023-12-15 16:00:00,76.06,77.49,73.61,76.94,1411276.58,0.00032874
2023-12-16 00:00:00,72.51,74.41,71.18,74.21,1333578.07,0.0001
2023-12-16 08:00:00,74.39,75.15,73.77,75.15,606053.97,0.0001
2023-12-17 00:00:00,73.71,74.12,72.55,73.51,709526.62,0.0001
2023-12-17 08:00:00,72.38,73.32,71.82,73.08,544916.49,0.0001
2023-12-17 16:00:00,72.68,75.05,72.25,73.54,1266061.2,0.0001
2023-12-18 00:00:00,70.85,71.97,68.56,69.94,1377410.52,0.0001
2023-12-18 16:00:00,70.73,72.69,70.41,72.34,807723.38,0.0001
2023-12-19 00:00:00,74.41,76.09,73.83,75.27,1052506.6,0.0001
2023-12-19 08:00:00,75.71,76.11,74.49,74.63,817368.48,0.0001
2023-12-19 16:00:00,73.68,74.39,71.78,74.26,1132491.49,0.0001033
2023-12-20 00:00:00,73.0,75.11,72.96,74.92,1140457.36,0.0001
2023-12-20 08:00:00,76.07,78.6,75.5,77.07,1795182.79,0.00028564
2023-12-20 16:00:00,80.68,84.14,79.04,81.07,2762064.92,0.00018812
2023-12-21 00:00:00,82.22,84.69,81.03,83.38,1661051.44,0.0001
2023-12-21 08:00:00,86.84,88.42,85.13,87.01,1872791.21,0.0001
2023-12-21 16:00:00,87.5,95.35,87.48,92.89,3345450.82,0.0001
2023-12-22 00:00:00,93.86,99.5,93.06,97.77,2715075.81,0.00031152
2023-12-22 08:00:00,93.78,95.23,90.34,93.78,2257481.44,0.00036827
2023-12-22 16:00:00,96.31,97.63,93.34,96.91,1721157.74,0.00012814
2023-12-23 00:00:00,97.91,98.22,93.33,93.73,1142516.09,0.0001
2023-12-23 16:00:00,96.77,103.82,96.12,102.88,2468762.94,0.0001
2023-12-24 00:00:00,107.88,117.69,107.3,116.22,2737295.41,0.00034505
2023-12-24 08:00:00,114.5,114.7,107.58,110.34,2040168.03,0.00025777
2023-12-24 16:00:00,113.56,116.8,112.22,115.16,1674680.82,0.00012453
2023-12-25 00:00:00,112.45,113.07,107.92,112.03,1448513.16,0.0001913
2023-12-25 08:00:00,112.94,113.65,109.67,111.75,977878.38,0.00018571
2023-12-25 16:00:00,123.15,126.36,120.5,121.26,2603096.12,0.00063964
2023-12-26 00:00:00,120.91,121.36,116.69,119.37,1192461.25,0.00029627
2023-12-26 08:00:00,113.41,115.85,111.15,114.8,1682934.17,0.00012594
2023-12-26 16:00:00,110.52,112.91,102.09,106.65,3335379.75,0.00014423
2023-12-27 00:00:00,112.48,113.6,107.84,108.53,1318056.22,0.0001
2023-12-27 08:00:00,111.37,115.3,110.93,112.78,1386877.11,0.00041146
2023-12-27 16:00:00,107.79,110.67,104.58,109.02,2146513.86,0.00067699
2023-12-28 00:00:00,106.92,109.66,103.0,104.49,1813420.73,0.00053993
2023-12-28 08:00:00,105.84,106.15,103.16,104.86,1162756.05,0.00086297
2023-12-28 16:00:00,99.7,101.65,98.37,101.1,1414705.55,0.00084399
2023-12-29 08:00:00,105.13,110.0,104.98,107.56,1764653.76,0.00040365
2023-12-29 16:00:00,105.98,107.96,102.28,105.84,1944664.0,0.00044869
2023-12-30 08:00:00,103.45,103.47,100.62,102.16,895924.8,0.00024082
2023-12-30 16:00:00,104.27,104.97,102.6,103.26,709756.9,0.00030813
2023-12-31 00:00:00,101.9,102.93,99.54,100.65,636843.84,0.00034362
2023-12-31 16:00:00,102.49,104.48,102.3,103.77,420480.13,0.00041035
2024-01-01 00:00:00,101.72,104.75,101.51,103.07,691468.73,0.0002241
2024-01-01 08:00:00,102.49,104.95,101.78,104.32,644538.73,0.00032989
2024-01-01 16:00:00,105.99,109.07,105.83,108.81,1012433.63,0.00051477
2024-01-02 00:00:00,109.93,113.15,108.46,111.41,1512690.67,0.00057513
2024-01-02 08:00:00,114.47,116.95,112.55,113.86,1689851.48,0.00046798
2024-01-02 16:00:00,109.62,110.48,106.36,107.67,1187643.71,0.00096801
2024-01-03 00:00:00,106.72,108.7,106.48,108.11,722979.07,0.00032289
2024-01-03 08:00:00,107.8,109.38,102.3,103.42,1808389.76,0.00013468
2024-01-03 16:00:00,102.03,103.3,95.21,97.38,2476710.43,0.0001
2024-01-04 00:00:00,98.52,102.0,97.54,101.1,1015153.15,0.0001
2024-01-04 08:00:00,98.89,99.26,96.6,98.51,955438.12,0.0001
2024-01-04 16:00:00,103.66,106.86,101.49,105.16,1539521.95,0.0001
2024-01-05 08:00:00,101.16,103.17,99.07,99.62,1151219.59,0.0001
2024-01-05 16:00:00,98.03,98.89,95.23,97.95,1181102.33,0.0001
2024-01-06 00:00:00,99.93,100.3,97.76,98.66,508097.15,0.0001
2024-01-06 08:00:00,94.51,95.7,93.7,94.45,700329.54,0.0001
2024-01-06 16:00:00,95.18,97.24,94.52,95.05,847744.84,0.0001
2024-01-07 00:00:00,93.77,96.3,91.0,92.9,966038.99,0.0001
2024-01-08 00:00:00,89.44,90.9,85.16,87.25,2096259.51,0.0001
2024-01-08 08:00:00,89.68,92.24,88.48,92.23,986399.2,0.0001
2024-01-08 16:00:00,94.69,99.97,93.76,99.26,2243530.31,0.0001
2024-01-09 08:00:00,101.87,102.67,99.49,101.88,1038978.24,0.0001
2024-01-09 16:00:00,99.79,101.44,98.17,99.29,994213.37,0.0001
2024-01-10 00:00:00,99.36,100.21,97.53,99.65,709492.88,0.0001
2024-01-10 08:00:00,98.13,98.27,96.28,97.31,776426.81,0.0001
2024-01-10 16:00:00,94.77,98.39,93.99,96.31,1384266.48,0.0001
2024-01-11 00:00:00,101.99,102.15,99.16,100.32,1224556.67,0.0001
2024-01-11 08:00:00,99.71,104.59,99.55,104.43,1233820.61,0.0001
2024-01-11 16:00:00,100.79,101.53,97.67,101.36,1492324.36,0.0001
2024-01-12 08:00:00,98.83,99.13,97.58,98.22,730438.81,0.0001
2024-01-12 16:00:00,95.33,96.69,92.68,95.21,1380457.58,0.0001
2024-01-13 00:00:00,92.14,92.65,89.51,91.08,831445.34,0.0001
2024-01-13 08:00:00,92.56,93.19,91.52,92.24,425308.87,0.0001
2024-01-14 00:00:00,95.85,96.99,94.32,96.93,774777.38,0.0001
2024-01-14 08:00:00,98.28,98.6,96.59,96.74,488834.64,0.0001
2024-01-15 00:00:00,93.81,96.96,93.81,95.9,614603.3,0.0001
2024-01-15 08:00:00,95.58,95.98,94.41,95.52,497964.29,0.0001
2024-01-15 16:00:00,93.5,96.82,93.26,96.01,697166.4,0.0001
2024-01-16 00:00:00,94.35,96.24,94.34,96.19,478122.78,0.0001
2024-01-16 08:00:00,97.73,98.29,96.27,96.7,713722.7,0.0001
2024-01-17 00:00:00,97.6,101.09,97.31,99.96,980928.4,0.0001
2024-01-17 08:00:00,97.32,102.8,96.5,102.02,1444536.51,0.0001
2024-01-17 16:00:00,99.37,101.3,97.25,100.79,1318994.33,0.0001
2024-01-18 08:00:00,100.75,101.27,98.27,98.96,707369.81,0.0001
2024-01-18 16:00:00,98.25,98.26,91.41,92.36,2169693.49,0.0001
2024-01-19 00:00:00,94.39,94.79,91.47,93.09,835812.16,0.0001
2024-01-19 08:00:00,94.49,95.47,93.83,94.78,472898.75,0.0001
2024-01-20 00:00:00,93.62,94.27,92.04,93.58,471481.23,0.0001
2024-01-20 16:00:00,90.84,92.58,90.72,92.01,437341.24,0.0001
2024-01-21 00:00:00,92.88,93.38,91.84,92.92,288149.23,0.0001
2024-01-21 08:00:00,92.35,93.93,92.2,93.16,468292.13,0.0001
2024-01-21 16:00:00,92.51,92.89,91.67,92.46,280109.25,0.0001
2024-01-22 00:00:00,91.08,91.9,88.15,89.34,827111.27,0.0001
2024-01-22 08:00:00,89.22,89.22,86.2,88.36,1150124.98,0.0001
2024-01-22 16:00:00,87.29,87.67,82.06,83.64,2064016.57,0.0001
2024-01-23 00:00:00,83.84,85.9,83.6,85.18,672768.13,0.0001
2024-01-23 08:00:00,82.82,83.5,79.0,80.22,2335306.51,0.0001
2024-01-23 16:00:00,82.71,84.0,80.84,80.92,1508098.52,0.0001
2024-01-24 00:00:00,84.36,85.78,83.39,83.55,1275140.78,0.0001
2024-01-24 08:00:00,86.16,88.57,85.94,87.21,1164441.41,0.0001
2024-01-24 16:00:00,86.99,87.85,85.54,86.37,798965.49,0.0001
2024-01-25 00:00:00,88.77,89.64,87.69,88.35,687164.0,0.0001
2024-01-25 16:00:00,86.42,88.19,85.09,87.75,789642.97,0.0001
2024-01-26 08:00:00,87.03,92.4,87.01,91.95,1396067.64,0.0001
2024-01-26 16:00:00,92.42,93.72,92.22,92.84,953739.18,7.999e-05
2024-01-27 00:00:00,92.29,93.78,92.06,92.69,596870.97,0.0001
2024-01-27 08:00:00,91.21,92.29,90.68,92.02,459934.32,0.0001
2024-01-27 16:00:00,92.83,93.44,92.19,93.1,426141.43,0.0001
2024-01-28 00:00:00,94.27,96.76,93.31,96.65,758044.79,8.902e-05
2024-01-28 08:00:00,95.76,99.44,95.55,98.4,1116658.36,2.568e-05
2024-01-28 16:00:00,97.07,97.92,93.94,94.49,800496.46,0.0001
2024-01-29 00:00:00,95.99,98.99,95.06,97.85,840744.64,0.0001
2024-01-29 16:00:00,99.91,101.79,98.97,100.54,1792158.16,0.0001
2024-01-30 00:00:00,101.67,103.8,100.95,102.12,1148449.24,0.0001
2024-01-30 08:00:00,102.88,106.4,102.4,106.07,1239398.58,4.333e-05
2024-01-31 00:00:00,101.4,101.95,98.66,101.13,1553627.56,0.0001
2024-01-31 08:00:00,101.65,101.95,97.34,99.15,1369262.73,5.702e-05
2024-01-31 16:00:00,101.54,102.73,99.63,100.99,1489156.29,0.0001
2024-02-01 00:00:00,96.96,97.69,93.34,93.6,1728121.37,5.15e-05
2024-02-01 08:00:00,94.93,96.75,94.61,95.46,807367.79,0.0001
2024-02-02 00:00:00,97.81,100.05,97.39,98.97,1146659.81,0.0001
2024-02-02 08:00:00,101.21,102.35,99.92,101.97,763577.08,0.0001
2024-02-02 16:00:00,101.3,102.2,98.23,99.46,868757.02,0.0001
2024-02-03 00:00:00,100.57,101.24,99.15,99.23,474540.1,0.0001
2024-02-03 08:00:00,99.11,99.38,98.38,98.66,359769.72,9.726e-05
2024-02-04 00:00:00,97.95,98.59,96.86,98.35,427764.73,0.0001
2024-02-04 16:00:00,97.62,97.68,96.13,96.35,514023.06,0.0001
2024-02-05 00:00:00,95.48,96.2,94.11,96.04,691351.48,0.0001
2024-02-05 08:00:00,97.61,98.24,96.91,97.88,552295.49,0.0001
2024-02-05 16:00:00,95.61,96.53,95.34,95.94,569052.09,0.0001
2024-02-06 00:00:00,95.66,96.79,95.22,96.01,549428.62,5.616e-05
2024-02-06 16:00:00,95.76,97.67,95.11,97.58,724118.49,0.0001
2024-02-07 00:00:00,96.87,97.45,95.47,95.5,437450.37,0.0001
2024-02-07 08:00:00,95.58,96.0,94.62,95.14,614466.99,0.0001
2024-02-07 16:00:00,96.26,98.12,96.14,97.08,872832.59,0.0001
2024-02-08 00:00:00,101.14,102.54,100.92,101.77,981976.39,0.0001
2024-02-08 08:00:00,100.82,102.32,100.78,101.24,663320.12,0.0001
2024-02-08 16:00:00,104.83,104.92,101.75,102.31,934610.32,0.0001
2024-02-09 00:00:00,102.77,105.77,102.76,104.35,973905.65,7.069e-05
2024-02-09 08:00:00,105.28,106.4,103.88,105.89,1048113.9,3.075e-05
2024-02-10 08:00:00,108.86,109.65,107.22,108.14,816344.09,0.0001
2024-02-10 16:00:00,108.54,109.58,107.77,109.19,466641.54,0.0001
2024-02-11 00:00:00,109.01,109.75,107.75,109.43,493304.62,0.0001
2024-02-11 16:00:00,108.81,109.11,107.65,108.19,446521.69,0.0001
2024-02-12 00:00:00,107.46,109.34,104.56,106.27,984697.05,0.0001
2024-02-12 08:00:00,105.92,106.34,103.4,104.21,691564.24,0.0001
2024-02-12 16:00:00,108.87,111.3,107.56,109.79,1834446.52,0.0001
2024-02-13 00:00:00,111.65,114.99,111.64,113.02,1210726.48,0.0001
2024-02-13 08:00:00,114.02,115.15,112.28,114.14,724192.52,0.00014166
2024-02-13 16:00:00,110.33,112.32,108.25,111.51,992183.95,0.0001
2024-02-14 00:00:00,112.49,112.54,110.61,111.86,442337.39,0.0001
2024-02-14 08:00:00,113.06,116.4,112.76,115.66,1391445.01,0.0001
2024-02-14 16:00:00,116.89,117.0,115.0,116.06,779200.82,0.00029225
2024-02-15 00:00:00,116.97,118.39,115.92,117.23,747962.74,0.00013572
2024-02-15 08:00:00,115.0,117.02,114.72,116.07,586812.87,0.00015932
2024-02-15 16:00:00,114.04,115.06,112.88,114.02,846082.65,0.00012
2024-02-16 00:00:00,113.5,114.25,112.12,113.84,482046.57,0.00022371
2024-02-16 08:00:00,111.47,112.69,110.06,112.11,763495.82,0.00032087
2024-02-16 16:00:00,109.67,110.42,108.17,108.65,597058.16,0.00016914
2024-02-17 00:00:00,110.32,111.08,109.16,109.89,348388.49,0.00017661
2024-02-17 08:00:00,110.34,110.81,108.37,109.38,498632.11,0.00042046
2024-02-17 16:00:00,107.19,108.07,106.47,108.01,287673.79,0.00028279
2024-02-18 00:00:00,108.92,109.76,107.51,108.38,391800.87,0.00022777
2024-02-18 08:00:00,109.23,112.97,108.82,111.78,845291.67,0.00019395
2024-02-18 16:00:00,112.32,114.04,111.7,112.73,593702.07,0.00022192
2024-02-19 00:00:00,112.25,112.92,111.21,111.68,399749.34,0.0003023
2024-02-19 08:00:00,113.23,113.37,110.75,112.67,636455.16,0.00029566
2024-02-19 16:00:00,113.69,114.17,111.48,111.94,695200.5,0.00031944
2024-02-20 00:00:00,111.53,112.11,109.07,109.48,563570.58,0.0004747
2024-02-20 08:00:00,109.41,110.82,108.06,110.42,747892.14,0.00029934
2024-02-20 16:00:00,106.62,107.6,104.69,107.33,1097803.98,0.00031742
2024-02-21 00:00:00,108.32,108.4,106.39,106.63,479224.04,0.00016255
2024-02-21 08:00:00,104.85,105.6,102.28,102.73,1000943.35,0.0002531
2024-02-21 16:00:00,103.86,104.49,100.23,102.04,826865.31,0.0001773
2024-02-22 16:00:00,105.4,105.47,103.33,103.54,506803.21,0.00018339
2024-02-23 00:00:00,101.75,102.87,101.0,101.83,500181.43,0.00026289
2024-02-23 08:00:00,101.98,103.01,101.2,102.67,430739.21,0.00032841
2024-02-23 16:00:00,100.29,101.7,98.64,101.39,853409.86,0.00016957
2024-02-24 00:00:00,99.91,100.77,98.48,100.23,513081.4,0.00027113
2024-02-24 16:00:00,101.96,104.16,101.91,104.05,428486.5,0.0002623
2024-02-25 08:00:00,103.02,103.1,102.0,102.8,223440.98,0.00041614
2024-02-25 16:00:00,102.78,103.7,102.17,103.36,289063.97,0.00042645
2024-02-26 00:00:00,103.47,104.8,102.26,103.49,496546.78,0.00055329
2024-02-26 08:00:00,103.3,104.15,100.6,100.95,691208.73,0.00055349
2024-02-26 16:00:00,104.96,110.27,104.53,109.69,1935451.61,0.00038701
2024-02-27 00:00:00,109.9,112.3,109.21,110.17,1710593.93,0.00060184
2024-02-27 08:00:00,110.42,112.18,110.42,111.5,680935.57,0.00069189
2024-02-27 16:00:00,106.81,108.44,105.29,108.41,1093311.9,0.00051508
2024-02-28 00:00:00,108.35,109.32,107.25,107.56,550679.59,0.00032603
2024-02-28 08:00:00,110.09,114.98,109.21,111.39,2295962.23,0.00040753
2024-02-28 16:00:00,113.08,116.86,106.85,111.34,4497853.0,0.00078549
2024-02-29 00:00:00,119.03,124.34,117.15,123.52,2821535.99,0.00089
2024-02-29 08:00:00,125.5,132.94,125.2,129.18,3248143.12,0.00098885
2024-02-29 16:00:00,132.33,133.03,126.33,130.19,2122022.66,0.00081567
2024-03-01 00:00:00,125.68,137.2,125.61,133.94,2145029.58,0.00060436
2024-03-01 08:00:00,131.91,135.47,130.75,135.37,1045997.04,0.00061591
2024-03-01 16:00:00,131.18,133.7,129.35,130.93,1365118.01,0.00066424
2024-03-02 00:00:00,129.43,131.69,127.2,130.06,1210897.68,0.00073268
2024-03-02 16:00:00,127.92,130.79,127.46,130.63,570561.75,0.00063147
2024-03-03 00:00:00,130.03,130.73,128.23,130.15,832966.28,0.00076414
2024-03-03 08:00:00,126.77,131.35,125.0,128.71,1366331.52,0.0005416
2024-03-03 16:00:00,129.35,131.14,128.77,130.17,639974.9,0.00058338
2024-03-04 00:00:00,130.16,133.0,128.42,128.98,1191076.63,0.00070533
2024-03-04 08:00:00,129.61,134.95,129.47,132.58,1884236.88,0.00072401
2024-03-04 16:00:00,131.76,132.03,127.35,129.53,1842269.14,0.00073074
2024-03-05 00:00:00,133.26,133.34,129.18,130.13,1346230.76,0.00071628
2024-03-05 08:00:00,129.48,132.16,128.93,130.68,884966.69,0.00119261
2024-03-05 16:00:00,139.19,140.59,105.0,119.24,5244447.06,0.0011456
2024-03-06 00:00:00,125.31,126.87,120.0,122.38,1445796.7,0.0001
2024-03-06 16:00:00,128.23,132.0,128.03,130.81,1208430.97,0.00038317
2024-03-07 00:00:00,130.8,141.77,130.52,138.19,2756447.56,0.00038906
2024-03-07 08:00:00,138.25,144.45,138.06,140.28,1842672.66,0.00054339
2024-03-07 16:00:00,145.92,149.3,145.21,148.75,1293664.81,0.00052411
2024-03-08 00:00:00,143.82,146.48,143.03,144.29,781845.67,0.00059435
2024-03-08 08:00:00,144.48,149.18,144.31,148.98,902492.26,0.00055843
2024-03-08 16:00:00,145.38,150.72,142.03,147.8,1959615.09,0.00053032
2024-03-09 00:00:00,144.79,147.0,143.8,145.76,763013.0,0.00048054
2024-03-09 16:00:00,147.0,147.22,143.54,145.34,753323.95,0.00044156
2024-03-10 00:00:00,144.3,148.31,143.8,146.71,723809.7,0.00040915
2024-03-10 08:00:00,148.27,148.49,144.88,145.42,781503.08,0.00084919
2024-03-10 16:00:00,142.91,145.32,142.78,145.11,578678.59,0.00033129
2024-03-11 00:00:00,144.39,144.5,136.49,141.17,1822617.17,0.00023257
2024-03-11 08:00:00,147.85,150.2,147.5,148.26,1648230.26,0.00066664
2024-03-11 16:00:00,147.06,148.31,145.76,146.67,937736.5,0.00081096
2024-03-12 00:00:00,148.83,155.0,147.12,150.9,1529311.97,0.00071463
2024-03-12 08:00:00,151.86,153.19,147.9,150.45,1144017.4,0.00073858
2024-03-12 16:00:00,150.23,150.95,141.5,149.88,2196939.88,0.00055607
2024-03-13 00:00:00,151.06,151.64,148.71,149.28,668474.65,0.00064251
2024-03-13 16:00:00,157.25,161.89,156.59,161.44,1431575.0,0.00064562
2024-03-14 08:00:00,168.3,174.07,168.14,173.09,1525778.71,0.0005183
2024-03-14 16:00:00,167.64,170.2,159.2,162.42,2296858.46,0.00052725
2024-03-15 00:00:00,176.65,186.77,170.0,176.02,4125370.14,0.00063046
2024-03-15 08:00:00,176.07,177.22,164.5,170.0,3169022.05,0.00034279
2024-03-15 16:00:00,181.85,188.98,178.18,183.32,2212480.11,0.0002746
2024-03-16 00:00:00,183.95,189.11,180.41,187.62,1431059.13,0.00014955
2024-03-16 08:00:00,192.93,197.95,190.51,192.68,2159303.74,0.00020435
2024-03-16 16:00:00,195.09,195.65,178.61,180.08,2754005.06,0.00015327
2024-03-17 00:00:00,182.05,189.39,181.75,186.5,2042310.21,0.00014108
2024-03-17 08:00:00,181.85,193.82,179.8,191.94,1862858.1,0.0001
2024-03-17 16:00:00,195.6,198.27,192.25,195.7,1069978.76,0.00030858
2024-03-18 00:00:00,201.85,205.49,193.8,203.93,1794881.92,0.00033129
2024-03-18 08:00:00,203.23,210.18,197.9,208.08,3035253.07,0.00028956
2024-03-19 00:00:00,195.92,198.68,180.11,184.21,3021264.13,0.0002092
2024-03-19 08:00:00,186.14,186.2,170.0,177.84,3392104.34,0.00020307
2024-03-20 00:00:00,169.82,177.03,169.29,169.84,2012298.82,0.00018828
2024-03-20 16:00:00,170.54,184.99,165.51,182.54,2876238.15,0.00010917
2024-03-21 00:00:00,191.76,195.68,189.3,190.28,1366473.43,0.00015928
2024-03-21 08:00:00,188.56,191.6,185.01,189.13,1126070.66,0.00030752
2024-03-21 16:00:00,185.32,187.95,177.03,177.91,1715999.14,0.00014524
2024-03-22 00:00:00,179.46,181.95,173.94,179.06,1144824.23,0.00014092
2024-03-22 08:00:00,179.07,180.2,171.62,172.05,1020506.52,0.00014802
2024-03-22 16:00:00,171.67,173.66,168.78,172.81,683354.41,0.00016161
2024-03-23 00:00:00,175.21,178.14,170.38,171.9,975886.33,0.00015244
2024-03-23 08:00:00,175.98,177.11,174.03,175.85,514633.1,0.00015091
2024-03-23 16:00:00,175.16,176.74,173.74,174.79,415032.51,0.00016841
2024-03-24 00:00:00,172.65,177.39,171.5,171.7,622479.41,0.00017713
2024-03-24 08:00:00,173.54,176.15,173.0,174.84,501816.81,0.00015435
2024-03-24 16:00:00,176.2,176.98,172.43,176.09,555272.0,0.00025686
2024-03-25 00:00:00,183.87,185.47,180.92,184.81,767364.21,0.00021466
2024-03-25 16:00:00,192.78,194.5,190.35,192.24,865206.62,0.00020373
2024-03-26 00:00:00,188.98,192.05,188.07,191.64,577089.62,0.00039207
2024-03-26 08:00:00,194.0,196.26,192.01,194.8,609100.3,0.00020767
2024-03-26 16:00:00,190.35,191.5,186.0,188.29,958384.38,0.00025173
2024-03-27 00:00:00,190.46,192.74,188.69,189.99,582765.6,0.00032068
2024-03-27 16:00:00,181.11,184.18,180.0,182.68,696068.78,0.00025221
2024-03-28 00:00:00,186.34,188.09,180.92,182.17,635251.95,0.00026487
2024-03-28 08:00:00,187.32,188.59,184.7,185.39,580940.37,0.00039989
2024-03-28 16:00:00,187.36,187.39,184.49,186.27,453595.95,0.00036742
2024-03-29 00:00:00,189.64,190.74,187.6,188.34,554962.94,0.00045018
2024-03-29 08:00:00,183.63,186.45,183.44,185.83,468973.79,0.00035449
2024-03-29 16:00:00,184.92,187.72,184.33,187.69,441195.45,0.00040773
2024-03-30 00:00:00,192.02,194.52,190.71,192.77,571109.14,0.00052381
2024-03-30 08:00:00,195.76,198.8,193.19,197.76,606776.8,0.00055026
2024-03-30 16:00:00,196.3,197.9,193.44,195.45,380115.04,0.00058211
2024-03-31 00:00:00,194.19,197.31,193.69,194.29,378849.32,0.00044594
2024-03-31 08:00:00,196.75,197.21,195.43,195.83,279839.23,0.00046087
2024-04-01 00:00:00,202.45,204.46,200.82,202.58,550251.68,0.00083459
2024-04-01 08:00:00,197.96,198.0,194.73,195.14,567144.12,0.00044327
2024-04-01 16:00:00,188.08,193.52,187.28,193.33,670939.57,0.00031429
2024-04-02 16:00:00,177.43,186.89,176.77,185.69,1199484.48,0.00015893
2024-04-03 00:00:00,181.53,189.09,176.92,188.47,1214450.42,0.0001096
2024-04-03 08:00:00,189.54,191.66,186.41,187.75,662778.87,0.0001
2024-04-03 16:00:00,189.06,191.03,184.09,185.65,801656.64,0.00016154
2024-04-04 00:00:00,185.05,187.4,180.83,181.52,633486.89,0.0001
2024-04-04 08:00:00,184.96,186.34,184.43,185.62,387467.32,0.0001
2024-04-04 16:00:00,187.0,190.13,185.47,185.66,647857.69,0.00016815
2024-04-05 00:00:00,184.0,185.07,177.6,179.42,609809.99,0.0001
2024-04-05 08:00:00,175.04,177.1,169.11,169.76,1021248.4,0.0001
2024-04-05 16:00:00,175.89,176.9,172.44,175.4,473629.57,0.0001
2024-04-06 00:00:00,174.37,176.55,173.54,175.93,367899.21,0.0001
2024-04-06 08:00:00,177.27,178.45,175.28,175.69,333909.47,0.0001
2024-04-06 16:00:00,177.16,178.99,176.5,177.37,423059.92,0.0001
2024-04-07 00:00:00,178.69,182.71,177.26,180.65,550262.6,0.0001
2024-04-07 08:00:00,179.74,180.87,178.66,180.73,223360.58,0.0001
2024-04-07 16:00:00,179.65,182.68,177.69,178.27,461763.69,0.0001
2024-04-08 08:00:00,180.15,184.68,179.72,182.74,1183898.63,0.00025466
2024-04-09 00:00:00,180.68,180.9,176.5,177.5,427610.03,0.00013524
2024-04-10 00:00:00,172.41,173.09,169.24,171.39,696476.3,0.00036513
2024-04-10 16:00:00,167.92,173.08,167.0,171.31,899262.55,0.00017163
2024-04-11 00:00:00,173.3,173.38,171.09,172.76,438468.34,0.00027306
2024-04-11 08:00:00,174.46,175.4,170.14,170.52,503011.45,0.00024101
2024-04-11 16:00:00,173.4,176.32,172.0,174.63,655163.38,0.00027676
2024-04-12 00:00:00,172.37,174.34,172.33,174.06,396620.46,0.00026578
2024-04-12 16:00:00,167.35,167.82,141.0,149.26,3242380.93,0.00025596
2024-04-13 00:00:00,153.16,153.46,145.47,151.77,1697661.28,0.0001
2024-04-13 08:00:00,151.02,153.39,149.46,151.23,675791.9,0.0001
2024-04-14 00:00:00,138.47,140.96,130.45,134.91,2765871.2,0.0001
2024-04-14 08:00:00,144.05,145.6,138.25,138.84,1375202.09,0.0001
2024-04-14 16:00:00,137.99,143.16,133.44,141.78,2453291.92,0.0001
2024-04-15 00:00:00,151.26,151.27,146.4,148.11,1218605.26,9.686e-05
2024-04-15 16:00:00,143.32,144.56,133.56,137.89,2472010.33,6.37e-05
2024-04-16 08:00:00,137.86,138.04,129.77,136.18,1552370.57,4.459e-05
2024-04-16 16:00:00,127.61,135.43,126.4,132.14,2309035.2,2.516e-05
2024-04-17 00:00:00,136.21,138.24,134.88,137.41,803624.48,-2.599e-05
2024-04-17 08:00:00,139.46,140.25,134.0,134.29,909203.07,3.33e-06
2024-04-17 16:00:00,128.72,137.91,126.87,134.62,2066828.4,0.0001
2024-04-18 00:00:00,131.84,136.65,129.65,135.58,1118786.56,6.888e-05
2024-04-18 08:00:00,129.44,137.0,127.62,135.81,1512577.78,7.203e-05
2024-04-18 16:00:00,139.0,141.53,135.51,140.29,966096.32,6.59e-05
2024-04-19 08:00:00,143.31,146.01,142.31,144.44,1380028.93,4.68e-05
2024-04-19 16:00:00,146.18,147.46,143.61,145.49,1010461.3,2.007e-05
2024-04-20 00:00:00,142.5,143.5,139.66,142.4,956835.99,0.0001
2024-04-20 08:00:00,143.52,143.57,140.0,141.55,639597.43,4.184e-05
2024-04-20 16:00:00,147.2,151.99,146.32,151.2,1205586.89,6.594e-05
2024-04-21 00:00:00,151.21,153.5,148.07,150.63,822390.07,7.055e-05
2024-04-21 08:00:00,151.12,152.65,149.57,151.46,597151.87,-2.982e-05
2024-04-21 16:00:00,150.14,150.32,146.68,148.0,645148.72,4.268e-05
2024-04-22 00:00:00,148.81,151.5,146.63,150.35,1037867.97,3.735e-05
2024-04-22 08:00:00,153.63,154.64,152.23,153.28,594572.4,8.512e-05
2024-04-22 16:00:00,153.44,156.11,152.41,154.55,686201.58,-3.018e-05
2024-04-23 00:00:00,156.94,159.33,155.43,155.51,670154.05,-1.27e-05
2024-04-23 08:00:00,153.62,155.6,153.16,154.08,535694.48,-4.214e-05
2024-04-24 00:00:00,154.75,158.89,154.42,156.73,862194.63,9.77e-06
2024-04-24 08:00:00,157.84,159.39,156.5,159.33,559650.23,6.43e-06
2024-04-24 16:00:00,151.51,153.85,147.4,149.83,1488552.87,0.0001
2024-04-25 00:00:00,147.79,149.6,144.75,146.03,841499.69,0.0001
2024-04-25 08:00:00,146.3,147.5,143.13,144.8,902302.33,2.239e-05
2024-04-26 08:00:00,143.46,144.6,142.26,143.15,482312.43,8.426e-05
2024-04-26 16:00:00,142.7,144.25,141.69,142.65,406828.41,8.505e-05
2024-04-27 00:00:00,139.23,140.22,132.88,136.3,1188124.86,5.384e-05
2024-04-27 16:00:00,137.72,142.5,137.46,142.3,842271.15,2.358e-05
2024-04-28 00:00:00,141.31,144.82,140.74,143.83,459454.4,2.733e-05
2024-04-28 08:00:00,143.54,143.93,140.89,141.2,476500.19,3.029e-05
2024-04-28 16:00:00,141.98,144.0,141.79,142.06,269220.83,0.0001
2024-04-29 00:00:00,137.99,138.93,134.52,134.93,635721.83,0.0001
2024-04-29 08:00:00,134.95,136.71,133.67,134.68,573284.528,0.0001
2024-04-29 16:00:00,136.49,136.68,133.38,134.98,1077050.195,0.0001
2024-04-30 00:00:00,137.79,139.77,134.98,136.51,573186.102,6.384e-05
2024-04-30 08:00:00,135.08,135.53,128.26,128.78,1198528.552,0.0001
2024-04-30 16:00:00,127.75,127.75,121.21,123.04,1432050.873,4.102e-05
2024-05-01 00:00:00,126.76,127.57,123.77,126.23,812778.056,-3.566e-05
2024-05-01 08:00:00,120.57,123.09,118.6,123.06,1211712.457,0.0001
2024-05-01 16:00:00,123.4,135.97,122.64,129.73,2451603.724,9.105e-05
2024-05-02 00:00:00,134.64,134.98,128.66,130.06,1006311.599,3.78e-06
2024-05-02 08:00:00,131.38,138.97,131.08,138.74,1256214.232,7.951e-05
2024-05-03 00:00:00,137.58,141.96,136.72,141.01,761263.867,5.799e-05
2024-05-03 08:00:00,137.23,139.18,135.88,136.88,633247.046,-5.326e-05
2024-05-03 16:00:00,142.09,143.16,141.14,142.77,396575.749,3.126e-05
2024-05-04 00:00:00,143.7,145.0,142.22,144.22,439188.913,-8.768e-05
2024-05-04 08:00:00,143.96,149.14,143.92,146.49,586964.44,1.077e-05
2024-05-04 16:00:00,146.18,147.5,145.25,147.4,320023.304,1.309e-05
2024-05-05 00:00:00,146.05,147.25,143.1,144.62,543704.63,5.621e-05
2024-05-05 08:00:00,145.65,146.74,145.11,146.63,230166.448,8.266e-05
2024-05-05 16:00:00,147.5,147.88,145.67,146.07,303431.932,7.548e-05
2024-05-06 00:00:00,145.74,148.08,145.4,146.28,329110.456,5.854e-05
2024-05-06 08:00:00,148.74,156.89,148.73,153.99,1552163.984,5.22e-05
2024-05-06 16:00:00,153.83,154.21,150.84,153.48,646364.885,0.0001
2024-05-07 00:00:00,152.81,158.05,151.92,153.89,804075.532,7.714e-05
2024-05-07 08:00:00,155.14,159.19,154.84,154.97,914361.312,-1.698e-05
2024-05-07 16:00:00,154.7,155.5,150.77,151.19,689629.914,2.502e-05
2024-05-08 00:00:00,148.03,149.96,147.2,149.5,517330.2,0.0001
2024-05-08 08:00:00,146.41,147.0,144.78,145.39,568455.844,0.0001
2024-05-08 16:00:00,145.86,149.12,144.65,145.48,790333.054,0.0001
2024-05-09 00:00:00,142.17,144.87,141.92,144.14,431615.652,5.327e-05
2024-05-09 08:00:00,143.26,144.01,140.61,142.8,550536.29,8.335e-05
2024-05-09 16:00:00,146.47,150.98,145.73,150.86,709853.806,7.648e-05
2024-05-10 00:00:00,152.56,155.0,151.34,153.93,479082.477,2.012e-05
2024-05-10 08:00:00,154.35,155.18,152.97,155.01,398796.996,5.156e-05
2024-05-10 16:00:00,146.95,148.78,145.12,147.17,852954.227,0.0001
2024-05-11 00:00:00,146.02,147.7,143.33,143.64,580791.517,4.734e-05
2024-05-11 08:00:00,145.77,145.86,143.12,144.25,303068.822,9.445e-05
2024-05-11 16:00:00,145.65,146.71,144.81,146.44,271612.524,5.096e-05
2024-05-12 00:00:00,145.42,146.95,145.2,146.4,165344.663,4.613e-05
2024-05-12 08:00:00,144.23,146.36,143.83,145.07,288121.494,2.9e-05
2024-05-12 16:00:00,145.2,146.4,144.35,144.96,199633.536,6.071e-05
2024-05-13 16:00:00,147.26,150.88,145.79,148.81,745705.742,9.778e-05
2024-05-14 00:00:00,147.53,148.27,145.7,146.34,403642.992,0.0001
2024-05-14 08:00:00,146.54,147.48,145.36,146.59,359150.5,8.969e-05
2024-05-14 16:00:00,142.92,144.68,141.82,143.8,624451.867,4.564e-05
2024-05-15 00:00:00,142.03,144.18,141.21,143.96,309201.85,1.738e-05
2024-05-15 08:00:00,144.28,146.08,143.11,144.19,519164.028,1.895e-05
2024-05-15 16:00:00,151.61,155.0,150.99,154.92,766870.207,8.36e-05
2024-05-16 08:00:00,162.78,164.79,161.77,163.73,514599.316,0.0001
2024-05-16 16:00:00,160.46,160.55,156.46,159.08,748831.648,0.0001
2024-05-17 00:00:00,159.36,162.85,159.32,162.19,588047.871,7.45e-05
2024-05-17 08:00:00,169.2,170.0,167.21,167.46,610247.53,3.361e-05
2024-05-17 16:00:00,169.68,174.0,166.19,168.89,769476.707,4.112e-05
2024-05-18 00:00:00,169.43,174.86,168.65,173.2,634933.988,4.208e-05
2024-05-18 08:00:00,172.3,176.06,172.13,174.4,660216.982,2.883e-05
2024-05-18 16:00:00,172.42,172.65,170.0,172.25,474927.8,6.893e-05
2024-05-19 00:00:00,172.4,175.16,171.98,174.32,311572.914,3.799e-05
2024-05-19 08:00:00,174.16,174.58,170.79,171.76,471822.501,1.875e-05
2024-05-19 16:00:00,168.28,171.79,167.24,169.3,524725.023,8.795e-05
2024-05-20 00:00:00,169.93,173.5,167.47,172.15,515680.309,0.0001
2024-05-20 08:00:00,178.02,179.41,175.69,177.7,642669.749,0.0001
2024-05-21 00:00:00,186.69,188.89,182.79,184.27,940460.074,0.0001
2024-05-21 16:00:00,176.75,178.92,174.37,175.3,697821.692,0.0001
2024-05-22 00:00:00,178.15,179.29,176.51,177.95,396884.921,0.0001
2024-05-22 08:00:00,179.89,181.35,178.02,178.06,436735.778,0.0001
2024-05-22 16:00:00,181.39,185.0,177.35,178.36,851111.089,0.0001
2024-05-23 00:00:00,176.96,179.37,175.62,178.79,379238.549,0.0001
2024-05-23 08:00:00,177.45,177.98,172.59,175.67,963573.065,0.0001
2024-05-23 16:00:00,172.69,175.25,170.54,170.92,534440.056,0.0001
2024-05-24 00:00:00,176.15,176.15,171.53,172.01,782830.773,0.0001
2024-05-24 08:00:00,166.15,166.62,162.5,166.34,932422.118,0.0001
2024-05-24 16:00:00,167.29,170.61,164.73,168.33,600377.852,0.0001
2024-05-25 00:00:00,167.7,169.8,165.9,169.66,356935.032,0.0001
2024-05-25 08:00:00,168.99,170.55,168.37,168.61,394336.979,0.0001
2024-05-25 16:00:00,167.83,168.08,166.35,167.23,283289.871,0.0001
2024-05-26 00:00:00,168.35,168.4,164.81,166.28,375134.79,0.0001
2024-05-26 08:00:00,165.33,165.65,162.23,164.02,715298.217,0.0001
2024-05-26 16:00:00,162.85,163.49,161.14,162.71,622801.152,0.0001
2024-05-27 00:00:00,163.42,166.65,163.26,165.38,580611.171,0.0001
2024-05-27 08:00:00,165.53,168.08,165.0,167.74,517665.741,0.0001
2024-05-27 16:00:00,171.03,172.28,166.98,168.65,660496.813,0.0001
2024-05-28 00:00:00,170.15,172.09,166.05,167.4,701626.042,0.0001
2024-05-28 08:00:00,166.1,170.38,165.88,169.81,542867.486,0.0001
2024-05-28 16:00:00,168.3,170.78,166.0,170.39,605597.764,0.00014129
2024-05-29 08:00:00,170.81,171.06,167.56,168.28,565052.797,0.00013729
2024-05-29 16:00:00,168.61,171.86,167.53,169.41,614669.599,0.0001
2024-05-30 00:00:00,168.32,170.97,167.9,169.99,336282.029,0.0001
2024-05-30 08:00:00,164.99,167.28,163.55,166.2,498420.891,0.0001
2024-05-30 16:00:00,168.47,173.0,167.88,168.42,757940.496,0.0001
2024-05-31 00:00:00,166.88,167.56,165.52,167.24,237144.66,0.0001
2024-05-31 08:00:00,166.62,168.98,166.03,168.75,343860.024,0.0001
2024-05-31 16:00:00,164.81,167.01,163.67,166.33,456687.321,0.0001
2024-06-01 00:00:00,165.65,167.82,165.64,167.02,229778.357,0.00016081
2024-06-01 08:00:00,166.85,167.36,166.56,166.88,181278.299,0.00011764
2024-06-02 00:00:00,166.14,167.1,165.42,166.2,225049.675,0.00016684
2024-06-02 08:00:00,165.02,166.16,164.0,166.05,276064.453,0.0001
2024-06-02 16:00:00,165.17,165.37,161.32,163.12,498173.663,0.0001
2024-06-03 00:00:00,163.14,165.23,161.79,163.59,372640.329,0.00012157
2024-06-03 08:00:00,165.35,166.85,164.51,164.83,271345.305,0.00010832
2024-06-03 16:00:00,164.84,166.99,163.5,166.93,502979.788,0.00011323
2024-06-04 00:00:00,164.9,166.83,164.31,166.47,190345.46,0.00015497
2024-06-04 08:00:00,165.25,165.84,164.45,165.51,212597.783,0.00013282
2024-06-04 16:00:00,167.92,170.39,167.78,169.47,673334.684,0.00016338
2024-06-05 00:00:00,171.78,174.86,171.11,172.97,657174.08,0.00021045
2024-06-05 08:00:00,173.43,174.11,172.1,172.85,319926.489,0.00023899
2024-06-05 16:00:00,174.74,175.6,172.5,172.97,485955.894,0.00021842
2024-06-06 00:00:00,173.55,174.4,173.16,173.85,191872.533,0.00016193
2024-06-06 16:00:00,172.99,173.07,168.65,169.12,550779.569,0.00020758
2024-06-07 00:00:00,170.15,170.6,168.99,170.57,216253.466,0.0001
2024-06-07 08:00:00,172.01,172.4,170.93,172.2,213503.695,0.00016418
2024-06-07 16:00:00,170.15,170.36,152.92,162.01,1898650.271,0.0001698
2024-06-08 00:00:00,162.51,163.13,161.88,162.7,258142.126,0.0001
2024-06-08 08:00:00,163.6,163.64,160.05,160.48,256348.258,0.0001
2024-06-08 16:00:00,160.15,161.05,158.82,159.85,299465.812,0.0001
2024-06-09 00:00:00,157.83,158.8,156.52,157.78,246099.469,0.0001
2024-06-09 08:00:00,159.02,159.81,158.58,159.44,188814.247,0.0001
2024-06-10 00:00:00,162.12,162.18,159.65,159.87,138509.877,0.0001
2024-06-10 08:00:00,157.62,160.22,157.54,159.46,259285.866,0.0001
2024-06-11 08:00:00,153.39,155.3,152.72,153.89,427270.454,0.0001
2024-06-11 16:00:00,147.66,149.8,145.2,149.23,725789.378,0.0001
2024-06-12 00:00:00,149.31,149.88,145.44,149.65,410129.708,0.0001
2024-06-12 08:00:00,151.78,153.56,150.93,151.74,358621.513,0.0001
2024-06-12 16:00:00,158.85,159.81,151.16,153.33,1221325.229,0.0001
2024-06-13 00:00:00,155.21,155.21,149.65,151.55,511186.403,0.0001
2024-06-13 16:00:00,146.87,148.94,146.23,147.73,410496.886,0.0001
2024-06-14 00:00:00,147.29,148.52,145.89,147.5,354002.109,0.0001
2024-06-14 08:00:00,147.62,148.75,147.16,148.1,286751.237,8.277e-05
2024-06-14 16:00:00,143.78,144.1,139.67,141.8,1096607.766,9.897e-05
2024-06-15 00:00:00,143.04,144.95,142.92,144.94,220506.983,0.0001
2024-06-15 08:00:00,143.78,144.64,143.0,144.5,192093.539,0.0001
2024-06-15 16:00:00,145.18,145.78,144.1,144.66,205542.915,0.0001
2024-06-16 08:00:00,144.5,145.74,143.82,145.0,149891.103,0.0001
2024-06-16 16:00:00,148.52,149.36,147.6,148.78,266388.046,3.192e-05
2024-06-17 00:00:00,151.3,151.79,147.08,147.36,359464.384,0.0001
2024-06-17 08:00:00,146.61,147.28,141.66,143.94,672321.274,0.0001
2024-06-17 16:00:00,141.23,146.82,139.85,144.57,825894.678,7.161e-05
2024-06-18 00:00:00,143.28,143.82,127.95,135.62,2496519.16,7.592e-05
2024-06-18 08:00:00,136.71,138.85,135.61,137.16,629381.282,-8.849e-05
2024-06-18 16:00:00,136.01,136.16,130.41,133.14,687486.899,0.0001
2024-06-19 16:00:00,136.93,139.05,135.59,136.67,685889.796,6.996e-05
2024-06-20 00:00:00,135.62,137.24,132.6,133.06,533789.76,7.341e-05
2024-06-20 08:00:00,137.19,141.29,136.42,139.34,626276.454,1.175e-05
2024-06-20 16:00:00,133.27,135.83,131.9,134.25,481940.057,-2.605e-05
2024-06-21 00:00:00,133.55,134.85,131.71,132.68,476782.883,8.76e-06
2024-06-21 08:00:00,131.43,132.8,129.66,132.08,547796.669,4.454e-05
2024-06-21 16:00:00,131.41,133.95,128.76,132.64,567403.184,4.111e-05
2024-06-22 00:00:00,134.61,135.28,133.0,135.07,281944.938,7.06e-05
2024-06-22 08:00:00,134.85,134.94,133.7,134.52,235382.591,-2.362e-05
2024-06-22 16:00:00,134.25,135.0,133.91,134.47,173415.597,0.0001
2024-06-23 00:00:00,133.7,135.09,133.59,134.77,212031.417,7.846e-05
2024-06-23 08:00:00,134.71,134.83,133.48,134.03,134263.525,3.933e-05
2024-06-23 16:00:00,131.58,132.53,130.43,131.46,281907.731,4.131e-05
2024-06-24 08:00:00,125.21,127.5,122.0,127.07,1201541.584,3.318e-05
2024-06-24 16:00:00,126.31,130.38,125.85,127.49,1066240.103,2.872e-05
2024-06-25 00:00:00,132.34,136.58,131.2,135.79,679433.479,1.182e-05
2024-06-25 08:00:00,134.82,139.16,133.47,137.8,800601.431,-3.228e-05
2024-06-25 16:00:00,139.43,139.6,137.01,138.75,600620.231,8.255e-05
2024-06-26 08:00:00,137.94,138.17,136.03,137.32,340422.215,0.0001
2024-06-26 16:00:00,136.89,137.83,134.85,137.76,439031.238,0.0001
2024-06-27 00:00:00,136.81,137.94,135.61,137.52,284568.837,0.0001
2024-06-27 16:00:00,147.77,149.44,146.61,148.46,494099.961,0.0001
2024-06-28 00:00:00,149.71,150.84,146.51,147.54,524051.981,0.0001
2024-06-28 08:00:00,145.38,146.2,144.77,145.5,289064.716,8.707e-05
2024-06-28 16:00:00,143.22,143.97,140.12,140.98,649630.663,9.286e-05
2024-06-29 08:00:00,142.0,143.26,141.49,142.66,312632.007,0.0001
2024-06-29 16:00:00,142.67,142.83,140.82,141.72,145414.337,0.0001
2024-06-30 00:00:00,140.28,141.09,138.02,138.3,301986.888,0.0001
2024-06-30 08:00:00,140.65,141.79,140.34,141.18,273357.972,0.0001
2024-06-30 16:00:00,143.82,145.9,142.75,144.82,339680.834,0.0001
2024-07-01 00:00:00,146.61,149.13,145.97,147.61,480564.952,8.734e-05
2024-07-01 08:00:00,148.3,149.09,145.87,146.14,408230.012,5.816e-05
2024-07-02 00:00:00,146.68,149.91,146.14,149.16,278596.94,0.0001
2024-07-02 08:00:00,147.43,150.1,146.88,149.68,354728.174,7.576e-05
2024-07-02 16:00:00,148.4,153.82,147.65,152.79,630246.386,2.759e-05
2024-07-03 00:00:00,154.03,154.5,149.2,150.56,618380.397,0.0001
2024-07-03 16:00:00,141.68,143.23,139.12,140.43,649808.432,0.0001
2024-07-04 00:00:00,140.84,142.75,132.21,137.08,1350869.938,0.0001
2024-07-04 08:00:00,134.4,135.95,132.25,132.73,824979.017,8.877e-05
2024-07-04 16:00:00,135.4,135.98,133.66,134.0,536722.825,4.97e-05
2024-07-05 00:00:00,127.85,129.16,121.0,123.67,2287258.567,-9.47e-06
2024-07-05 08:00:00,126.72,130.86,122.07,130.13,1409241.491,5.21e-05
2024-07-05 16:00:00,134.94,136.58,133.71,134.97,770605.602,-0.0001139
2024-07-06 00:00:00,134.32,137.83,132.33,134.44,507174.323,7.35e-05
2024-07-06 08:00:00,136.93,140.62,136.44,138.75,705959.189,4.265e-05
2024-07-06 16:00:00,141.88,143.54,140.72,142.82,414481.745,-0.00012992
2024-07-07 08:00:00,139.09,140.68,138.75,139.89,220905.554,0.0001
2024-07-07 16:00:00,137.08,139.6,136.76,137.33,288342.957,0.0001
2024-07-08 00:00:00,131.64,132.97,127.77,130.71,1196437.187,0.0001
2024-07-08 08:00:00,132.6,142.0,132.35,140.61,1457928.673,-5.629e-05
2024-07-08 16:00:00,137.44,138.61,135.0,138.29,522437.463,0.0001
2024-07-09 00:00:00,139.81,141.2,136.45,140.44,633380.571,0.0001
2024-07-09 16:00:00,140.52,143.13,140.08,142.12,444211.259,4.22e-05
2024-07-10 00:00:00,141.43,141.81,138.6,141.73,316105.422,8.78e-05
2024-07-10 08:00:00,144.17,144.5,142.27,142.79,333513.526,8.961e-05
2024-07-10 16:00:00,141.17,142.68,140.31,141.07,245853.737,7.406e-05
2024-07-12 00:00:00,135.73,138.19,134.05,136.53,604270.385,0.0001
2024-07-12 08:00:00,135.41,135.93,133.92,135.65,603534.052,4.566e-05
2024-07-12 16:00:00,138.85,140.55,137.72,138.49,353223.948,-1.079e-05
2024-07-13 00:00:00,139.47,139.97,138.28,138.75,178728.061,1.668e-05
2024-07-13 08:00:00,139.38,140.94,138.43,140.12,219143.25,8.326e-05
2024-07-13 16:00:00,140.37,140.83,139.2,139.82,203194.443,4.063e-05
2024-07-14 00:00:00,141.89,145.18,141.87,143.96,676589.303,8.116e-05
2024-07-14 08:00:00,144.78,147.0,144.66,144.88,720084.235,4.07e-05
2024-07-14 16:00:00,145.9,145.98,144.59,145.22,191689.36,2.006e-05
2024-07-15 00:00:00,147.66,152.18,147.0,151.39,682570.4,-1.038e-05
2024-07-15 08:00:00,153.23,154.45,150.93,151.64,542423.212,2.402e-05
2024-07-15 16:00:00,152.94,157.0,152.53,155.33,693164.397,3.81e-05
2024-07-16 00:00:00,159.37,160.22,156.08,157.88,609662.816,-3.759e-05
2024-07-16 08:00:00,154.48,157.63,152.57,157.32,684591.138,0.0001
2024-07-16 16:00:00,160.98,162.49,158.88,161.94,765542.187,7.774e-05
2024-07-17 00:00:00,160.62,163.8,160.02,160.92,479266.664,0.0001
2024-07-17 16:00:00,158.09,158.31,154.68,156.83,647534.941,0.0001
2024-07-18 00:00:00,155.5,159.94,155.5,158.93,428246.273,6.464e-05
2024-07-18 08:00:00,158.66,159.87,158.0,159.45,285775.846,8.411e-05
2024-07-18 16:00:00,156.37,157.7,155.07,156.98,513383.306,0.0001
2024-07-19 00:00:00,159.22,162.1,156.07,161.83,469982.846,7.366e-05
2024-07-19 08:00:00,161.42,164.0,159.14,162.65,693105.014,0.0001
2024-07-19 16:00:00,168.8,172.42,168.25,170.46,1067559.874,5.128e-05
2024-07-20 08:00:00,168.56,169.84,167.65,168.03,210786.073,2.379e-05
2024-07-20 16:00:00,169.28,174.56,168.87,172.42,682814.058,3.05e-06
2024-07-21 00:00:00,173.6,175.5,172.74,173.14,275200.655,0.0001
2024-07-21 08:00:00,171.33,173.03,171.24,172.88,194913.261,0.0001
2024-07-21 16:00:00,175.4,178.18,170.27,177.98,1177737.502,5.463e-05
2024-07-22 00:00:00,184.49,185.0,180.33,180.94,499283.977,0.0001
2024-07-22 08:00:00,178.39,180.98,176.71,180.59,607399.011,0.0001
2024-07-22 16:00:00,179.87,183.0,178.61,182.86,433965.015,7.105e-05
2024-07-23 00:00:00,178.9,180.54,177.14,179.1,325891.767,0.0001
2024-07-23 08:00:00,176.06,178.73,174.1,175.62,689537.161,0.0001
2024-07-23 16:00:00,176.48,176.99,169.72,171.98,924762.954,0.0001
2024-07-24 00:00:00,173.03,174.49,170.9,173.65,377962.013,4.584e-05
2024-07-24 08:00:00,174.25,178.52,173.66,177.76,573383.328,0.0001
2024-07-24 16:00:00,177.77,182.5,176.44,178.2,1008473.011,7.12e-05
2024-07-25 00:00:00,178.07,179.59,167.95,170.53,1374518.87,8.091e-05
2024-07-25 08:00:00,169.4,171.28,167.04,168.81,612108.729,9.813e-05
2024-07-25 16:00:00,170.44,172.5,166.66,168.13,718766.723,7.841e-05
2024-07-26 00:00:00,171.86,176.94,171.69,175.75,785348.341,7.483e-05
2024-07-26 08:00:00,176.75,180.06,176.75,178.81,410006.17,3.235e-05
2024-07-26 16:00:00,181.53,182.97,180.71,182.21,305737.999,6.143e-05
2024-07-27 00:00:00,183.07,184.29,181.29,182.66,246642.029,4.76e-05
2024-07-27 08:00:00,185.83,187.37,184.21,185.4,424352.214,3.411e-05
2024-07-27 16:00:00,182.53,183.33,179.42,181.48,608447.295,8.705e-05
2024-07-28 00:00:00,183.92,186.77,182.39,184.31,344588.629,0.0001
2024-07-28 08:00:00,183.85,186.0,183.01,185.26,295189.496,0.0001
2024-07-29 08:00:00,192.35,192.41,190.26,190.84,343557.559,0.0001
2024-07-30 00:00:00,182.57,183.95,179.3,182.58,660171.202,7.783e-05
2024-07-30 16:00:00,181.0,181.59,176.28,177.97,535129.039,0.0001
2024-07-31 00:00:00,179.16,181.72,178.08,180.91,289169.282,3.184e-05
2024-07-31 08:00:00,183.13,184.57,181.34,181.72,361162.462,7.743e-05
2024-07-31 16:00:00,180.08,182.68,174.99,176.59,741388.094,8.931e-05
2024-08-01 00:00:00,171.7,172.91,168.52,168.62,760011.128,9.291e-05
2024-08-01 08:00:00,168.23,169.94,168.01,169.69,507949.121,0.0001
2024-08-01 16:00:00,162.68,162.91,157.91,162.4,1299028.95,0.0001
2024-08-02 00:00:00,167.37,169.43,161.52,164.32,569896.964,3.639e-05
2024-08-02 16:00:00,156.76,157.46,150.01,151.3,900783.174,0.0001
2024-08-03 00:00:00,152.78,154.05,148.62,153.56,1008143.72,9.802e-05
2024-08-03 08:00:00,151.64,152.58,148.35,152.38,654037.996,0.0001
2024-08-04 00:00:00,142.53,146.08,141.81,144.32,653389.135,-1.748e-05
2024-08-04 08:00:00,140.83,144.52,139.4,143.51,593549.302,8.871e-05
2024-08-04 16:00:00,135.19,143.0,131.22,142.0,2960801.969,4.224e-05
2024-08-05 00:00:00,138.32,139.37,121.93,126.14,4875818.79,6.211e-05
2024-08-05 08:00:00,122.91,123.9,110.56,115.96,2953604.585,-7.57e-06
2024-08-05 16:00:00,130.45,135.53,126.7,128.76,2324503.279,4.63e-06
2024-08-06 00:00:00,129.79,141.1,129.4,138.62,1712722.807,8.019e-05
2024-08-06 08:00:00,141.98,142.11,136.34,139.47,1354575.129,-5.258e-05
2024-08-06 16:00:00,145.9,148.45,144.97,146.33,1157598.21,-3.23e-06
2024-08-07 00:00:00,144.4,151.78,142.33,151.62,1519113.543,2.337e-05
2024-08-07 16:00:00,148.45,149.45,142.35,143.16,1269386.659,1.745e-05
2024-08-08 08:00:00,153.66,155.72,152.97,154.12,634580.568,2.523e-05
2024-08-08 16:00:00,160.6,162.82,155.18,155.81,1102402.691,-2.941e-05
2024-08-09 00:00:00,163.12,163.54,158.23,158.94,789470.253,3.148e-05
2024-08-09 08:00:00,157.91,159.69,155.32,156.62,486896.796,1.575e-05
2024-08-09 16:00:00,151.12,154.25,150.72,153.6,498646.758,2.642e-05
2024-08-10 00:00:00,156.29,158.75,153.27,154.17,539441.409,-6.621e-05
2024-08-10 08:00:00,155.42,155.9,153.6,154.85,285896.71,4.285e-05
2024-08-10 16:00:00,153.97,155.36,153.0,154.51,334625.776,5.146e-05
2024-08-11 00:00:00,154.01,157.05,153.65,155.69,305350.519,-3.889e-05
2024-08-11 08:00:00,156.69,158.0,153.03,153.66,433119.6,-1.62e-05
2024-08-12 00:00:00,141.56,144.84,141.2,143.92,642700.767,9.903e-05
2024-08-12 08:00:00,145.94,150.79,143.58,150.25,1123595.082,6.88e-06
2024-08-12 16:00:00,147.58,148.26,142.94,143.75,563823.407,-9.32e-06
2024-08-13 00:00:00,146.29,147.36,142.92,143.66,571580.082,-6.2e-06
2024-08-13 08:00:00,145.99,146.38,143.24,145.88,389080.239,5.492e-05
2024-08-13 16:00:00,146.08,149.82,144.88,146.55,725839.961,8.364e-05
2024-08-14 00:00:00,146.65,147.27,143.58,145.14,472220.864,-1e-07
2024-08-14 08:00:00,145.73,149.04,144.83,148.01,502402.34,2.644e-05
2024-08-14 16:00:00,146.71,147.24,143.76,144.24,552718.507,8.21e-06
2024-08-15 00:00:00,143.7,145.4,143.17,144.7,363414.779,5.88e-06
2024-08-15 08:00:00,142.51,143.52,141.29,143.13,384782.119,4.403e-05
2024-08-15 16:00:00,145.95,147.64,137.78,139.99,1407053.887,-2.764e-05
2024-08-16 00:00:00,142.58,144.43,140.74,141.99,549226.593,-6.592e-05
2024-08-16 08:00:00,144.53,144.88,141.71,141.97,468558.923,2.572e-05
2024-08-16 16:00:00,137.91,141.45,136.1,140.94,1129523.219,-3.407e-05
2024-08-17 00:00:00,139.04,140.3,137.61,138.89,336457.036,2.001e-05
2024-08-17 08:00:00,139.45,140.17,138.12,139.12,280709.719,-1.28e-05
2024-08-17 16:00:00,140.18,141.65,140.1,141.11,229458.066,-7.03e-06
2024-08-18 00:00:00,141.92,143.31,141.0,141.17,343882.71,4.55e-06
2024-08-18 08:00:00,141.55,147.31,141.3,144.62,618589.536,-2.019e-05
2024-08-18 16:00:00,145.79,146.61,144.09,146.44,319602.163,-0.00010289
2024-08-19 00:00:00,142.42,143.47,141.59,143.23,440968.92,1.862e-05
2024-08-19 08:00:00,142.31,143.35,140.33,142.33,477455.399,-9.28e-06
2024-08-20 00:00:00,144.28,147.9,143.36,145.58,585218.75,3.839e-05
2024-08-20 08:00:00,147.48,147.71,145.17,145.4,397066.922,-2.96e-05
2024-08-21 08:00:00,143.18,143.54,140.93,141.31,327767.853,8.62e-06
2024-08-22 00:00:00,142.78,143.25,140.63,141.73,367535.696,6.11e-06
2024-08-22 08:00:00,143.34,144.83,142.62,144.53,412878.815,6.844e-05
2024-08-23 00:00:00,143.23,145.73,143.19,144.48,394577.656,4.556e-05
2024-08-23 08:00:00,145.15,145.49,143.4,143.49,258500.997,4.05e-05
2024-08-23 16:00:00,144.4,150.2,144.07,149.7,1140217.992,-4.648e-05
2024-08-24 00:00:00,153.27,154.67,151.97,153.25,682026.849,7.101e-05
2024-08-24 16:00:00,159.45,162.3,159.26,160.57,847811.757,6.232e-05
2024-08-25 00:00:00,160.67,160.76,157.36,158.3,453547.492,9.763e-05
2024-08-25 08:00:00,156.12,158.7,155.8,157.28,400078.004,0.0001
2024-08-25 16:00:00,159.36,160.32,158.48,159.1,321078.043,-1.338e-05
2024-08-26 00:00:00,158.92,160.16,157.38,160.11,355285.264,1.048e-05
2024-08-26 16:00:00,157.63,159.4,155.53,158.0,632485.003,2.054e-05
2024-08-27 08:00:00,157.73,158.03,153.33,154.26,623715.154,4.402e-05
2024-08-27 16:00:00,153.75,155.55,153.25,154.98,381663.758,5.909e-05
2024-08-28 00:00:00,146.78,148.32,145.37,148.17,498076.761,-1.779e-05
2024-08-28 08:00:00,143.97,148.1,142.72,147.16,773723.574,1.753e-05
2024-08-29 00:00:00,143.96,145.02,142.94,143.32,292776.969,-1.723e-05
2024-08-29 16:00:00,146.06,146.8,138.57,140.28,852825.151,-9.711e-05
2024-08-30 00:00:00,140.01,141.11,138.42,138.75,387340.997,-3.891e-05
2024-08-30 08:00:00,139.03,140.06,138.35,138.66,317539.056,3.115e-05
2024-08-30 16:00:00,133.33,137.91,132.04,135.98,1131431.907,-5.69e-05
2024-08-31 00:00:00,137.99,139.23,137.5,138.29,264961.297,-6.239e-05
2024-08-31 08:00:00,137.59,137.85,135.79,137.01,300188.45,4.9e-05
2024-08-31 16:00:00,136.63,136.7,134.49,134.97,178614.814,1.853e-05
2024-09-01 00:00:00,135.35,135.62,132.88,134.07,279306.294,-9.59e-06
2024-09-01 16:00:00,134.29,135.92,131.87,135.23,363573.128,-2.877e-05
2024-09-02 16:00:00,132.54,133.87,131.71,133.05,286378.41,-5.556e-05
2024-09-03 00:00:00,134.95,138.13,134.21,135.51,401897.702,-8.288e-05
2024-09-03 16:00:00,129.81,132.21,129.31,130.95,374791.042,5.362e-05
2024-09-04 00:00:00,127.54,128.89,122.6,127.7,1200406.418,8.904e-05
2024-09-04 08:00:00,130.29,130.71,128.11,128.43,398907.541,-1.3e-05
2024-09-04 16:00:00,133.82,134.98,132.58,133.19,474295.422,3.561e-05
2024-09-05 00:00:00,133.64,134.38,131.28,131.6,292498.457,6.659e-05
2024-09-05 08:00:00,133.1,133.87,131.69,132.83,315818.006,5.123e-05
2024-09-06 00:00:00,129.4,131.56,128.66,130.7,301311.701,5.678e-05
2024-09-06 16:00:00,128.08,128.33,123.81,125.14,1350756.163,-1.324e-05
2024-09-07 00:00:00,125.05,125.74,124.13,125.17,267590.862,-2.225e-05
2024-09-07 08:00:00,127.62,127.8,126.68,126.99,277926.611,-2.317e-05
2024-09-07 16:00:00,128.84,129.18,126.26,128.31,438243.079,5.99e-06
2024-09-08 00:00:00,127.72,128.51,126.9,128.28,178898.772,8.148e-05
2024-09-08 08:00:00,129.6,130.97,129.2,130.08,401820.542,6.264e-05
2024-09-08 16:00:00,126.75,129.36,126.63,128.71,251368.3,6.412e-05
2024-09-09 00:00:00,130.15,131.02,127.93,128.59,398593.615,3.966e-05
2024-09-09 08:00:00,129.3,131.0,129.19,129.44,432690.029,-5.564e-05
2024-09-10 00:00:00,135.07,135.2,132.79,132.91,312201.941,9.587e-05
2024-09-10 08:00:00,134.96,135.48,134.02,135.23,306765.681,-1.672e-05
2024-09-10 16:00:00,134.14,138.0,133.77,136.65,599603.802,2.349e-05
2024-09-11 00:00:00,135.64,135.91,133.28,133.65,452040.703,-6.617e-05
2024-09-11 08:00:00,132.44,132.45,130.36,132.0,329135.648,-1.813e-05
2024-09-11 16:00:00,131.17,133.57,131.05,132.7,620795.533,-2.041e-05
2024-09-12 00:00:00,132.43,136.0,132.38,135.62,514934.084,-2.81e-05
2024-09-12 08:00:00,134.9,135.39,134.21,134.79,236081.501,-8.6e-06
2024-09-12 16:00:00,133.55,135.76,133.48,135.74,404865.94,1.32e-05
2024-09-13 00:00:00,136.06,136.21,134.35,134.44,205186.864,2.638e-05
2024-09-14 00:00:00,139.02,139.8,138.49,139.43,250546.182,-1.2e-06
2024-09-14 08:00:00,137.51,137.57,136.51,136.79,241295.446,3.207e-05
2024-09-15 00:00:00,137.15,137.95,137.06,137.45,134422.788,1.401e-05
2024-09-15 08:00:00,137.16,137.19,135.12,135.61,230673.018,1.07e-06
2024-09-15 16:00:00,135.77,135.82,132.93,133.46,565454.691,1.278e-05
2024-09-16 00:00:00,131.38,131.85,129.25,130.62,451354.791,1.892e-05
2024-09-16 16:00:00,131.47,131.79,128.91,131.13,486903.241,7.164e-05
2024-09-17 08:00:00,132.25,133.35,131.75,131.95,330055.937,2.206e-05
2024-09-17 16:00:00,134.66,134.94,131.0,132.23,603509.993,2.153e-05
2024-09-18 00:00:00,131.54,132.15,130.22,131.68,255751.193,-1.61e-06
2024-09-18 08:00:00,131.34,131.35,128.08,129.42,456959.209,-3.792e-05
2024-09-19 00:00:00,134.34,138.67,134.27,138.01,999355.336,6.423e-05
2024-09-19 08:00:00,138.56,139.63,138.27,139.48,422239.326,8.771e-05
2024-09-20 00:00:00,142.88,144.7,141.18,144.66,419182.097,0.0001
2024-09-20 16:00:00,147.88,148.42,144.81,146.67,571089.404,0.0001
2024-09-21 08:00:00,147.44,147.93,146.44,147.21,214389.796,0.0001
2024-09-21 16:00:00,147.63,148.79,147.17,147.38,385344.115,4.074e-05
2024-09-22 00:00:00,149.42,149.92,147.12,148.09,267602.431,0.0001
2024-09-22 08:00:00,147.16,147.57,144.12,144.87,405502.064,7.587e-05
2024-09-22 16:00:00,143.12,145.45,142.41,144.68,322955.602,1.979e-05
2024-09-23 00:00:00,144.64,149.07,142.13,147.73,746473.284,-4.401e-05
2024-09-23 08:00:00,145.52,145.65,143.07,143.57,589751.609,5.545e-05
2024-09-23 16:00:00,144.2,145.03,142.76,143.31,410051.486,-2.612e-05
2024-09-24 00:00:00,144.79,146.9,143.09,146.63,611812.965,4.827e-05
2024-09-24 08:00:00,147.19,148.76,145.95,146.46,564864.493,6.92e-05
2024-09-25 00:00:00,152.74,153.93,151.03,152.0,684281.54,0.0001
2024-09-25 16:00:00,150.42,151.97,148.84,149.99,465199.543,5.783e-05
2024-09-26 08:00:00,151.82,153.18,150.46,152.91,631447.222,6.697e-05
2024-09-26 16:00:00,157.12,158.04,155.35,155.51,759217.725,0.0001
2024-09-27 00:00:00,155.54,156.42,153.89,155.72,413126.047,0.0001
2024-09-27 08:00:00,157.48,159.23,155.73,156.08,601504.132,9.81e-06
2024-09-27 16:00:00,159.03,159.66,157.02,157.59,591819.318,0.0001
2024-09-28 00:00:00,157.63,159.43,157.59,158.65,254639.035,0.0001
2024-09-28 16:00:00,156.87,157.45,156.41,156.88,149390.602,0.0001
2024-09-29 08:00:00,155.48,156.87,155.09,156.75,228785.256,0.0001
2024-09-29 16:00:00,157.27,159.66,156.67,159.42,317848.76,0.0001
2024-09-30 00:00:00,158.47,159.77,155.24,156.19,822234.147,0.0001
2024-09-30 16:00:00,154.16,155.73,153.96,155.06,371424.622,0.0001
2024-10-01 00:00:00,152.51,155.27,151.48,155.09,373286.222,0.0001
2024-10-01 08:00:00,156.79,157.34,155.93,156.46,354792.109,0.0001
2024-10-02 00:00:00,145.12,148.03,143.42,147.21,554540.038,0.0001
2024-10-02 08:00:00,147.75,148.48,145.18,146.14,493674.727,1.306e-05
2024-10-02 16:00:00,147.46,148.4,138.61,139.98,1085645.235,7.012e-05
2024-10-03 00:00:00,140.18,142.96,138.68,142.88,650144.345,1.07e-06
2024-10-03 08:00:00,139.91,140.08,135.25,136.85,911085.328,5.138e-05
2024-10-03 16:00:00,135.58,137.44,133.64,137.31,455650.991,-3.81e-06
2024-10-04 00:00:00,136.81,138.68,135.95,137.33,361584.878,3.715e-05
2024-10-04 08:00:00,139.55,141.03,139.17,140.1,510596.308,-4.939e-05
2024-10-05 00:00:00,143.24,144.0,141.71,141.83,367130.138,5.818e-05
2024-10-05 08:00:00,143.8,144.93,143.3,143.45,225404.318,9.502e-05
2024-10-05 16:00:00,142.89,143.02,142.01,142.16,208110.961,4.49e-06
2024-10-06 00:00:00,142.59,143.68,142.0,142.69,165988.747,0.0001
2024-10-06 16:00:00,145.99,146.52,144.89,145.42,321447.486,3.507e-05
2024-10-07 00:00:00,146.47,151.0,145.88,149.94,663108.029,3.973e-05
2024-10-07 08:00:00,148.02,149.21,145.65,147.43,436724.342,7.543e-05
2024-10-08 00:00:00,143.97,145.6,143.5,144.71,354596.447,3.9e-07
2024-10-08 08:00:00,143.08,144.62,142.64,144.49,296039.278,0.0001
2024-10-08 16:00:00,142.8,144.06,141.75,143.74,319303.449,-2.549e-05
2024-10-09 00:00:00,143.5,145.34,143.09,143.94,278138.842,8.84e-06
2024-10-09 08:00:00,143.16,143.5,142.47,143.2,244629.291,-3.713e-05
2024-10-09 16:00:00,142.83,142.9,139.75,141.12,390227.73,0.0001
2024-10-10 00:00:00,139.33,140.41,137.66,139.89,250535.327,0.0001
2024-10-10 08:00:00,139.7,140.5,137.43,140.44,366584.628,-3.657e-05
2024-10-10 16:00:00,138.66,139.09,135.52,138.11,581698.327,5.098e-05
2024-10-11 00:00:00,139.04,141.56,138.68,140.83,282670.374,5.45e-06
2024-10-11 08:00:00,141.17,142.7,140.98,141.97,277900.419,2.89e-06
2024-10-12 00:00:00,145.52,146.6,144.71,145.14,226350.195,-3.249e-05
2024-10-12 16:00:00,146.08,147.19,146.08,146.79,183006.235,-4.766e-05
2024-10-13 00:00:00,146.39,147.06,145.13,145.3,207924.317,5.22e-06
2024-10-13 08:00:00,146.42,148.39,146.4,146.47,335381.441,5.938e-05
2024-10-13 16:00:00,145.34,146.53,144.7,146.03,229003.539,5.394e-05
2024-10-14 00:00:00,147.74,152.58,146.8,152.51,665709.532,1.631e-05
2024-10-14 08:00:00,153.04,154.02,152.04,153.16,558063.924,7.203e-05
2024-10-14 16:00:00,156.7,156.9,154.56,155.66,674354.9,7.332e-05
2024-10-15 00:00:00,157.59,158.44,155.0,155.46,427593.676,0.0001
2024-10-15 08:00:00,155.13,155.5,151.8,152.41,570629.375,0.0001
2024-10-15 16:00:00,153.3,156.4,153.07,155.16,705256.48,0.0001
2024-10-16 00:00:00,154.76,156.1,153.0,154.23,426999.019,6.943e-05
2024-10-16 16:00:00,155.71,155.97,154.1,154.35,398717.079,9.905e-05
2024-10-17 00:00:00,154.28,155.73,153.56,154.62,324914.862,4.579e-05
2024-10-17 08:00:00,152.61,153.47,151.11,151.31,400878.283,9.905e-05
2024-10-18 16:00:00,154.71,156.65,153.62,154.84,378066.496,9.885e-05
2024-10-19 00:00:00,154.93,156.05,154.2,154.56,300313.228,3.918e-05
2024-10-19 08:00:00,154.56,155.04,153.45,153.83,204435.089,5.265e-05
2024-10-19 16:00:00,156.51,156.97,155.32,156.37,266727.712,7.269e-05
2024-10-20 00:00:00,159.79,160.62,158.14,159.03,484070.978,0.0001
2024-10-20 08:00:00,158.78,159.42,158.38,159.2,143790.479,4.903e-05
2024-10-20 16:00:00,160.02,161.22,159.3,160.38,325550.572,7.01e-05
2024-10-21 00:00:00,167.4,170.14,167.2,169.51,959229.609,0.0001
2024-10-21 08:00:00,168.65,169.62,165.72,166.42,748290.681,0.0001
2024-10-21 16:00:00,165.27,168.08,163.02,167.81,779341.428,0.0001
2024-10-22 00:00:00,166.16,167.9,162.99,166.45,629835.746,0.0001
2024-10-22 08:00:00,167.1,169.21,163.53,167.88,871885.734,0.0001
2024-10-22 16:00:00,167.79,169.16,166.0,168.48,521137.171,0.0001
2024-10-23 00:00:00,167.6,167.96,164.49,165.51,481949.862,0.0001
2024-10-23 08:00:00,165.73,166.94,164.13,166.41,533380.616,0.0001
2024-10-23 16:00:00,168.14,173.76,164.7,173.02,1491480.318,0.0001
2024-10-24 00:00:00,170.86,175.03,170.5,174.14,741675.611,0.0001
2024-10-24 08:00:00,173.55,174.38,171.0,173.85,650630.252,0.0001
2024-10-24 16:00:00,175.43,177.9,174.65,177.4,541594.094,0.0001
2024-10-25 00:00:00,177.19,177.47,174.38,174.68,463099.85,0.0001
2024-10-25 08:00:00,171.9,174.14,170.66,173.65,791411.831,0.0001
2024-10-25 16:00:00,172.45,173.04,165.11,167.95,1411688.62,3.16e-05
2024-10-26 00:00:00,164.91,165.94,162.43,165.64,756858.338,5.848e-05
2024-10-26 16:00:00,168.63,172.31,168.36,171.52,406811.281,0.0001
2024-10-27 00:00:00,170.87,173.26,170.26,172.14,327998.924,0.0001
2024-10-27 08:00:00,173.26,175.53,173.17,174.02,486763.009,4.801e-05
2024-10-27 16:00:00,175.78,177.8,174.74,177.21,603237.421,-1.684e-05
2024-10-28 00:00:00,176.63,177.19,174.68,175.74,433482.77,8.656e-05
2024-10-28 16:00:00,173.39,178.05,172.45,176.42,747135.632,2.332e-05
2024-10-29 00:00:00,178.28,182.3,177.14,181.81,938342.581,0.0001
2024-10-29 08:00:00,180.16,181.84,180.0,180.8,383186.997,0.0001
2024-10-30 00:00:00,179.43,180.84,176.94,180.09,370309.562,0.0001
2024-10-30 08:00:00,178.69,179.33,175.2,175.71,482466.835,0.0001
2024-10-31 00:00:00,174.87,176.56,174.1,174.35,321939.588,0.0001
2024-10-31 08:00:00,174.5,176.36,173.31,175.0,307230.696,0.0001
2024-10-31 16:00:00,170.65,170.73,168.53,168.7,485890.136,0.0001
2024-11-01 00:00:00,168.69,169.42,165.38,167.15,623504.618,0.0001
2024-11-01 08:00:00,165.96,168.77,165.55,167.88,399859.004,0.0001
2024-11-01 16:00:00,164.1,167.81,163.69,166.6,547041.504,0.0001
2024-11-02 00:00:00,166.11,168.61,166.05,167.0,200310.291,6.813e-05
2024-11-02 08:00:00,167.63,167.86,165.85,166.04,175577.333,9.387e-05
2024-11-02 16:00:00,163.82,165.41,163.0,165.15,310917.928,6.9e-05
2024-11-03 00:00:00,166.16,166.61,160.84,161.94,546931.303,3.98e-05
2024-11-03 08:00:00,163.53,164.85,162.65,163.62,269145.554,3.241e-05
2024-11-03 16:00:00,159.99,161.83,158.06,161.06,472307.046,8.014e-05
2024-11-04 00:00:00,162.52,165.04,160.48,162.82,417272.601,4.818e-05
2024-11-04 08:00:00,161.41,164.93,160.07,164.08,537401.339,6.725e-05
2024-11-04 16:00:00,163.04,163.47,159.14,159.59,499971.452,6.216e-05
2024-11-05 00:00:00,157.95,159.71,156.86,159.66,523891.823,5.868e-05
2024-11-06 00:00:00,166.63,185.0,166.4,184.94,2795820.854,-1.892e-05
2024-11-06 08:00:00,183.82,186.85,180.11,186.72,1538526.527,0.0001
2024-11-06 16:00:00,185.51,188.37,184.74,188.36,762675.735,0.0001
2024-11-07 00:00:00,186.59,191.95,185.84,189.08,943625.655,0.0001
2024-11-07 08:00:00,188.01,189.35,185.96,186.04,421008.629,0.0001
2024-11-07 16:00:00,192.65,197.84,190.94,197.0,1165655.328,0.0001
2024-11-08 00:00:00,196.36,201.0,195.64,198.15,1108673.897,0.0001
2024-11-08 08:00:00,200.38,205.0,198.09,203.06,946547.727,0.0001
2024-11-08 16:00:00,200.98,202.1,196.21,199.55,918186.556,0.0001
2024-11-09 00:00:00,199.86,200.26,197.21,198.97,384331.266,0.0001
2024-11-09 08:00:00,200.27,203.45,199.91,202.18,435627.473,0.0001
2024-11-09 16:00:00,198.39,199.59,194.86,197.75,563185.032,0.0001
2024-11-10 00:00:00,199.89,204.91,198.68,201.42,933412.981,0.0001
2024-11-10 08:00:00,205.06,207.39,204.02,206.59,766237.375,0.00019071
2024-11-10 16:00:00,212.23,215.27,206.25,208.47,1506892.234,0.00041975
2024-11-11 08:00:00,208.0,217.67,206.6,217.62,1420235.651,0.00011081
2024-11-11 16:00:00,219.0,222.0,216.03,217.82,1544799.191,0.00022373
2024-11-12 08:00:00,221.84,225.21,208.49,211.13,2565229.966,0.00043733
2024-11-12 16:00:00,210.54,215.35,206.61,213.17,1048890.887,0.00048819
2024-11-13 00:00:00,211.63,213.2,203.02,203.18,1201202.752,0.00032823
2024-11-13 16:00:00,216.39,220.44,210.31,210.87,2538588.379,0.00022016
2024-11-14 08:00:00,218.12,222.8,213.51,216.04,1439076.389,0.00022462
2024-11-14 16:00:00,210.84,217.12,209.85,215.62,973308.821,0.0001
2024-11-15 00:00:00,209.57,212.88,208.03,209.02,854240.333,0.0001
2024-11-15 08:00:00,209.19,213.93,207.82,213.58,668365.831,0.0001
2024-11-15 16:00:00,208.32,213.52,208.04,212.38,745734.316,0.0001
2024-11-16 16:00:00,215.03,217.0,213.35,216.27,644934.013,0.00016028
2024-11-17 00:00:00,215.72,221.5,212.1,221.37,1013895.458,0.0001
2024-11-17 08:00:00,237.22,242.33,234.29,234.81,1525599.255,0.00044518
2024-11-18 00:00:00,237.47,244.47,234.01,244.18,1090259.67,0.00023762
2024-11-18 08:00:00,242.06,248.44,239.74,242.5,1335868.167,0.0001653
2024-11-18 16:00:00,243.33,243.94,234.26,236.28,1484981.217,0.0002213
2024-11-19 00:00:00,239.79,243.39,237.54,240.61,605954.565,0.00022018
2024-11-19 08:00:00,243.32,247.0,241.93,246.07,1000511.18,0.00019184
2024-11-19 16:00:00,240.59,244.54,240.09,243.54,831755.328,0.00012644
2024-11-20 08:00:00,235.94,238.78,234.77,237.55,740021.915,0.0001
2024-11-20 16:00:00,238.37,239.14,230.95,233.0,1227279.959,0.0001
2024-11-21 08:00:00,241.48,243.49,239.79,239.97,836635.152,0.0001
2024-11-22 00:00:00,256.38,264.39,252.37,262.48,1254399.555,0.00043945
2024-11-22 08:00:00,259.23,260.96,256.23,259.26,639525.348,0.00022593
2024-11-23 00:00:00,256.9,257.74,253.34,257.2,672673.182,0.0001
2024-11-23 08:00:00,258.27,259.46,255.8,256.14,481658.902,0.00028946
2024-11-23 16:00:00,259.71,260.3,254.15,254.39,1057963.362,0.00025577
2024-11-24 08:00:00,256.63,256.75,248.0,248.39,759958.191,0.00033189
2024-11-24 16:00:00,244.18,250.44,243.66,248.58,481607.787,0.00025244
2024-11-25 00:00:00,252.74,253.18,245.7,252.46,422026.138,0.00014445
2024-11-25 08:00:00,253.28,256.7,251.26,252.17,512275.365,0.00019888
2024-11-25 16:00:00,244.97,246.13,237.26,239.65,902760.797,0.00010485
2024-11-26 00:00:00,234.18,239.62,233.57,237.45,581716.011,0.0001
2024-11-26 08:00:00,235.72,236.6,221.8,227.73,1596305.161,0.0001
2024-11-26 16:00:00,227.36,232.49,223.4,229.03,743026.327,0.0001
2024-11-27 00:00:00,230.69,233.81,228.14,231.51,447197.765,0.0001
2024-11-27 08:00:00,234.35,237.08,232.04,235.0,644926.872,0.0001
2024-11-28 00:00:00,241.96,245.28,238.1,240.01,608824.179,0.0001
2024-11-28 08:00:00,238.03,239.14,234.37,236.9,485457.648,0.0001
2024-11-28 16:00:00,233.06,237.04,233.06,235.47,369360.186,0.0001
2024-11-29 00:00:00,237.58,243.11,236.55,241.98,433940.472,0.0001
2024-11-29 08:00:00,237.66,245.49,237.66,245.22,437609.464,0.0001
2024-11-29 16:00:00,243.51,244.55,239.97,241.14,555307.178,0.0001
2024-11-30 00:00:00,243.33,243.35,239.01,242.88,396034.436,0.0001
2024-11-30 08:00:00,244.22,245.4,240.06,241.46,473016.555,0.0001
2024-11-30 16:00:00,239.87,240.55,238.82,239.92,248706.455,0.0001
2024-12-01 00:00:00,237.6,239.89,234.1,235.67,487475.916,0.00011575
2024-12-01 08:00:00,235.46,238.74,235.35,237.09,406584.084,0.0001
2024-12-01 16:00:00,238.51,239.41,235.05,236.29,392769.247,0.00021606
2024-12-02 16:00:00,229.21,229.94,220.0,223.98,1072476.231,0.00026772
2024-12-03 00:00:00,225.73,229.32,223.15,227.95,891614.977,0.00032728
2024-12-03 08:00:00,226.92,228.5,222.9,225.59,637575.453,0.00031454
2024-12-03 16:00:00,223.21,228.43,220.27,228.16,859986.446,0.00030312
2024-12-04 00:00:00,233.92,240.6,233.92,237.7,1034788.874,0.00035501
2024-12-04 08:00:00,236.57,237.87,235.02,235.98,578192.381,0.00023264
2024-12-04 16:00:00,233.73,234.04,224.67,232.67,1040032.523,0.00036215
2024-12-05 08:00:00,233.9,242.37,233.51,241.79,925690.016,0.00055995
2024-12-05 16:00:00,239.07,242.93,232.35,233.07,1029702.196,0.0005091
2024-12-06 00:00:00,235.84,247.0,234.31,241.98,1489011.608,0.00032251
2024-12-06 08:00:00,239.31,240.51,233.61,234.13,667868.649,0.00032302
2024-12-06 16:00:00,238.01,240.43,237.04,239.7,790352.518,0.00012425
2024-12-07 00:00:00,236.87,237.44,234.12,234.86,383017.26,0.00041557
2024-12-07 08:00:00,236.21,239.36,235.01,238.15,452308.489,0.00034529
2024-12-07 16:00:00,240.85,242.54,238.88,241.67,528918.206,0.00038467
2024-12-08 00:00:00,238.14,241.51,237.6,240.66,375225.184,0.00045069
2024-12-08 08:00:00,237.6,237.78,233.22,235.96,504876.189,0.00019374
2024-12-08 16:00:00,237.34,237.68,234.09,236.51,332128.251,0.00013754
2024-12-09 00:00:00,237.02,237.28,230.17,231.83,600467.245,0.00025945
2024-12-09 08:00:00,231.59,231.82,225.29,225.99,687605.72,0.00015891
2024-12-10 08:00:00,217.33,218.59,215.08,216.21,558496.931,0.0001
2024-12-10 16:00:00,206.58,212.77,203.21,212.1,1829416.341,0.0001
2024-12-11 00:00:00,213.6,219.4,211.51,219.39,1157200.493,0.0001
2024-12-11 08:00:00,218.45,225.41,218.31,224.79,757343.603,0.0001
2024-12-12 08:00:00,230.0,233.53,228.3,229.59,489415.772,0.0001
2024-12-13 00:00:00,226.95,228.44,224.27,227.17,462297.585,0.0001
2024-12-13 08:00:00,224.82,227.27,223.89,225.61,313522.212,0.0001
2024-12-14 00:00:00,224.79,227.0,223.62,226.23,315834.832,0.0001
2024-12-14 08:00:00,225.98,226.75,224.06,224.36,234050.285,0.0001
2024-12-14 16:00:00,222.55,222.55,216.73,218.03,538423.095,0.0001
2024-12-15 00:00:00,219.94,221.79,218.87,219.44,237204.326,0.0001
2024-12-15 08:00:00,217.26,220.14,216.47,218.41,250492.736,6.761e-05
2024-12-15 16:00:00,220.89,222.49,220.49,221.24,279372.061,0.0001
2024-12-16 00:00:00,224.26,227.56,220.45,221.25,714254.97,0.0001
2024-12-16 16:00:00,216.97,221.74,216.81,218.33,773070.137,0.0001
2024-12-17 00:00:00,216.19,216.69,211.36,215.45,636926.779,0.0001
2024-12-17 08:00:00,215.57,223.84,215.5,221.59,815531.483,4.064e-05
2024-12-17 16:00:00,220.53,228.95,219.86,227.45,1197008.0,0.0001
2024-12-18 00:00:00,223.16,226.04,217.13,217.5,790234.641,0.0001
2024-12-18 08:00:00,215.92,218.94,215.31,217.85,490241.569,9.102e-05
2024-12-18 16:00:00,217.73,218.34,211.68,211.69,809950.025,6.23e-06
2024-12-19 00:00:00,206.53,209.27,199.39,208.84,1467696.235,-3.6e-05
2024-12-19 08:00:00,211.82,211.82,207.82,210.48,493751.111,-1.903e-05
2024-12-19 16:00:00,205.44,206.92,187.0,191.88,2673643.576,1.572e-05
2024-12-20 00:00:00,193.82,199.81,191.7,196.36,854901.748,-1.795e-05
2024-12-21 00:00:00,194.48,196.69,193.05,194.28,528147.445,-0.00018625
2024-12-21 08:00:00,198.8,198.97,192.2,192.94,637078.819,-0.00013946
2024-12-22 00:00:00,181.46,183.95,179.96,182.56,634879.227,-0.00011655
2024-12-22 08:00:00,184.31,186.98,183.71,186.69,432240.986,2.97e-05
2024-12-22 16:00:00,181.88,184.05,177.85,178.49,559463.028,-0.00010865
2024-12-23 00:00:00,180.53,187.38,176.48,186.24,1037423.947,-5.764e-05
2024-12-23 08:00:00,182.24,186.67,181.74,183.59,459780.73,-2.514e-05
2024-12-24 00:00:00,190.12,190.41,186.13,189.97,375780.849,4.56e-06
2024-12-24 08:00:00,191.51,193.98,190.56,192.95,407272.056,-8.87e-06
2024-12-25 08:00:00,198.14,200.54,195.0,195.79,389010.519,-2.015e-05
2024-12-25 16:00:00,198.26,199.45,196.0,199.25,228659.454,3.692e-05
2024-12-26 00:00:00,197.45,199.71,195.71,196.62,355191.704,2.735e-05
2024-12-26 08:00:00,193.43,193.84,188.23,189.8,485546.149,0.0001
2024-12-26 16:00:00,188.7,190.97,187.4,189.17,274392.553,1.522e-05
2024-12-27 00:00:00,188.46,190.5,187.28,189.44,262123.463,3.726e-05
2024-12-27 08:00:00,186.67,194.39,186.65,191.32,484388.581,-2.625e-05
2024-12-27 16:00:00,184.12,187.33,182.74,186.9,277037.898,-8.145e-05
2024-12-28 08:00:00,185.13,187.36,185.0,187.19,183668.43,1.275e-05
2024-12-28 16:00:00,190.19,195.35,189.64,193.76,348568.007,-9.03e-06
2024-12-29 00:00:00,195.5,195.7,192.42,194.78,261346.132,7.78e-06
2024-12-29 08:00:00,196.03,197.34,194.88,196.09,216117.187,-2.727e-05
2024-12-29 16:00:00,195.15,195.48,192.16,192.71,217764.295,6.14e-05
2024-12-30 00:00:00,189.94,194.4,189.08,191.38,332906.435,0.0001
2024-12-30 16:00:00,187.32,196.3,185.89,196.21,593100.561,5.906e-05
2024-12-31 00:00:00,191.37,192.05,188.33,189.96,282814.546,8.373e-05
2024-12-31 08:00:00,190.07,194.96,190.0,193.79,448946.097,2.697e-05
2024-12-31 16:00:00,198.44,199.27,193.22,193.81,460862.38,6.744e-05
2025-01-01 08:00:00,190.06,191.86,188.0,191.36,282560.942,-2.663e-05
2025-01-02 00:00:00,194.28,199.7,193.43,198.54,596298.24,0.0001
2025-01-02 16:00:00,206.77,209.07,204.67,206.69,397816.106,9.337e-05
2025-01-03 00:00:00,208.3,208.45,205.63,208.05,285439.789,0.0001
2025-01-03 08:00:00,207.95,215.18,207.6,214.51,785327.584,-1.47e-05
2025-01-03 16:00:00,217.37,219.83,216.46,217.1,608719.343,-7.967e-05
2025-01-04 00:00:00,218.0,218.18,215.67,216.97,409005.05,-7.358e-05
2025-01-04 08:00:00,216.7,216.73,214.4,216.45,307779.925,4.915e-05
2025-01-04 16:00:00,214.31,215.96,213.73,215.58,213635.313,5.813e-05
2025-01-05 00:00:00,216.67,218.99,215.27,217.96,446040.445,9.572e-05
2025-01-05 08:00:00,216.47,216.57,212.91,213.93,332411.755,-3.098e-05
2025-01-05 16:00:00,213.58,214.29,211.46,212.79,293290.116,0.0001
2025-01-06 00:00:00,213.41,216.99,211.56,215.61,407522.331,-1.03e-06
2025-01-06 16:00:00,221.62,223.18,217.34,220.0,618459.488,5.815e-05
2025-01-07 00:00:00,218.22,219.11,216.23,217.34,332023.177,-2.492e-05
2025-01-07 08:00:00,216.04,216.77,212.88,214.06,497502.634,1.88e-05
2025-01-08 08:00:00,195.71,198.0,194.45,195.5,644966.998,9.384e-05
2025-01-08 16:00:00,197.8,197.97,188.34,194.32,1060441.487,-2.658e-05
2025-01-09 00:00:00,197.48,199.06,194.15,194.35,433836.763,-4.356e-05
2025-01-09 08:00:00,190.11,192.83,189.12,191.18,434027.698,0.0001
2025-01-09 16:00:00,192.22,192.81,185.72,185.89,525562.213,-1.659e-05
2025-01-10 00:00:00,184.96,189.56,184.95,189.14,432214.297,8.73e-06
2025-01-10 08:00:00,191.77,192.87,191.13,191.97,507468.756,-7.385e-05
2025-01-10 16:00:00,187.28,192.07,183.85,190.22,675075.977,3.388e-05
2025-01-11 00:00:00,187.69,188.79,185.61,186.37,322477.373,9.89e-06
2025-01-11 08:00:00,186.24,186.88,184.01,186.69,712008.859,-3.578e-05
2025-01-11 16:00:00,186.96,187.99,185.66,187.75,207932.707,-4.343e-05
2025-01-12 00:00:00,188.09,188.6,186.54,187.31,207032.089,2.102e-05
2025-01-12 08:00:00,186.57,186.99,185.17,186.68,184152.342,-4.366e-05
2025-01-12 16:00:00,190.45,190.76,188.63,188.9,244077.756,3.548e-05
2025-01-13 00:00:00,188.5,191.99,184.21,185.03,562485.334,0.0001
2025-01-13 08:00:00,182.46,182.53,175.23,175.41,1194661.187,2.66e-05
2025-01-13 16:00:00,178.81,179.81,174.45,177.6,769065.433,8.17e-06
2025-01-14 00:00:00,182.86,184.63,181.88,184.19,484091.845,-4.601e-05
2025-01-14 08:00:00,185.61,190.09,185.6,187.06,551061.885,-2.434e-05
2025-01-14 16:00:00,186.85,187.91,185.72,187.08,427393.873,2.374e-05
2025-01-15 00:00:00,187.57,189.74,187.03,189.73,358905.827,3.357e-05
2025-01-15 08:00:00,189.99,190.7,185.84,186.98,406200.026,-5.153e-05
2025-01-15 16:00:00,196.52,202.35,196.43,201.9,705589.874,-2.957e-05
2025-01-16 00:00:00,205.86,206.29,201.36,201.99,523044.45,0.0001
2025-01-16 08:00:00,203.15,212.98,198.47,212.78,1076998.371,0.0001
2025-01-16 16:00:00,209.07,215.44,208.83,214.19,1137533.386,0.0001
2025-01-17 08:00:00,213.27,219.7,213.22,218.77,841428.75,8.22e-05
2025-01-18 00:00:00,219.52,228.8,217.29,220.47,1777777.778,0.0001
2025-01-18 16:00:00,257.75,270.67,242.51,255.35,5468270.001,5.671e-05
2025-01-19 00:00:00,261.97,265.0,252.08,255.6,1702621.169,0.0001
2025-01-19 08:00:00,271.52,295.83,266.28,286.24,6221741.09,9.252e-05
2025-01-19 16:00:00,270.58,275.41,264.04,269.5,1583882.291,5.667e-05
2025-01-20 00:00:00,252.4,252.76,229.44,241.38,4943604.559,-0.0007115
2025-01-20 16:00:00,254.07,256.77,232.07,246.26,3268470.713,8.924e-05
2025-01-21 00:00:00,242.18,245.21,232.1,237.86,1804666.693,-0.00027508
2025-01-21 08:00:00,236.83,242.15,235.59,239.44,1166623.965,9.31e-05
2025-01-21 16:00:00,240.92,260.06,239.79,253.41,1506736.697,-3.008e-05
2025-01-22 00:00:00,250.33,256.97,248.43,254.11,727096.055,0.0001
2025-01-22 08:00:00,258.51,258.94,252.22,257.76,613638.275,-2.092e-05
2025-01-22 16:00:00,257.31,266.31,253.22,265.29,1123495.792,8.64e-05
2025-01-23 08:00:00,249.52,249.92,242.33,244.19,654669.237,8.081e-05
2025-01-23 16:00:00,249.4,256.32,245.27,246.84,985709.887,-7.98e-05
2025-01-24 00:00:00,253.12,256.46,247.18,252.23,823363.858,6.903e-05
2025-01-24 08:00:00,259.7,267.34,259.68,266.82,894766.51,9.064e-05
2025-01-24 16:00:00,262.28,265.49,260.45,262.06,516069.254,0.0001
2025-01-25 00:00:00,253.36,253.71,248.08,252.74,779460.056,-1.473e-05
2025-01-25 08:00:00,247.27,250.78,246.33,249.97,558270.81,-4.82e-06
2025-01-26 00:00:00,256.4,259.96,253.58,258.42,495989.214,0.0001
2025-01-26 08:00:00,258.95,258.95,252.79,255.59,398760.583,8.407e-05
2025-01-26 16:00:00,254.59,258.0,253.83,256.28,292138.02,2.626e-05
2025-01-27 00:00:00,240.49,242.68,232.88,235.8,1695886.273,-3.653e-05
2025-01-27 08:00:00,227.52,227.99,220.89,225.85,1123592.728,5.173e-05
2025-01-27 16:00:00,233.67,235.9,223.92,226.53,1799482.605,-0.00018696
2025-01-28 00:00:00,234.9,237.8,233.06,236.69,493190.108,7.942e-05
2025-01-28 08:00:00,238.74,239.72,235.32,238.25,396489.689,-4.139e-05
2025-01-28 16:00:00,237.49,237.78,230.3,232.19,574850.598,3.672e-05
2025-01-29 00:00:00,227.06,232.0,226.79,231.2,344250.45,8.718e-05
2025-01-29 08:00:00,234.42,235.9,230.14,231.99,299006.613,5.356e-05
2025-01-29 16:00:00,228.41,236.12,222.63,231.68,1359642.651,-1.196e-05
2025-01-30 00:00:00,228.16,241.01,226.84,240.24,733229.267,1.678e-05
2025-01-30 08:00:00,238.9,241.94,238.01,241.77,383272.852,0.0001
2025-01-30 16:00:00,241.08,243.42,238.72,241.13,486005.19,2.727e-05
2025-01-31 00:00:00,238.3,239.19,235.13,235.95,417851.749,-7.61e-06
2025-01-31 08:00:00,235.73,239.05,234.19,238.76,465802.41,-4.97e-05
2025-01-31 16:00:00,240.1,240.18,230.17,230.52,711126.27,5.524e-05
2025-02-01 00:00:00,231.77,236.46,230.61,231.46,449454.296,-6.866e-05
2025-02-01 08:00:00,230.67,230.93,226.29,228.11,417385.941,3.033e-05
2025-02-01 16:00:00,226.38,227.66,220.86,221.75,383407.867,-5.063e-05
2025-02-02 08:00:00,211.77,215.79,207.71,208.68,632307.734,7.21e-06
2025-02-02 16:00:00,212.06,212.13,195.0,203.54,2317261.692,2.68e-06
2025-02-03 00:00:00,203.52,203.89,175.89,197.92,5016897.629,7.72e-06
2025-02-03 08:00:00,199.09,202.15,193.38,198.74,1367106.371,-0.00012368
2025-02-03 16:00:00,207.01,215.27,203.61,215.2,1317827.5,-8.808e-05
2025-02-04 00:00:00,216.27,219.97,213.89,215.48,652129.033,-0.00055791
2025-02-04 16:00:00,215.65,218.35,208.27,208.29,991416.188,5.7e-05
2025-02-05 16:00:00,201.76,202.12,196.42,199.56,899147.828,-0.0001085
2025-02-06 16:00:00,191.23,192.95,188.36,189.9,790564.327,6.857e-05
2025-02-07 00:00:00,189.53,195.87,189.18,193.31,654145.617,2.703e-05
2025-02-07 08:00:00,192.54,198.66,191.69,198.47,465203.274,6.95e-06
2025-02-07 16:00:00,198.08,199.15,194.62,195.44,534240.034,7.27e-06
2025-02-08 00:00:00,192.0,194.34,191.38,192.98,329062.388,-2.483e-05
2025-02-08 08:00:00,192.79,194.99,191.65,194.39,273834.177,2.105e-05
2025-02-08 16:00:00,193.42,198.4,193.2,196.9,407289.949,5.719e-05
2025-02-09 00:00:00,199.32,207.0,198.52,206.95,503666.491,-0.00011027
2025-02-09 08:00:00,203.96,204.58,201.22,201.44,395010.634,-4.053e-05
2025-02-09 16:00:00,200.7,202.24,197.81,199.08,269886.794,-0.00021227
2025-02-10 00:00:00,200.47,205.1,195.85,201.97,950196.099,-0.00016119
2025-02-10 08:00:00,202.77,205.97,202.56,204.5,598303.096,-2.743e-05
2025-02-10 16:00:00,203.07,204.41,201.03,201.37,504649.566,-4.863e-05
2025-02-11 00:00:00,200.47,204.66,199.94,201.11,738179.626,-0.00018095
2025-02-11 08:00:00,204.39,205.95,201.2,203.4,683735.412,-0.00011994
2025-02-11 16:00:00,199.47,200.12,195.12,195.65,410134.514,-0.00027714
2025-02-12 00:00:00,197.95,198.56,193.85,194.33,354024.061,-0.00022332
2025-02-12 08:00:00,195.2,198.01,195.09,197.37,278926.39,1.847e-05
2025-02-13 08:00:00,193.07,193.52,191.1,191.91,349096.993,-3.212e-05
2025-02-14 00:00:00,194.24,197.35,194.11,197.0,285494.125,-1.559e-05
2025-02-14 16:00:00,200.85,205.34,198.84,201.56,932944.276,8.466e-05
2025-02-15 00:00:00,199.4,200.27,196.76,198.36,414076.402,8.582e-05
2025-02-15 08:00:00,195.9,196.74,193.89,194.85,390328.096,3.121e-05
2025-02-15 16:00:00,194.66,195.1,193.32,194.17,158861.554,-5.05e-05
2025-02-16 00:00:00,194.47,195.51,193.05,194.73,235252.677,-5.811e-05
2025-02-16 08:00:00,192.9,194.0,192.21,193.73,165937.55,-2.569e-05
2025-02-16 16:00:00,190.32,191.27,187.64,189.23,472254.804,-0.00016876
2025-02-17 00:00:00,188.26,189.72,185.28,186.34,308179.291,-0.00015544
2025-02-17 08:00:00,181.36,185.5,180.12,184.25,666016.011,-0.00016029
2025-02-17 16:00:00,180.37,181.41,174.63,177.09,1137362.38,2.136e-05
2025-02-18 00:00:00,177.53,179.09,175.46,177.98,424751.039,3.5e-05
2025-02-18 08:00:00,165.73,170.92,163.17,168.72,1242682.479,3.939e-05
2025-02-18 16:00:00,165.95,167.11,160.88,165.31,1151366.322,7.053e-05
2025-02-19 00:00:00,169.32,170.86,166.66,167.48,554842.05,-1.072e-05
2025-02-19 08:00:00,168.96,174.3,168.42,173.92,651909.877,3.53e-06
2025-02-19 16:00:00,169.74,173.44,168.15,168.7,517873.5,-3.859e-05
2025-02-20 00:00:00,168.94,172.89,167.66,172.44,466976.708,-6.024e-05
2025-02-20 08:00:00,171.77,175.15,170.92,173.99,511460.338,1.172e-05
2025-02-20 16:00:00,171.62,175.46,171.22,174.98,400408.092,-2.991e-05
2025-02-21 08:00:00,175.86,180.28,175.83,177.21,679578.443,1.692e-05
2025-02-21 16:00:00,173.16,175.66,168.18,168.42,1109214.476,-4.765e-05
2025-02-22 00:00:00,168.94,172.76,168.07,170.35,496900.538,-0.00011947
2025-02-22 08:00:00,171.74,174.14,171.36,173.56,363880.981,-6.714e-05
2025-02-22 16:00:00,174.23,174.68,172.3,172.64,291277.226,-6.107e-05
2025-02-23 00:00:00,172.07,172.3,170.19,170.61,250405.798,9.111e-05
2025-02-23 08:00:00,172.85,172.91,169.36,169.59,179421.505,7.31e-05
2025-02-23 16:00:00,166.76,168.72,166.75,167.71,244872.649,-5.162e-05
2025-02-24 00:00:00,167.94,169.69,160.56,161.01,792175.34,-6.07e-05
2025-02-24 08:00:00,160.99,161.1,155.38,159.28,888129.314,-6.256e-05
2025-02-24 16:00:00,152.67,155.15,147.86,150.12,1176702.704,6.005e-05
2025-02-25 00:00:00,141.81,144.45,138.17,138.95,2532890.988,2.735e-05
2025-02-25 08:00:00,136.26,141.36,131.91,141.28,2158755.072,3.295e-05
2025-02-25 16:00:00,138.89,145.57,137.96,145.43,1393019.038,-5.354e-05
2025-02-26 00:00:00,144.33,145.19,141.63,143.32,600468.922,-0.00010562
2025-02-26 08:00:00,140.19,142.21,138.01,138.14,564388.728,2.46e-05
2025-02-26 16:00:00,139.27,139.79,130.65,131.93,1496871.335,3.131e-05
2025-02-27 08:00:00,141.0,142.46,139.25,140.48,657310.865,2.605e-05
2025-02-27 16:00:00,139.62,140.15,135.63,136.29,547309.735,0.0001
2025-02-28 08:00:00,128.54,134.72,127.9,133.52,1422048.273,0.0001
2025-02-28 16:00:00,145.67,147.25,143.74,146.36,1135023.251,0.0001
2025-03-01 00:00:00,148.18,151.25,145.54,145.67,1276966.738,0.0001
2025-03-01 08:00:00,142.49,144.29,139.53,140.35,700454.6,8.741e-05
2025-03-02 00:00:00,143.66,146.01,142.03,143.85,564432.115,-8.161e-05
2025-03-02 08:00:00,143.78,144.88,142.47,143.49,353233.66,9.93e-05
2025-03-02 16:00:00,157.47,179.85,157.47,172.18,7038818.526,7.81e-05
2025-03-03 08:00:00,162.27,163.37,156.83,161.09,1078421.609,6.535e-05
2025-03-03 16:00:00,157.78,159.61,140.05,141.87,2816719.183,-8.506e-05
2025-03-04 16:00:00,138.59,144.77,130.66,143.16,2027388.825,3.869e-05
2025-03-05 00:00:00,144.8,145.55,141.76,141.82,692820.649,-0.00014911
2025-03-05 08:00:00,142.89,149.73,142.74,147.13,1044394.142,2.866e-05
2025-03-05 16:00:00,141.66,146.47,140.18,144.77,817465.66,-6.413e-05
2025-03-06 00:00:00,146.27,150.68,144.54,148.73,709517.914,-0.00011916
2025-03-06 16:00:00,149.04,149.43,142.44,143.58,738490.55,-3.599e-05
2025-03-07 00:00:00,143.3,145.57,135.04,140.79,1743676.516,-0.00011194
2025-03-07 16:00:00,144.89,150.88,141.34,146.36,1497217.219,4.709e-05
2025-03-08 00:00:00,139.39,141.09,137.8,139.68,564268.956,6.15e-05
2025-03-09 08:00:00,139.63,139.78,135.61,136.32,461609.247,5.62e-06
2025-03-09 16:00:00,130.16,131.54,125.81,129.19,1234090.435,6.936e-05
2025-03-10 00:00:00,126.52,129.11,124.03,126.59,924107.54,-5.692e-05
2025-03-10 08:00:00,128.11,131.57,125.91,129.94,893649.432,-0.00010237
2025-03-10 16:00:00,121.95,122.36,115.47,119.71,1939570.727,-9.844e-05
2025-03-11 00:00:00,118.32,121.9,112.0,119.96,1982977.936,-0.00011653
2025-03-11 08:00:00,123.07,125.81,122.93,124.71,641629.457,9.198e-05
2025-03-12 00:00:00,125.35,127.03,122.47,122.53,525419.366,-7.98e-06
2025-03-12 08:00:00,123.19,126.84,122.88,126.76,716124.83,3.25e-06
2025-03-13 00:00:00,126.61,127.46,124.73,124.97,426826.406,1.189e-05
2025-03-13 08:00:00,124.25,128.03,123.64,126.88,476643.353,-7.287e-05
2025-03-13 16:00:00,124.34,124.41,121.08,121.46,480135.543,7.399e-05
2025-03-14 00:00:00,123.36,125.47,122.98,124.48,338983.028,3.347e-05
2025-03-14 08:00:00,124.68,126.6,124.62,126.17,300682.178,0.0001
2025-03-14 16:00:00,132.13,134.71,130.87,134.28,594407.246,9.595e-05
2025-03-15 00:00:00,133.53,135.3,132.91,135.02,333647.227,0.0001
2025-03-15 08:00:00,132.91,133.69,132.44,133.37,311561.661,7.299e-05
2025-03-15 16:00:00,135.12,136.53,133.58,134.49,393292.719,-2.397e-05
2025-03-16 00:00:00,135.86,136.71,134.13,135.5,240062.093,3.93e-06
2025-03-16 08:00:00,134.64,134.97,129.68,129.91,668997.366,5.58e-05
2025-03-16 16:00:00,128.77,131.28,126.04,126.94,692029.6,-3.228e-05
2025-03-17 00:00:00,126.13,129.23,125.85,128.96,513593.718,-8.027e-05
2025-03-17 08:00:00,129.26,129.65,128.42,129.18,290792.213,-5.403e-05
2025-03-17 16:00:00,127.5,130.64,126.66,129.84,619998.646,-3.998e-05
2025-03-18 00:00:00,128.01,128.19,123.49,124.15,835228.345,-6.365e-05
2025-03-18 08:00:00,125.2,125.96,123.2,123.54,426596.92,-8.081e-05
2025-03-18 16:00:00,122.57,124.5,122.44,124.22,398288.045,-2.71e-05
2025-03-19 00:00:00,125.33,126.72,124.2,126.47,363642.447,-6.788e-05
2025-03-19 08:00:00,125.73,129.53,125.7,128.69,507771.617,7.274e-05
2025-03-19 16:00:00,132.33,134.33,128.18,133.03,1084550.718,0.0001
2025-03-20 00:00:00,135.33,136.12,132.82,133.91,460300.543,0.0001
2025-03-20 08:00:00,134.01,134.55,130.31,130.65,499995.902,0.0001
2025-03-20 16:00:00,128.9,129.38,126.65,127.94,468944.014,-1.871e-05
2025-03-21 00:00:00,127.6,129.07,127.33,127.94,290223.727,-3.932e-05
2025-03-21 08:00:00,128.08,129.1,125.74,126.39,458899.319,-1.407e-05
2025-03-21 16:00:00,125.98,129.73,124.81,128.24,715310.652,-3.604e-05
2025-03-22 00:00:00,128.47,129.38,127.8,128.88,231011.001,-3.723e-05
2025-03-22 16:00:00,129.24,130.27,128.9,129.97,214411.937,-8.49e-06
2025-03-23 00:00:00,128.5,130.85,128.21,130.85,208220.156,-6.482e-05
2025-03-23 08:00:00,131.15,134.06,130.95,133.1,435342.674,2.642e-05
2025-03-23 16:00:00,132.52,132.74,130.35,130.55,277195.29,5.551e-05
2025-03-24 00:00:00,132.85,138.46,132.04,138.16,925361.928,-2.538e-05
2025-03-24 08:00:00,138.89,144.13,138.6,143.41,879015.564,0.0001
2025-03-24 16:00:00,143.24,143.44,141.29,142.77,443131.193,5.301e-05
2025-03-25 08:00:00,139.46,143.43,139.43,142.15,461655.956,1.127e-05
2025-03-25 16:00:00,145.28,146.25,143.61,145.03,485885.487,1.713e-05
2025-03-26 00:00:00,143.64,144.63,141.5,141.84,369761.366,6.16e-06
2025-03-26 08:00:00,144.5,145.49,143.77,144.61,351983.651,-4.441e-05
2025-03-28 16:00:00,129.92,130.3,129.03,129.43,417627.917,-9.351e-05
2025-03-29 00:00:00,129.5,130.54,126.58,128.84,426165.337,-4.899e-05
2025-03-29 08:00:00,126.39,127.1,124.31,125.3,545971.325,2.251e-05
2025-03-29 16:00:00,126.32,126.79,123.71,125.3,494981.01,-8.909e-05
2025-03-30 00:00:00,124.58,126.6,123.49,125.71,331271.839,-0.00025778
2025-03-30 08:00:00,125.48,126.43,124.66,125.12,254954.045,-0.00040116
2025-03-30 16:00:00,124.92,127.08,123.0,125.85,290593.515,-0.00018023
2025-03-31 00:00:00,124.83,127.63,122.75,124.56,456755.469,-0.0002337
2025-03-31 08:00:00,125.89,126.7,123.05,124.28,534871.913,-7.84e-06
2025-03-31 16:00:00,126.77,127.36,123.83,125.25,542225.867,-4.24e-06
2025-04-01 00:00:00,124.53,126.72,123.74,126.06,456527.231,-9.179e-05
2025-04-01 16:00:00,129.27,129.64,125.52,126.82,491681.836,-5.281e-05
2025-04-02 08:00:00,124.54,126.73,124.28,125.69,343921.196,-0.00013428
2025-04-02 16:00:00,130.43,131.79,129.17,131.43,830662.196,4.319e-05
2025-04-03 00:00:00,117.42,120.94,116.25,119.8,1382064.844,-7.645e-05
2025-04-03 08:00:00,118.64,119.22,115.11,115.74,971616.952,-7.305e-05
2025-04-03 16:00:00,114.17,116.0,113.26,115.42,882146.55,-0.00011099
2025-04-04 00:00:00,117.17,117.5,114.63,115.4,496369.612,-0.00033632
2025-04-04 08:00:00,118.17,119.94,113.25,114.54,1014820.91,-1.52e-06
2025-04-04 16:00:00,118.6,123.98,118.23,122.61,1400599.221,5.6e-06
2025-04-05 00:00:00,122.8,122.85,120.66,120.73,327845.359,4.038e-05
2025-04-05 08:00:00,121.07,121.96,119.86,120.28,269080.287,9.687e-05
2025-04-05 16:00:00,117.55,119.35,117.52,118.63,234342.093,2.06e-05
2025-04-06 00:00:00,120.33,121.13,119.43,119.98,217230.754,-5.619e-05
2025-04-06 08:00:00,119.2,120.18,118.18,118.62,214065.208,0.0001
2025-04-07 00:00:00,105.9,107.82,102.22,103.27,1464905.201,-5.72e-06
2025-04-07 08:00:00,97.14,102.64,96.93,100.29,1763746.244,3.966e-05
2025-04-07 16:00:00,106.65,107.98,103.56,105.75,1254447.666,-5.584e-05
2025-04-08 00:00:00,106.98,112.58,106.65,111.31,902739.705,-0.00011753
2025-04-08 08:00:00,108.69,111.82,107.15,111.56,649111.464,-4.472e-05
2025-04-08 16:00:00,107.19,107.29,102.96,104.06,1419684.359,-0.00023327
2025-04-09 00:00:00,105.4,106.6,101.26,103.15,1281631.768,-8.09e-05
2025-04-09 16:00:00,106.54,121.0,106.22,118.95,3832842.415,7.621e-05
2025-04-10 00:00:00,119.05,119.3,114.5,115.49,733019.523,0.0001
2025-04-10 08:00:00,114.79,115.24,113.39,113.95,556270.738,0.0001
2025-04-10 16:00:00,109.6,111.9,108.21,111.34,1048568.877,3.456e-05
2025-04-11 08:00:00,116.6,119.4,115.87,118.02,945814.241,4.298e-05
2025-04-11 16:00:00,119.91,122.0,118.66,120.87,740557.094,0.0001
2025-04-12 00:00:00,121.41,122.23,119.41,120.18,440133.08,5.911e-05
2025-04-12 16:00:00,130.47,131.55,128.2,130.71,749731.3,2.768e-05
2025-04-13 00:00:00,132.24,133.96,130.87,131.81,626515.872,-3.35e-06
2025-04-13 08:00:00,128.55,131.61,128.2,129.82,601099.587,0.0001
2025-04-13 16:00:00,128.71,132.56,127.05,128.21,762990.549,8.174e-05
2025-04-14 00:00:00,128.38,136.13,127.98,131.73,969351.362,9.053e-05
2025-04-14 08:00:00,132.31,134.17,131.5,133.5,542882.306,-3.957e-05
2025-04-14 16:00:00,128.8,131.99,128.08,131.08,619493.674,-9.45e-05
2025-04-15 00:00:00,129.41,130.75,127.71,130.54,517850.864,-5.912e-05
2025-04-15 08:00:00,131.55,133.92,131.34,132.15,515048.186,-0.00013087
2025-04-16 00:00:00,126.1,127.35,124.8,126.44,533551.256,-9.158e-05
2025-04-16 08:00:00,124.78,126.68,123.49,126.27,603391.926,-3.187e-05
2025-04-16 16:00:00,128.4,133.91,124.86,132.45,1847730.44,-2.327e-05
2025-04-17 08:00:00,134.25,135.0,132.43,133.12,522574.074,0.0001
2025-04-18 00:00:00,134.84,136.02,133.78,134.51,547917.484,1.84e-06
2025-04-18 08:00:00,134.91,135.54,133.56,134.27,388279.807,-1.498e-05
2025-04-18 16:00:00,132.91,134.47,132.69,134.21,221737.273,-3.334e-05
2025-04-19 00:00:00,134.05,139.16,133.58,138.82,873032.032,-5.659e-05
2025-04-19 08:00:00,138.76,139.96,138.47,138.77,460949.872,-5.634e-05
2025-04-19 16:00:00,138.96,139.49,137.67,138.71,509276.06,-0.00013071
2025-04-20 00:00:00,139.86,141.96,139.4,140.96,451629.395,-7.971e-05
2025-04-20 08:00:00,139.61,139.8,135.82,136.38,1401727.604,-0.00016975
2025-04-20 16:00:00,135.94,137.25,135.72,137.2,287638.289,-0.00013544
2025-04-21 00:00:00,137.86,143.25,137.66,139.39,1048611.685,-0.00019655
2025-04-22 08:00:00,140.19,140.77,138.96,140.45,391298.379,3.362e-05
2025-04-22 16:00:00,145.31,147.71,143.52,144.24,964839.29,4.549e-05
2025-04-23 00:00:00,148.78,149.47,147.13,149.24,621507.273,0.0001
2025-04-23 16:00:00,151.41,152.49,148.94,150.16,590127.94,6.137e-05
2025-04-24 00:00:00,151.1,151.45,147.66,147.76,517099.25,0.0001
2025-04-26 08:00:00,151.36,152.33,148.0,148.51,480272.965,-4.023e-05
2025-04-27 08:00:00,147.43,148.77,147.35,147.95,172654.461,-7.219e-05
2025-04-27 16:00:00,149.02,150.25,148.2,150.03,194099.476,5.977e-05
2025-04-29 00:00:00,147.84,149.21,146.92,147.47,418937.589,-0.00016044
2025-04-29 08:00:00,148.88,149.5,147.61,149.0,379431.688,-4.373e-05
2025-04-30 08:00:00,146.39,148.0,146.04,147.94,175650.937,-5.841e-05
2025-05-01 00:00:00,147.54,149.62,147.54,148.71,361054.475,4.946e-05
2025-05-01 08:00:00,149.79,152.47,149.56,151.75,486460.951,8.433e-05
2025-05-02 00:00:00,150.85,151.72,149.99,150.78,371032.51,2.49e-05
2025-05-02 08:00:00,148.52,150.81,148.4,150.73,241501.893,-5.683e-05
2025-05-03 00:00:00,148.04,149.05,147.52,148.3,210266.37,-0.00012523
2025-05-03 08:00:00,148.08,148.4,146.68,147.14,303702.758,-3.821e-05
2025-05-03 16:00:00,148.47,148.47,145.82,147.42,266722.962,-9.958e-05
2025-05-05 00:00:00,143.94,145.44,142.5,144.91,355187.502,-6.756e-05
2025-05-05 08:00:00,146.88,147.05,143.56,144.19,274401.447,1.617e-05
2025-05-06 16:00:00,143.18,145.28,142.42,144.85,381449.415,-2.434e-05
2025-05-07 08:00:00,147.27,148.29,146.93,147.59,275188.956,3.313e-05
2025-05-08 00:00:00,147.32,151.19,147.08,150.87,586318.16,2.457e-05
2025-05-09 16:00:00,170.76,172.58,168.59,171.89,672993.851,0.0001
2025-05-10 08:00:00,172.32,173.4,168.72,169.0,671046.586,0.0001
2025-05-11 00:00:00,177.89,180.26,172.92,175.86,1151356.383,0.0001
2025-05-12 08:00:00,176.08,177.01,173.64,174.11,791743.579,6.886e-05
2025-05-12 16:00:00,174.39,176.67,168.31,171.22,1132361.922,0.0001
2025-05-13 00:00:00,174.22,174.38,166.94,166.97,725687.793,8.216e-05
2025-05-14 08:00:00,181.73,182.62,177.57,181.06,708105.908,0.0001
2025-05-15 00:00:00,176.63,178.33,174.06,174.06,426083.866,-2.267e-05
2025-05-15 16:00:00,172.23,174.49,167.72,169.76,630724.358,3.324e-05
2025-05-16 08:00:00,172.13,174.21,169.35,172.81,470266.696,8.483e-05
2025-05-16 16:00:00,172.09,172.72,169.73,171.44,338527.912,-1.038e-05
2025-05-17 00:00:00,167.4,168.65,164.01,168.26,718454.782,-4.807e-05
2025-05-18 00:00:00,165.94,167.9,165.85,166.9,257060.17,2.02e-05
2025-05-18 08:00:00,170.68,172.0,170.56,170.79,274171.724,7.853e-05
2025-05-18 16:00:00,176.26,176.77,166.51,166.65,956928.492,5.057e-05
2025-05-19 00:00:00,173.3,173.94,165.0,165.35,833700.651,-1.197e-05
2025-05-20 00:00:00,166.87,173.11,166.78,169.19,939665.023,7.217e-05
2025-05-20 16:00:00,166.63,169.13,164.56,168.17,493020.493,-2.235e-05
2025-05-21 00:00:00,168.59,170.92,166.78,169.97,564366.717,6.901e-05
2025-05-22 08:00:00,178.49,180.87,177.16,178.08,767226.679,0.0001
2025-05-23 08:00:00,182.56,187.71,177.1,177.91,1214646.339,0.0001
2025-05-24 08:00:00,173.93,178.33,173.24,176.9,493749.295,-2.064e-05
2025-05-25 08:00:00,172.35,172.36,170.13,171.98,509827.658,-3.821e-05
2025-05-25 16:00:00,170.29,172.77,169.18,172.52,277011.47,-3.651e-05
2025-05-26 00:00:00,175.75,177.83,175.04,177.01,561576.419,-9.9e-06
2025-05-26 08:00:00,178.15,178.36,176.42,177.91,301608.628,1.765e-05
2025-05-29 00:00:00,172.22,175.34,171.35,173.7,553385.443,-8.565e-05
2025-05-29 16:00:00,169.76,170.3,166.03,166.84,638605.666,-3.067e-05
2025-05-30 16:00:00,161.23,161.77,156.01,160.81,854414.851,3.101e-05
2025-05-31 00:00:00,156.2,157.24,152.14,154.16,765681.06,3.422e-05
2025-05-31 08:00:00,154.85,155.26,152.62,152.92,320380.365,1.633e-05
2025-05-31 16:00:00,155.64,157.97,155.19,157.52,332668.951,-0.00010143
2025-06-01 16:00:00,154.18,156.73,153.47,155.89,510490.716,-4.325e-05
2025-06-02 08:00:00,155.54,156.55,152.95,153.45,492813.738,4.587e-05
2025-06-02 16:00:00,153.16,155.13,151.77,152.95,389282.236,-3.75e-06
2025-06-03 00:00:00,156.83,162.38,156.39,159.44,768092.556,4.371e-05
2025-06-03 08:00:00,159.83,161.65,158.28,160.56,374046.947,6.746e-05
2025-06-04 00:00:00,155.19,157.63,154.18,156.56,418735.688,-4.581e-05
2025-06-04 08:00:00,156.42,157.92,155.72,155.92,245382.814,5.065e-05
2025-06-04 16:00:00,157.13,157.57,155.28,155.37,239970.463,1.795e-05
2025-06-05 08:00:00,152.44,153.04,151.28,152.37,322959.042,3.552e-05
2025-06-05 16:00:00,150.9,151.11,144.15,146.2,985248.608,-6.04e-06
2025-06-06 08:00:00,147.4,149.61,147.24,149.1,331158.082,-0.00011387
2025-06-07 00:00:00,147.82,149.71,146.84,149.46,242735.582,6.211e-05
2025-06-07 08:00:00,152.37,152.72,151.23,151.45,179152.49,1.3e-05
2025-06-08 00:00:00,150.07,150.35,149.15,149.85,219074.514,-7.4e-07
2025-06-08 08:00:00,149.3,149.71,147.88,149.62,232937.473,4.196e-05
2025-06-08 16:00:00,150.69,154.52,150.64,154.46,433260.695,-2.649e-05
2025-06-09 00:00:00,152.45,153.17,150.79,151.54,288776.062,0.0001
2025-06-10 00:00:00,161.16,161.82,158.69,159.17,373703.071,9.077e-05
2025-06-11 00:00:00,165.12,167.46,163.43,166.67,766347.637,0.0001
2025-06-11 08:00:00,166.65,167.19,164.0,164.5,533461.191,0.0001
2025-06-13 00:00:00,152.32,152.59,140.21,144.76,2280448.408,-1.707e-05
2025-06-14 00:00:00,148.6,148.7,146.42,146.71,303413.942,8.928e-05
2025-06-14 08:00:00,146.17,146.21,144.93,145.86,192168.769,2.159e-05
2025-06-14 16:00:00,144.53,145.11,142.92,143.5,341155.243,-4.8e-06
2025-06-15 16:00:00,150.84,153.54,150.18,152.23,516532.463,8.709e-05
2025-06-16 00:00:00,152.97,157.41,150.99,155.58,938467.777,0.0001
2025-06-16 08:00:00,157.27,157.5,154.81,156.48,519194.024,0.0001
2025-06-17 00:00:00,150.73,153.98,147.47,153.36,887864.701,9.96e-06
2025-06-19 16:00:00,143.16,146.04,143.11,145.48,364892.127,1.075e-05
2025-06-20 00:00:00,147.04,147.54,145.41,145.44,232426.675,5.538e-05
2025-06-21 16:00:00,140.29,141.05,137.22,137.28,542044.57,2.732e-05
2025-06-22 08:00:00,134.82,135.36,131.95,133.25,370187.075,3.965e-05
2025-06-23 00:00:00,131.71,133.53,131.53,132.67,452520.918,4.979e-05
2025-06-24 08:00:00,144.01,145.81,143.02,144.57,468516.736,-2.013e-05
2025-06-24 16:00:00,144.31,146.62,142.84,143.61,481214.156,2.041e-05
2025-06-25 08:00:00,147.01,147.13,145.03,146.26,347865.258,0.0001
2025-06-26 00:00:00,143.57,148.0,143.43,145.9,391115.194,3.413e-05
2025-06-27 00:00:00,139.05,141.58,137.14,141.36,486476.143,-6.442e-05
2025-06-27 08:00:00,140.33,142.8,140.32,142.15,332706.693,1.541e-05
2025-06-28 16:00:00,148.16,152.7,148.1,150.67,729669.414,0.0001
2025-06-30 00:00:00,153.32,154.08,151.26,151.77,451430.28,6.987e-05
2025-07-01 16:00:00,147.22,148.45,145.33,145.46,447403.103,-7.235e-05
2025-07-02 08:00:00,149.1,149.99,148.39,148.62,287353.961,-4.281e-05
2025-07-07 00:00:00,151.86,152.9,150.24,151.86,261498.31,0.0001
2025-07-07 16:00:00,151.07,151.59,148.63,148.97,561944.671,3.57e-05
2025-07-08 16:00:00,149.84,152.83,149.03,151.63,610032.824,-7.41e-06
2025-07-10 08:00:00,157.9,159.17,157.16,157.65,242425.44,2.127e-05
2025-07-12 00:00:00,162.92,163.9,161.78,163.45,283317.854,0.0001
2025-07-14 00:00:00,161.15,168.2,160.61,167.11,844220.103,3.59e-05
2025-07-14 08:00:00,167.26,168.15,166.04,166.53,513407.239,0.0001
2025-07-14 16:00:00,163.96,165.35,162.42,164.3,537141.034,0.0001
2025-07-15 08:00:00,159.54,160.14,158.39,159.86,359129.829,-3.61e-06
2025-07-15 16:00:00,160.46,163.7,159.98,160.22,818422.085,2.244e-05
2025-07-16 00:00:00,163.98,165.26,161.51,162.5,491283.404,0.0001
2025-07-16 08:00:00,164.05,167.58,163.81,166.66,775699.801,0.0001
2025-07-17 08:00:00,174.02,178.19,172.67,176.17,808987.943,0.0001
2025-07-17 16:00:00,174.12,175.42,171.21,173.05,620916.809,0.0001
2025-07-18 08:00:00,180.93,181.97,177.1,178.46,660085.162,0.0001
2025-07-18 16:00:00,177.02,179.11,176.15,176.99,511602.663,0.0001
2025-07-19 08:00:00,176.99,177.81,175.41,176.59,226657.409,0.0001
2025-07-20 00:00:00,176.97,179.75,176.33,177.98,729412.703,0.0001
2025-07-20 08:00:00,177.95,181.51,177.95,180.44,484114.255,0.0001
2025-07-20 16:00:00,181.97,183.66,180.25,181.99,762318.509,0.0001
2025-07-21 08:00:00,190.06,192.99,189.69,191.4,1168585.825,0.0001
2025-07-22 00:00:00,195.72,204.67,193.75,200.09,2435412.987,0.0001
2025-07-23 00:00:00,205.7,205.75,200.99,201.39,641791.745,0.0001
2025-07-24 00:00:00,189.4,191.87,188.48,189.85,505356.649,0.0001
2025-07-24 16:00:00,188.54,190.04,184.85,187.99,821896.496,0.0001
2025-07-25 00:00:00,182.88,183.54,175.63,177.71,1090465.703,0.0001
2025-07-25 08:00:00,177.51,182.08,176.86,181.12,818502.62,6.102e-05
2025-07-25 16:00:00,178.19,182.84,177.47,182.17,618370.939,0.0001
2025-07-27 08:00:00,187.22,188.57,186.18,187.01,268813.946,0.0001
2025-07-28 08:00:00,192.36,193.36,190.63,192.0,362433.148,0.0001
2025-07-28 16:00:00,187.18,187.99,183.45,185.26,825859.995,0.0001
2025-07-29 08:00:00,186.04,186.51,182.24,182.93,307758.3,8.17e-06
2025-07-29 16:00:00,180.81,182.37,178.3,181.11,379320.935,4.218e-05
2025-07-30 08:00:00,180.83,181.49,176.42,177.3,562755.281,7.655e-05
2025-07-31 00:00:00,177.77,180.55,177.62,180.31,287253.066,-8.14e-06
2025-07-31 16:00:00,177.34,179.77,174.75,175.32,538100.344,8.62e-06
2025-08-01 16:00:00,168.56,169.75,165.1,166.47,634786.471,3.852e-05
2025-08-02 08:00:00,164.44,165.13,162.22,164.51,222570.066,3.654e-05
2025-08-02 16:00:00,161.51,162.2,155.83,157.44,847412.892,3.981e-05
2025-08-03 00:00:00,158.49,161.07,156.28,160.86,344099.038,-0.00010062
2025-08-03 08:00:00,161.37,162.9,160.68,161.47,286152.309,-5.92e-05
2025-08-04 08:00:00,163.04,164.08,161.64,162.38,375487.921,-6.297e-05
2025-08-05 00:00:00,169.55,169.97,167.57,167.92,280719.371,-3.577e-05
2025-08-05 08:00:00,166.21,171.73,165.66,170.89,401901.212,-2.117e-05
2025-08-05 16:00:00,163.77,164.94,162.28,162.76,432796.162,-4.816e-05
2025-08-06 08:00:00,164.26,164.64,162.72,164.2,252055.091,-3.584e-05
2025-08-06 16:00:00,169.05,169.93,167.18,168.82,360608.53,1.84e-05
2025-08-08 16:00:00,175.23,179.66,175.01,178.47,810991.136,3.043e-05
2025-08-09 08:00:00,180.62,183.35,180.39,180.79,576042.364,8.345e-05
2025-08-11 00:00:00,182.67,185.8,181.27,185.14,754514.272,9.508e-05
2025-08-11 08:00:00,182.97,184.67,178.35,179.08,614257.101,0.0001
2025-08-11 16:00:00,180.19,181.77,175.54,176.62,610097.078,3.19e-06
2025-08-12 00:00:00,174.83,176.74,174.64,175.53,293670.156,-2.394e-05
2025-08-13 00:00:00,191.77,199.54,191.48,197.73,1713090.0,0.0001
2025-08-14 16:00:00,194.86,195.51,190.25,192.91,907917.567,0.0001
2025-08-15 00:00:00,192.46,195.6,191.94,195.15,517703.825,0.0001
2025-08-15 08:00:00,196.95,197.59,193.63,194.32,439776.796,0.0001
2025-08-15 16:00:00,185.55,186.9,183.3,183.89,855718.072,4.024e-05
2025-08-16 08:00:00,189.12,189.23,185.39,185.74,441804.36,6.279e-05
2025-08-17 00:00:00,189.61,191.94,187.35,191.61,362012.918,0.0001
2025-08-18 00:00:00,191.0,191.33,181.82,182.67,1042225.73,8.86e-05
2025-08-19 00:00:00,182.94,185.87,178.17,178.52,684011.058,-1.986e-05
2025-08-19 16:00:00,177.98,178.78,175.69,176.74,659672.426,6.293e-05
2025-08-20 00:00:00,176.22,181.5,176.04,180.49,447004.324,2.581e-05
2025-08-20 08:00:00,180.53,182.25,178.32,180.29,459582.274,8.81e-05
2025-08-20 16:00:00,183.02,187.97,182.59,187.59,762490.645,0.0001
2025-08-21 08:00:00,186.99,187.04,183.48,184.03,417312.125,0.0001
2025-08-23 16:00:00,202.57,204.57,202.2,204.09,297304.083,0.0001
2025-08-25 00:00:00,205.99,213.6,202.23,209.24,1525854.655,0.0001
2025-08-26 00:00:00,187.19,189.29,185.58,186.9,1032410.688,2.857e-05
2025-08-26 08:00:00,188.92,190.37,186.67,187.97,594464.855,-8.98e-06
2025-08-26 16:00:00,190.76,197.51,190.58,197.43,753071.616,5.27e-05
2025-08-27 08:00:00,202.44,205.38,201.48,205.01,813548.353,0.0001
2025-08-28 00:00:00,202.95,208.35,201.72,208.15,848839.237,0.0001
2025-08-29 00:00:00,214.43,217.97,212.0,216.86,1361416.3,8.562e-05
2025-08-29 08:00:00,208.78,210.07,205.34,207.62,1315206.12,7.793e-05
2025-08-30 00:00:00,205.09,206.65,200.68,205.61,1016056.129,-1.362e-05
2025-08-31 08:00:00,203.56,206.0,202.23,203.65,497006.579,9.518e-05
2025-09-01 00:00:00,200.62,202.49,196.03,198.42,1095348.972,9.019e-05
2025-09-01 08:00:00,202.92,204.58,198.36,199.4,796310.266,7.92e-06
2025-09-02 00:00:00,197.32,203.36,196.77,201.85,683276.649,4.576e-05
2025-09-04 08:00:00,206.68,208.79,206.58,207.22,279470.32,6.703e-05
2025-09-04 16:00:00,203.77,205.18,201.84,202.12,401437.473,6.691e-05
2025-09-05 16:00:00,203.55,205.55,201.91,205.44,527852.482,1.122e-05
2025-09-06 00:00:00,203.37,204.68,203.14,204.07,219743.501,8.9e-05
2025-09-06 16:00:00,201.26,202.37,199.32,199.71,375364.512,1.754e-05
2025-09-07 00:00:00,200.17,203.27,200.12,202.86,229169.683,6e-08
2025-09-07 08:00:00,203.0,203.99,202.72,203.96,203095.962,6.542e-05
2025-09-07 16:00:00,205.2,205.48,201.48,203.08,474253.21,3.077e-05
2025-09-08 08:00:00,207.91,215.84,207.39,214.28,1598221.836,0.0001
2025-09-08 16:00:00,215.04,217.11,213.88,216.15,1009621.332,0.0001
2025-09-09 00:00:00,214.11,214.91,210.79,214.63,736262.906,8.916e-05
2025-09-09 08:00:00,219.23,219.5,217.0,217.25,510642.02,0.0001
2025-09-09 16:00:00,213.07,216.99,213.0,216.34,721110.055,0.0001
2025-09-10 00:00:00,217.22,219.65,215.09,219.2,784172.042,3.617e-05
2025-09-10 16:00:00,223.16,224.13,220.53,221.23,598543.573,0.0001
2025-09-11 00:00:00,224.06,225.59,222.94,224.17,487255.101,4.953e-05
2025-09-11 08:00:00,223.23,225.85,222.28,225.03,545294.32,-1.99e-05
2025-09-13 16:00:00,239.43,239.69,235.73,238.98,530973.647,5.623e-05
2025-09-14 08:00:00,246.4,248.09,245.58,246.09,377330.593,5.813e-05
2025-09-16 08:00:00,235.77,236.93,234.77,235.37,357847.921,7.636e-05
2025-09-16 16:00:00,237.79,240.95,236.24,237.82,843085.465,7.783e-05
2025-09-17 08:00:00,237.69,237.73,233.66,234.17,425306.308,3.782e-05
2025-09-18 16:00:00,248.25,253.51,247.33,248.36,1081932.43,1.468e-05
2025-09-19 00:00:00,247.5,248.57,244.66,245.0,486455.778,0.0001
2025-09-19 16:00:00,237.54,238.87,235.12,235.98,552758.243,8.03e-06
2025-09-20 00:00:00,238.53,239.96,237.36,238.09,292277.489,-3.324e-05
2025-09-20 08:00:00,239.77,239.78,236.91,238.14,198950.509,-6.98e-05
2025-09-21 00:00:00,239.48,241.79,238.96,241.78,256811.845,-4.39e-06
2025-09-21 08:00:00,239.87,240.09,237.1,238.64,216475.625,4.391e-05
2025-09-21 16:00:00,237.91,238.41,236.08,237.99,249970.647,9.63e-06
2025-09-22 16:00:00,220.73,221.53,216.56,217.1,909206.16,-0.00010344
2025-09-23 00:00:00,220.39,221.41,212.34,216.94,909225.517,4.622e-05
2025-09-23 16:00:00,219.27,221.71,214.35,214.52,667060.786,5.93e-06
2025-09-25 00:00:00,211.61,212.44,206.02,207.3,848925.731,-0.0001284
2025-09-25 16:00:00,201.14,201.95,193.6,198.09,1824534.378,3.595e-05
2025-09-26 00:00:00,192.73,197.55,192.53,196.47,793835.75,3.743e-05
2025-09-26 08:00:00,196.31,196.98,190.8,193.47,786834.274,-3.977e-05
2025-09-27 00:00:00,205.16,205.43,203.57,203.88,468318.03,-9.862e-05
2025-09-28 00:00:00,203.47,204.07,200.74,201.4,341292.836,2.105e-05
2025-09-28 08:00:00,202.1,202.7,199.23,199.86,280341.152,-3.715e-05
2025-09-28 16:00:00,203.43,206.67,203.26,206.18,432486.691,1.97e-05
2025-09-29 00:00:00,210.83,210.89,208.74,210.28,480507.93,4.762e-05
2025-09-30 16:00:00,205.99,209.21,204.29,208.92,769192.192,-3.859e-05
2025-10-01 00:00:00,208.68,210.9,206.43,206.69,605455.675,7.07e-05
2025-10-01 08:00:00,210.18,217.95,209.86,217.75,1185581.059,0.0001
2025-10-01 16:00:00,220.24,221.0,217.34,220.05,559762.071,-7.02e-06
2025-10-02 00:00:00,222.04,225.06,219.52,223.8,766557.324,7.943e-05
2025-10-02 16:00:00,227.19,233.79,226.24,232.3,1156299.686,-2.091e-05
2025-10-03 16:00:00,234.79,237.0,228.33,233.17,1408277.101,7.389e-05
2025-10-04 08:00:00,229.1,229.92,228.21,229.19,234320.616,5.17e-06
2025-10-04 16:00:00,224.87,227.02,224.07,226.91,346747.192,1.04e-05
2025-10-05 00:00:00,227.86,232.29,226.45,230.91,566636.333,1.013e-05
2025-10-07 00:00:00,232.35,233.98,231.0,233.95,385311.776,1.768e-05
2025-10-07 16:00:00,223.79,225.31,220.71,221.69,773380.036,-2.108e-05
2025-10-08 00:00:00,219.98,222.78,217.91,218.31,631534.444,-6.781e-05
2025-10-09 08:00:00,224.49,224.81,219.32,223.14,587257.341,0.0001
2025-10-09 16:00:00,219.11,220.14,216.53,218.29,631473.899,-2.36e-06
2025-10-11 00:00:00,188.43,191.05,182.16,184.85,1967350.02,-0.00302761
2025-10-11 16:00:00,183.71,184.64,176.6,177.57,950768.032,-0.00158704
2025-10-12 16:00:00,191.23,196.6,191.22,195.85,1429928.258,-0.00057183
2025-10-14 00:00:00,208.69,211.25,204.96,205.71,1130894.724,6.21e-06
2025-10-14 08:00:00,194.46,197.58,191.03,195.32,1092499.074,4.088e-05
2025-10-14 16:00:00,202.23,206.48,197.05,198.54,1546766.954,-7.11e-05
2025-10-15 16:00:00,197.14,198.73,194.18,194.81,860173.691,4.099e-05
2025-10-16 00:00:00,193.84,196.19,193.17,193.63,425855.19,-6.784e-05
2025-10-18 00:00:00,181.97,185.54,181.75,184.8,389074.412,-8.545e-05
2025-10-20 16:00:00,190.51,190.51,185.56,188.83,726870.7,-3.004e-05
2025-10-21 08:00:00,185.04,186.75,183.77,186.29,303743.764,-8.944e-05
2025-10-21 16:00:00,196.22,197.71,192.11,193.96,1085050.944,4.135e-05
2025-10-22 08:00:00,185.01,185.98,181.92,185.05,467384.919,-9.872e-05
2025-10-22 16:00:00,183.99,184.96,177.07,180.2,862504.568,-2.23e-05
2025-10-23 00:00:00,180.13,183.4,179.68,182.86,333221.726,-3.216e-05
2025-10-24 00:00:00,191.36,193.85,190.85,191.31,420966.163,0.0001
2025-10-24 08:00:00,192.15,193.45,190.58,192.13,321280.037,0.0001
2025-10-25 00:00:00,193.58,194.49,192.45,193.47,274729.892,0.0001
2025-10-26 16:00:00,199.53,199.67,198.18,198.87,255182.972,5.882e-05
2025-10-27 00:00:00,200.03,205.08,199.48,204.33,680006.801,0.0001
2025-10-27 16:00:00,200.11,203.25,199.82,200.03,590812.625,3.983e-05
2025-10-28 00:00:00,198.71,202.05,198.41,201.27,458190.136,1.82e-05
2025-10-28 08:00:00,202.36,203.99,199.14,199.73,521805.505,7.929e-05
2025-10-29 16:00:00,196.78,198.77,189.37,192.76,1903009.868,8.873e-05
2025-10-31 00:00:00,184.69,186.91,183.7,185.15,648608.894,-0.00022069
2025-11-01 08:00:00,185.79,186.72,185.28,186.22,222733.555,2.93e-05
2025-11-01 16:00:00,186.42,187.12,184.87,186.27,274011.508,-5.041e-05
2025-11-02 08:00:00,187.72,187.95,184.45,186.15,316944.044,2.822e-05
2025-11-03 00:00:00,187.71,189.13,176.73,177.57,1094378.434,2.882e-05
2025-11-03 16:00:00,166.79,171.0,165.61,166.74,1203562.117,-0.00015146
2025-11-04 16:00:00,161.5,162.36,152.26,154.62,1758082.425,1.759e-05
2025-11-05 00:00:00,155.04,157.42,147.29,156.93,1311505.522,3.273e-05
2025-11-05 08:00:00,156.47,157.63,153.67,157.48,688517.494,5.027e-05
2025-11-06 08:00:00,158.84,159.9,157.66,158.85,462417.2,-4.391e-05
2025-11-09 08:00:00,159.29,159.94,157.28,159.06,263577.165,-2.922e-05
2025-11-10 00:00:00,164.53,168.76,163.42,168.12,756387.017,0.0001
2025-11-10 08:00:00,167.38,169.81,166.11,168.33,504546.393,-0.00011243
2025-11-11 08:00:00,163.98,164.97,162.7,163.69,576448.391,-0.00020845
2025-11-12 00:00:00,154.63,155.58,153.59,154.57,587229.658,-2e-05
2025-11-12 16:00:00,155.73,156.21,151.2,153.05,1010302.977,-3.65e-05
2025-11-13 08:00:00,155.3,156.5,153.86,156.3,417271.961,3.785e-05
2025-11-14 00:00:00,144.74,145.68,142.8,144.28,689700.077,-0.00019091
2025-11-14 08:00:00,142.85,143.19,139.84,140.77,769504.935,-9.95e-06
2025-11-15 08:00:00,142.75,142.84,139.97,140.22,358754.991,5.851e-05
2025-11-16 08:00:00,142.31,143.38,139.5,139.92,436307.484,7.161e-05
2025-11-16 16:00:00,137.47,138.51,134.42,136.83,1113334.674,-5.32e-06
2025-11-17 16:00:00,137.16,137.21,129.37,129.65,1876713.067,9.994e-05
2025-11-18 16:00:00,139.7,142.12,138.77,141.44,657471.269,8.922e-05
2025-11-19 00:00:00,140.68,142.84,139.29,139.81,619607.706,2.756e-05
2025-11-19 08:00:00,140.57,141.03,138.35,138.56,368670.991,8.916e-05
2025-11-20 00:00:00,137.06,144.46,136.38,143.18,1377106.515,-0.00010212
2025-11-20 08:00:00,143.8,143.96,141.07,142.12,602504.635,0.0001
2025-11-20 16:00:00,138.56,138.74,131.11,133.92,2507134.344,0.0001
2025-11-21 08:00:00,127.55,129.45,123.79,124.32,1669518.962,5.033e-05
2025-11-22 08:00:00,127.74,127.74,125.32,126.68,475095.143,-3.816e-05
2025-11-22 16:00:00,127.13,128.6,126.79,127.2,414704.394,-5.023e-05
2025-11-23 00:00:00,127.6,130.8,127.56,129.96,491028.466,4.294e-05
2025-11-24 08:00:00,130.33,130.76,128.44,129.62,488160.134,3.449e-05
2025-11-25 00:00:00,138.43,138.99,137.25,137.8,339660.447,-4.847e-05
2025-11-26 16:00:00,136.67,144.75,136.46,143.99,1267639.711,-8.604e-05
2025-11-27 08:00:00,143.77,143.9,141.51,142.08,325361.224,-1.255e-05
2025-11-28 08:00:00,138.98,142.64,138.95,140.99,614761.359,-0.00015136
2025-11-29 00:00:00,137.33,137.89,136.7,136.83,246755.399,-8.328e-05
2025-11-30 08:00:00,136.52,137.1,136.12,136.42,254052.047,6.664e-05
2025-12-01 00:00:00,133.48,133.74,126.53,126.97,1614647.797,0.0001
2025-12-01 16:00:00,125.11,125.34,123.27,123.86,828331.629,7.07e-06
2025-12-02 08:00:00,127.26,128.84,126.01,128.31,388778.098,1.549e-05
2025-12-02 16:00:00,137.83,140.88,137.38,140.25,1232076.53,2.488e-05
2025-12-03 00:00:00,138.67,140.65,137.76,140.33,591646.275,0.0001
2025-12-03 08:00:00,141.89,142.67,140.75,141.72,338898.158,8.835e-05
2025-12-04 08:00:00,143.47,144.2,142.7,143.06,281400.1,7.212e-05
2025-12-05 00:00:00,139.01,140.2,138.3,138.56,357991.819,2.583e-05
2025-12-05 08:00:00,139.67,139.67,136.13,137.02,613358.33,4.599e-05
2025-12-07 00:00:00,132.2,133.59,131.93,133.5,186402.891,4.977e-05
2025-12-07 16:00:00,132.03,136.29,130.49,135.72,933154.236,-4.449e-05
2025-12-08 00:00:00,132.25,134.71,131.52,134.32,358010.639,-4.676e-05
2025-12-08 08:00:00,135.85,139.36,135.65,138.37,542414.345,6.981e-05
2025-12-11 08:00:00,131.03,131.41,130.15,130.93,321975.149,-0.00016369
2025-12-11 16:00:00,131.17,135.58,130.12,133.91,856553.78,-6.531e-05
2025-12-13 16:00:00,133.3,133.82,132.11,132.72,306223.432,-2.083e-05
2025-12-14 00:00:00,133.13,133.66,132.71,132.95,180565.013,-1.51e-05
2025-12-15 00:00:00,129.39,133.25,129.29,131.16,436829.082,-9.823e-05
2025-12-15 08:00:00,132.34,133.03,132.06,132.26,255593.536,2.213e-05
2025-12-15 16:00:00,126.89,127.3,123.63,125.02,995885.893,2.482e-05
2025-12-16 08:00:00,125.57,129.04,125.43,128.63,442177.138,-6.503e-05
2025-12-17 08:00:00,128.26,128.26,125.96,127.62,348417.329,3.39e-05
2025-12-17 16:00:00,126.76,127.98,121.36,122.39,1509621.617,5.848e-05
2025-12-19 00:00:00,119.6,122.54,117.61,121.59,620548.236,-3.298e-05
2025-12-19 16:00:00,125.09,126.97,123.59,126.25,787628.9,0.0001
2025-12-20 08:00:00,126.18,126.89,125.87,126.47,185508.42,6.912e-05
2025-12-21 00:00:00,125.8,126.11,124.68,125.22,302141.19,8.009e-05
2025-12-21 16:00:00,125.05,126.35,124.37,125.67,392876.601,-1.358e-05
2025-12-22 00:00:00,126.03,128.56,124.5,126.02,633482.79,3.525e-05
2025-12-23 00:00:00,125.93,126.93,124.9,125.63,273669.618,-6.2e-05
2025-12-23 08:00:00,124.19,125.23,123.93,124.86,238892.953,2.113e-05
2025-12-24 16:00:00,122.73,123.46,121.77,122.86,282750.284,2.942e-05
2025-12-25 00:00:00,122.52,123.15,122.09,122.7,124534.623,0.0001
2025-12-27 00:00:00,122.27,123.8,121.86,123.67,340920.475,4.89e-06
2025-12-27 08:00:00,123.15,123.34,122.51,122.99,130349.401,0.0001
2025-12-28 08:00:00,124.23,124.84,124.0,124.65,210645.397,0.0001
2025-12-28 16:00:00,124.44,124.77,123.08,123.3,527227.822,0.0001
2025-12-29 16:00:00,123.43,123.98,122.63,123.06,366732.972,-3.375e-05
2026-01-02 16:00:00,128.98,132.3,128.68,131.63,745970.82,0.0001
2026-01-03 08:00:00,130.09,131.44,129.8,130.71,253605.01,8.286e-05
2026-01-03 16:00:00,131.48,132.12,131.47,131.78,150725.729,6.427e-05
2026-01-04 00:00:00,133.37,134.97,133.31,134.62,397085.181,0.0001
2026-01-04 08:00:00,133.8,134.88,133.2,134.39,263179.193,4.499e-05
2026-01-05 00:00:00,134.12,137.75,134.01,136.64,651880.993,5.164e-05
2026-01-05 08:00:00,135.45,136.06,134.75,135.77,342758.224,1.007e-05
2026-01-05 16:00:00,136.13,138.82,134.31,138.23,765477.737,1.357e-05
2026-01-06 08:00:00,137.6,139.7,137.4,139.5,416041.928,3.473e-05
2026-01-06 16:00:00,141.59,141.95,136.19,137.53,841636.852,0.0001
2026-01-08 08:00:00,135.9,136.22,133.92,134.79,323607.294,7.768e-05
2026-01-08 16:00:00,136.41,139.06,136.25,137.53,635387.085,8.5e-07
2026-01-09 08:00:00,139.55,139.68,137.04,138.28,621265.565,9.569e-05
2026-01-10 00:00:00,135.96,136.69,135.68,136.15,206284.98,-9.725e-05
2026-01-11 16:00:00,138.44,141.6,138.43,139.43,775597.184,4.403e-05
2026-01-12 08:00:00,141.42,142.05,139.04,140.03,524699.387,0.0001
2026-01-12 16:00:00,142.58,144.33,140.58,140.99,859921.736,3.69e-05
2026-01-14 00:00:00,145.52,146.6,144.33,146.29,640347.025,0.0001
2026-01-15 00:00:00,146.7,146.73,143.21,143.49,481901.961,0.0001
2026-01-16 00:00:00,142.41,142.82,141.68,141.97,188314.507,-4.172e-05
2026-01-16 08:00:00,142.95,143.55,142.71,143.14,220271.618,-1.717e-05
2026-01-17 00:00:00,144.9,144.99,144.2,144.37,183972.751,0.0001
2026-01-17 08:00:00,143.64,144.65,143.32,144.0,162784.035,7.146e-05
2026-01-18 08:00:00,142.12,142.65,141.93,142.39,161988.896,-9.483e-05
2026-01-18 16:00:00,141.99,143.25,141.75,142.27,326847.273,-3.06e-05
2026-01-23 08:00:00,127.93,128.0,126.94,127.54,190897.481,1.237e-05
2026-01-26 00:00:00,118.85,122.77,118.53,121.57,478950.112,-0.00020746
2026-01-26 16:00:00,123.53,125.6,123.03,124.31,472340.453,2.194e-05
2026-01-27 08:00:00,124.52,124.79,123.57,124.12,224263.439,7.857e-05
2026-01-27 16:00:00,125.01,126.79,123.55,125.85,635375.613,2.427e-05
2026-01-28 00:00:00,127.18,127.52,126.65,126.96,197099.29,8.604e-05
2026-01-28 08:00:00,127.09,128.34,125.97,128.17,352797.501,6.014e-05
2026-01-28 16:00:00,126.06,127.04,125.26,126.01,434021.822,3.305e-05
2026-01-29 00:00:00,125.34,125.51,122.7,123.07,379002.267,1.45e-05
2026-01-29 16:00:00,117.69,119.96,115.39,116.84,1351851.927,-7.62e-05
2026-01-30 08:00:00,115.78,117.28,114.67,117.08,534204.7,-8.985e-05
2026-01-31 00:00:00,117.6,118.66,117.39,118.39,320657.229,-4.73e-06
2026-02-01 16:00:00,101.7,104.27,100.93,101.94,674420.783,-8.954e-05
2026-02-02 00:00:00,100.78,103.14,95.95,100.07,1510943.504,-0.00014659
2026-02-02 16:00:00,104.69,105.78,103.51,103.89,515713.965,-5.479e-05
2026-02-03 00:00:00,104.54,104.67,102.18,104.16,412975.486,-0.00012874
2026-02-03 16:00:00,102.56,102.56,96.64,99.02,1469216.052,-0.00016414
2026-02-04 16:00:00,92.8,94.71,90.0,94.38,1621367.878,-0.00033402
2026-02-05 08:00:00,90.55,93.43,88.66,89.98,1061546.234,9.48e-06
2026-02-06 00:00:00,78.34,80.3,67.5,76.71,4857838.166,-0.00016041
2026-02-06 16:00:00,84.48,88.72,83.66,87.09,1733549.251,-0.00055144
2026-02-07 08:00:00,85.29,85.74,84.51,84.91,448696.289,-0.00024143
2026-02-08 08:00:00,87.41,88.99,86.44,88.25,569978.386,-0.00039857
2026-02-08 16:00:00,87.78,88.61,85.77,88.41,482648.823,-0.00030758
2026-02-10 00:00:00,86.77,87.49,85.26,85.87,402093.534,-0.00012797
2026-02-10 16:00:00,84.3,85.14,82.44,83.08,486935.392,-0.00015079
2026-02-11 00:00:00,82.99,84.39,82.59,83.34,317157.796,3.598e-05
2026-02-11 16:00:00,79.72,80.94,78.04,79.72,711553.118,-8.635e-05
2026-02-12 00:00:00,79.31,80.79,79.26,80.62,286003.683,-0.0001924
2026-02-15 00:00:00,88.06,88.78,87.31,88.61,477493.402,-0.00017847
2026-02-15 16:00:00,87.41,87.88,85.2,85.34,714921.002,5.339e-05
2026-02-16 16:00:00,83.21,85.16,83.1,84.61,631216.887,-0.00015888
2026-02-18 00:00:00,85.09,85.49,83.92,85.33,469767.043,-9.696e-05
2026-02-18 08:00:00,85.28,86.09,82.83,82.86,707916.188,-3.984e-05
2026-02-19 08:00:00,82.4,82.42,80.91,81.24,312028.085,-0.00012365
2026-02-20 00:00:00,82.5,83.54,82.33,83.04,484575.741,2.253e-05
2026-02-20 08:00:00,83.45,84.84,83.3,83.58,667959.132,-9.514e-05
2026-02-20 16:00:00,84.38,85.49,82.82,84.75,839756.204,3.03e-06
2026-02-21 08:00:00,84.24,85.7,84.19,85.4,253890.125,-9.185e-05
2026-02-22 16:00:00,83.49,83.63,82.82,83.3,206105.59,-6.575e-05
2026-02-23 08:00:00,79.4,80.69,78.53,80.05,565368.231,-0.00053535
2026-02-23 16:00:00,79.39,79.8,77.27,78.29,1029792.145,-0.00014788
2026-02-24 08:00:00,76.85,77.2,76.0,76.77,350066.337,-7.491e-05
2026-02-25 16:00:00,85.98,89.65,85.97,89.43,1161364.348,6.24e-05
2026-02-26 00:00:00,88.05,89.27,87.53,87.95,809196.666,0.0001
2026-02-27 08:00:00,87.31,87.93,83.35,83.59,631826.713,-8.411e-05
2026-02-28 00:00:00,81.84,82.27,81.55,81.74,195519.451,5.04e-06
2026-02-28 08:00:00,78.7,79.6,77.74,78.78,1076217.7,-0.00020116
2026-03-01 08:00:00,86.63,86.83,84.71,85.18,563401.528,0.0001
2026-03-02 16:00:00,88.77,90.29,86.39,87.65,1223343.144,-1.424e-05
2026-03-03 00:00:00,86.65,87.32,85.23,86.31,536255.51,-3.622e-05
2026-03-03 08:00:00,85.58,85.77,83.7,84.21,747390.113,-6.186e-05
2026-03-04 16:00:00,92.94,94.05,90.66,93.19,1058973.473,2.4e-05
2026-03-05 00:00:00,90.86,91.42,89.61,90.03,547049.008,5.985e-05
2026-03-05 08:00:00,90.16,92.96,89.66,91.84,704543.868,-7.723e-05
2026-03-08 08:00:00,82.95,84.13,82.51,82.81,340229.954,-0.00016925
2026-03-09 00:00:00,81.6,84.5,81.54,83.16,588325.344,-0.00010144
2026-03-11 00:00:00,85.88,86.28,85.48,85.63,286257.991,6.61e-06
2026-03-12 00:00:00,86.58,86.78,84.72,85.01,357699.785,4.554e-05
2026-03-12 08:00:00,85.82,87.13,85.39,86.79,448496.154,-0.00016439
2026-03-12 16:00:00,86.57,87.09,85.68,86.8,507906.054,-3.63e-06
2026-03-13 16:00:00,89.49,90.15,88.37,88.92,611464.125,9.095e-05
2026-03-14 08:00:00,87.32,87.55,86.51,86.96,283476.778,-6.738e-05
2026-03-15 00:00:00,88.04,88.65,87.58,87.86,272238.602,-0.00010764
2026-03-15 08:00:00,88.22,88.88,88.14,88.55,190655.217,-5.506e-05
2026-03-15 16:00:00,87.9,88.8,87.45,88.19,265335.37,1.663e-05
2026-03-16 00:00:00,92.31,94.0,91.18,93.16,1014325.143,9.583e-05
2026-03-16 16:00:00,93.2,95.48,93.13,95.21,833015.474,5.241e-05
2026-03-17 00:00:00,96.19,96.95,93.71,94.07,824181.768,8.675e-05
2026-03-19 00:00:00,90.07,91.41,89.79,90.74,271818.87,-0.00010064
2026-03-20 08:00:00,89.38,90.45,88.61,89.15,528038.845,-4.929e-05
2026-03-20 16:00:00,88.94,89.23,88.13,88.99,258041.825,-6.064e-05
2026-03-21 00:00:00,89.85,90.65,89.73,90.45,161696.72,2.431e-05
2026-03-21 08:00:00,90.12,90.4,89.81,89.94,153713.834,-1.16e-05
2026-03-23 00:00:00,86.21,87.22,85.47,86.4,318814.595,-6.305e-05
2026-03-24 00:00:00,91.44,91.68,89.96,90.35,323535.987,0.0001
2026-03-24 08:00:00,91.71,92.22,91.12,91.77,507240.51,2.758e-05
2026-03-25 00:00:00,90.8,91.95,90.71,91.69,372289.689,-4.578e-05
2026-03-25 08:00:00,91.82,93.47,91.82,92.99,511796.134,6.687e-05
2026-03-26 16:00:00,87.53,87.73,85.45,85.48,570992.644,-0.00022349
2026-03-27 08:00:00,85.92,86.14,82.63,83.39,940535.152,-0.00019053
2026-03-27 16:00:00,83.36,83.44,81.86,82.81,428188.403,-0.0003981
2026-03-28 16:00:00,83.84,83.95,83.04,83.28,158735.499,-0.00016926
2026-03-29 16:00:00,81.82,82.12,81.12,81.62,159921.606,-0.00014871
2026-03-30 00:00:00,81.45,83.94,81.15,83.27,697702.3,-0.00027324
2026-03-30 16:00:00,84.5,84.55,81.96,82.39,511840.073,-1.962e-05
2026-03-31 00:00:00,82.55,84.62,82.15,83.6,444423.076,-8.653e-05
2026-03-31 08:00:00,83.1,83.35,80.08,80.85,1334193.196,3.994e-05
2026-03-31 16:00:00,80.87,83.47,80.87,82.7,774479.722,-0.0001383
2026-04-01 00:00:00,83.19,83.58,82.48,83.43,401305.617,1.608e-05
2026-04-01 08:00:00,83.84,84.06,83.07,83.37,412603.121,-6.42e-06
2026-04-01 16:00:00,83.62,86.65,83.08,83.82,1336245.808,-1.877e-05
2026-04-03 00:00:00,78.95,79.79,78.85,79.0,367179.718,-6.8e-06
2026-04-04 00:00:00,80.39,80.42,80.06,80.18,206139.619,-4.223e-05
2026-04-04 16:00:00,81.1,81.35,80.61,80.85,331318.144,-3.973e-05
2026-04-05 08:00:00,79.59,80.24,79.54,79.9,158236.781,-9.381e-05
2026-04-07 00:00:00,80.03,80.23,79.38,79.8,361044.768,-0.00010287
2026-04-07 08:00:00,79.87,80.59,78.95,79.21,497100.401,-0.00021212
2026-04-07 16:00:00,78.86,81.83,78.65,81.63,851596.331,-6.822e-05
2026-04-08 00:00:00,85.56,85.9,84.26,84.56,580400.661,0.0001
2026-04-08 08:00:00,84.51,84.98,84.11,84.45,393181.293,0.0001
2026-04-09 00:00:00,82.56,82.67,81.7,82.03,466965.456,4.258e-05
2026-04-10 00:00:00,83.33,83.79,82.62,82.9,336956.631,0.0001
2026-04-10 16:00:00,84.25,85.47,84.14,85.44,255382.959,8.338e-05
2026-04-11 00:00:00,84.83,84.93,84.31,84.4,151906.978,4.33e-05
2026-04-11 08:00:00,84.27,84.8,83.8,84.24,206226.416,-1.872e-05
2026-04-12 00:00:00,84.94,85.0,81.84,82.33,630649.642,0.0001
2026-04-12 08:00:00,82.28,82.41,81.92,82.22,260332.784,-0.00011509
2026-04-12 16:00:00,81.59,82.32,81.53,81.99,166707.057,-6.761e-05
2026-04-13 16:00:00,82.66,84.25,82.34,84.09,492483.876,0.0001
2026-04-15 00:00:00,83.72,84.06,83.13,83.45,493483.224,1.64e-06
2026-04-15 08:00:00,82.92,83.68,82.71,83.61,346599.964,-9.128e-05
2026-04-15 16:00:00,84.0,85.83,83.9,85.51,487544.423,-2.279e-05
2026-04-16 08:00:00,85.21,85.51,84.64,85.07,357699.712,0.0001
2026-04-16 16:00:00,86.62,90.16,85.63,90.1,1361241.194,7.305e-05
2026-04-18 16:00:00,86.75,86.98,85.78,86.13,278680.98,-7.993e-05
2026-04-20 00:00:00,83.47,84.62,83.34,84.59,328650.349,-8.585e-05
2026-04-20 08:00:00,84.74,85.4,84.57,85.07,305061.638,-1.265e-05
2026-04-21 00:00:00,85.29,85.83,85.0,85.17,255983.805,8.917e-05
2026-04-22 08:00:00,88.06,88.88,87.6,88.31,408342.684,0.0001
2026-04-22 16:00:00,88.19,88.46,87.09,87.37,500634.794,0.0001
2026-04-23 00:00:00,86.86,87.18,85.48,85.79,443314.671,8.553e-05
2026-04-23 08:00:00,85.91,85.94,85.2,85.81,329245.385,-4.21e-05
2026-04-24 08:00:00,85.5,86.28,84.92,86.19,401616.795,-2.981e-05
2026-04-24 16:00:00,86.52,86.58,85.95,86.33,210273.129,-5.314e-05
2026-04-25 00:00:00,86.18,86.5,86.03,86.46,96838.828,5.235e-05
2026-04-27 08:00:00,85.27,85.63,85.05,85.26,450659.713,-2.08e-05
2026-04-28 08:00:00,84.01,84.19,83.3,83.42,185635.257,8.41e-06
2026-04-30 08:00:00,83.35,83.55,82.79,83.01,211178.166,7.422e-05
2026-04-30 16:00:00,83.36,83.43,82.87,83.04,171900.668,7.585e-05
2026-05-01 00:00:00,83.09,84.38,83.08,83.89,263561.957,6.01e-05
2026-05-01 16:00:00,84.46,84.63,83.79,83.9,265797.069,4.955e-05
2026-05-02 08:00:00,83.73,84.17,83.52,83.7,165721.905,-3.588e-05
2026-05-03 16:00:00,84.16,84.5,84.0,84.38,120424.175,-1.872e-05
2026-05-04 00:00:00,83.91,85.67,83.35,85.41,948697.547,7.211e-05
2026-05-04 08:00:00,84.87,85.2,83.23,83.95,651310.681,0.0001
2026-05-05 00:00:00,84.11,84.97,84.04,84.78,257970.468,6.511e-05
2026-05-05 16:00:00,85.5,86.56,85.0,86.49,416842.639,0.0001
2026-05-06 08:00:00,87.71,90.03,87.64,89.87,1026165.098,5.677e-05
2026-05-07 00:00:00,89.16,89.27,87.63,87.75,335206.373,8.995e-05
2026-05-07 08:00:00,90.17,90.27,88.76,89.57,463543.638,8.232e-05
2026-05-09 00:00:00,92.02,93.91,91.85,93.64,576427.732,0.0001
2026-05-10 08:00:00,93.46,94.8,92.91,93.55,511703.374,1.717e-05
2026-05-10 16:00:00,94.53,97.0,94.18,96.47,655333.729,-8.59e-06
2026-05-11 00:00:00,96.46,96.67,94.46,94.76,667426.526,8.884e-05
2026-05-11 08:00:00,95.34,95.57,94.58,95.25,389420.941,3.592e-05
2026-05-11 16:00:00,96.79,98.39,96.5,98.19,694124.811,6.498e-05
2026-05-12 16:00:00,93.85,95.01,93.6,94.92,452976.884,8.095e-05
2026-05-14 08:00:00,90.88,91.3,90.59,90.64,241689.981,-3.038e-05
2026-05-14 16:00:00,93.16,93.68,92.29,92.9,682691.89,-5.361e-05
2026-05-15 00:00:00,92.16,92.66,91.47,92.06,446397.438,-1.584e-05
2026-05-16 08:00:00,87.46,87.62,85.52,86.11,569659.112,5.209e-05
2026-05-17 00:00:00,86.53,86.72,85.59,86.53,324090.568,-5.139e-05
2026-05-20 16:00:00,85.92,87.09,85.53,86.16,766824.02,-1.433e-05
2026-05-21 08:00:00,86.64,87.27,85.57,85.58,424877.763,6.241e-05
2026-05-21 16:00:00,86.46,88.0,86.04,87.83,741905.19,2.943e-05
2026-05-22 00:00:00,87.35,87.36,86.59,87.03,210496.533,0.0001
2026-05-24 16:00:00,85.3,85.88,85.11,85.37,247308.067,9.58e-06
2026-05-26 00:00:00,85.06,85.09,83.85,84.22,332787.535,4.297e-05
2026-05-26 16:00:00,84.49,84.57,83.15,83.8,511232.128,4.692e-05
2026-05-27 00:00:00,83.73,84.19,83.48,83.63,175200.835,-0.00014384
2026-05-28 08:00:00,81.26,81.32,80.6,80.88,239310.649,-0.00014123
2026-05-29 00:00:00,82.12,82.48,81.47,81.61,214530.389,4.219e-05
2026-05-30 00:00:00,82.04,83.1,81.94,82.67,179009.035,7.48e-05
2026-05-30 16:00:00,82.68,83.14,82.63,82.99,163056.436,4.292e-05
2026-05-31 00:00:00,82.74,83.42,82.62,83.25,163777.358,2.3e-05
2026-05-31 08:00:00,82.67,83.05,82.49,82.76,120279.228,3.645e-05
2026-06-01 16:00:00,79.61,81.31,79.11,81.2,359132.582,3.141e-05
2026-06-02 00:00:00,81.28,81.3,79.41,80.92,306484.207,0.0001
2026-06-02 08:00:00,79.67,79.8,78.78,78.94,320665.067,2.624e-05
2026-06-02 16:00:00,76.38,77.67,74.5,75.53,828350.482,-4.38e-05
2026-06-03 08:00:00,75.26,75.71,74.73,75.12,405011.404,-4.817e-05
2026-06-04 08:00:00,69.16,69.44,67.37,68.7,839513.769,-0.00018206
2026-06-05 00:00:00,68.87,69.1,66.94,67.09,676499.592,-9.673e-05
2026-06-06 00:00:00,63.64,64.86,62.58,62.84,483893.66,-7.32e-05
2026-06-06 08:00:00,62.79,63.6,61.2,62.46,562710.602,-0.00018542
2026-06-06 16:00:00,62.04,62.4,61.38,61.64,495457.261,-0.00016398
2026-06-07 08:00:00,64.92,66.11,64.46,65.04,482584.632,-0.00023704
2026-06-07 16:00:00,64.99,65.62,63.64,63.95,320474.202,-0.00038757
2026-06-08 00:00:00,66.5,67.11,65.4,66.37,492224.105,-0.00025513
2026-06-09 00:00:00,66.82,66.89,65.29,66.01,457007.966,-6.393e-05
2026-06-09 08:00:00,66.9,66.94,65.9,66.11,336582.783,-2.354e-05
2026-06-11 00:00:00,63.19,65.48,63.19,65.27,593113.979,-8.243e-05
2026-06-11 16:00:00,65.56,67.42,65.05,66.93,715853.724,-3.36e-06
2026-06-12 00:00:00,66.93,67.3,66.42,67.04,293225.51,-9.068e-05
2026-06-12 08:00:00,66.32,67.49,66.31,66.93,425921.009,-9.448e-05
2026-06-12 16:00:00,67.26,68.22,66.68,66.78,467750.288,-2.866e-05
2026-06-13 00:00:00,66.83,67.51,66.7,66.88,178716.201,-5.235e-05
2026-06-14 16:00:00,67.43,67.76,67.19,67.57,109070.249,-9.337e-05
2026-06-16 00:00:00,73.99,74.42,72.77,73.74,347371.226,1.871e-05
2026-06-16 08:00:00,74.45,75.65,74.35,74.66,346883.973,-1.544e-05
2026-06-17 08:00:00,73.27,73.3,71.71,72.04,332561.502,-5.638e-05
2026-06-17 16:00:00,73.8,74.69,71.43,71.66,883283.168,-3.481e-05
2026-06-18 08:00:00,71.77,72.16,70.72,70.94,280585.067,-4.124e-05
2026-06-20 08:00:00,71.6,72.1,71.21,71.78,214467.355,-3.337e-05
2026-06-21 00:00:00,73.22,73.86,72.88,73.63,252246.07,4.438e-05
2026-06-21 08:00:00,73.21,74.4,72.75,73.21,402272.224,2.277e-05
2026-06-21 16:00:00,74.14,74.68,73.8,74.42,322000.612,7.45e-06
2026-06-22 00:00:00,72.47,74.99,72.46,73.52,472993.64,4.338e-05
2026-06-22 08:00:00,74.1,74.44,73.57,74.17,442592.469,-4.305e-05
2026-06-25 00:00:00,68.12,68.32,67.4,67.7,233177.391,-0.00011854
2026-06-25 08:00:00,69.44,69.45,68.0,68.18,329991.596,-4.028e-05
2026-06-25 16:00:00,66.32,67.35,65.65,66.2,676745.947,-4.827e-05
2026-06-26 16:00:00,72.06,73.93,72.01,73.01,812035.98,6.096e-05
2026-06-27 00:00:00,71.9,72.5,71.36,72.27,368000.362,0.0001
2026-06-27 08:00:00,72.31,72.33,71.53,71.81,184926.87,4.81e-05
2026-06-28 00:00:00,70.49,71.01,70.44,70.87,169734.883,1.63e-05
2026-06-28 16:00:00,72.09,72.13,70.25,70.74,294133.919,9.68e-06
2026-06-30 00:00:00,75.17,75.24,74.04,74.19,326692.743,0.0001
2026-06-30 08:00:00,74.16,75.8,73.3,73.4,452688.812,7.704e-05
2026-07-01 00:00:00,73.67,75.69,72.25,75.48,606723.588,0.0001
2026-07-01 08:00:00,74.87,75.58,74.46,74.84,493452.245,0.0001
2026-07-01 16:00:00,77.43,78.25,76.8,77.0,503230.399,6.848e-05
2026-07-02 00:00:00,77.46,78.96,76.9,78.72,441268.976,2.682e-05
2026-07-02 08:00:00,78.0,82.78,77.94,82.38,1360405.346,-2.441e-05
2026-07-02 16:00:00,80.87,81.32,80.15,80.83,460956.211,6.544e-05
2026-07-03 00:00:00,80.72,81.69,80.34,80.73,263041.039,2.31e-05
2026-07-03 16:00:00,81.21,83.22,81.08,82.48,343571.496,-3.2e-05
2026-07-04 00:00:00,82.35,82.85,81.8,82.74,314311.283,7.283e-05
2026-07-04 08:00:00,82.72,82.78,81.42,81.82,292710.024,8.74e-05
2026-07-05 16:00:00,81.36,81.54,80.81,81.04,149854.907,3.855e-05
2026-07-06 00:00:00,81.59,82.33,80.45,80.8,305151.36,6.82e-05
2026-07-06 08:00:00,80.83,81.08,80.06,80.39,221770.807,3.336e-05
2026-07-06 16:00:00,81.5,82.4,81.29,82.07,526008.258,6.227e-05
2026-07-07 00:00:00,81.94,82.5,80.97,81.05,238050.811,6.816e-05
2026-07-07 08:00:00,81.51,81.6,80.76,81.32,310571.446,5.46e-06
2026-07-07 16:00:00,82.11,82.79,80.78,81.37,312428.022,-1.996e-05
2026-07-08 00:00:00,80.58,80.78,78.22,78.73,472550.205,-2.939e-05
2026-07-08 08:00:00,78.29,78.43,76.9,77.56,421883.719,-1.042e-05
2026-07-08 16:00:00,76.76,77.68,76.76,77.42,242811.91,-1.721e-05
2026-07-09 00:00:00,77.83,78.78,76.71,77.38,288234.275,4.117e-05
2026-07-10 00:00:00,78.05,79.45,77.79,79.07,292909.143,4.254e-05
2026-07-11 00:00:00,78.14,78.14,77.47,77.79,188515.163,5.263e-05
2026-07-11 08:00:00,77.99,78.34,77.75,78.13,143126.137,-2.607e-05
2026-07-11 16:00:00,78.39,78.4,77.63,78.15,423253.248,7.892e-05
2026-07-12 00:00:00,76.79,77.09,75.65,77.04,314558.349,2.546e-05
2026-07-12 16:00:00,77.47,77.78,77.23,77.68,115689.288,6.891e-05
2026-07-13 00:00:00,76.92,78.2,75.43,75.86,410430.032,5.504e-05
2026-07-14 00:00:00,75.02,75.56,74.56,75.15,183173.552,4.27e-06
2026-07-15 16:00:00,78.06,78.12,76.94,77.18,309252.556,-6.87e-06
2026-07-16 00:00:00,77.28,77.48,76.7,76.95,211643.587,2.874e-05
2026-07-17 00:00:00,75.33,75.75,74.75,75.23,205404.177,1.683e-05
2026-07-18 00:00:00,75.04,75.45,74.99,75.38,86539.935,2.897e-05
2026-07-18 08:00:00,74.97,75.04,74.66,74.97,86294.314,2.87e-05
2026-07-19 08:00:00,76.14,76.53,75.9,76.06,171968.314,4.518e-05
2026-07-20 00:00:00,76.38,77.4,76.13,76.76,330911.62,5.638e-05
2026-07-21 08:00:00,78.57,78.75,78.07,78.36,238084.955,6.58e-05
2026-07-22 00:00:00,78.13,78.59,77.81,77.87,155254.548,2.725e-05
2026-07-22 08:00:00,77.11,77.82,77.06,77.62,195688.886,-3.237e-05
