Date,Open,High,Low,Close,Volume,funding_rate,btc_funding_z,btc_vol_vel
2021-01-02 00:00:00,1.8421,1.8495,1.7923,1.795,74386.11,-0.00120567,0.0,0.0
2021-01-02 08:00:00,1.7526,1.7688,1.7492,1.7531,67394.6,0.0001,0.7071067811865476,0.0
2021-01-03 08:00:00,2.0662,2.167,2.0642,2.1472,123246.39,-0.00048296,1.1502349629836766,0.0
2021-01-04 00:00:00,2.1789,2.27,2.11,2.127,208200.53,-0.00302774,1.1630733332376613,0.0
2021-01-04 08:00:00,2.1153,2.1999,2.1153,2.1916,100697.24,0.0001,1.3241155258538437,0.0
2021-01-04 16:00:00,2.2757,2.2877,2.1613,2.174,111681.95,-0.00240332,-0.4974786374449486,0.0
2021-01-06 16:00:00,2.0801,2.0987,2.0636,2.0949,76661.02,-0.0075,0.5053342690101749,3.044784299585959
2021-01-07 08:00:00,2.126,2.1285,2.07,2.07,209025.36,-0.0075,0.39828869632039143,0.3421968319847331
2021-01-08 00:00:00,2.3655,2.4245,2.3642,2.4118,314516.04,-0.00094262,1.125464458370794,-0.5876960770482085
2021-01-08 08:00:00,2.4054,2.4164,2.193,2.347,297862.35,0.00071256,-0.3646639151600511,-0.3092862604300481
2021-01-08 16:00:00,3.3027,3.372,3.3027,3.3686,168659.42,0.00012872,0.14989533596560967,0.28241343409309083
2021-01-09 16:00:00,3.1011,3.1147,3.0925,3.0937,34041.17,0.00051747,0.3413945054814887,-0.7107763607926187
2021-01-10 00:00:00,3.3734,3.4304,3.361,3.3857,88226.23,0.00318311,0.18580347826475807,-0.5322041895649823
2021-01-10 16:00:00,3.4153,3.4581,3.394,3.4196,99859.17,0.00080074,-1.5380211560130128,-0.10783167740803747
2021-01-11 00:00:00,3.4455,3.4758,3.4105,3.4491,78015.66,0.00024441,-0.8576255070530812,0.6669691256984257
2021-01-11 16:00:00,2.7584,2.789,2.655,2.6749,91469.76,0.00087274,-1.2010498748874665,4.875546532269269
2021-01-12 00:00:00,3.1016,3.1162,3.058,3.0741,73422.18,0.0001,-1.38339310578224,0.2775485201871358
2021-01-12 08:00:00,3.3824,3.4034,3.3473,3.3599,46162.25,-4.075e-05,-1.0471392463114084,0.8076448879716218
2021-01-13 08:00:00,3.4888,3.4895,3.4323,3.4444,50749.39,0.00028285,-1.2884408217266539,0.6711368145121042
2021-01-14 00:00:00,3.5243,3.5387,3.4822,3.515,126324.91,0.0001,-0.24713649422019263,2.556428802396183
2021-01-14 16:00:00,3.4951,3.5072,3.4854,3.5043,46817.72,0.00127162,-0.2791266728077341,-0.16656756260509442
2021-01-15 08:00:00,3.3711,3.3783,3.3415,3.3574,33965.45,0.0001,-0.3196289238887276,-0.832304202735945
2021-01-16 00:00:00,3.2479,3.28,3.2463,3.2728,41132.9,0.00063201,-1.3537779206970033,-0.2901441318972309
2021-01-16 16:00:00,3.4024,3.43,3.3513,3.3599,150894.3,0.00199151,0.2077559460624105,-0.06535327794930088
2021-01-17 08:00:00,3.388,3.3915,3.331,3.3526,57792.84,0.00088588,-0.9136787590763541,0.16992232068884874
2021-01-18 00:00:00,3.8243,3.8554,3.8083,3.8325,59270.01,0.00122517,0.14984866927034246,-0.48954857123477225
2021-01-18 16:00:00,3.9654,4.0121,3.9613,3.9963,70345.54,0.00146114,1.9264987767652941,-0.4234969431173093
2021-01-19 00:00:00,3.7873,3.7988,3.7508,3.7702,17579.81,0.00120146,0.29380795211056315,0.19520261569458278
2021-01-21 00:00:00,3.7199,3.7411,3.6734,3.6803,42056.38,-4.668e-05,-0.4903432624964983,-0.595011373453094
2021-01-21 08:00:00,3.5579,3.5579,3.5126,3.5321,39474.93,0.0001,-0.23760060661173682,-0.23107503762292583
2021-01-23 00:00:00,3.3302,3.3397,3.3099,3.3138,30261.07,0.0001,-1.5863739253782456,-0.22579878462566888
2021-01-23 16:00:00,3.4806,3.4901,3.4577,3.4901,15116.5,0.0001,-1.3104486491006846,-0.5817786893761053
2021-01-25 16:00:00,3.7116,3.72,3.6584,3.6783,55866.07,0.0001,-0.11206207523639207,1.0688354743977666
2021-01-26 08:00:00,3.7507,3.7699,3.7347,3.7408,24557.98,0.0001,-1.0656933437254352,0.013619405022510803
2021-01-26 16:00:00,3.7883,3.8312,3.7689,3.7815,57812.93,0.0001,-1.0656933437254352,3.652092839088482
2021-01-27 00:00:00,4.0418,4.0422,3.9788,3.99,55228.69,0.0001,-0.9019996255549133,0.01588650153182009
2021-01-28 00:00:00,3.664,3.6839,3.6359,3.6457,29260.95,0.0001,-0.8169634885577528,-0.24885098628475522
2021-01-28 08:00:00,3.7634,3.7948,3.7543,3.789,8980.53,0.0001,-0.691033193646074,0.3129100188997928
2021-01-28 16:00:00,3.8887,3.8987,3.8551,3.8783,61073.63,0.00032246,-0.08525065439534088,-0.16114691294801092
2021-01-29 08:00:00,3.6662,3.6758,3.6502,3.6702,6302.93,0.00046897,2.0559672463072807,0.7041479273772172
2021-01-29 16:00:00,3.8133,3.83,3.7962,3.8205,26767.2,0.00135527,2.8903555029178465,0.058740836196629655
2021-01-30 00:00:00,3.8301,3.8995,3.8136,3.895,46867.97,0.00074522,0.11888561302287433,0.7540474784161978
2021-01-30 08:00:00,3.8361,3.8379,3.825,3.8294,10938.68,0.000426,-0.056112711981143544,0.3563590593428255
2021-01-30 16:00:00,4.0426,4.0547,4.0,4.009,99903.02,0.00083867,0.29646397349127074,1.0959797934790336
2021-01-31 08:00:00,4.4892,4.54,4.4659,4.5226,51006.04,0.00068997,0.14732404316494568,-0.14227382743898342
2021-01-31 16:00:00,4.2266,4.2452,4.1798,4.23,67383.02,0.00125194,0.04172238042404511,-0.21828461863724072
2021-02-01 16:00:00,4.2103,4.2479,4.2042,4.2215,8306.62,0.00023243,0.46100190560614585,-0.7742879377054991
2021-02-02 00:00:00,4.6148,4.6265,4.5758,4.579,40488.29,0.00049185,-0.305373175835378,-0.3080535570290023
2021-02-02 16:00:00,5.0523,5.0809,5.0365,5.0436,41172.91,0.00178222,1.4372551005406828,-0.3285523928110415
2021-02-04 08:00:00,5.8314,5.8745,5.82,5.8321,50567.19,0.00196534,0.24549153908142213,0.21445129363448875
2021-02-05 16:00:00,6.9411,7.0917,6.9286,7.075,70099.75,0.00248849,0.7094225146024842,0.6968444734777992
2021-02-06 16:00:00,5.7925,5.7974,5.7,5.7382,94275.33,0.0015495,0.6949950496679954,0.2004476441766736
2021-02-07 00:00:00,6.1219,6.1564,6.0902,6.1524,64767.81,0.00069317,2.1181850837609093,1.8333226108031426
2021-02-08 00:00:00,6.6931,6.7286,6.6278,6.7231,40053.12,0.00045129,-0.3977804180462763,-0.04881634594200774
2021-02-08 16:00:00,7.755,7.95,7.755,7.9354,71362.61,0.00189272,2.572898627423726,1.9384373243618618
2021-02-11 00:00:00,9.0897,9.26,9.0721,9.1197,217550.58,0.0016268,-0.29476664295823757,-0.35283003523495227
2021-02-11 08:00:00,9.4522,9.5143,9.3309,9.3365,83348.71,0.00151791,-0.24786472053362238,-0.6092741141039852
2021-02-11 16:00:00,9.2689,9.4085,9.2456,9.3801,89754.01,0.00128569,1.1099274515018531,-0.036968480834174686
2021-02-12 00:00:00,9.2058,9.2476,9.0718,9.0962,76665.11,0.00211126,0.26407885269711917,0.3810169434411556
2021-02-12 08:00:00,9.3325,9.3843,9.2914,9.3212,21950.19,0.00076834,0.09061218160867832,-0.42561509145764553
2021-02-12 16:00:00,9.5404,9.645,9.5308,9.57,42620.21,0.00087438,-0.2626813737232074,-0.6696517087016391
2021-02-13 16:00:00,9.07,9.123,9.0425,9.1172,32428.02,0.0014149,-0.8254657377817006,-0.4132862823335392
2021-02-14 08:00:00,8.714,8.7419,8.689,8.6992,22447.37,0.00252331,0.4280216444341414,-0.2174387562491017
2021-02-15 00:00:00,8.7234,8.7988,8.7027,8.7794,22343.47,0.00066418,-0.13204261258713046,-0.578922203650139
2021-02-15 16:00:00,8.9147,9.146,8.8333,9.1261,129385.41,0.0001,-0.9148612142317654,-0.6338455928025193
2021-02-16 08:00:00,8.7288,8.7406,8.6868,8.7076,13745.49,0.00158627,0.013183399479393964,0.5522130963141614
2021-02-18 08:00:00,8.5484,8.58,8.4759,8.4906,13384.06,0.00155495,1.1575871354103615,-0.3673276931117852
2021-02-20 00:00:00,11.4845,11.762,11.4839,11.7031,136583.04,0.00134072,1.0332141548147018,0.8258054023878606
2021-02-20 16:00:00,10.2533,10.3992,10.2064,10.3952,53874.07,0.00248155,-0.07569094135745197,0.8572207484288549
2021-02-22 16:00:00,10.2747,10.3318,10.1716,10.2684,92628.49,0.0001,-1.3064776367613684,1.5063533721504698
2021-02-23 00:00:00,14.4176,14.65,14.0823,14.2945,260760.14,-0.00114458,-2.1046450584328364,0.11412709207064582
2021-02-23 16:00:00,15.4,15.7,15.2203,15.5873,272626.55,0.0001,-1.799407371411468,0.6540630376816428
2021-02-25 08:00:00,16.3183,16.3852,16.1406,16.1664,87675.84,0.0001,-1.38825458715005,-0.018674501465431554
2021-02-26 00:00:00,13.8565,13.8747,13.5583,13.8747,124534.15,0.0001,-1.3164613312066424,0.5851610841888707
2021-02-27 08:00:00,13.8889,13.9531,13.8663,13.9267,27655.25,0.0001,-0.5945964587916691,-0.5520278543584853
2021-02-27 16:00:00,13.3866,13.6028,13.3342,13.5638,82798.9,0.00013802,-1.0245825145672658,-0.548234305660748
2021-02-28 16:00:00,11.5129,11.6886,11.4316,11.5,196030.98,0.0001,-0.49062609443735644,0.8037876276004532
2021-03-01 00:00:00,13.08,13.2,13.0102,13.1856,78181.55,0.0001,-0.7140529058477454,-0.4859283542220683
2021-03-02 00:00:00,14.9989,15.06,14.8811,15.0401,66494.12,0.00021657,-0.7223898909018115,0.6586038547862915
2021-03-02 08:00:00,14.2929,14.3731,14.2739,14.3549,12499.18,0.00051119,-0.6634757213347087,-0.6614707402198851
2021-03-03 00:00:00,13.9546,13.9546,13.7018,13.7759,100055.16,0.0007243,-0.6602477845969884,0.041569609108919034
2021-03-03 16:00:00,14.1587,14.2367,14.1585,14.2072,45189.35,0.00096015,1.7425748419738905,0.7464651145342918
2021-03-04 00:00:00,14.0936,14.0936,13.8032,13.8675,67083.04,0.00017193,-0.6823528522383501,-0.09552506035174763
2021-03-05 00:00:00,13.0649,13.0992,12.8,12.8312,48621.53,0.00018864,-0.6553782910396675,1.181347569446934
2021-03-06 00:00:00,12.5507,12.6499,12.5499,12.635,13760.0,0.00051149,-0.5967252670825268,-0.3526793503047944
2021-03-06 08:00:00,12.3007,12.3635,12.2916,12.3411,12346.6,0.00058979,-0.5967252670825269,-0.17111808389954253
2021-03-06 16:00:00,12.2724,12.3662,12.2211,12.3472,45370.5,0.00023359,-0.4758913263145971,0.5019217182853452
2021-03-08 00:00:00,13.8174,13.906,13.7673,13.8411,31973.58,0.0004945,-0.47556824664999076,-0.37802853710465084
2021-03-08 08:00:00,13.3102,13.3244,13.2501,13.2592,19600.05,0.00048468,-0.3451048629000802,-0.4995465531190671
2021-03-09 00:00:00,13.608,13.6749,13.6,13.6031,14634.35,0.00142095,2.7351600000868523,-0.2546448973987441
2021-03-09 08:00:00,13.8792,13.9618,13.8792,13.9501,11375.46,0.00139988,1.0193266584341039,0.3065048154629024
2021-03-09 16:00:00,14.6806,14.725,14.5113,14.5514,43315.98,0.00131768,1.4121298388791732,0.7977685040586922
2021-03-11 00:00:00,14.2011,14.2572,14.136,14.1525,20347.56,0.00059116,2.1240074045862545,0.6770141286434177
2021-03-11 08:00:00,13.8978,13.9072,13.72,13.7353,94945.15,0.00064766,1.7551855134766217,1.672610426461468
2021-03-13 00:00:00,14.5532,14.6002,14.3086,14.3415,57954.7,0.00077028,0.23714201166627052,0.24627334570886136
2021-03-13 16:00:00,14.8926,14.9888,14.86,14.912,21384.26,0.00143906,0.401595661320975,-0.29065800434129363
2021-03-14 08:00:00,14.5596,14.6778,14.5163,14.6717,44373.86,0.00123232,1.0230382931599042,0.005455043253348077
2021-03-14 16:00:00,14.4807,14.5721,14.3968,14.5716,18050.63,0.00131239,1.5550094231949225,0.19664854289108524
2021-03-17 08:00:00,13.5208,13.5912,13.5105,13.5107,15118.74,0.00114411,-1.1297758937562485,-0.6246830456037773
2021-03-18 08:00:00,14.2247,14.3,14.222,14.2936,8467.34,0.00099333,-0.946883290621863,-0.8240678148276164
2021-03-18 16:00:00,14.2,14.25,14.115,14.2214,30061.77,0.00185766,-0.9808444203386963,0.6499019173950293
2021-03-19 16:00:00,14.3686,14.4391,14.36,14.4011,12450.3,0.00018788,-0.8262553374268101,0.0030618242011910372
2021-03-20 00:00:00,14.1588,14.1709,14.09,14.1499,15583.25,0.00011949,-0.34289591895902677,0.25613557358216094
2021-03-20 08:00:00,14.523,14.5513,14.4851,14.5248,9012.99,0.0001,-0.4586925345518765,-0.46046314388764203
2021-03-21 00:00:00,14.1788,14.2233,14.0633,14.181,25456.86,0.00012712,-0.7340442128274928,1.4705687154527358
2021-03-21 08:00:00,13.9458,14.0051,13.9118,14.0011,7351.0,0.0001,-0.24266397568469408,0.13442091776654322
2021-03-21 16:00:00,13.9242,13.98,13.88,13.9786,14006.16,0.0001,-1.2309375091014167,-0.5721129858558677
2021-03-22 16:00:00,15.83,15.89,15.6614,15.7253,41889.81,0.00018783,0.13682169913624148,-0.44704740720259345
2021-03-23 00:00:00,14.7962,14.9021,14.693,14.8296,45151.78,0.0001,-0.5969375098286537,0.12594491851274178
2021-03-24 08:00:00,14.6589,14.7265,14.6545,14.7098,17723.61,0.0001,-1.1888134148241327,1.3195918645597058
2021-03-24 16:00:00,14.8497,14.9133,14.78,14.8832,47411.49,0.0001,-0.48438717481714283,-0.5197469490015701
2021-03-25 00:00:00,13.5844,13.6639,13.5,13.655,61853.12,0.0001,-1.3968823283650291,2.10359570283542
2021-03-25 08:00:00,13.3119,13.4047,13.2877,13.3397,10610.27,0.0001,-1.2765089534061467,0.20186547756453305
2021-03-25 16:00:00,12.7871,12.8515,12.6745,12.8515,18302.54,0.0001,-1.0822929262564636,2.2594199711905456
2021-03-26 08:00:00,14.0064,14.2997,13.9467,14.2219,152273.55,0.0001,-0.9323870897385735,0.5119501721717818
2021-03-27 08:00:00,16.035,16.1454,15.8353,15.9442,62684.04,0.00014263,-0.7954304252475997,-0.6646852256558823
2021-03-28 00:00:00,16.4516,16.6158,16.3471,16.3594,89016.27,0.000344,-0.6705066361309658,0.2749687613829029
2021-03-28 08:00:00,17.5103,17.5276,17.3563,17.4183,32316.16,0.00033489,-0.5511298434483615,-0.8323112110029228
2021-03-29 08:00:00,18.1013,18.2314,18.1013,18.1973,32618.63,0.00075959,-0.5511298434483615,-0.26059445227045863
2021-03-29 16:00:00,18.1444,18.2239,18.0344,18.1684,27509.55,0.00077512,0.7034681846672328,-0.33967078077246987
2021-03-31 00:00:00,19.0645,19.1052,18.953,18.9816,56385.0,0.00089395,3.0734158790733193,-0.7612453960475241
2021-03-31 08:00:00,18.58,18.6455,18.0,18.4056,92205.35,0.00054855,1.895441769074661,5.189629045270046
2021-03-31 16:00:00,19.4118,19.5499,19.3101,19.3502,42849.0,0.00057877,1.199175017556144,0.5943732182554173
2021-04-02 00:00:00,19.0443,19.1209,18.99,19.0772,11175.11,0.000564,1.3584187829284218,0.9272390537436218
2021-04-02 08:00:00,19.0196,19.0803,19.0,19.0,13083.25,0.00150169,1.8791658670437277,-0.3549331552940219
2021-04-02 16:00:00,19.4936,19.6934,19.4904,19.6305,34890.24,0.00096656,1.4281501339957037,-0.5076055986963054
2021-04-03 08:00:00,21.1538,21.4683,21.1538,21.3207,43601.75,0.00142513,1.3064829105453835,1.3598985471128
2021-04-03 16:00:00,21.0204,21.4034,20.7086,21.3496,125335.56,0.00167753,0.9729757473442665,-0.5963281516526879
2021-04-04 00:00:00,22.4672,23.4109,21.9867,23.1971,397897.63,0.00016572,-0.36945778279111474,0.3462932967164215
2021-04-04 08:00:00,23.7662,23.8669,23.5597,23.6663,35592.62,0.00080358,-0.6174513983393342,0.02268495206994644
2021-04-05 00:00:00,23.7755,24.0641,23.6942,23.746,79141.53,0.00085227,-1.0934710693148184,0.4147127551826764
2021-04-06 08:00:00,23.0306,23.5659,22.8642,23.5,70318.82,0.00149504,-0.6905601009821397,1.3710489041591178
2021-04-07 00:00:00,25.0548,25.8467,25.0548,25.756,172544.55,0.0001,-0.6090038041633217,-0.4211311400264376
2021-04-09 00:00:00,26.9261,27.0,26.7097,26.9727,81083.15,0.0001,-1.670934500527152,-0.5661477426205501
2021-04-10 16:00:00,27.0614,27.3557,27.0614,27.288,19207.42,0.00083453,1.4174061839306134,-0.5248762331447172
2021-04-11 08:00:00,26.3351,26.4793,26.3224,26.4564,27104.62,0.00076346,0.7044869286675406,-0.2959972583538023
2021-04-11 16:00:00,27.5718,27.813,27.5697,27.7558,29860.21,0.00042257,0.90277140005015,-0.14554205937036233
2021-04-14 08:00:00,26.3452,26.8721,26.3452,26.6931,33333.91,0.00150253,0.948619302959456,-0.47671871294678597
2021-04-15 08:00:00,26.7532,26.997,26.6807,26.7367,30583.49,0.00141831,0.23867910018012112,-0.10214587513438962
2021-04-16 08:00:00,26.9468,27.0902,26.8416,27.0627,19472.14,0.00063461,1.2882963340827034,0.5273405108774822
2021-04-17 08:00:00,26.1925,26.3909,26.1131,26.1694,44967.96,0.00069825,-0.646086642927911,-0.07260733315918007
2021-04-18 16:00:00,28.1237,28.5,27.8006,27.872,133468.74,0.0003846,-1.6329684655061572,3.286809241663881
2021-04-19 00:00:00,32.3324,32.625,31.403,31.6046,137503.38,0.00011935,-1.4509690665355195,0.9565586668289534
2021-04-19 08:00:00,30.7973,31.017,30.6804,30.9741,69094.61,0.00052771,-1.2513613953790599,0.7327744986263113
2021-04-20 08:00:00,29.7888,30.4625,29.4285,30.4392,167571.65,0.00031573,-1.094183074233616,0.732235083943179
2021-04-22 00:00:00,32.5965,33.0655,31.4586,32.0,200322.05,0.0001,-1.0586233089715924,1.555741124087683
2021-04-22 08:00:00,37.8022,37.8524,36.551,36.7505,157507.07,0.0001,-0.9010554941893538,0.4678817792140578
2021-04-25 00:00:00,40.8525,43.0,40.572,42.6383,353619.46,0.0001,-0.5353025911704862,-0.5299755311021299
2021-04-25 16:00:00,46.661,47.002,45.535,45.66,263357.712,5.25e-05,-0.6630497582445396,-0.36640203542621325
2021-04-27 00:00:00,43.884,45.3,43.6,44.516,182736.416,0.00041422,-0.5428257866656242,-0.27332161968539453
2021-04-27 08:00:00,45.65,45.959,45.278,45.858,49874.6,0.00028532,-0.42007972801679855,-0.32528215980617237
2021-04-28 00:00:00,43.147,43.155,42.025,42.698,281424.89,0.00067111,-0.36140860592489593,-0.5151668310951872
2021-04-28 08:00:00,42.453,43.347,42.101,43.299,92730.242,0.00018219,-0.28867513459468447,-0.4395588242215492
2021-05-01 16:00:00,47.36,47.88,46.871,47.041,123095.249,0.00040718,2.789814790209989,-0.3113621231621602
2021-05-03 08:00:00,48.47,48.78,48.469,48.78,34145.38,0.00047332,2.1917202164277767,-0.003378744934117898
2021-05-06 16:00:00,43.724,43.855,43.491,43.637,42800.664,0.00172483,2.924849599366356,0.051088616254490286
2021-05-07 00:00:00,43.496,43.665,43.135,43.658,20026.778,0.00090695,0.7921942208372135,0.662233019624817
2021-05-07 08:00:00,42.251,42.48,41.96,41.983,26745.1,0.00086546,0.9650464274519132,-0.2293461926338508
2021-05-08 08:00:00,43.624,44.019,43.605,43.788,42203.699,0.00082146,0.579472320371005,2.4831020867089224
2021-05-08 16:00:00,43.564,43.976,43.523,43.929,26940.036,0.00072061,0.501751327125027,3.2108509972475154
2021-05-09 16:00:00,44.189,44.286,44.101,44.239,24452.392,0.00057052,0.9989541775983977,0.35199298823531666
2021-05-10 08:00:00,45.488,45.532,45.034,45.125,36933.132,0.00074243,1.6145450859074706,0.22288288389573144
2021-05-11 00:00:00,42.868,42.99,42.404,42.711,36659.281,0.0001,-0.29344198167544655,-0.1374396195249657
2021-05-11 08:00:00,41.622,41.682,40.746,40.749,53319.07,0.0001,0.010969345154010888,-0.15096371521934498
2021-05-13 08:00:00,44.203,44.581,43.471,43.5,45927.979,0.0001,-1.7427243203937408,-0.44365218570218684
2021-05-16 00:00:00,43.462,44.295,43.059,43.743,117733.83,0.00014056,-0.48184928982614905,0.13294691296697156
2021-05-17 16:00:00,48.517,49.85,48.162,48.922,167568.381,0.00040371,0.2719409679199319,2.185102682223724
2021-05-19 00:00:00,55.969,57.691,55.606,56.285,206792.51,0.0001,-1.6663430251819609,0.7046057775607323
2021-05-20 08:00:00,41.666,42.539,41.039,41.235,119939.802,0.0001,-1.3812403693673936,1.1820068462874707
2021-05-21 00:00:00,44.367,45.5,44.313,45.346,127744.031,0.0001,-1.156891819854472,1.3363391694078863
2021-05-21 08:00:00,43.971,43.991,42.279,42.434,174874.933,0.0001,-1.3086213994418305,0.16541322475739695
2021-05-25 00:00:00,31.42,32.299,30.907,32.155,130536.843,0.0001,-0.7895982193695634,-0.1109664322806628
2021-05-25 16:00:00,29.578,29.8,28.961,29.703,118402.097,0.0001,-0.6592957959314721,-0.572942934397571
2021-05-27 00:00:00,35.427,35.429,34.593,34.692,82855.017,0.0001,-0.5790021465289441,-0.4864771522654003
2021-05-27 16:00:00,34.14,34.25,33.446,33.489,82415.226,0.0001,-0.47005537606463577,0.01574023291187227
2021-05-28 16:00:00,31.149,31.275,30.251,30.406,73616.618,0.0001,-0.34165459216443805,0.12189311512258162
2021-05-29 08:00:00,29.126,29.291,28.725,29.003,56927.634,0.0001,-0.34165459216443805,-0.4493834976310525
2021-05-29 16:00:00,26.981,27.236,26.57,26.701,62076.151,0.0001,-0.1917114702266359,0.006238237209233544
2021-05-31 08:00:00,30.603,30.889,30.328,30.33,78981.713,0.0001,0.27781438159191346,-0.3154384737584951
2021-05-31 16:00:00,32.642,32.79,32.358,32.613,79805.457,0.0001,0.27781438159191385,0.358459425272712
2021-06-02 08:00:00,31.703,31.872,31.489,31.537,38541.884,0.0001,0.27781438159191385,-0.5617817856801642
2021-06-05 00:00:00,37.356,38.06,36.982,37.967,58710.934,0.0001,0.27781438159191346,-0.6394180935506004
2021-06-06 00:00:00,39.663,39.898,39.134,39.182,100297.009,0.0001,-0.28867513445265197,-0.21157403700441574
2021-06-06 16:00:00,42.838,43.4,42.48,43.174,186779.263,0.0001,-0.28867513445265197,-0.752550090931041
2021-06-08 00:00:00,38.2,39.569,37.946,39.366,211863.604,0.0001,-0.28867513445262694,1.7349613330456366
2021-06-08 08:00:00,36.809,37.897,36.797,37.67,239066.058,0.0001,-3.1727078703241802,0.023032781364646537
2021-06-09 16:00:00,42.522,42.751,41.863,42.401,138764.837,-6.088e-05,-2.9744380475375114,2.2061540186997965
2021-06-10 16:00:00,41.121,41.3,40.664,40.824,56127.705,0.0001,0.37596882534885373,1.344136729073278
2021-06-12 08:00:00,36.087,36.364,35.629,36.32,56473.624,0.0001,0.37596882534885373,0.5214068603347132
2021-06-13 08:00:00,35.74,35.963,35.605,35.72,24763.923,0.0001,-0.5017427772652109,-0.14353145579484336
2021-06-14 00:00:00,38.713,39.077,38.251,38.35,46046.77,0.0001,0.458894004563336,-0.3086030161453744
2021-06-14 16:00:00,39.88,40.4,39.7,40.262,202881.844,0.0001,-1.100050273403416,0.592877920181266
2021-06-15 00:00:00,39.7,40.026,39.323,39.992,46278.216,0.0001,0.3449262446865282,-0.47278627139149243
2021-06-15 08:00:00,41.309,41.707,41.051,41.607,88837.78,0.0001,0.6022284954753713,-0.6323667216033289
2021-06-16 16:00:00,39.535,41.75,39.402,40.724,887359.077,0.0001,0.6022284954753713,1.2887260915226386
2021-06-17 08:00:00,41.006,41.068,40.596,40.723,31500.969,0.0001,0.6022284954753713,1.0438263905055312
2021-06-19 16:00:00,36.27,36.386,35.978,36.05,20548.431,0.0001,0.3083151392791674,-0.5742105197845812
2021-06-20 08:00:00,35.328,35.434,35.222,35.262,14595.776,1.243e-05,0.5400378744908171,-0.7930150677870659
2021-06-21 08:00:00,31.062,31.4,30.771,31.396,71006.333,-0.00014527,0.5071186266698502,0.7022626759424057
2021-06-23 08:00:00,30.625,31.004,30.362,30.635,122368.14,-0.00016983,-2.6618243602562073,2.4817033442809735
2021-06-23 16:00:00,29.056,30.141,28.905,30.037,279535.104,-0.00048376,-2.258392131016803,0.3606627381704251
2021-06-25 16:00:00,29.07,29.604,28.91,29.082,80865.023,8.509e-05,0.5649698277435743,0.8251539132435619
2021-06-26 08:00:00,27.288,27.555,26.659,27.0,253566.958,2.356e-05,-1.3378133399527934,3.8483268056324595
2021-06-29 08:00:00,33.478,33.625,33.274,33.572,35775.209,0.0001,0.5895743969485935,1.1063767725039937
2021-06-29 16:00:00,35.282,35.387,35.022,35.143,41364.366,-4.814e-05,0.08742925484519543,-0.6872363223615425
2021-07-01 00:00:00,35.51,35.567,35.15,35.216,58547.128,8.824e-05,0.6246065397415482,-0.661194819454769
2021-07-03 08:00:00,34.771,34.82,34.548,34.7,47962.663,0.0001,-1.200286681648967,-0.5722955742642509
2021-07-05 08:00:00,33.999,34.035,33.783,33.84,20186.064,0.0001,0.7525225816973856,-0.7382878709026892
2021-07-06 16:00:00,33.823,33.879,33.5,33.553,41573.202,0.0001,-0.645287497670074,-0.8615095508012743
2021-07-09 00:00:00,33.134,33.168,32.645,32.947,33344.036,0.0001,-0.7297178009912063,-0.47286168038233534
2021-07-09 16:00:00,33.936,34.141,33.741,33.76,37291.975,2.573e-05,-1.1693272736039715,-0.03279038168202286
2021-07-10 08:00:00,33.368,33.39,33.167,33.28,23811.186,0.0001,0.8560523530687045,-0.6949814056050008
2021-07-12 00:00:00,32.173,32.239,31.952,32.006,22247.791,0.0001,0.8000541424371972,-0.1174989783890041
2021-07-12 16:00:00,31.083,31.196,30.646,30.65,120262.102,0.0001,0.9001144310300956,1.7519834547010442
2021-07-13 00:00:00,30.77,30.832,30.574,30.825,20663.308,0.0001,0.7592818924827516,0.4487597627851266
2021-07-14 00:00:00,29.154,29.281,28.985,29.231,15040.498,0.0001,0.7592818924827516,0.007055960222675635
2021-07-14 08:00:00,28.1,28.306,27.965,28.23,30815.241,0.0001,-0.005413879122601673,-0.5231998034603978
2021-07-15 16:00:00,28.769,28.901,28.625,28.644,37444.866,0.0001,0.0840893433679844,1.867516397554608
2021-07-16 00:00:00,28.562,28.795,28.144,28.774,47824.748,0.0001,-1.1798479100443415,0.060596828705790494
2021-07-16 08:00:00,28.334,28.339,28.011,28.16,23323.685,0.0001,0.5458405753104435,-0.48463571715745724
2021-07-18 00:00:00,26.789,26.918,26.672,26.689,21461.092,0.0001,0.782888917136738,-0.3955036757729607
2021-07-21 08:00:00,25.7,25.758,25.474,25.512,35954.017,2.876e-05,-2.5250313352374008,0.1607723397124966
2021-07-23 08:00:00,27.926,27.933,27.581,27.733,43520.941,0.0001,-1.1082508781117062,-0.0316341040069502
2021-07-24 00:00:00,28.53,28.595,28.25,28.476,50078.81,0.0001,-0.38629138191357854,1.5288298370979245
2021-07-25 16:00:00,27.351,27.45,27.221,27.238,21590.122,0.0001,-0.17668778608046076,-0.646296499165284
2021-07-26 00:00:00,28.247,28.384,28.0,28.367,61652.779,0.0001,-2.2871438431832916,4.201601857571234
2021-07-26 08:00:00,29.72,29.781,29.244,29.424,84132.932,0.0001,0.8785628112983677,3.4950152521596896
2021-07-26 16:00:00,30.07,30.365,29.954,30.319,35474.918,0.0001,0.8785628112983677,1.1708619594430236
2021-07-28 00:00:00,28.119,28.119,27.76,27.906,30949.671,0.0001,0.3062665342392077,2.268601327601491
2021-07-29 08:00:00,28.154,28.229,27.996,28.086,31231.924,0.0001,0.770740780833302,-0.4325610431472693
2021-07-30 08:00:00,32.059,32.1,31.8,31.862,19320.337,0.0001,0.7470756504278188,0.2986174305246967
2021-07-30 16:00:00,31.03,31.03,30.652,30.722,28387.596,0.0001,0.20231813818743677,-0.8861909875054681
2021-07-31 00:00:00,32.354,32.411,31.954,32.128,84454.137,0.0001,0.7912505638807681,0.13300387225140853
2021-08-02 00:00:00,34.178,34.389,33.95,34.242,70754.175,0.0001,0.6676518567738081,-0.37827392750442257
2021-08-03 00:00:00,33.177,33.229,32.771,32.863,57941.628,0.0001,0.5559872049248901,0.1330378977470269
2021-08-03 08:00:00,33.519,33.543,33.301,33.352,20562.536,0.0001,0.4762441341933086,-0.3993089966371072
2021-08-04 00:00:00,34.094,34.188,33.505,33.565,60087.383,0.0001,0.40707313362383596,0.18792448080600707
2021-08-04 08:00:00,33.701,33.763,33.553,33.733,17755.607,0.0001,0.46236705114387405,0.5919984505590823
2021-08-05 00:00:00,35.757,36.135,35.61,36.125,24665.532,0.0001,0.4623670511438744,-0.7320618077428854
2021-08-05 08:00:00,36.607,36.89,36.487,36.88,22603.141,0.0001,0.46236705114387405,-0.29335869335688886
2021-08-06 00:00:00,37.354,37.503,37.163,37.36,29544.937,0.0001,0.32986332828161735,-0.23338871459581734
2021-08-08 00:00:00,39.454,39.533,39.296,39.342,59330.56,0.00031014,0.2886751345946795,2.200225595463127
2021-08-09 00:00:00,37.653,37.898,37.026,37.163,34173.64,0.0001,0.2886751345946795,1.592362117705344
2021-08-09 08:00:00,37.774,37.99,37.711,37.99,27195.671,0.00012233,0.0,0.33155451504412664
2021-08-10 00:00:00,38.646,39.029,38.252,38.459,34547.972,0.00013435,0.0,3.0804631610687876
2021-08-10 16:00:00,40.124,40.331,39.917,39.931,30320.982,0.000245,0.0,0.2676037116954768
2021-08-11 16:00:00,42.589,42.715,42.33,42.69,37163.691,0.00041409,0.0,-0.052656942071474644
2021-08-12 16:00:00,39.831,40.1,39.502,39.841,27552.769,0.0001822,0.0,-0.3051521206832072
2021-08-13 00:00:00,41.105,41.501,41.06,41.204,26933.524,0.0001,0.0,-0.43667287727871845
2021-08-13 08:00:00,43.405,43.92,43.397,43.572,41443.589,0.0001,0.0,0.3571470832989289
2021-08-14 08:00:00,44.486,44.511,44.319,44.425,16628.563,0.00029733,0.0,-0.8553350777911394
2021-08-14 16:00:00,44.05,44.11,43.9,43.975,13846.724,0.00010998,0.0,-0.32612215266010414
2021-08-15 08:00:00,43.626,44.019,43.368,43.951,25752.935,0.00027631,0.0,0.06477517152301236
2021-08-18 00:00:00,64.135,66.0,63.554,64.613,160750.0,0.0001,0.0,0.0010998597744452166
2021-08-18 08:00:00,67.438,69.099,67.387,68.802,95641.995,0.0001,0.0,-0.5771755184502226
2021-08-19 00:00:00,72.659,73.885,72.175,72.368,121166.002,0.00043629,0.0,-0.44926113072249246
2021-08-19 16:00:00,73.522,74.086,72.504,72.63,111218.196,0.0001,0.0,2.2934576389845724
2021-08-20 00:00:00,72.8,72.974,71.844,72.006,86928.154,0.00012284,0.0,0.44595196189787056
2021-08-21 16:00:00,75.391,75.458,75.01,75.167,26587.784,0.00023414,3.175426480538083,-0.391477337454709
2021-08-24 16:00:00,71.985,72.634,70.1,70.101,210262.625,0.00025647,3.1032909822419326,0.36324090661300723
2021-08-25 08:00:00,71.143,71.24,70.659,70.72,26408.566,0.0001,-0.34913790256657884,0.48634116960391627
2021-08-25 16:00:00,71.277,71.305,70.78,71.112,37849.299,0.0001,-0.34913790256657884,0.26049335168695353
2021-08-28 00:00:00,87.98,88.09,86.32,86.85,106308.42,9.474e-05,-0.34913790256657884,-0.26528887837215026
2021-08-28 08:00:00,86.93,87.89,86.85,87.6,41644.54,0.0001,1.635258178558947,-0.4857303614527277
2021-08-28 16:00:00,94.65,96.43,94.26,96.12,221330.323,0.0001,0.6596030067968954,-0.40857792221538514
2021-08-29 00:00:00,96.17,97.07,95.66,96.59,66651.01,0.0001,-0.5749764696470318,-0.5878400911956604
2021-08-30 16:00:00,105.59,105.92,104.46,104.98,158320.48,0.0001,0.5080316660049669,-0.25695302679994914
2021-08-31 00:00:00,110.26,113.72,108.65,113.28,210142.23,0.00031369,1.4455553123711462,0.06844063198366199
2021-09-01 00:00:00,108.27,109.67,106.08,108.2,153532.9,0.00068753,1.6856883907415128,-0.06681406943183747
2021-09-01 16:00:00,117.27,118.88,115.95,116.29,129874.65,0.00030261,0.7449234077586903,0.4653954823246969
2021-09-03 08:00:00,144.67,144.71,142.61,143.69,164673.24,0.0001,0.5927479691237488,-0.1592072511046844
2021-09-05 16:00:00,136.29,136.34,135.25,135.39,69432.27,0.00121532,-1.0168328664109603,-0.43376758974745044
2021-09-08 08:00:00,152.48,155.36,152.0,152.24,224002.75,0.00034589,-1.0168328664109603,2.2194800947365767
2021-09-08 16:00:00,166.27,167.22,164.13,165.3,121411.97,0.00023683,-1.0168328664109603,-0.2777774897378433
2021-09-11 00:00:00,179.6,183.0,179.17,182.73,113946.06,0.00013268,-1.0168328664109603,0.22658069740268388
2021-09-11 16:00:00,188.42,190.0,185.43,186.26,102353.94,0.0001,-0.861774729824725,-0.07139379717839182
2021-09-12 00:00:00,179.05,180.79,177.16,178.88,67444.81,0.0001,-0.7557215895652155,0.27511939727540924
2021-09-12 16:00:00,178.92,179.85,178.0,178.11,29930.81,0.00034487,-0.7557215895652157,-0.12507679255690304
2021-09-13 00:00:00,174.31,174.6,173.19,173.36,53653.0,0.0002385,-0.6633430884088138,-0.7086219559155968
2021-09-14 08:00:00,166.04,167.27,165.05,167.11,47852.61,0.0001,-0.540046853524734,0.035574943685757594
2021-09-17 00:00:00,152.3,152.83,151.38,152.62,44202.46,0.00049934,-0.4281342530593303,-0.7541986310093957
2021-09-18 00:00:00,147.59,147.92,144.99,146.56,95190.43,0.0001,-0.2886751345947779,-0.34329264855626307
2021-09-20 08:00:00,139.18,141.18,138.06,139.8,123392.33,0.0001,0.0,1.2210663924486798
2021-09-21 16:00:00,138.51,138.52,136.34,136.44,64293.31,0.0001,0.0,0.9552096462287559
2021-09-22 16:00:00,141.68,141.92,140.18,141.44,107450.8,0.0001,0.0,2.043967084378357
2021-09-23 08:00:00,151.44,152.5,150.73,151.5,68885.18,0.0001,-3.17542648049612,-0.3862090314542478
2021-09-24 00:00:00,149.9,150.81,149.0,150.21,52134.77,0.0001,-3.152020860660585,1.9598842710833282
2021-09-24 16:00:00,137.66,138.9,137.02,137.19,50255.28,0.0001,-0.7335685323160871,1.1521644139397187
2021-09-26 08:00:00,126.98,128.86,125.51,126.46,121742.26,0.0001,0.4133256590534143,1.0293983610695785
2021-09-27 00:00:00,135.7,136.12,134.35,134.69,33474.46,0.0001,0.41332565905341406,-0.1968064524348488
2021-09-27 16:00:00,145.29,145.43,144.52,144.55,49889.93,0.0001,0.41332565905341406,-0.47379717263288584
2021-09-28 00:00:00,136.34,137.79,135.23,136.76,66773.77,0.0001,-0.861511772907309,1.6195484827111928
2021-09-28 16:00:00,130.39,131.59,130.14,131.23,39041.78,0.0001,0.4756476206985625,-0.38667300599251764
2021-09-29 00:00:00,132.22,135.32,132.09,132.97,89139.92,0.0001,-0.4239489291419352,0.2724250332842029
2021-09-29 16:00:00,135.62,136.38,135.39,135.54,31127.3,0.0001,-0.13324985830664351,-0.7008669731283599
2021-09-30 00:00:00,135.24,135.79,134.8,135.33,21745.1,0.0001,0.6888918198910471,-0.42401310334462805
2021-10-01 16:00:00,157.43,157.52,155.32,155.86,65410.61,0.0001,0.6888918198910473,-0.33619187013876617
2021-10-02 00:00:00,161.62,161.68,156.97,157.58,96490.88,0.0001,-0.16603294087712128,-0.015328188210635764
2021-10-04 08:00:00,169.62,169.87,168.65,168.84,44603.57,0.0001,0.7954021808858641,-0.26123991327560003
2021-10-04 16:00:00,166.44,168.68,165.81,168.67,61473.73,0.0001,0.6646484612521182,-0.11151792471048762
2021-10-06 08:00:00,155.93,156.33,154.2,154.7,44176.97,0.0004101,0.6646484612521192,0.8308036407221293
2021-10-07 16:00:00,155.87,155.98,153.41,154.0,45539.83,0.00044623,2.9647383983631963,1.8472696786521414
2021-10-09 16:00:00,157.97,158.4,157.87,158.13,12908.34,0.00038839,0.6671341825952649,0.8239510982864378
2021-10-10 00:00:00,156.8,156.9,155.65,155.87,13486.37,0.0002851,-0.15221920181144102,0.08198588623370669
2021-10-10 16:00:00,154.41,154.67,153.96,154.07,9602.55,0.00030808,-0.15504372255612242,1.8003678562888703
2021-10-13 16:00:00,146.31,146.57,145.56,146.16,20263.57,0.0001,-0.2263846996119465,-0.4446228586549417
2021-10-14 16:00:00,152.83,153.53,152.0,152.31,31500.2,0.00025417,0.6699674573202773,-0.11981194151134754
2021-10-16 08:00:00,158.29,159.0,157.94,158.9,17956.74,0.00034779,1.680233187957548,-0.47779246645475976
2021-10-19 08:00:00,157.67,157.91,157.03,157.12,10688.63,0.00028792,0.06048837478941583,-0.6565350452513529
2021-10-19 16:00:00,155.54,156.08,155.3,155.63,12364.22,0.00020799,-0.6302584858398504,-0.7166541312199749
2021-10-21 00:00:00,176.72,182.0,176.7,180.62,328701.73,0.00019697,2.851459371636419,-0.3210795293506076
2021-10-21 08:00:00,186.99,188.38,186.06,186.46,68046.23,0.00056063,1.6742983444739887,0.40379198911481495
2021-10-26 16:00:00,206.57,207.25,205.02,205.87,42426.72,0.00053961,1.326693320083208,0.5672195936708386
2021-10-27 08:00:00,194.09,194.11,176.94,187.11,490123.75,0.00054673,0.13824045447836456,14.421027497350485
2021-10-28 08:00:00,186.77,190.9,186.7,190.86,50463.03,0.0001,-0.7759657541617854,1.5957519488142968
2021-10-29 00:00:00,195.37,195.78,194.45,195.54,35527.48,0.0001,-0.21201238139775921,1.4667209529707628
2021-10-30 00:00:00,200.36,200.46,198.66,199.2,22006.75,0.0001,-0.5612613534835242,-0.442412564123143
2021-11-02 00:00:00,203.91,204.31,202.07,203.53,18819.03,0.00021978,-0.6661889816297213,-0.3786272205486837
2021-11-03 08:00:00,232.49,232.88,228.86,229.46,53243.96,0.00031299,0.62413079394371,-0.7266082430391756
2021-11-05 00:00:00,247.06,248.84,246.22,246.8,45504.89,0.0001,-0.5853551720139909,-0.9597472734465791
2021-11-06 08:00:00,245.91,248.6,244.71,248.54,61837.62,0.0001,0.6022845043724948,-0.0700070536278778
2021-11-08 08:00:00,245.86,247.77,245.86,246.3,23582.31,0.00065061,0.6666707692278033,-0.25061913595076624
2021-11-08 16:00:00,248.28,252.5,247.56,252.15,73578.0,0.00072728,0.8213472528065581,1.2413949440555079
2021-11-09 00:00:00,248.27,253.22,247.97,251.97,92846.15,0.00030837,0.35541439981115747,1.191008235534628
2021-11-10 00:00:00,239.06,240.5,239.05,239.98,20318.46,0.00042121,0.4325716070166619,0.8208275017267358
2021-11-12 00:00:00,233.34,235.63,232.97,234.15,26401.37,0.0001,-0.8487993453902632,0.5425135399581279
2021-11-12 08:00:00,228.12,230.29,227.06,230.18,21984.05,0.0001,0.21875632757164376,-0.1437904791477232
2021-11-13 00:00:00,228.46,232.56,228.45,231.5,28936.76,0.0001,-1.1835557783091986,-0.32055724449156925
2021-11-14 16:00:00,234.41,234.41,232.88,233.57,22247.08,0.0001,-1.2918885503488202,-0.3948575592953651
2021-11-15 08:00:00,241.29,241.86,240.12,240.48,16758.93,0.00010613,-0.8138114934620232,-0.5537631083641943
2021-11-15 16:00:00,239.75,241.35,239.18,239.71,29445.11,0.0001,0.6678634867430862,0.1424345101933036
2021-11-16 00:00:00,238.18,238.21,232.61,234.06,63124.12,0.0001,0.20662029876569885,4.457168786035724
2021-11-19 00:00:00,195.19,197.09,193.15,196.98,43260.73,0.0001,-1.447665766332388,0.8052972202422322
2021-11-19 08:00:00,196.43,199.98,196.31,199.58,28553.33,0.0001,-1.2359747395277116,0.43040382773503194
2021-11-20 08:00:00,212.81,214.41,212.24,214.19,28969.07,0.0001,-1.083653087003356,-0.45484139776192695
2021-11-21 00:00:00,217.64,218.22,216.59,217.6,11320.7,0.0001,-0.9218208866126408,0.09098134163286205
2021-11-21 16:00:00,215.08,217.41,215.04,216.39,27218.36,0.00015518,-0.7827050000919726,-0.10062130506051986
2021-11-22 08:00:00,216.0,218.09,215.71,217.98,27002.38,0.0001,-0.7076963546867984,-0.8770249124563528
2021-11-22 16:00:00,222.55,222.97,220.23,220.59,26928.82,0.0001,-0.582945382359039,-0.3550883589645287
2021-11-25 00:00:00,205.76,207.26,204.71,206.27,20037.07,0.0001,-0.15854526588956627,-0.04359813016847118
2021-11-25 16:00:00,214.44,215.92,214.43,214.67,45436.58,0.0001,-0.3922432384220352,3.1150036061870963
2021-11-26 00:00:00,209.94,210.53,208.95,209.28,11417.68,0.00028435,-0.16056505461093967,0.029444994407187418
2021-11-26 08:00:00,201.35,201.42,195.39,196.5,113616.42,0.0003784,1.9868859818666444,1.0869706945129818
2021-11-28 08:00:00,189.82,189.93,188.96,189.8,6443.5,0.0001,-0.41815268814328216,-0.37553554939195805
2021-11-29 16:00:00,206.91,209.24,206.62,208.32,34811.05,0.0001,0.9941424847957141,-0.3374894743364969
2021-11-30 00:00:00,204.1,205.66,203.68,205.23,16549.11,0.0001,1.5680517389050659,-0.07081624839796574
2021-11-30 16:00:00,213.03,213.8,208.26,208.75,91278.03,0.0001,-0.6499172053934922,1.374114397513469
2021-12-01 00:00:00,208.52,210.89,207.89,210.35,33539.59,0.0001,-0.34825224066468435,0.6017772169078308
2021-12-01 08:00:00,218.44,218.8,216.24,216.49,23445.88,0.0001,1.4062500706165602,-0.7082138802211946
2021-12-02 00:00:00,229.81,229.94,225.31,227.84,44758.96,0.0001,-0.18996047911625613,2.4627263294968853
2021-12-04 16:00:00,205.03,206.62,200.91,201.83,50812.8,0.0001,-1.5382762773386345,1.1413258555570365
2021-12-06 16:00:00,188.29,188.89,186.72,188.19,42907.21,0.0001,-0.7031561655172692,0.7899964071291746
2021-12-07 08:00:00,199.37,201.17,199.02,200.92,23857.77,-2.874e-05,-1.198348278924554,-0.88315342909758
2021-12-07 16:00:00,198.16,198.93,197.82,197.86,12990.34,0.0001,-0.5534061994456262,-0.3385911031009946
2021-12-08 00:00:00,190.24,190.41,187.52,189.5,19611.68,0.0001,-0.42971425258654006,-0.26442301491762005
2021-12-09 08:00:00,190.85,190.85,189.25,189.72,13604.79,0.0001,-0.42971425258654006,-0.4291693346413687
2021-12-09 16:00:00,184.93,186.68,184.18,184.61,74989.43,0.0001,-0.3331709701419795,-0.5827403001773828
2021-12-10 00:00:00,181.08,183.17,181.0,183.04,19286.59,0.0001,-0.1852554226171749,-0.32325874245259656
2021-12-11 16:00:00,171.0,171.68,170.27,171.64,18127.39,0.0001,-0.1852554226171749,1.5822979983494323
2021-12-13 16:00:00,158.16,159.1,156.4,158.42,43462.35,0.0001,-0.15146631152206325,2.6305624604026874
2021-12-14 08:00:00,154.76,155.68,154.11,154.94,36959.85,0.0001,0.18273087754877668,2.2086297370077137
2021-12-15 00:00:00,161.25,162.07,160.29,161.06,24375.6,0.0001,0.4264340280734786,0.013604364924675441
2021-12-16 16:00:00,187.05,187.49,185.18,185.34,25273.85,7.386e-05,0.28867513459424254,0.1994956119412208
2021-12-17 00:00:00,176.89,179.68,176.46,179.5,35049.93,0.0001,0.28867513459424254,0.3152933739271123
2021-12-18 16:00:00,181.41,181.71,180.36,181.16,13883.72,0.0001,-3.175426480454435,-0.6738398475035327
2021-12-19 08:00:00,187.16,187.87,187.1,187.72,12267.01,0.0001,0.2886751345867682,-0.9019871151117425
2021-12-22 00:00:00,179.62,180.03,179.14,179.4,12566.88,0.0001,0.2886751345867682,-0.6250293332613148
2021-12-23 08:00:00,177.87,178.3,177.13,178.24,17105.87,0.0001,0.28867513458677113,0.13301700147241186
2021-12-23 16:00:00,180.94,181.95,180.9,181.18,25991.32,0.0001,-3.0635967639113244,0.3603188126311931
2021-12-24 08:00:00,188.81,189.49,188.27,189.42,12195.84,0.0001,0.36169184895719725,-0.6065094475013281
2021-12-25 00:00:00,190.37,191.9,189.76,191.74,15826.68,0.0001,0.36169184895719647,0.0020668115455505513
2021-12-26 16:00:00,198.18,198.52,197.94,198.25,12005.78,0.0001,0.36169184895719725,0.017719043205191784
2021-12-27 16:00:00,201.57,202.12,200.63,200.68,14830.63,0.0001,0.36169184895719725,0.2706621522579927
2021-12-28 00:00:00,195.68,195.68,192.64,194.37,47422.8,0.0001,0.36169184895719725,1.2570652180021504
2021-12-28 16:00:00,185.57,186.0,182.22,182.9,68846.34,0.0001,0.36169184895719725,0.2472547374286193
2021-12-31 16:00:00,175.71,175.78,175.04,175.45,7832.46,0.0001,0.36169184895719647,-0.1803249091471532
2022-01-01 16:00:00,173.84,174.42,173.57,174.16,6103.19,0.0001,0.2886751345942355,0.33578245263046763
2022-01-02 08:00:00,175.83,175.85,174.51,174.99,10481.95,0.0001,0.28867513459423466,0.045950833652338756
2022-01-02 16:00:00,176.24,176.95,176.18,176.94,6832.16,0.0001,0.28867513459423466,-0.3418738132958592
2022-01-04 00:00:00,170.14,170.41,169.51,169.96,10793.27,0.0001,0.28867513459423466,-0.6897663061774574
2022-01-05 16:00:00,168.26,168.38,167.63,168.03,18779.35,0.0001,0.0,-0.6495812339006173
2022-01-07 08:00:00,139.0,139.89,138.25,139.19,27486.64,0.0001,0.0,0.9779922478284824
2022-01-08 16:00:00,144.21,146.16,143.36,145.82,32814.26,0.0001,0.0,-0.1590027962466758
2022-01-09 08:00:00,140.38,141.34,140.25,140.89,11348.72,0.0001,0.0,0.0045451850156443966
2022-01-09 16:00:00,140.11,141.13,139.7,139.74,18820.24,0.0001,0.0,-0.3851594868794909
2022-01-10 00:00:00,140.82,141.89,140.55,141.79,36435.55,0.0001,0.0,0.19532546491991934
2022-01-11 16:00:00,137.09,139.09,136.94,138.98,40015.16,0.0001,0.0,3.226486506006884
2022-01-12 16:00:00,147.7,148.83,147.59,148.57,41034.64,0.0001,-3.175426480541958,0.011831354121231956
2022-01-13 08:00:00,151.39,152.0,151.25,151.96,13809.89,0.0001,0.28867513459472394,0.11018273093614088
2022-01-14 00:00:00,146.13,146.74,144.39,146.67,30091.77,0.0001,-1.4749022736150776,1.3554279531903568
2022-01-15 00:00:00,146.18,146.51,145.54,145.85,9035.3,0.0001,-0.966893545818667,0.4569491526901853
2022-01-15 16:00:00,148.0,148.38,147.58,147.77,12150.57,0.0001,-0.7634350981573919,0.012609078672150649
2022-01-16 00:00:00,147.61,147.8,146.67,147.22,12639.95,0.0001,0.4720511544445186,-0.7448155996821488
2022-01-18 08:00:00,140.22,140.39,139.38,139.46,11128.39,0.0001,0.6498291842461102,0.27548598763313664
2022-01-19 08:00:00,134.44,134.86,134.01,134.66,14782.88,0.0001,0.6502122347292711,0.5466531174004556
2022-01-19 16:00:00,136.94,137.3,135.33,135.63,18689.85,0.0001,0.6502122347292715,0.6736085136750636
2022-01-20 08:00:00,137.41,137.6,136.96,137.04,6110.51,0.0001,0.6502122347292715,-0.3550396028573286
2022-01-20 16:00:00,143.15,143.83,141.98,142.34,34328.66,0.0001,0.6502122347292711,2.1152501503734444
2022-01-21 16:00:00,121.91,123.29,121.09,122.55,49355.64,4.765e-05,0.34405599785998064,0.9293890000913182
2022-01-24 08:00:00,86.77,87.68,86.28,87.19,64578.81,-0.00021201,-0.490702765513783,-0.3243648395518504
2022-01-25 00:00:00,91.94,92.03,90.38,90.87,40811.88,-0.0001253,0.7315350664120189,0.4503643787178319
2022-01-25 08:00:00,89.98,92.15,89.91,92.08,58525.09,-7.29e-06,0.044456751111881174,0.251122539897304
2022-01-26 00:00:00,94.65,94.83,93.35,93.44,31008.26,-0.00012652,-2.2438817262955357,0.6857843524808144
2022-01-28 00:00:00,89.51,90.65,89.15,90.4,46573.36,-7.83e-05,-2.1575385408775873,-0.11177921987870838
2022-01-28 08:00:00,89.68,90.26,89.35,89.42,30023.76,-0.00012491,-0.07436565952958384,-0.06684549750619509
2022-01-29 08:00:00,97.21,97.57,96.45,96.5,23193.6,5.37e-06,-0.49086415767072633,-0.42142168542941616
2022-01-30 16:00:00,95.16,95.92,94.91,95.54,18227.65,-7.703e-05,0.8029193381792437,-0.7098237147982911
2022-01-31 00:00:00,93.26,93.62,92.21,92.67,21761.74,-0.00026589,0.5453975827164242,-0.43701367492138077
2022-01-31 08:00:00,90.26,90.41,90.06,90.39,8511.13,-0.0001549,-2.408453749623623,-0.34034630269529104
2022-01-31 16:00:00,95.42,96.0,94.95,95.62,39776.92,4.16e-06,-1.6372142817442021,-0.02821824065277491
2022-02-01 08:00:00,105.41,106.23,105.16,106.0,36028.02,6.873e-05,0.3521500699230309,-0.6176560620518223
2022-02-02 08:00:00,108.52,109.07,108.26,109.03,28796.52,-3.736e-05,0.9103715643077511,0.3894470719214929
2022-02-03 08:00:00,99.4,100.01,99.23,99.99,26909.5,2.861e-05,-0.41855374603496204,0.12167445102515383
2022-02-03 16:00:00,98.25,99.21,97.76,98.98,43619.6,-5.058e-05,-0.7379260878169073,-0.09052074945105575
2022-02-05 08:00:00,115.56,116.55,115.54,116.24,25515.69,8.29e-05,1.021306901989838,0.28758922044757035
2022-02-05 16:00:00,116.01,116.42,114.85,115.01,32416.53,0.0001,0.8666430710937479,-0.35120021937568613
2022-02-06 00:00:00,113.74,114.72,113.73,114.72,12322.78,3.195e-05,0.8090988159511041,-0.23424255736074812
2022-02-06 08:00:00,114.31,114.75,114.06,114.24,17461.94,0.0001,0.7283232926668682,-0.5108567600040091
2022-02-06 16:00:00,113.06,113.27,112.42,112.8,13974.37,0.0001,0.7283232926668682,0.25615787771350834
2022-02-09 00:00:00,113.44,113.93,112.88,113.91,20967.63,-0.0001339,0.47232695152233484,-0.10388216046782296
2022-02-10 08:00:00,112.39,112.6,112.06,112.37,16128.01,-9.518e-05,-1.2574554987708002,0.6712334710550455
2022-02-11 00:00:00,106.18,106.41,105.29,106.17,31180.42,-0.00018494,-0.5178274708109862,0.20063183426810777
2022-02-17 08:00:00,100.93,101.1,100.64,100.71,21428.17,7.98e-06,0.6905350108919489,0.8609210758274413
2022-02-18 00:00:00,93.55,93.81,93.07,93.2,25318.12,-0.00010135,-1.2193486693073032,3.037468771351375
2022-02-18 16:00:00,90.95,91.01,89.82,91.01,84185.73,9.853e-05,-1.2330065681362476,7.70606224036776
2022-02-19 08:00:00,92.13,92.35,91.97,91.99,5745.39,1.521e-05,-0.9627774661580464,-0.7766933330504987
2022-02-21 00:00:00,90.7,92.19,90.46,92.05,67049.5,4.623e-05,0.19780613586715493,0.33659702755623944
2022-02-22 08:00:00,82.11,82.8,81.87,82.61,40045.12,-0.00023126,-0.5122293732189886,-0.29665508936454454
2022-02-22 16:00:00,85.85,86.39,84.92,84.96,40352.85,-0.00025532,-1.3901532282216118,1.6163928810704018
2022-02-25 00:00:00,89.35,90.82,88.67,90.6,67590.09,0.0001,1.2457509378355247,-0.05919999898776199
2022-02-27 08:00:00,88.83,89.12,88.34,88.56,10165.29,-0.00013711,-0.2900181044973211,-0.9177093167369625
2022-02-27 16:00:00,91.21,91.28,89.65,89.75,39286.22,3.243e-05,-0.6870628693126174,4.188748950786176
2022-02-28 00:00:00,85.61,86.13,85.11,85.69,21387.89,-9.949e-05,-2.71404713917422,-0.2291858881706816
2022-03-01 16:00:00,97.87,98.16,97.04,97.98,38251.56,0.0001,0.4377214866294685,1.1267293170116497
2022-03-02 00:00:00,98.65,99.07,97.85,98.83,33595.47,0.0001,-0.05978298145586922,0.5615397513518686
2022-03-02 08:00:00,102.39,102.83,101.2,101.95,49532.06,0.0001,1.1330605127296918,0.06252697521294164
2022-03-03 00:00:00,100.69,101.3,100.0,100.03,43125.35,0.0001,0.9737195499663978,2.068928476232017
2022-03-03 08:00:00,99.78,100.71,99.7,100.64,15808.77,0.0001,0.8528859163895189,-0.3643368990074872
2022-03-04 08:00:00,91.99,92.87,91.8,92.65,31816.16,5.32e-05,0.8015620773443881,1.0479810466812012
2022-03-04 16:00:00,91.32,91.78,90.7,91.23,47554.2,6.822e-05,0.713366750106383,0.8393880248051319
2022-03-05 16:00:00,89.13,89.38,89.12,89.33,7806.79,-7.34e-06,-0.23620775813230832,-0.786725554530552
2022-03-06 08:00:00,88.32,88.42,88.0,88.15,10186.28,0.0001,-0.43057430342332875,-0.5157724491362382
2022-03-07 16:00:00,85.04,86.04,85.0,85.63,54221.07,6.7e-07,-0.6208445411813451,1.3950633103072942
2022-03-08 16:00:00,82.78,83.3,82.44,82.65,31898.32,0.0001,0.7168179741207018,1.78476040396446
2022-03-09 08:00:00,89.26,89.59,88.23,88.78,56681.48,0.0001,0.7650583483375339,0.40581905815680597
2022-03-10 00:00:00,88.06,88.35,87.59,87.87,36402.71,0.0001,0.6644139557978691,-0.7621200539749411
2022-03-10 16:00:00,81.92,82.43,81.79,82.3,24010.21,-6.881e-05,-2.168344275929029,1.9414548003404313
2022-03-11 08:00:00,82.26,82.49,82.01,82.31,20781.17,-3.858e-05,-1.5755310890956797,0.14918264467296558
2022-03-13 08:00:00,81.75,81.8,81.51,81.54,16182.57,0.0001,-0.38125239215312556,-0.8706061511176149
2022-03-15 08:00:00,79.34,79.37,79.0,79.31,23572.25,0.0001,0.20656414638079088,0.028510528816249662
2022-03-16 08:00:00,82.83,83.62,82.72,83.25,26475.2,0.0001,0.46663746234377423,-0.3677569650872258
2022-03-17 08:00:00,87.22,87.36,87.04,87.24,11845.36,0.0001,1.0647426692716093,-0.1281064275127543
2022-03-18 00:00:00,87.8,87.84,87.06,87.5,42142.08,0.0001,0.9233169491163833,-0.5080990915120539
2022-03-18 08:00:00,85.77,85.89,85.37,85.69,32897.44,0.0001,-0.26763795551933167,-0.11603651508949578
2022-03-19 16:00:00,94.04,94.41,93.27,93.83,48107.01,0.0001,0.7642538631758948,0.8990754132330877
2022-03-20 00:00:00,92.31,92.55,91.93,92.29,18602.96,0.0001,0.7642538631758948,-0.36532187366021196
2022-03-23 08:00:00,91.13,91.24,90.76,90.87,14249.71,0.0001,0.7642538631758948,-0.49357049751867416
2022-03-26 16:00:00,101.2,102.25,101.09,102.2,54870.82,0.0001,0.7642538631758948,-0.03478198314650207
2022-03-28 16:00:00,109.89,110.94,109.81,110.49,49728.25,0.0001,0.6659921696007726,0.27488602087046277
2022-03-29 00:00:00,105.75,107.47,105.49,107.39,67583.3,0.0001,0.6333540043151563,1.463856636665988
2022-03-29 16:00:00,111.62,111.95,109.16,109.45,152109.76,0.0001,0.3961364134980189,3.044327481169595
2022-03-30 00:00:00,111.62,111.62,110.32,111.07,38542.84,0.0001,0.4166324026275843,-0.39551944886290713
2022-03-31 08:00:00,123.28,123.79,122.99,123.17,46702.48,0.0001,0.30371750117502316,0.08334484189205553
2022-04-01 00:00:00,122.79,124.4,122.26,124.34,69802.64,0.0001,0.3037175011750226,0.7088666128208186
2022-04-01 08:00:00,126.45,127.2,125.58,125.84,74387.77,0.0001,-0.5953664014591978,0.3348872792134412
2022-04-02 00:00:00,134.53,135.97,133.05,135.4,75283.87,0.0001,0.3383567599979085,-0.30852270405015836
2022-04-04 08:00:00,136.94,137.24,136.56,136.7,22114.52,0.0001,0.3383567599979085,-0.8722671145572531
2022-04-05 00:00:00,132.14,132.51,131.34,131.86,39070.57,0.0001,0.3383567599979085,0.6756949045552705
2022-04-06 16:00:00,117.63,118.48,117.15,117.32,63874.6,0.0001,0.3383567599979085,0.7298156235100368
2022-04-07 08:00:00,116.02,116.86,115.92,116.68,27718.1,0.0001,0.3383567599979085,-0.5884266970801673
2022-04-07 16:00:00,113.23,114.11,113.01,114.06,25289.87,-1.999e-05,-3.0226841109166642,0.023295374725231077
2022-04-08 00:00:00,118.47,119.99,118.01,119.84,37786.87,0.0001,-1.6774141100317896,-0.30193798341808975
2022-04-09 08:00:00,110.62,110.8,110.26,110.43,9331.02,-0.00010071,0.24842497341895703,-0.27148446296953666
2022-04-11 00:00:00,111.06,111.54,109.59,110.25,60605.17,8.77e-05,-2.1689819315517664,0.3464569828414226
2022-04-11 08:00:00,111.1,111.86,110.81,110.81,21972.28,0.0001,0.6229691725039846,-0.5335720224747411
2022-04-12 00:00:00,99.64,100.52,99.15,99.69,36298.58,1.234e-05,-2.451590786839359,2.610926446539795
2022-04-14 08:00:00,106.4,107.28,106.37,107.06,26300.93,1.928e-05,-0.4687841796537976,-0.643150665782577
2022-04-15 16:00:00,102.32,102.45,101.33,101.51,31131.81,3.18e-06,0.3391738516629534,0.09017417497163188
2022-04-17 00:00:00,102.06,102.27,101.8,101.84,9652.47,0.0001,-0.8219653392603476,0.5080544526205677
2022-04-17 16:00:00,105.1,105.34,104.71,104.94,22407.93,0.0001,0.9128170915643119,-0.818068987418576
2022-04-18 16:00:00,98.66,98.75,97.1,97.4,42039.86,-8.262e-05,-1.5715860741229672,0.43838498736440934
2022-04-19 16:00:00,106.46,106.99,106.12,106.51,52617.74,0.0001,-1.2550528703041113,-0.38997725838563535
2022-04-20 16:00:00,105.72,106.35,105.25,105.45,50428.74,0.0001,0.16937153857288423,1.0937334708555118
2022-04-21 00:00:00,105.58,106.43,105.39,106.25,28180.45,0.0001,-0.35574394881030086,0.07522681718782989
2022-04-21 08:00:00,106.85,107.3,106.63,106.81,25367.59,0.0001,-1.058412318754138,3.1214507408597485
2022-04-23 00:00:00,100.55,101.04,100.4,100.6,24200.96,0.0001,-1.399443863711055,3.731118975523449
2022-04-23 08:00:00,101.21,101.28,100.68,100.86,9184.09,0.0001,-1.0227803662914117,-0.7040706469795122
2022-04-24 16:00:00,100.11,100.24,99.69,99.74,18600.9,6.085e-05,-0.4595202697405218,-0.5068050270687539
2022-04-25 16:00:00,96.95,97.88,96.8,97.88,20952.86,-8.571e-05,1.2040799911161717,1.240984924725382
2022-04-26 08:00:00,100.89,101.3,100.81,101.26,16338.88,8.835e-05,1.5350177878422655,-0.05250233901064101
2022-04-27 08:00:00,99.55,99.64,99.21,99.43,33809.2,4.328e-05,-1.3138121849903113,0.9768175460897068
2022-04-28 00:00:00,98.35,98.58,97.99,98.56,12511.51,-7.066e-05,-0.4710128542942746,-0.6116196416893408
2022-04-29 00:00:00,98.23,98.59,98.14,98.43,11553.77,4.822e-05,1.5318385958919656,1.9958328880191296
2022-04-30 00:00:00,93.96,94.26,93.71,94.0,11696.89,4.104e-05,-0.9948567124688116,0.032064671863546945
2022-05-01 00:00:00,84.63,85.38,84.52,84.96,41148.43,-0.00033407,0.5531969706533929,-0.37011206591985546
2022-05-01 08:00:00,88.9,89.67,88.75,89.66,19169.14,-0.0001754,0.25158972199702595,-0.33804067434379453
2022-05-02 16:00:00,87.74,87.87,87.1,87.35,22423.3,-5.79e-05,1.2793679401857294,-0.6497872751068517
2022-05-03 08:00:00,88.35,88.64,88.34,88.6,13880.51,4.176e-05,1.0803693843430493,0.5329560076676118
2022-05-04 16:00:00,87.19,87.5,86.81,87.49,11275.3,-5.21e-06,0.9156943197046069,-0.11903828821572729
2022-05-08 00:00:00,78.86,79.41,78.8,79.01,17672.55,-6.156e-05,-0.6440234981709315,0.8839755823711033
2022-05-09 00:00:00,75.39,75.85,75.21,75.64,16187.54,-0.00013911,0.8648260266363709,0.040614109675178076
2022-05-09 16:00:00,69.84,70.28,69.38,69.97,65904.03,-0.00013895,0.8648260266363709,9.049669270033936
2022-05-10 00:00:00,62.16,63.78,61.26,62.92,237080.0,-0.00015146,0.7465379071438811,7.8083063117760885
2022-05-12 08:00:00,44.7,45.17,43.73,44.9,255580.73,-0.00136442,-2.8672830563195384,6.27030932768968
2022-05-13 16:00:00,53.09,54.25,52.84,54.01,88454.47,-0.00034587,0.3218100304411949,0.9981989528490989
2022-05-14 00:00:00,48.93,50.17,48.56,50.07,58958.51,-0.0001833,0.4840732808326768,0.6798842462444429
2022-05-14 08:00:00,50.75,51.08,50.56,50.69,28949.68,-0.00013604,0.4371811940450711,-0.43678883491793635
2022-05-15 00:00:00,52.43,52.5,51.45,51.53,48513.87,-6.465e-05,0.27692793238945485,-0.7771980413392472
2022-05-15 08:00:00,51.46,51.68,51.32,51.44,24261.38,-3.59e-06,0.3910378778227289,-0.9206849427007222
2022-05-15 16:00:00,52.88,53.36,52.69,52.79,29454.87,-0.00013599,0.3338049091543263,-0.7603010685282103
2022-05-17 00:00:00,53.8,54.27,53.7,54.06,41999.85,-0.00016672,0.397130991549401,-0.4766014511402555
2022-05-19 00:00:00,49.93,50.44,49.72,50.39,46954.14,-7.774e-05,-0.3089423392329424,-0.1985739232868032
2022-05-22 16:00:00,51.82,51.91,51.14,51.3,28708.23,1.666e-05,0.386278768414205,0.2484084498302792
2022-05-23 08:00:00,53.56,53.99,53.55,53.67,41454.05,0.0001,0.38627876841420505,0.1418127376872899
2022-05-24 08:00:00,49.83,49.97,49.77,49.97,19360.01,-0.00011051,-0.2726739503575509,-0.43493202664397007
2022-05-25 08:00:00,48.83,49.04,48.42,49.02,43267.71,7.84e-05,0.5743609747985055,0.633370556683345
2022-05-26 16:00:00,45.11,46.08,45.03,45.98,90338.88,-0.00021906,-1.4596693847645867,2.4380337254013127
2022-05-27 16:00:00,42.14,42.36,41.63,42.31,132669.29,-1.81e-06,0.6135657278671782,0.48162063902896923
2022-05-29 00:00:00,44.24,44.41,44.1,44.13,36322.21,-2.49e-06,0.6135657278671782,-0.5039228021834476
2022-05-30 00:00:00,44.98,45.05,44.45,44.52,41598.76,8.839e-05,0.5736807934233148,-0.4622624072979566
2022-05-31 08:00:00,46.36,46.63,46.34,46.39,55791.27,0.0001,0.5736807934233148,1.8967509731861258
2022-05-31 16:00:00,46.34,46.83,45.85,45.85,114855.12,0.0001,0.5514937853742634,0.8188389068443154
2022-06-01 00:00:00,45.78,46.0,45.44,45.56,38002.77,0.0001,0.5514937853742634,-0.5765519777073369
2022-06-01 16:00:00,42.94,43.1,42.63,43.01,104473.31,0.0001,0.42692084288049853,2.2297416820473264
2022-06-02 00:00:00,40.11,40.14,39.71,39.82,85051.02,-4.526e-05,-1.8568165646836885,1.7289140687199525
2022-06-04 08:00:00,37.34,37.43,37.15,37.27,28492.31,-7.799e-05,-0.4549181202752164,-0.5811691181649551
2022-06-05 16:00:00,39.82,40.22,39.64,39.83,103622.93,-4.947e-05,-0.6358408958787971,1.7582627878710808
2022-06-06 00:00:00,38.53,38.84,38.33,38.6,51091.25,1.117e-05,-0.252642608991728,-0.817925175894258
2022-06-06 16:00:00,42.83,42.86,42.19,42.24,79527.58,0.0001,0.5922643781644454,0.7283742401823273
2022-06-07 00:00:00,42.39,42.8,41.9,42.08,133784.08,3.519e-05,0.592264378164445,-0.8418753181345312
2022-06-07 16:00:00,39.14,39.16,38.88,38.88,36077.79,-0.00012704,-2.145566465392445,-0.3741878195930737
2022-06-09 00:00:00,38.83,38.97,38.53,38.79,41039.84,-2.06e-05,0.6798666132982238,2.0620364942993707
2022-06-09 08:00:00,39.55,39.72,39.31,39.34,56819.27,3.94e-06,0.5160923267614276,-0.5827498900574821
2022-06-09 16:00:00,40.34,40.4,40.13,40.22,33716.17,2.197e-05,0.7022666595061937,0.9964732137412258
2022-06-10 08:00:00,40.32,40.76,40.31,40.44,73648.57,4.696e-05,0.5714413256176869,-0.6526326133086996
2022-06-11 16:00:00,33.77,34.01,33.6,33.76,74385.19,-0.0003144,0.06907312533911258,0.849437760057334
2022-06-13 08:00:00,27.57,27.73,27.18,27.59,200188.24,-0.00035495,-1.895640493873035,7.686165615587157
2022-06-15 00:00:00,29.59,29.67,29.37,29.54,103140.86,-0.00011727,-1.4004128178765256,1.9001847869706152
2022-06-16 16:00:00,31.31,31.38,30.74,30.77,109928.5,-0.00015316,-1.5890988680776443,0.5032882231765826
2022-06-17 16:00:00,31.2,31.55,31.06,31.51,92914.72,-0.00020039,0.06961123611166653,0.7568320123411931
2022-06-20 08:00:00,32.33,33.23,32.17,33.01,154376.31,-7.43e-06,-0.6951935474904777,4.971364529867458
2022-06-22 00:00:00,36.42,36.45,35.69,35.74,66936.92,-0.00018474,-0.4667119873455285,0.42869677694601926
2022-06-23 00:00:00,34.13,34.7,33.91,34.69,79607.32,-5.501e-05,-0.7109126885381712,-0.5595388247544296
2022-06-23 08:00:00,35.96,36.75,35.93,36.6,90068.54,-4.23e-06,-0.7001537681477391,-0.4463880917987321
2022-06-25 16:00:00,39.86,40.09,39.77,40.05,53423.01,4.134e-05,1.3883899542554992,-0.331772829922334
2022-06-27 08:00:00,40.61,41.03,40.61,41.03,78968.49,-5.212e-05,0.3525432435916638,-0.306219698269276
2022-06-29 00:00:00,35.34,35.51,35.03,35.42,84476.95,-3.836e-05,0.6313813934754223,-0.38340897833380777
2022-06-29 16:00:00,34.66,34.69,34.33,34.44,42921.59,5.463e-05,0.9312052505776165,-0.6819627125801551
2022-06-30 00:00:00,34.06,34.2,33.74,34.08,69344.3,-9.058e-05,-0.2871400784414914,-0.5453333822008454
2022-06-30 08:00:00,31.91,31.94,31.62,31.76,32289.3,9.26e-06,-1.4269620379731094,0.14324782705089012
2022-06-30 16:00:00,32.1,32.45,31.97,32.09,91995.05,-1.65e-05,-2.501566163472483,0.08675842595223644
2022-07-02 00:00:00,32.85,33.19,32.67,33.15,49201.23,-8.115e-05,-0.4119596712162398,0.28916179414702353
2022-07-02 08:00:00,32.43,32.56,32.38,32.53,21406.13,-6.851e-05,0.7635666841197565,-0.6922875829773407
2022-07-04 16:00:00,34.3,34.4,34.14,34.39,29130.88,6.37e-06,0.2845545743324336,0.6574620658218646
2022-07-05 00:00:00,36.71,36.99,36.36,36.97,104882.0,-3.792e-05,0.6544558866545191,1.2272735272292783
2022-07-05 08:00:00,35.93,35.94,35.36,35.47,47006.73,-7.35e-05,1.1375520258871656,0.35855193405957253
2022-07-06 08:00:00,35.95,36.66,35.71,36.46,138229.87,3.646e-05,1.1375520258871656,0.6589049422325637
2022-07-06 16:00:00,35.74,36.09,35.68,36.0,58390.08,4.154e-05,0.8270401858814642,-0.60291677212791
2022-07-08 16:00:00,38.59,38.75,38.38,38.62,135050.19,-0.00010229,0.9405622189471943,23.569950697599896
2022-07-09 00:00:00,38.12,38.64,38.11,38.35,69686.85,6.265e-05,0.8614724953116855,3.6544435621186997
2022-07-09 08:00:00,38.61,38.66,38.55,38.66,13223.59,0.0001,0.7438326091490379,-0.4376675784836755
2022-07-11 00:00:00,36.71,36.73,36.46,36.49,46053.47,0.0001,-0.02579697873051157,0.5208522659256518
2022-07-12 00:00:00,33.42,33.58,33.25,33.54,45090.25,-2.61e-06,0.3146321471822587,0.34556831702140267
2022-07-12 16:00:00,34.21,34.42,34.19,34.32,32351.53,8.5e-06,-1.49496634792567,2.2181618165123327
2022-07-14 16:00:00,35.17,35.3,34.91,35.15,104573.33,-4.3e-07,-1.133496507179986,-0.605263286943971
2022-07-17 00:00:00,39.59,39.96,39.58,39.7,77323.23,0.0001,0.18158801376494046,-0.4921618642320905
2022-07-19 00:00:00,43.52,46.0,43.09,44.88,468540.64,0.0001,0.7465289750214247,8.353331828576831
2022-07-19 08:00:00,43.48,43.88,43.24,43.82,51040.51,0.0001,0.7465289750214241,0.2540567030058735
2022-07-20 08:00:00,44.41,44.6,44.23,44.53,67874.72,0.0001,0.7465289750214247,0.501225917754515
2022-07-21 00:00:00,42.03,42.35,42.0,42.31,50026.28,0.0001,0.682382197432806,0.4559930509735342
2022-07-22 08:00:00,43.06,43.31,42.85,43.27,48769.81,0.0001,0.6823821974328066,-0.47896412448659625
2022-07-22 16:00:00,41.69,41.9,41.42,41.52,88149.53,0.0001,-0.8605459601317913,0.5352981850071457
2022-07-24 00:00:00,39.97,40.44,39.95,40.26,73442.69,1.546e-05,-1.127815721699006,-0.6672253710917245
2022-07-24 16:00:00,41.2,41.28,40.77,40.81,47457.53,2.87e-05,0.29250217353484514,0.05359527707051112
2022-07-25 00:00:00,40.93,41.09,40.83,41.0,45611.49,0.0001,0.801434488758938,-0.362739008041073
2022-07-26 08:00:00,35.66,35.82,35.56,35.57,28913.38,4.215e-05,-1.426060801335171,-0.11870381727507047
2022-07-26 16:00:00,34.99,35.16,34.96,35.05,29130.29,7.794e-05,0.21021393223815232,0.0658650238453736
2022-07-27 08:00:00,36.83,37.06,36.79,36.89,36880.08,6.03e-05,-1.0543385392241276,-0.5255334863823209
2022-07-29 00:00:00,42.92,43.49,42.83,43.37,77099.66,0.0001,0.7956863631481409,-0.3786328315674232
2022-07-29 08:00:00,43.06,43.09,42.46,42.86,63182.38,0.0001,0.7956863631481409,0.1387166894127427
2022-07-29 16:00:00,42.64,42.68,41.54,41.59,139948.18,0.0001,0.7956863631481409,1.2670460182301806
2022-07-30 16:00:00,46.29,46.3,45.49,45.78,148522.08,0.0001,0.7956863631481409,0.04280268030773496
2022-08-02 00:00:00,41.65,42.05,41.5,41.97,42641.72,9.608e-05,0.7956863631481409,-0.19774662207037216
2022-08-05 08:00:00,40.08,40.33,40.06,40.25,23793.38,0.0001,-0.48925491086635825,-0.16268785810651734
2022-08-05 16:00:00,40.01,40.08,39.78,39.9,48437.88,9.433e-05,-2.040293412313778,0.22886112614507367
2022-08-06 08:00:00,40.42,40.65,40.39,40.64,55652.99,0.0001,0.24108918741642876,-0.607942320896414
2022-08-07 08:00:00,39.98,40.01,39.71,39.71,26077.19,8.3e-05,-2.1059637029792118,-0.7252093001611859
2022-08-08 16:00:00,42.5,42.52,42.22,42.36,61328.59,0.0001,0.6816527376504324,0.24454139863360927
2022-08-09 08:00:00,42.56,42.59,42.25,42.32,29549.22,0.0001,0.12276062574275451,-0.10243743277330607
2022-08-09 16:00:00,40.13,40.26,40.08,40.19,28824.67,0.0001,0.5904668468498452,0.6896127014092586
2022-08-10 00:00:00,40.34,40.34,40.12,40.26,27903.26,6.131e-05,-1.8893097118328097,-0.24171768872580726
2022-08-11 08:00:00,44.52,44.61,44.36,44.37,55488.29,0.0001,0.6986719353055342,1.5974468691068988
2022-08-11 16:00:00,43.46,43.78,43.4,43.68,57695.95,0.0001,-0.37500001714827264,1.7902877783643363
2022-08-12 08:00:00,43.15,43.49,43.06,43.46,31565.19,0.0001,-1.0038286542267545,-0.4009326065339084
2022-08-14 00:00:00,46.59,46.68,46.31,46.36,24438.75,0.0001,-0.6511271188721086,-0.0939265174297976
2022-08-14 08:00:00,47.73,47.77,47.22,47.3,85762.83,0.0001,-1.089935562695892,0.7853997777860848
2022-08-14 16:00:00,46.04,46.1,45.83,45.91,24508.94,5.903e-05,-0.7169801066463101,-0.1947336930542166
2022-08-16 16:00:00,43.42,43.51,43.23,43.49,35119.44,7.023e-05,-0.2644279778189332,-0.292314624621401
2022-08-19 00:00:00,39.51,39.59,38.85,38.97,214225.51,6.21e-06,1.14760890875186,0.5205305957133544
2022-08-19 08:00:00,36.65,36.67,36.3,36.47,109156.14,-0.00038828,-0.5167338940299073,2.6964900776091114
2022-08-20 00:00:00,35.82,36.26,35.77,36.23,74980.2,-0.00011506,-0.6403465040834291,1.6772868422143026
2022-08-20 16:00:00,36.5,36.58,36.46,36.5,23861.01,-1.428e-05,-1.6703152975927364,-0.49168174481831434
2022-08-21 16:00:00,36.02,36.16,35.9,35.92,21729.07,-0.00026181,-1.2600924740126564,0.3074111333841893
2022-08-23 00:00:00,35.42,35.53,35.37,35.38,31593.95,-4.493e-05,-1.151249475721107,0.2148904139070512
2022-08-24 16:00:00,36.06,36.4,36.05,36.15,96324.59,-5.88e-06,-1.0135748194954255,0.321437591575675
2022-08-25 08:00:00,36.25,36.37,36.25,36.25,40564.82,-0.00015818,0.2577438259723419,-0.31545608170722444
2022-08-26 16:00:00,33.29,33.39,33.14,33.38,50699.02,-0.00012159,0.515773117783931,-0.063393447950799
2022-08-28 08:00:00,31.79,31.92,31.78,31.86,28659.41,-0.00026121,-1.7810903400395506,-0.292584393717678
2022-08-28 16:00:00,31.85,32.03,31.85,32.0,33038.57,-0.00027065,-0.4065406321559077,0.8735133280305304
2022-08-29 00:00:00,30.43,30.59,30.0,30.12,144381.02,-0.00049567,-1.9599024573620722,0.7081807013550341
2022-08-29 08:00:00,30.58,30.61,30.5,30.52,27625.17,-0.00023722,-1.2719477812288376,-0.6781185098788219
2022-08-31 00:00:00,31.47,31.73,31.45,31.66,29214.78,3.327e-05,0.3667311171851294,-0.2244176850951911
2022-09-01 08:00:00,31.08,31.15,30.96,31.14,12795.34,-0.00010618,1.2127703342791984,-0.31429569526322915
2022-09-02 16:00:00,32.28,32.34,32.24,32.24,16477.97,7.74e-05,1.3571974053123745,0.8172868002267752
2022-09-03 00:00:00,31.23,31.24,31.06,31.12,18411.34,-0.00014696,0.46200046237836867,-0.4641129186926793
2022-09-04 16:00:00,31.81,31.85,31.72,31.76,9574.58,0.0001,0.7735913515133921,-0.6106066068993458
2022-09-08 08:00:00,32.37,32.5,32.34,32.49,32216.13,0.0001,0.8539927206022171,0.26887658756841465
2022-09-09 08:00:00,35.37,35.46,35.32,35.37,29989.83,0.0001,1.6235343899521832,0.20739709942765247
2022-09-09 16:00:00,34.96,35.0,34.66,34.71,42464.82,0.0001,1.3965315203285347,2.143740501332129
2022-09-10 08:00:00,34.36,34.64,34.34,34.59,26779.59,0.0001,1.1527982932938268,0.49462024658944576
2022-09-12 16:00:00,37.14,37.5,36.8,36.9,108320.73,0.0001,1.0036494178917084,2.2335229656286706
2022-09-13 08:00:00,38.54,38.57,38.22,38.39,24451.39,1.301e-05,0.9316546097470655,1.1266566405931993
2022-09-13 16:00:00,34.74,34.98,34.63,34.95,40860.0,1.102e-05,0.9059401362624232,1.5847894097662623
2022-09-14 00:00:00,33.0,33.17,32.71,33.13,75791.19,-0.00012007,-1.9422897280064622,0.12712302196490846
2022-09-14 08:00:00,33.17,33.26,33.02,33.04,43653.2,-0.00016733,-0.9475783528705902,-0.5073881644303379
2022-09-14 16:00:00,33.54,33.54,33.35,33.38,28860.15,-0.00017481,-0.8102760131701849,0.23938615390625237
2022-09-16 00:00:00,33.08,33.19,32.82,32.98,27483.76,4.718e-05,0.4290234934074663,-0.37338815938122205
2022-09-16 08:00:00,32.83,32.85,32.69,32.74,10139.71,9.735e-05,-0.36144410881504,-0.25268892243846636
2022-09-16 16:00:00,32.27,32.27,32.02,32.05,15915.91,6.856e-05,-0.6456123353904352,-0.4922799175458513
2022-09-17 00:00:00,32.25,32.45,32.23,32.43,20558.75,6.919e-05,-0.5151881043764688,-0.3361662976181436
2022-09-18 00:00:00,33.69,33.71,33.42,33.58,41725.04,-1.851e-05,0.2690954688083416,-0.1507423345566628
2022-09-18 16:00:00,32.89,32.99,32.38,32.5,86820.95,0.0001,-0.25446456062048445,0.5459247082990483
2022-09-20 16:00:00,32.52,32.53,32.28,32.33,82699.22,1.907e-05,-0.5525734505644225,0.3700638578010915
2022-09-21 16:00:00,31.5,31.61,31.48,31.59,9117.0,1.837e-05,-0.17814970250444376,-0.19203405557672026
2022-09-22 00:00:00,30.65,30.89,30.64,30.78,26500.01,-0.00018851,-2.5883913445953177,0.2502425848619403
2022-09-22 08:00:00,31.74,31.92,31.7,31.77,40326.15,-0.00013428,-1.4957385704841917,0.5378954762847559
2022-09-24 00:00:00,33.67,33.88,33.66,33.67,34804.69,0.0001,0.2614253757990295,0.1635510123890686
2022-09-24 16:00:00,33.72,33.91,33.63,33.77,43812.35,0.0001,0.6186088497359586,-0.4316760652861555
2022-09-25 08:00:00,33.96,33.98,33.86,33.86,7300.11,0.0001,0.4049361213807546,-0.6692564439558879
2022-09-26 16:00:00,33.11,33.16,32.91,32.97,27308.99,6.761e-05,0.5605302130540203,1.6837091570250193
2022-09-28 08:00:00,32.33,32.35,32.15,32.16,15308.26,1.343e-05,-0.4202357671600704,0.22942443768928625
2022-09-28 16:00:00,33.13,33.2,33.0,33.15,58987.43,-0.00011599,0.7244253074674537,1.4754142322887969
2022-09-29 08:00:00,33.35,33.44,33.28,33.38,9644.61,0.0001,1.1056196942521117,0.042248682929677574
2022-09-29 16:00:00,34.12,34.25,33.89,33.9,57900.61,0.0001,0.860457206827334,0.12602481059694579
2022-10-01 16:00:00,32.98,33.0,32.87,32.9,11986.62,-8.454e-05,0.8116605743101443,0.43148616072478957
2022-10-02 00:00:00,32.44,32.7,32.42,32.69,17449.77,-3.16e-06,0.32786751540983206,-0.773350507532951
2022-10-02 08:00:00,32.82,32.87,32.79,32.81,7398.43,-0.00012694,0.5037496865341787,-0.652141198743415
2022-10-03 00:00:00,32.06,32.11,31.73,32.08,58884.77,0.0001,-0.2955863509043465,-0.4661973290270264
2022-10-05 00:00:00,34.1,34.16,34.07,34.07,23543.56,-2.002e-05,1.7632878958105391,0.02486832807070608
2022-10-05 08:00:00,34.12,34.14,33.95,33.96,16003.32,4.8e-05,1.4423147453923664,-0.04496101963222379
2022-10-07 00:00:00,33.35,33.48,33.33,33.46,10553.82,5e-08,1.199451772230703,0.017052566039960162
2022-10-07 08:00:00,33.33,33.41,33.3,33.41,9407.15,8.021e-05,1.0143078650406947,0.38869107440905803
2022-10-09 00:00:00,32.57,32.64,32.53,32.61,11572.57,-5.496e-05,-1.473871089488615,-0.11677251745754584
2022-10-10 08:00:00,32.9,32.91,32.73,32.79,19494.47,0.0001,-0.3946851258036348,-0.11782529030986283
2022-10-11 16:00:00,31.57,31.59,31.47,31.54,21224.82,1.173e-05,1.035630225804506,-0.013852722532660308
2022-10-12 08:00:00,31.26,31.28,31.15,31.18,10710.52,-6.356e-05,0.8956058574580077,-0.5142031795241082
2022-10-12 16:00:00,31.29,31.29,31.17,31.18,11018.89,0.0001,0.7816586184693852,0.36673326884664803
2022-10-14 08:00:00,31.33,31.42,31.23,31.41,17667.79,3.869e-05,0.6518893340414832,1.1295377941430165
2022-10-16 08:00:00,29.76,29.87,29.76,29.85,5067.0,-0.00010784,-2.132568751019744,-0.38601212030935816
2022-10-18 16:00:00,30.31,30.44,30.27,30.42,16921.38,9.704e-05,0.5146148850748925,-0.14359102724422715
2022-10-20 00:00:00,28.86,28.99,28.79,28.97,33600.97,8.555e-05,0.5146148850748928,-0.5836206217956056
2022-10-20 16:00:00,29.14,29.15,28.92,28.94,27505.93,9.895e-05,-1.5129086899793294,1.4135228096091663
2022-10-21 16:00:00,27.58,27.74,27.57,27.65,94246.43,4.104e-05,-1.7639338413683672,1.2883832013483256
2022-10-22 00:00:00,28.1,28.15,28.01,28.03,13746.86,-0.00016497,-0.5849783182771081,-0.576769809060617
2022-10-22 16:00:00,27.99,28.08,27.94,27.95,34209.22,-9.324e-05,-1.3531062604355617,0.7908089725626873
2022-10-23 08:00:00,28.42,28.46,28.36,28.43,24001.46,1.405e-05,-0.9031092829082277,-0.710158722764192
2022-10-25 16:00:00,29.69,30.46,29.69,30.27,248732.93,1.166e-05,-0.997723919804633,4.055293281560239
2022-10-26 16:00:00,31.42,31.67,31.39,31.51,56101.18,8.93e-06,0.38661203195076027,0.6154775255511572
2022-10-28 00:00:00,30.6,30.71,30.52,30.56,19594.1,6.137e-05,-1.038273315729916,-0.5206987015576856
2022-10-28 08:00:00,30.22,30.38,30.21,30.37,29883.27,7.565e-05,0.16775377413063283,1.756061315981479
2022-10-29 00:00:00,32.06,32.21,32.04,32.16,36402.57,0.0001,-0.1437811613313548,0.23161259349141722
2022-10-30 00:00:00,32.87,32.94,32.84,32.86,10182.59,7.022e-05,-1.2821552415130675,1.1912419518994248
2022-10-31 08:00:00,33.42,33.49,33.14,33.24,35660.42,0.0001,0.9153850174627206,-0.6003536872051862
2022-11-01 00:00:00,32.57,32.68,32.5,32.65,24189.06,-7.785e-05,-0.2533524399170568,-0.5273716890111925
2022-11-01 08:00:00,33.03,33.14,32.98,33.09,18340.26,-3.806e-05,-0.9445037941593897,-0.12421256426555044
2022-11-01 16:00:00,32.47,32.59,32.41,32.53,18628.22,-6.234e-05,0.059004679210819866,0.19133430612718239
2022-11-02 00:00:00,32.2,32.24,31.93,32.05,59010.96,9.5e-07,1.2156814937181426,1.1038792522782142
2022-11-02 08:00:00,31.72,31.75,31.62,31.62,14774.46,1.628e-05,-0.14443940285974782,-0.048479032088147175
2022-11-04 00:00:00,30.86,30.87,30.66,30.79,15936.78,-8.29e-05,0.9144935127074508,0.019876220038038423
2022-11-06 08:00:00,36.17,36.22,36.0,36.14,59571.06,0.0001,2.244211301277275,-0.3353326290804428
2022-11-08 00:00:00,29.62,29.7,29.52,29.61,103313.72,-0.00035346,1.0793542539953989,0.21443140743051006
2022-11-09 00:00:00,24.38,24.38,23.71,23.94,123576.32,-0.0075,-2.61435089700908,0.024526757691631106
2022-11-10 06:00:00,15.11,15.2,14.86,15.01,143969.49,-0.02,0.0,0.0
2022-11-10 08:00:00,15.34,15.34,13.74,14.21,546954.11,-0.02,-3.1256628530134454,0.2702602323160407
2022-11-10 10:00:00,14.22,14.37,13.97,14.07,321420.82,-0.02,0.0,0.0
2022-11-10 12:00:00,14.16,15.88,14.0,15.82,894136.43,-0.02,0.0,0.0
2022-11-10 20:00:00,17.29,17.29,16.9,17.1,196569.25,-0.01792917,0.0,0.0
2022-11-10 22:00:00,18.07,18.08,17.73,17.79,166477.31,-0.00023209,0.0,0.0
2022-11-11 00:00:00,17.65,18.04,17.21,17.25,249372.4,-0.00262997,-0.29892747459765384,0.5332045490533165
2022-11-11 14:00:00,17.41,17.42,16.91,16.92,230265.03,-0.00373271,0.0,0.0
2022-11-11 18:00:00,16.37,16.65,16.32,16.5,162954.98,-0.00145664,0.0,0.0
2022-11-11 22:00:00,15.85,16.02,15.82,15.95,69844.53,-0.0007073,0.0,0.0
2022-11-12 04:00:00,15.82,15.92,15.67,15.68,43885.24,-0.00194529,0.0,0.0
2022-11-12 16:00:00,14.82,14.97,14.76,14.96,76114.25,-0.00087212,0.4720098084999569,-0.5995325915794474
2022-11-12 18:00:00,15.13,15.13,14.98,15.07,67238.33,-0.00018986,0.0,0.0
2022-11-12 20:00:00,15.15,15.17,14.96,15.05,55598.48,-0.0002072,0.0,0.0
2022-11-13 08:00:00,13.95,13.99,13.86,13.88,54046.31,-0.0017701,0.07747189527545545,-0.31325608607980093
2022-11-13 10:00:00,13.46,13.61,13.45,13.51,65410.06,-0.00099368,0.0,0.0
2022-11-14 00:00:00,13.18,13.28,13.07,13.24,123009.5,-0.0017293,0.19114026482669516,-0.34592705018663555
2022-11-14 02:00:00,12.52,12.59,12.07,12.11,214900.88,-0.00444734,0.0,0.0
2022-11-14 06:00:00,12.5,12.61,12.47,12.52,77753.61,-0.00025664,0.0,0.0
2022-11-14 08:00:00,14.54,15.0,14.54,14.83,362722.82,-0.00020798,0.09872340406538038,0.3342799270398479
2022-11-14 10:00:00,14.46,14.5,14.2,14.31,122012.77,-0.00037676,0.0,0.0
2022-11-14 12:00:00,14.23,14.23,13.98,14.06,130100.74,-0.00065817,0.0,0.0
2022-11-14 16:00:00,13.72,13.86,13.53,13.55,86881.39,-0.00078889,0.31261229056645,-0.24434773533584767
2022-11-14 18:00:00,13.67,13.72,13.61,13.65,40817.93,-0.00120937,0.0,0.0
2022-11-15 02:00:00,13.96,14.1,13.91,14.1,67554.89,2.5e-05,0.0,0.0
2022-11-15 20:00:00,14.35,14.4,14.27,14.3,67966.7,-0.00066296,0.0,0.0
2022-11-15 22:00:00,14.31,14.44,14.28,14.36,32154.17,-0.00074848,0.0,0.0
2022-11-16 02:00:00,14.36,14.38,14.28,14.35,28385.31,-0.00055134,0.0,0.0
2022-11-16 10:00:00,14.2,14.25,14.14,14.21,29265.62,-0.0011055,0.0,0.0
2022-11-16 12:00:00,14.16,14.18,14.0,14.02,101827.87,-0.00107526,0.0,0.0
2022-11-16 14:00:00,13.89,13.94,13.67,13.79,113581.91,-0.00074867,0.0,0.0
2022-11-16 22:00:00,14.16,14.19,14.12,14.19,20689.67,-4.335e-05,0.0,0.0
2022-11-17 00:00:00,14.27,14.49,14.25,14.48,65260.52,-0.00015275,0.2244784763348338,-0.37018731790074266
2022-11-17 08:00:00,14.26,14.34,14.24,14.29,29752.56,-9.19e-05,0.23290462165240158,0.9583418365412824
2022-11-17 14:00:00,13.17,13.28,13.1,13.22,191345.47,-0.00336778,0.0,0.0
2022-11-18 04:00:00,13.71,13.73,13.6,13.61,71046.42,-0.00035674,0.0,0.0
2022-11-18 16:00:00,13.37,13.38,13.3,13.35,41761.02,-0.00082757,0.4500303969491071,0.13620748425281273
2022-11-19 00:00:00,13.28,13.28,13.16,13.16,22852.46,-0.00068642,0.5976718138037478,-0.5016521554701838
2022-11-20 16:00:00,13.0,13.03,12.88,12.89,49588.52,-0.00112922,0.3565865060970246,-0.8289937364453838
2022-11-21 16:00:00,11.92,12.08,11.9,11.96,61295.03,-0.00116096,0.7457435015112728,-0.313720580678148
2022-11-22 00:00:00,11.83,12.08,11.79,11.97,96155.27,-0.00016606,-1.130525086228678,0.777399520958281
2022-11-22 08:00:00,11.51,11.52,11.44,11.47,21705.65,-0.00056977,0.9807684227965723,-0.3070382318139043
2022-11-22 16:00:00,12.06,12.18,11.93,11.98,181172.79,-0.00089583,1.7940637286979009,0.9351443575669105
2022-11-23 00:00:00,12.43,12.49,12.41,12.45,43427.26,-0.00042476,1.6369879320372165,0.5763350768157036
2022-11-25 16:00:00,14.15,14.15,14.04,14.06,29772.21,-0.00056949,0.0934828371024754,0.5738432020382878
2022-11-26 08:00:00,14.47,14.53,14.42,14.44,27103.92,-0.00034616,-0.6145473333736128,-0.5516787078096882
2022-11-26 16:00:00,14.43,14.44,14.32,14.41,36185.4,-0.00055804,0.4251777470348858,-0.5633165472505223
2022-11-27 08:00:00,14.32,14.36,14.29,14.35,18889.57,-0.00043291,-0.9785814406399217,-0.10503660147036528
2022-11-29 00:00:00,13.33,13.34,13.14,13.18,55670.72,-0.00021025,0.591845690142612,0.14998452896984166
2022-11-29 16:00:00,13.45,13.45,13.28,13.36,40465.59,-0.00073299,0.50207637925858,1.020148367712566
2022-11-30 08:00:00,13.71,13.8,13.68,13.79,33970.78,-0.00140667,0.3897882667698373,-0.08409423689908146
2022-12-01 16:00:00,13.63,13.64,13.54,13.56,24573.34,-0.0001949,1.3710565534181325,0.9251738983440444
2022-12-03 08:00:00,13.56,13.56,13.52,13.54,8430.89,-0.00016897,0.29949902051805594,-0.08887333425487333
2022-12-04 08:00:00,13.46,13.47,13.43,13.44,10650.98,4.642e-05,0.5285475816378927,-0.1983568060767759
2022-12-07 00:00:00,14.3,14.34,14.25,14.25,48981.99,4.454e-05,0.8807288658089768,-0.49117594263153697
2022-12-07 08:00:00,13.62,13.62,13.39,13.52,266258.06,3.151e-05,-0.7393084414768243,0.42687001740187036
2022-12-07 16:00:00,13.68,13.74,13.66,13.67,38054.37,5.056e-05,-1.1644986781134719,0.6796894956375826
2022-12-08 08:00:00,13.5,13.59,13.5,13.51,53623.99,-0.00028326,-0.4109241286437106,-0.40173366068007793
2022-12-09 16:00:00,13.87,13.89,13.78,13.79,27752.77,7.054e-05,-0.12274691488675818,0.5860940371267086
2022-12-12 00:00:00,13.42,13.5,13.39,13.42,39117.54,-0.0001843,-0.5476078284632132,4.8882560309624505
2022-12-12 16:00:00,13.11,13.15,13.1,13.11,18715.92,-0.00012371,-1.4904456960508514,0.1566184464249635
2022-12-13 00:00:00,13.31,13.39,13.29,13.31,37067.8,-1.654e-05,-0.13512547036129052,-0.49397539871743307
2022-12-15 00:00:00,14.12,14.21,14.11,14.19,32341.12,0.0001,1.5088917987674646,-0.38835470701465485
2022-12-19 00:00:00,12.38,12.41,12.34,12.38,25402.96,-0.00018596,0.7696628463518611,0.08628100407738183
2022-12-19 08:00:00,12.23,12.27,12.21,12.24,18026.08,-0.00045428,-0.014473683691559183,-0.18635257619694207
2022-12-19 16:00:00,12.17,12.21,12.16,12.2,24286.94,-0.000376,0.3185659007338935,-0.7546338811873112
2022-12-20 16:00:00,12.34,12.35,12.28,12.28,30114.02,-0.00024139,0.12258169218482039,0.23116425963463194
2022-12-22 08:00:00,12.06,12.08,12.04,12.07,15072.63,-0.00027483,1.3252867247977258,-0.39947907597505533
2022-12-23 08:00:00,11.9,11.9,11.8,11.84,34629.11,9.921e-05,1.5618530495994354,0.20058161934684893
2022-12-23 16:00:00,11.84,11.85,11.82,11.83,14099.53,-7.019e-05,1.047990302055201,0.1274597158420164
2022-12-25 00:00:00,11.45,11.46,11.42,11.44,13015.42,-0.00063471,-1.165019670988192,-0.6114999377788574
2022-12-25 16:00:00,11.35,11.36,11.31,11.36,15793.27,-0.00017688,-0.513635383960303,0.1896572385638238
2022-12-26 08:00:00,11.32,11.32,11.29,11.29,4501.93,-0.00035979,-2.2326906611707664,-0.6344547087876821
2022-12-29 08:00:00,9.61,9.65,9.61,9.62,29200.94,-0.00011408,0.7533533546847174,0.07687141445220519
2022-12-30 00:00:00,9.64,9.65,9.38,9.43,331906.34,-0.00277763,1.0817883460507174,-0.38801569986699963
2022-12-30 08:00:00,9.13,9.24,9.11,9.13,134787.73,-0.00216253,0.4256895633419235,-0.26566923039185714
2022-12-30 16:00:00,9.58,9.61,9.5,9.52,67773.1,-0.00240802,0.9105945018536764,2.320404875955922
2022-12-31 08:00:00,9.83,9.84,9.78,9.8,20719.94,-0.00180298,0.7894445302416768,-0.49490777104114075
2022-12-31 16:00:00,10.16,10.19,10.11,10.13,70054.92,-0.00095178,0.6709817602217365,-0.18813829842197058
2023-01-01 00:00:00,9.97,10.02,9.94,9.95,40580.89,-0.00092452,0.6291979596866065,-0.320343236480862
2023-01-01 16:00:00,9.86,9.9,9.85,9.86,16557.15,-0.00097445,-1.0718435651032938,0.30518217304561757
2023-01-02 00:00:00,9.99,9.99,9.93,9.94,13327.35,-0.00105604,-1.241993878571881,-0.13483002015112652
2023-01-03 16:00:00,13.09,13.91,12.91,13.52,1208969.56,-0.00820119,-0.4149497458164153,0.08222324218752869
2023-01-04 00:00:00,13.37,13.5,13.23,13.44,227078.91,-0.00349905,0.1314263588956145,0.035505565429172395
2023-01-05 16:00:00,13.3,13.32,13.25,13.29,26651.77,-0.00035808,0.10990403977426753,1.907537255467837
2023-01-06 16:00:00,13.2,13.23,13.1,13.11,88160.78,-0.00097063,0.45845943165089587,2.3249051427614282
2023-01-07 16:00:00,13.27,13.28,13.24,13.25,17337.28,-0.00049317,0.7966961316374284,-0.3063944487158348
2023-01-08 08:00:00,13.33,13.35,13.31,13.31,13025.27,-0.00041686,0.7176010878230731,-0.04180407478385134
2023-01-09 08:00:00,16.35,16.69,16.2,16.25,317563.21,0.0001,-1.5179784724828531,-0.20639816537409314
2023-01-10 16:00:00,16.24,16.25,16.16,16.17,45284.67,-0.00015347,-0.5623533338636457,1.232791032091417
2023-01-12 00:00:00,16.37,16.41,16.2,16.22,169879.17,0.0001,0.502019250137693,1.618623001719601
2023-01-12 08:00:00,16.25,16.26,16.11,16.16,52784.11,0.0001,1.0778925022847219,-0.152977054492209
2023-01-12 16:00:00,15.96,16.01,15.9,15.98,46618.48,-0.00044772,0.915280706114847,3.2683363138101083
2023-01-13 08:00:00,16.9,16.95,16.8,16.84,46199.9,2.603e-05,0.8136132482222812,0.7745594148639771
2023-01-14 00:00:00,18.29,18.61,18.2,18.47,227219.78,0.0001,0.3464555090828266,4.6841795797292285
2023-01-14 16:00:00,22.34,22.48,22.28,22.4,122341.55,0.0001,0.6273955356976123,0.5010430313604901
2023-01-15 16:00:00,23.69,23.79,23.52,23.64,151267.83,0.00012309,2.2751611159512706,-0.5606562821252028
2023-01-16 16:00:00,23.08,23.26,22.94,23.24,80741.59,0.0001,0.1961871636645487,0.0923938532360366
2023-01-19 00:00:00,20.78,21.23,20.77,21.06,193419.44,0.0001,0.1961871636645487,-0.33587421239732035
2023-01-20 00:00:00,21.4,21.41,21.06,21.2,113760.46,0.0001,0.1961871636645487,0.23485921314299277
2023-01-20 08:00:00,21.07,21.12,21.0,21.07,20654.2,0.0001,0.015303449317693,-0.8322063133190435
2023-01-20 16:00:00,21.43,21.53,21.4,21.52,36359.3,0.0001,-0.16911465805583104,-0.38479491982123587
2023-01-22 00:00:00,24.56,24.89,24.4,24.78,96599.26,0.0001,-0.247289545361985,0.3157319673207496
2023-01-22 08:00:00,25.13,25.2,24.94,24.99,66136.3,0.0001,-0.247289545361985,-0.2980968621753962
2023-01-24 16:00:00,24.48,24.53,24.35,24.38,41295.56,0.0001,-0.247289545361985,-0.21415754174767027
2023-01-25 08:00:00,23.27,23.41,23.27,23.29,66616.26,1.239e-05,-0.24728954536198594,-0.07586672395610683
2023-01-27 08:00:00,24.03,24.04,23.91,23.92,29580.36,0.0001,-0.4337280556158375,0.20312515487678587
2023-01-27 16:00:00,23.82,23.94,23.81,23.91,45885.59,0.0001,-0.27383419775277346,0.36624239487720633
2023-01-29 08:00:00,24.14,24.21,24.13,24.15,29763.52,0.0001,0.28867513449984195,-0.6220114482079903
2023-01-30 08:00:00,25.37,25.53,25.32,25.5,41558.74,0.0001,0.28867513449984195,-0.09648296623662421
2023-01-30 16:00:00,24.37,24.44,24.22,24.39,127356.43,0.0001,0.28867513449984195,0.2638613433790305
2023-01-31 08:00:00,24.11,24.14,23.95,23.95,31937.54,0.0001,0.28867513449984195,0.5301439129118702
2023-02-01 08:00:00,23.56,23.57,23.47,23.51,28153.37,0.0001,0.28867513449984195,0.015079188310982575
2023-02-03 08:00:00,24.32,24.37,24.1,24.17,116799.17,6.262e-05,0.28867513449984195,0.8268857825528751
2023-02-03 16:00:00,24.86,25.05,24.77,24.93,100358.25,7.317e-05,0.2886751344998522,2.067452846172286
2023-02-04 08:00:00,24.51,24.51,24.48,24.5,13276.8,0.0001,0.28867513449984195,-0.4665610913411819
2023-02-04 16:00:00,24.71,24.72,24.6,24.66,31673.99,0.0001,0.28867513449984195,-0.6015027919515119
2023-02-06 08:00:00,23.35,23.4,23.32,23.34,32380.21,0.0001,0.28867513449984195,0.02434640872011463
2023-02-08 16:00:00,23.28,23.31,23.06,23.07,134039.38,0.0001,0.0,1.4405681038681981
2023-02-12 08:00:00,20.85,20.89,20.84,20.88,20663.46,-0.00045565,0.0,-0.739457515689744
2023-02-15 08:00:00,21.54,21.57,21.46,21.51,18080.23,8.397e-05,-3.1754264805388352,-0.38704444651041237
2023-02-16 08:00:00,23.73,23.76,23.62,23.69,33686.25,0.0001,0.2886751345944401,1.5810300041540244
2023-02-17 16:00:00,22.79,22.95,22.78,22.88,65619.58,0.0001,0.2886751345944407,6.914819181672717
2023-02-18 08:00:00,23.22,23.24,23.14,23.2,16542.23,0.0001,0.2886751345944407,-0.11897853185750473
2023-02-22 16:00:00,23.66,23.73,23.45,23.47,90380.4,0.0001,0.2886751345944407,-0.19990537516884282
2023-02-26 16:00:00,22.94,22.97,22.87,22.96,19054.49,-1.898e-05,-1.113792312099183,-0.2734674618801314
2023-02-27 16:00:00,23.07,23.14,22.76,22.82,106469.72,8.837e-05,-0.862004967386631,2.670594363152084
2023-03-01 08:00:00,22.59,22.67,22.54,22.65,20641.17,0.0001,0.4989088231966659,0.1352717826116919
2023-03-02 16:00:00,21.84,21.86,21.79,21.81,11530.08,-8.101e-05,-0.1334589923500057,-0.7204138666618761
2023-03-03 00:00:00,22.0,22.02,21.91,21.92,10107.39,2.047e-05,0.5627544942862656,-0.6257094406412347
2023-03-03 16:00:00,21.26,21.31,21.17,21.18,20095.96,9.745e-05,-2.3696375375775345,-0.4385513106616138
2023-03-05 00:00:00,20.98,21.06,20.97,21.03,25137.31,0.0001,-1.4191698424245864,0.19430790757599825
2023-03-05 08:00:00,21.3,21.37,21.26,21.37,6635.07,0.0001,-1.6123972783275218,-0.8981232420821706
2023-03-06 16:00:00,21.05,21.19,21.0,21.03,57308.58,-2.168e-05,-0.30783858549354826,0.22697461923610554
2023-03-08 00:00:00,20.25,20.39,20.23,20.31,37931.15,-5.279e-05,-0.8002356431031756,0.22207984787611185
2023-03-10 00:00:00,17.34,17.36,17.16,17.16,86537.53,-0.00018592,-2.38929697441064,3.8206304083346567
2023-03-10 08:00:00,16.99,17.03,16.93,16.98,54774.59,8.585e-05,-0.5812105597621368,0.6323087137958893
2023-03-12 08:00:00,17.84,18.0,17.8,17.98,33930.45,6.8e-05,0.9370587592546891,1.2604511312614337
2023-03-15 08:00:00,21.23,21.24,21.14,21.19,26699.08,0.0001,2.3295416025656253,2.8052957554587357
2023-03-18 08:00:00,22.17,22.19,21.79,21.82,128112.28,0.00027581,0.5802803931692088,0.08529092309944773
2023-03-19 16:00:00,22.0,22.2,21.97,22.06,94891.26,0.0001,0.5589661079703069,1.2077489438118942
2023-03-22 00:00:00,22.52,22.53,22.37,22.38,55245.65,0.0001,-0.5370140580828799,-0.14994319587322627
2023-03-22 16:00:00,22.64,22.7,22.51,22.52,69466.26,0.0001,0.029319514232119186,-0.6816335538089042
2023-03-26 00:00:00,20.4,20.44,20.33,20.33,10355.6,-0.00010361,-0.6054478306392554,-0.8951982601137366
2023-03-26 16:00:00,20.82,20.87,20.77,20.81,15153.67,-4.191e-05,-0.19730645801069574,-0.8791932344047827
2023-03-27 16:00:00,19.77,19.95,19.7,19.87,90423.14,2.013e-05,-0.6295778691149979,-0.3692021527158136
2023-03-28 08:00:00,19.88,19.93,19.85,19.89,13791.99,8.36e-05,-0.42160673941328597,-0.9507235291601389
2023-03-30 00:00:00,21.1,21.16,21.03,21.09,20264.59,4.312e-05,0.15574219494850822,-0.9307516889641059
2023-03-30 08:00:00,21.02,21.05,20.95,20.99,18721.75,7.675e-05,-0.10056768650218138,-0.45790779241781376
2023-04-01 00:00:00,21.15,21.25,21.14,21.24,38950.23,0.0001,0.5266010777216105,0.02312243865756836
2023-04-01 08:00:00,21.02,21.05,20.98,21.04,15426.43,0.0001,1.1302496797245067,-0.5072087253345609
2023-04-03 00:00:00,20.52,20.52,20.44,20.5,15718.1,-0.00014684,-0.6856852562295379,-0.8934328940900462
2023-04-05 00:00:00,20.91,20.94,20.86,20.88,16945.99,0.0001,-0.3180094233186182,-0.45244845041463166
2023-04-06 00:00:00,20.96,20.99,20.8,20.89,29337.39,0.0001,-0.7205737022524912,1.099193738111052
2023-04-06 16:00:00,20.75,20.82,20.75,20.78,22706.87,1.019e-05,-1.5459450487553648,-0.3756959495120634
2023-04-07 16:00:00,20.54,20.55,20.5,20.51,7207.37,2.05e-06,-0.5881191817711484,-0.2246481427425993
2023-04-08 00:00:00,20.44,20.46,20.4,20.4,13565.41,0.0001,-0.6968236885820217,-0.46470336558644687
2023-04-10 00:00:00,20.29,20.35,20.26,20.32,10283.51,0.0001,1.3648769845213524,1.0093536672712744
2023-04-13 16:00:00,24.62,24.66,24.48,24.5,71825.03,0.0001,1.1411565416459204,3.496675279002112
2023-04-17 16:00:00,24.54,24.63,24.46,24.62,40178.58,0.00013821,1.0391008392420615,-0.15034556591043247
2023-04-18 16:00:00,24.92,25.0,24.88,24.99,22594.8,0.0001,0.3474377036111088,0.344069896229029
2023-04-19 16:00:00,23.34,23.4,23.29,23.35,27651.62,-5.574e-05,-0.9049682089723179,1.0684681056139227
2023-04-22 00:00:00,21.26,21.29,21.22,21.27,22514.96,-1.147e-05,1.2014701458302546,2.1916526384719783
2023-04-22 08:00:00,21.28,21.3,21.27,21.29,6907.76,9.14e-06,0.4575861940094977,-0.6393881695502698
2023-04-24 00:00:00,21.47,21.49,21.38,21.4,20339.39,3.83e-06,-0.03292585277637307,-0.7402810047328856
2023-04-30 08:00:00,23.42,23.56,23.42,23.5,26953.82,7.129e-05,-0.3247944383870036,-0.7286277710074524
2023-05-02 16:00:00,22.19,22.27,22.18,22.21,35338.41,-4.732e-05,-1.0104367235089837,0.4020718822208888
2023-05-04 00:00:00,22.24,22.36,22.16,22.24,82671.67,-2.27e-06,0.9586733460055145,0.15291155449882862
2023-05-04 08:00:00,22.11,22.17,22.08,22.11,28543.68,0.0001,0.8201542453466665,-0.06189825298827176
2023-05-05 08:00:00,21.78,21.86,21.77,21.86,14923.11,3.223e-05,0.8015151355622322,0.8613959557876565
2023-05-05 16:00:00,22.32,22.53,22.31,22.43,162627.63,0.0001,0.4820291235988766,11.97336740813227
2023-05-06 08:00:00,22.63,22.64,22.44,22.62,128343.54,0.0001,0.8783146501435033,9.727300390922904
2023-05-06 16:00:00,21.78,21.85,21.73,21.84,21376.55,2.441e-05,0.7802236127336165,-0.2814731130252764
2023-05-07 00:00:00,21.91,21.93,21.78,21.84,50782.85,3.648e-05,-0.9698712285021682,-0.6591516616970305
2023-05-07 08:00:00,22.06,22.1,22.05,22.09,11704.56,-2.12e-05,-0.8934113427140599,-0.346178796528315
2023-05-08 00:00:00,21.65,21.81,21.5,21.76,188314.11,0.0001,-1.5450387719972194,2.5122130451563818
2023-05-09 08:00:00,20.69,20.7,20.59,20.6,26785.38,-5.327e-05,0.06882886201419797,-0.8631899418825116
2023-05-09 16:00:00,20.55,20.58,20.46,20.53,49821.26,-5.678e-05,-1.4955422759341992,-0.5616605462995732
2023-05-10 16:00:00,21.08,21.18,21.06,21.16,28308.5,-2.9e-07,-0.7363388733625024,-0.20919459926351888
2023-05-11 08:00:00,20.59,20.6,20.31,20.52,99149.16,2.605e-05,0.1776163221488625,4.41647730014695
2023-05-13 00:00:00,20.91,21.02,20.9,20.93,84855.58,1.245e-05,-1.4381494197894686,0.5098189202935418
2023-05-13 08:00:00,21.22,21.27,21.19,21.23,16308.37,6.953e-05,0.08659072150559888,-0.8734849467058915
2023-05-16 08:00:00,21.05,21.05,20.96,21.02,16538.77,6.067e-05,-0.4319826867006185,0.626432471770009
2023-05-16 16:00:00,20.78,20.78,20.74,20.77,23202.33,0.0001,0.5100157900392569,-0.6110894046924491
2023-05-17 08:00:00,20.56,20.57,20.48,20.56,37686.79,0.0001,1.1730949649817946,0.22690320081842016
2023-05-18 00:00:00,21.06,21.09,21.0,21.01,22575.5,0.0001,1.781673906042248,-0.6224804185784066
2023-05-19 00:00:00,20.35,20.36,20.3,20.34,16197.78,-9.122e-05,-0.5372918291747703,-0.2527292596422062
2023-05-19 16:00:00,20.41,20.45,20.37,20.41,18637.4,8.946e-05,-0.2875063965409356,1.9467478125988322
2023-05-22 08:00:00,19.69,19.78,19.69,19.76,16373.25,7.846e-05,-1.260678790630578,-0.6915367564332149
2023-05-24 00:00:00,20.02,20.07,20.01,20.04,12088.39,0.0001,1.5564749852182502,-0.4357092541417346
2023-05-25 00:00:00,19.22,19.28,19.21,19.23,22428.14,5.668e-05,0.22930485652500782,-0.42717394951987303
2023-05-26 00:00:00,19.25,19.26,19.19,19.21,12001.23,0.0001,1.3224354737170665,-0.5336832284913147
2023-05-28 16:00:00,20.5,20.52,20.47,20.5,17920.45,0.0001,1.1510583148385356,0.9288214443492225
2023-05-29 00:00:00,20.81,20.85,20.76,20.83,31907.9,0.0001,0.9870759160599425,1.3126261817339637
2023-05-30 08:00:00,20.75,20.8,20.74,20.75,7987.59,0.0001,0.589765175284863,-0.06760046776776703
2023-05-31 08:00:00,20.72,20.77,20.68,20.73,13480.09,0.0001,-1.0940110251831483,2.1677835674013872
2023-05-31 16:00:00,20.47,20.56,20.45,20.55,19369.56,0.0001,0.7673526732875625,0.7623662132959458
2023-06-01 16:00:00,20.69,20.72,20.66,20.68,8372.83,0.0001,0.8038567941170053,0.3812714865589371
2023-06-02 00:00:00,20.49,20.52,20.47,20.48,18332.06,0.0001,-0.6890912527750864,-0.5191234158635063
2023-06-03 00:00:00,21.26,21.28,21.21,21.22,17186.11,0.0001,-0.023443617398738067,-0.8628402338728658
2023-06-04 00:00:00,21.19,21.22,21.17,21.19,21916.7,0.0001,-1.1531603106202655,-0.1747437512302032
2023-06-04 08:00:00,21.61,21.62,21.54,21.57,25075.06,0.0001,0.8033340530402,-0.752647965711493
2023-06-04 16:00:00,22.04,22.05,21.93,21.97,38987.82,0.0001,0.6765749571710783,-0.596521641497006
2023-06-05 08:00:00,21.66,21.69,21.64,21.68,13968.56,0.0001,0.519349646165197,0.10767817642939187
2023-06-05 16:00:00,19.92,20.58,19.03,20.37,917792.77,0.0001,-0.06365510243415785,33.96424473962323
2023-06-06 00:00:00,20.01,20.02,19.94,19.98,43672.59,-7.522e-05,-2.7650114941850714,1.736852557712623
2023-06-07 00:00:00,20.38,20.39,20.25,20.32,53207.56,0.0001,0.663734324050773,3.449926549915971
2023-06-07 16:00:00,19.32,19.32,19.04,19.08,158881.12,8.161e-05,-0.5566701534847502,6.959779227560639
2023-06-08 08:00:00,18.65,18.65,18.58,18.6,37113.35,-6.138e-05,-0.6273781935286329,-0.16716994622501574
2023-06-08 16:00:00,18.92,18.93,18.83,18.85,18012.17,-3.987e-05,-0.3489770243351303,0.6332269712482002
2023-06-09 00:00:00,18.88,18.9,18.83,18.9,16125.43,-1.99e-05,0.15269743338853214,-0.9601300851099734
2023-06-09 08:00:00,18.58,18.64,18.55,18.63,15854.1,2.244e-05,0.41750167335898,-0.5879602870169999
2023-06-09 16:00:00,18.71,18.71,18.53,18.66,74197.7,4.756e-05,-0.2984245468422666,-0.4346117701183364
2023-06-10 00:00:00,17.4,17.43,17.18,17.24,71567.32,4.312e-05,0.6193398281756589,-0.9045889051029888
2023-06-10 08:00:00,14.42,14.77,14.25,14.73,274928.19,-0.00018689,-0.5789271391230151,4.440892232528493
2023-06-10 16:00:00,14.77,14.81,14.57,14.62,166433.2,-0.00045568,-0.17663729190385932,-0.47616418268212785
2023-06-11 08:00:00,15.4,15.53,15.37,15.51,45685.22,-0.00039139,-0.2426604405659271,-0.674584417598852
2023-06-11 16:00:00,15.22,15.34,15.14,15.24,71665.52,-0.00011432,0.2371466971231455,0.5753931366901467
2023-06-12 00:00:00,15.55,15.56,15.46,15.53,45336.15,-5.452e-05,1.5260050361596202,-0.47267729099473477
2023-06-12 08:00:00,15.09,15.14,15.02,15.09,52308.75,-0.00010351,-0.9039005164046596,1.372834305392786
2023-06-13 00:00:00,15.19,15.24,15.14,15.24,44124.71,-6.7e-06,1.647749343077964,-0.8062236875968964
2023-06-13 08:00:00,15.43,15.44,15.39,15.42,15715.47,8.95e-06,0.10682416775822932,0.005094026708684415
2023-06-13 16:00:00,14.8,14.92,14.78,14.91,49123.57,-1.734e-05,0.23712039976058713,3.266616445983487
2023-06-14 00:00:00,15.03,15.06,14.99,15.02,19758.65,-6.216e-05,-1.1432033343681582,0.062016084994720576
2023-06-14 08:00:00,15.06,15.1,15.04,15.07,18346.33,-9.959e-05,-0.946692020548317,-0.09210707846936525
2023-06-14 16:00:00,15.1,15.19,15.08,15.17,16006.12,-3.849e-05,-0.4806454563806756,-0.05702116160364774
2023-06-15 00:00:00,14.49,14.49,14.42,14.47,18727.3,-3.913e-05,-2.2421110643223017,0.6452616866711126
2023-06-15 08:00:00,14.81,14.91,14.81,14.91,29020.52,-0.0001096,0.45924854963901873,0.7771426781721414
2023-06-15 16:00:00,14.48,14.54,14.45,14.51,17251.58,0.0001,0.5154417723463148,-0.4319648140209872
2023-06-16 00:00:00,14.78,14.79,14.68,14.71,19182.39,2.986e-05,-0.2201544654839182,0.2822024571951494
2023-06-16 08:00:00,14.85,14.89,14.85,14.88,16003.85,3.481e-05,-0.9694245611207462,0.29505797446829246
2023-06-16 16:00:00,15.01,15.08,14.96,14.98,75595.42,-4.6e-06,-1.0097750688824034,7.131844599200968
2023-06-17 00:00:00,15.32,15.33,15.26,15.27,23010.58,-3.146e-05,1.700493059727449,-0.055052998600910966
2023-06-17 08:00:00,15.86,15.89,15.8,15.83,26757.56,5.237e-05,1.4884272819309001,-0.17017151755935056
2023-06-17 16:00:00,15.65,15.73,15.62,15.71,32320.47,6.248e-05,0.8271351967830267,0.01587563010378949
2023-06-18 00:00:00,15.65,15.67,15.61,15.65,12005.14,-2.892e-05,-0.1603287562126976,-0.7494126141511589
2023-06-18 08:00:00,15.59,15.62,15.56,15.56,14307.55,-5.493e-05,0.8419797148038435,0.011018329692738594
2023-06-18 16:00:00,15.71,15.75,15.68,15.74,12675.24,-1.03e-06,0.4031496945856152,-0.8064386031834044
2023-06-19 00:00:00,15.45,15.5,15.41,15.44,18954.76,-6.35e-05,0.3559329711562549,0.18203682934328397
2023-06-19 08:00:00,15.48,15.48,15.43,15.46,12055.48,-8.954e-05,0.147279914392981,-0.5783510013098376
2023-06-19 16:00:00,15.56,15.61,15.56,15.58,21944.39,-4.972e-05,-0.6183606277048432,-0.4021031244354902
2023-06-20 08:00:00,15.97,15.98,15.9,15.9,13281.54,-8.12e-06,-1.5756438755911963,1.63587013969827
2023-06-20 16:00:00,15.95,15.97,15.85,15.96,54270.46,1.7e-06,-1.8446323293241,2.772600559616156
2023-06-21 00:00:00,16.65,16.65,16.56,16.63,27781.3,5.55e-06,0.19677846509252833,1.65892603722795
2023-06-21 08:00:00,16.82,16.84,16.73,16.79,30947.78,7.67e-05,1.150416843329186,0.2746471925970948
2023-06-21 16:00:00,16.88,17.09,16.84,17.05,71205.29,1.523e-05,-0.6446526470431648,12.352858707500644
2023-06-22 00:00:00,17.23,17.31,17.17,17.24,26791.54,5.684e-05,1.2469091188728891,3.299058556943276
2023-06-22 16:00:00,16.89,16.96,16.87,16.94,21280.27,-9.97e-06,0.9008649692507886,1.4653505919156813
2023-06-23 00:00:00,16.62,16.74,16.62,16.71,18839.65,8.86e-05,1.0193621940345612,-0.5872275072122941
2023-06-23 08:00:00,16.78,16.79,16.72,16.73,15041.09,0.0001,0.9155960349904729,-0.7240387979310052
2023-06-23 16:00:00,16.98,17.27,16.88,17.22,294393.97,-3.27e-06,0.8312799020309763,6.451312546759428
2023-06-24 00:00:00,17.14,17.17,17.05,17.11,38198.9,-5.354e-05,0.7433297887310623,-0.7950481892289446
2023-06-24 08:00:00,17.07,17.17,17.06,17.15,26043.21,8.164e-05,0.6293237964356668,-0.6440794427670353
2023-06-24 16:00:00,16.62,16.68,16.42,16.66,130973.3,1.615e-05,0.5072812421150038,0.9488913419792383
2023-06-25 00:00:00,16.64,16.71,16.61,16.7,14635.56,-9.403e-05,0.4326609397396214,-0.5865575295027055
2023-06-25 08:00:00,17.27,17.34,17.18,17.25,69526.04,4.045e-05,0.3195843815968977,-0.06682043874449464
2023-06-25 16:00:00,17.12,17.28,17.06,17.12,89127.96,2.049e-05,0.3195843815968977,-0.9158924627935429
2023-06-26 00:00:00,16.96,16.97,16.83,16.84,32885.13,2.481e-05,0.28867513456048144,0.01100510719933636
2023-06-26 08:00:00,16.93,16.96,16.87,16.94,21213.54,-6.749e-05,0.28867513456048144,0.4518498196105363
2023-06-26 16:00:00,16.82,16.82,16.75,16.76,24686.24,5.956e-05,0.0,-0.7435706503142981
2023-06-27 00:00:00,16.27,16.28,16.2,16.23,27563.69,-2.886e-05,0.0,0.5684708788768885
2023-06-27 08:00:00,16.74,16.76,16.68,16.68,25273.66,0.0001,0.0,0.7635194902595601
2023-06-27 16:00:00,16.39,16.49,16.34,16.48,39102.97,0.0001,0.0,0.6542024000731017
2023-06-28 00:00:00,16.63,16.65,16.46,16.54,39163.22,0.0001,0.0,-0.1689450967664549
2023-06-28 08:00:00,15.97,16.02,15.91,16.01,54060.01,-1.801e-05,-3.1754264800904686,0.8408818397868995
2023-06-28 16:00:00,16.33,16.41,16.31,16.34,38743.35,5.458e-05,-3.14884658790246,0.1290287636734465
2023-06-29 00:00:00,15.98,16.02,15.93,15.99,16885.58,1.7e-05,-1.5006085743571815,0.2574738974527506
2023-06-29 08:00:00,16.26,16.3,16.24,16.25,13696.61,0.0001,0.08761216435142684,-0.31607397861874975
2023-06-29 16:00:00,17.67,17.8,17.61,17.7,144661.63,0.0001,0.4906473125178991,-0.23655416138905067
2023-06-30 00:00:00,18.0,18.24,17.92,18.04,177180.58,4.827e-05,0.4906473125178991,-0.3919848366932886
2023-06-30 08:00:00,18.79,18.89,18.74,18.84,67407.68,0.0001,0.4906473125178991,-0.32341113100343066
2023-07-01 00:00:00,18.85,19.0,18.84,18.9,55993.11,0.0001,0.4906473125178991,-0.05626484749419726
2023-07-01 08:00:00,18.44,18.47,18.32,18.35,48391.15,0.0001,0.4906473125178991,-0.4066826662948911
2023-07-01 16:00:00,18.44,18.49,18.38,18.43,25165.81,2.201e-05,0.4906473125178991,-0.09734733968360453
2023-07-02 00:00:00,18.7,18.76,18.59,18.68,64963.52,0.0001,0.4906473125178991,-0.6703367264999428
2023-07-02 08:00:00,19.22,19.25,19.13,19.19,36169.21,0.0001,0.4906473125178991,-0.10745654634434774
2023-07-03 00:00:00,19.46,19.51,19.4,19.49,30897.14,0.0001,0.4526650634442395,-0.40456957609114325
2023-07-03 08:00:00,19.42,19.42,19.36,19.42,20578.09,0.0001,0.3468607705782688,-0.07591297832992494
2023-07-03 16:00:00,19.28,19.3,19.03,19.16,94316.6,0.0001,0.2886751345539296,8.212834010065421
2023-07-04 08:00:00,19.09,19.17,19.09,19.1,14254.48,0.0001,0.0,0.1676590703452288
2023-07-04 16:00:00,19.84,19.86,19.67,19.7,66335.35,0.0001,0.0,0.8447307943500776
2023-07-05 00:00:00,19.14,19.22,19.1,19.15,43282.41,0.0001,0.0,-0.15348123020379248
2023-07-05 08:00:00,19.32,19.33,19.21,19.22,15087.92,0.0001,0.0,-0.13981442762969054
2023-07-05 16:00:00,18.59,18.65,18.51,18.64,40905.26,4.304e-05,0.0,0.1482000906097915
2023-07-06 00:00:00,18.99,19.25,18.95,19.13,112607.07,-5.29e-06,0.0,-0.8928980358682022
2023-07-06 08:00:00,19.6,19.64,19.54,19.59,22523.65,0.0001,-3.175426480500415,0.505051917516365
2023-07-06 16:00:00,19.7,19.89,19.65,19.83,118917.54,0.0001,-3.062905872019241,4.586394821145516
2023-07-07 00:00:00,19.61,20.31,19.45,20.3,293942.28,0.0001,-2.214774214778078,14.475141729938098
2023-07-07 08:00:00,19.45,19.67,19.34,19.51,96967.92,8.838e-05,-1.0093604081677894,0.3227664097216707
2023-07-07 16:00:00,21.22,21.49,21.07,21.38,133980.88,-0.00022841,-1.78603446084112,-0.06635517093447743
2023-07-08 00:00:00,21.51,21.66,21.43,21.6,114549.89,-5.703e-05,-0.6319864770223274,0.0014547041086580125
2023-07-08 08:00:00,21.98,22.46,21.94,22.37,404726.52,1.315e-05,-0.7580528085428176,-0.7101556220068093
2023-07-08 16:00:00,21.52,21.63,21.5,21.59,61323.4,0.0001,-0.8311018393443509,-0.7835964507002368
2023-07-09 00:00:00,21.82,21.89,21.77,21.8,38116.62,-0.00011345,0.2424829663531876,-0.9344374790641613
2023-07-09 08:00:00,21.57,21.7,21.56,21.69,41095.89,1.049e-05,0.6491589267955589,-0.5666034658917742
2023-07-09 16:00:00,21.25,21.35,21.17,21.22,88027.25,0.0001,0.6188738724024371,-0.6367487939464073
2023-07-10 00:00:00,21.32,21.35,20.78,20.97,341066.63,0.0001,-1.7280613890320884,5.4755732526651775
2023-07-10 08:00:00,20.73,20.75,20.62,20.69,36509.02,0.0001,0.6823592511898743,0.6507993546285077
2023-07-10 16:00:00,21.16,21.18,20.93,20.95,85321.85,-5.346e-05,-0.022191344982130257,0.13986253332598556
2023-07-11 00:00:00,21.3,21.47,21.28,21.43,60481.34,-0.00013561,1.4463390385099908,2.0636346572424795
2023-07-11 08:00:00,22.11,22.15,22.02,22.13,55033.74,-2.651e-05,1.2973915847307886,0.09918067991716156
2023-07-11 16:00:00,22.14,22.16,21.99,22.03,35808.46,2.775e-05,-0.14725708448131444,2.2900203206141336
2023-07-12 00:00:00,22.06,22.1,22.01,22.09,24308.82,1.497e-05,0.7856064188734206,-0.7952797838594831
2023-07-12 08:00:00,22.02,22.04,21.95,21.98,38808.66,-2.714e-05,0.49935321058102505,0.21748884335374644
2023-07-12 16:00:00,22.42,22.47,22.14,22.24,249164.31,4.12e-05,-0.20522347546868006,1.34294722869115
2023-07-13 00:00:00,21.93,21.97,21.87,21.97,35499.06,9.789e-05,-1.7269335672370192,-0.6266554314686109
2023-07-13 08:00:00,21.77,21.81,21.72,21.77,21589.44,-6.37e-06,0.4578892116512696,0.3084934601076795
2023-07-13 16:00:00,24.06,24.85,24.06,24.51,759300.57,-0.00021919,-1.036996701730267,3.7108679030446186
2023-07-14 00:00:00,26.01,26.05,25.73,25.99,165426.22,0.0001,1.5013526263915926,1.3494679379334256
2023-07-14 08:00:00,28.71,28.84,28.56,28.75,102609.42,0.00029523,1.2572752373294187,1.5914794215770365
2023-07-14 16:00:00,28.17,28.24,27.88,27.91,165917.03,0.00017912,1.0576629640784605,-0.5638183451921667
2023-07-15 00:00:00,26.67,27.19,26.45,27.15,270227.84,0.0001,-2.3215392209937398,0.9708158057675561
2023-07-15 08:00:00,28.72,28.93,28.53,28.82,146609.08,0.0001,-0.27834044168227584,-0.07240914959664309
2023-07-15 16:00:00,27.56,27.6,27.18,27.38,267315.53,0.0001,-0.26631888828548406,-0.9133210118870714
2023-07-16 08:00:00,27.7,27.85,27.69,27.72,54811.23,0.0001,0.6414978008962969,-0.8563333398157642
2023-07-16 16:00:00,28.1,28.1,27.9,27.95,74320.01,0.0001,0.06112734959887162,-0.7991697025431389
2023-07-17 00:00:00,27.41,27.68,27.2,27.54,194106.77,0.0001,-0.2552709202647016,-0.28442135843802
2023-07-17 08:00:00,27.63,27.63,27.42,27.53,131252.33,0.0001,0.31305095938493144,-0.3750753826537856
2023-07-17 16:00:00,27.01,27.26,26.91,27.17,71468.47,0.0001,0.30700771655020853,1.2287579782694944
2023-07-18 00:00:00,26.8,26.95,26.7,26.85,49734.6,9.171e-05,-0.21854727618665226,0.2680354364992114
2023-07-18 08:00:00,25.71,25.78,25.64,25.72,71248.99,0.0001,0.44612455676028917,3.8074682309115504
2023-07-18 16:00:00,25.52,25.64,25.43,25.64,39480.56,0.0001,0.6718243032458139,0.5641275967270728
2023-07-19 00:00:00,25.54,25.55,25.4,25.41,35567.06,0.0001,1.2511672809743235,-0.2125403484209102
2023-07-19 08:00:00,26.21,26.21,26.03,26.11,40255.14,0.0001,-0.166040725355549,-0.12884472708522765
2023-07-20 00:00:00,26.31,26.41,26.28,26.38,58205.18,7.165e-05,-1.2784169562825511,-0.6253312596876197
2023-07-20 08:00:00,26.86,26.97,26.8,26.92,39590.49,0.0001,1.4660407406248304,0.25768620627156513
2023-07-20 16:00:00,25.69,25.77,25.56,25.66,106474.05,0.0001,-0.15939409262000126,0.04820400513560477
2023-07-21 08:00:00,25.17,25.26,25.17,25.21,21466.48,-1.51e-06,-1.7507152484242725,0.5510468304141803
2023-07-21 16:00:00,25.3,25.35,25.19,25.2,39687.23,7.977e-05,-0.7358677978746764,-0.08248164930759698
2023-07-22 00:00:00,25.51,25.58,25.45,25.56,29256.15,2.099e-05,-1.1041665769234874,-0.5964242814145044
2023-07-22 08:00:00,25.77,25.82,25.73,25.79,8961.22,0.0001,-1.2757722441383685,0.7681624295214724
2023-07-22 16:00:00,25.69,25.73,25.62,25.63,12058.29,0.0001,-1.3013573083688648,-0.4263652629348344
2023-07-23 00:00:00,24.52,24.55,24.28,24.38,88987.37,8.045e-05,-0.40710794975329195,-0.2950016969048494
2023-07-23 08:00:00,24.69,24.74,24.66,24.66,19028.98,6.786e-05,1.5161082606563359,-0.667664744541724
2023-07-23 16:00:00,24.69,24.83,24.69,24.78,26003.42,0.0001,1.389597460208828,-0.144061746324301
2023-07-24 00:00:00,24.76,24.78,24.66,24.72,27077.62,5.539e-05,1.3249169105118794,1.227245095362375
2023-07-24 08:00:00,24.57,24.63,24.49,24.59,26111.24,8.79e-05,-0.1640901696196719,-0.3624586497603693
2023-07-24 16:00:00,23.21,23.37,23.17,23.24,59884.22,0.0001,1.286106858438624,2.6313595057809436
2023-07-25 00:00:00,23.36,23.4,23.29,23.39,15604.06,2.921e-05,0.6367353896432935,-0.35509252062528907
2023-07-25 08:00:00,23.09,23.14,23.03,23.03,25944.75,4.666e-05,0.32778785882347344,0.9101332892865738
2023-07-25 16:00:00,23.22,23.28,23.16,23.28,18754.25,-2.252e-05,0.861727874836398,0.7272381028079643
2023-07-26 00:00:00,23.28,23.35,23.23,23.25,19150.62,9.281e-05,0.7213880785672865,-0.06119468862083848
2023-07-26 16:00:00,24.92,24.97,24.78,24.83,82492.3,4.654e-05,-0.431731274596107,0.3020906990248457
2023-07-27 00:00:00,25.18,25.22,24.89,25.06,113768.21,0.0001,-1.5565833961770683,-0.699359152395438
2023-07-27 08:00:00,25.01,25.05,24.92,25.01,37836.17,2.473e-05,-1.397099586276276,0.12508442160595146
2023-07-28 00:00:00,25.1,25.14,25.02,25.11,16834.71,0.0001,-1.0059341007332678,-0.013793806343792065
2023-07-28 08:00:00,24.63,24.67,24.54,24.6,31065.05,0.0001,-0.05097684618082034,-0.007779588920839674
2023-07-28 16:00:00,25.23,25.25,25.1,25.14,70424.66,0.0001,1.260419777039529,1.0147096861133627
2023-07-29 00:00:00,24.82,24.89,24.75,24.88,40475.85,0.0001,1.0634127208771988,-0.5024934881511735
2023-07-29 08:00:00,25.07,25.11,25.05,25.09,10305.89,0.0001,-0.8967931271650221,0.24489355739937008
2023-07-30 00:00:00,25.17,25.18,25.09,25.1,20753.17,0.0001,0.509268754118369,-0.6989925209209491
2023-07-30 08:00:00,24.93,24.95,24.89,24.94,19836.31,9.213e-05,-0.4638892984162829,-0.7143204939795403
2023-07-30 16:00:00,24.89,24.99,24.86,24.98,27782.47,0.0001,-0.7886961498624047,-0.32545788172528406
2023-07-31 00:00:00,24.25,24.25,24.12,24.16,31946.13,9.232e-05,-1.3335379388512756,-0.7091937039238951
2023-07-31 08:00:00,24.49,24.54,24.48,24.54,18051.56,-2.568e-05,0.5834785364993852,0.08939803537981121
2023-08-01 00:00:00,23.72,23.74,23.59,23.74,32344.01,0.0001,0.07085659163281983,-0.20029902771318642
2023-08-01 08:00:00,23.48,23.54,23.47,23.5,21540.11,7.943e-05,0.17074432474966136,2.376555878497349
2023-08-01 16:00:00,23.27,23.45,23.24,23.44,71653.13,6.97e-05,1.2966441555922132,17.15299280088636
2023-08-02 00:00:00,24.06,24.25,24.01,24.07,105972.94,1.932e-05,1.108682532203501,11.149877546021859
2023-08-02 08:00:00,23.63,23.67,23.47,23.51,90024.41,1.057e-05,1.108682532203501,4.582013114981578
2023-08-02 16:00:00,23.25,23.31,23.2,23.25,21720.85,3.245e-05,1.108682532203501,2.9500929261512394
2023-08-03 00:00:00,23.14,23.14,23.07,23.1,22186.82,-2.37e-05,0.9387165328833998,0.6872462815805006
2023-08-03 08:00:00,22.71,22.8,22.68,22.77,34423.31,0.0001,0.8492275216114885,-0.02393317556020625
2023-08-04 00:00:00,22.65,22.71,22.53,22.63,94236.51,1.777e-05,0.06822277944146161,-0.6501248506574738
2023-08-04 08:00:00,22.96,23.06,22.93,23.02,57669.93,9.93e-06,0.6670924520419877,-0.7534612580243333
2023-08-04 16:00:00,23.36,23.41,23.3,23.41,19286.42,5.856e-05,0.6501191143526123,-0.4653852625283029
2023-08-05 00:00:00,22.8,22.83,22.7,22.73,32568.34,0.0001,-2.3076561900000603,-0.8248181359679877
2023-08-05 08:00:00,22.77,22.77,22.72,22.74,9466.89,2.082e-05,0.4909789326534684,-0.5501128825272652
2023-08-06 00:00:00,22.66,22.68,22.58,22.64,11548.43,-3.498e-05,0.373648915712675,-0.7047249856242713
2023-08-07 00:00:00,23.2,23.34,23.18,23.34,27270.06,0.0001,0.373648915712675,-0.10794122375872055
2023-08-07 08:00:00,23.15,23.16,23.11,23.13,16007.9,7.203e-05,-0.8446393254769793,-0.5621037884494041
2023-08-07 16:00:00,22.76,22.8,22.53,22.58,117742.03,0.0001,0.472466885485341,2.743772505507632
2023-08-08 00:00:00,23.11,23.22,23.08,23.14,61142.05,7.405e-05,0.4724668854853402,1.6057451891933394
2023-08-08 08:00:00,23.23,23.28,23.22,23.24,15155.65,0.0001,0.025236007649519325,0.08404355945026708
2023-08-08 16:00:00,23.74,23.9,23.71,23.86,68926.65,9.805e-05,-1.4482516719057612,5.047221382761791
2023-08-09 00:00:00,24.22,24.37,24.22,24.35,64817.11,9.326e-05,-0.33155778013208304,-0.35128473483899336
2023-08-09 08:00:00,24.57,24.65,24.55,24.61,33519.16,7.15e-06,0.4240603422834547,0.3601728868030939
2023-08-09 16:00:00,24.56,24.58,24.48,24.55,26881.99,6.361e-05,0.136826497994178,-0.7671025782554549
2023-08-10 08:00:00,24.32,24.35,24.28,24.29,14723.26,0.0001,0.6978855102275021,0.6026542705216158
2023-08-10 16:00:00,24.56,24.56,24.44,24.44,22776.62,0.0001,-0.5394521150073407,0.6648820856367667
2023-08-11 00:00:00,24.63,24.74,24.63,24.67,44243.88,5.018e-05,0.8181077596143499,-0.8445686959687042
2023-08-11 08:00:00,24.49,24.53,24.48,24.53,15787.58,0.0001,0.8181077596143499,1.356743963818014
2023-08-11 16:00:00,24.55,24.61,24.52,24.6,16622.18,0.0001,-1.35011299396726,-0.238541606695534
2023-08-12 00:00:00,24.63,24.65,24.58,24.64,15487.2,0.0001,0.8160409703289428,-0.7296882686082576
2023-08-12 08:00:00,24.54,24.56,24.51,24.51,10629.57,0.0001,0.8160409703289428,-0.4703109019184374
2023-08-12 16:00:00,24.67,24.7,24.65,24.66,35234.31,0.0001,0.28142942394453124,-0.5494573686225814
2023-08-13 00:00:00,24.91,24.95,24.83,24.92,17333.81,7.464e-05,0.7540011019228975,-0.18818649651706865
2023-08-13 08:00:00,24.77,24.77,24.72,24.73,9180.6,5.155e-05,-2.6530008756010703,-0.8954452051258222
2023-08-13 16:00:00,24.58,24.58,24.49,24.5,33920.83,0.0001,0.5926469049825579,0.6671329283425335
2023-08-14 08:00:00,24.42,24.5,24.41,24.49,16904.1,7.157e-05,0.5288565838158832,3.3968984330956316
2023-08-14 16:00:00,24.82,24.95,24.82,24.9,56765.46,3.069e-05,0.5288565838158832,1.3221727539956083
2023-08-15 08:00:00,24.88,24.9,24.78,24.78,33445.35,0.0001,0.4444755480781639,1.7137666594320393
2023-08-15 16:00:00,24.72,24.78,24.68,24.71,29113.98,0.0001,0.4444755480781631,9.918489603448302
2023-08-16 00:00:00,23.91,24.01,23.83,24.0,74801.56,0.0001,0.4444755480781631,0.9378928971438896
2023-08-16 16:00:00,23.08,23.09,22.87,22.97,115125.87,5.907e-05,0.32719414550231185,1.8326631023848958
2023-08-17 00:00:00,22.82,22.97,22.72,22.95,52909.03,6.9e-07,0.3271941455023127,1.7167731565030726
2023-08-17 08:00:00,23.26,23.3,23.24,23.28,5479.15,0.0001,0.3271941455023127,-0.3978193080999257
2023-08-17 16:00:00,22.87,22.93,22.61,22.77,209305.01,3.019e-05,0.2886751345941138,14.26892861907322
2023-08-18 00:00:00,21.67,21.95,21.57,21.92,130766.02,-0.00029147,0.2886751345941138,1.6131022921370743
2023-08-18 08:00:00,22.08,22.18,22.08,22.14,22251.96,-2.584e-05,-3.1754264805407253,4.198357318829036
2023-08-18 16:00:00,21.6,21.75,21.57,21.69,46843.36,8.169e-05,-1.1586509837752255,-0.29100542470750806
2023-08-19 00:00:00,21.34,21.42,21.29,21.41,22071.27,-7.003e-05,-2.0379969419296757,-0.5930480720229097
2023-08-19 08:00:00,21.83,21.83,21.74,21.82,18042.53,-5.498e-05,-1.6055504163154775,0.9609773066217898
2023-08-19 16:00:00,21.98,22.03,21.89,21.91,40765.39,-6.27e-05,-1.9452656185985948,-0.8634567028584014
2023-08-20 00:00:00,21.89,21.94,21.86,21.93,7024.59,-6.623e-05,-1.2830418701656645,-0.9227072556368452
2023-08-20 08:00:00,21.74,21.75,21.69,21.69,3169.5,-7.076e-05,-1.244186032285187,-0.8032990103085267
2023-08-20 16:00:00,21.8,21.82,21.76,21.78,11239.7,-3.023e-05,-0.4688401553498639,-0.7868043400541861
2023-08-21 00:00:00,21.78,21.79,21.65,21.67,36419.49,-3.625e-05,-0.7612686009837468,-0.33512901727250105
2023-08-21 08:00:00,21.34,21.35,21.23,21.27,29428.81,-7.183e-05,0.0026401475320657793,-0.6425990563211907
2023-08-21 16:00:00,20.71,20.81,20.66,20.71,72381.44,-7.18e-06,-0.3459857329650144,-0.3828699737866247
2023-08-22 00:00:00,21.2,21.22,21.15,21.19,22307.9,1.569e-05,0.26261999794740376,0.3184302910599003
2023-08-22 08:00:00,21.18,21.21,21.16,21.18,7022.13,5.112e-05,-0.2742848059558796,1.8124340531827623
2023-08-22 16:00:00,20.69,20.7,20.53,20.56,107187.72,2.087e-05,1.9072525379179688,3.109440013481993
2023-08-23 00:00:00,20.59,20.66,20.54,20.63,43723.02,-0.00012671,0.848816239670519,3.902771597025546
2023-08-23 08:00:00,20.76,20.87,20.75,20.86,15494.46,-3.319e-05,0.13242956156653132,-0.02007165555512992
2023-08-23 16:00:00,20.92,21.07,20.9,21.01,72686.71,3.526e-05,1.6530097149057565,1.4564024007934684
2023-08-24 00:00:00,21.74,21.77,21.7,21.76,35625.52,-7.433e-05,-0.9588575452376599,1.8099791250464996
2023-08-24 08:00:00,21.74,21.75,21.72,21.73,5654.97,-9.124e-05,1.1811265540113451,-0.5425217244708731
2023-08-24 16:00:00,21.04,21.12,21.02,21.04,58494.32,-9.96e-06,1.7515757177090185,-0.17354963789308173
2023-08-25 00:00:00,21.05,21.06,20.93,20.95,19137.01,-8.674e-05,-0.5146567010828644,-0.715162817903525
2023-08-25 08:00:00,20.56,20.63,20.56,20.63,7200.41,-5.421e-05,0.8302824853896766,0.5293121182044713
2023-08-25 16:00:00,20.35,20.39,20.22,20.37,45577.1,-0.00018382,1.4637667179258502,-0.603748650907378
2023-08-26 00:00:00,20.42,20.42,20.32,20.33,9925.88,-0.00014373,0.79980098855025,-0.8014577109833715
2023-08-26 08:00:00,20.31,20.35,20.27,20.34,10217.94,-0.00024234,1.162302505391477,-0.21620787735967478
2023-08-26 16:00:00,20.37,20.39,20.33,20.39,8670.04,-0.00018306,-0.031925905423862685,-0.8157191225742032
2023-08-27 00:00:00,20.28,20.35,20.27,20.34,5433.37,-0.00017578,-0.7589614380815215,-0.693951774160896
2023-08-27 08:00:00,20.39,20.42,20.38,20.42,9480.73,-0.00011914,0.5681964866884688,-0.5955833120290226
2023-08-27 16:00:00,20.74,20.77,20.68,20.69,15499.97,-0.00016818,-0.4504609116242477,-0.3266269544198794
2023-08-28 00:00:00,20.79,20.79,20.71,20.75,5623.95,-3.451e-05,-1.3802407937334713,1.4590484244788353
2023-08-29 00:00:00,20.57,20.61,20.57,20.59,18661.24,8.373e-05,-0.7291362020028959,0.18256112036374061
2023-08-29 08:00:00,20.26,20.3,20.24,20.28,20190.55,5.29e-06,0.6725561094361542,2.0363416836192894
2023-08-29 16:00:00,21.33,21.48,21.2,21.38,188975.8,-0.00040362,-2.8569084949338017,24.482297078517593
2023-08-30 00:00:00,21.79,21.94,21.79,21.91,26219.67,0.0001,0.7220719405206616,2.4798843928594763
2023-08-30 08:00:00,21.63,21.63,21.56,21.56,10497.01,2.088e-05,0.8986206680491459,0.2580750594608484
2023-08-30 16:00:00,20.83,20.85,20.73,20.77,25879.43,8.869e-05,0.49717397561707355,0.6645879590668475
2023-08-31 00:00:00,20.82,20.82,20.72,20.73,24211.24,-5.589e-05,0.3205707631712577,0.0055659566168681125
2023-08-31 08:00:00,20.77,20.81,20.77,20.78,9499.13,-7.295e-05,1.0693649108193763,-0.40521278011480644
2023-08-31 16:00:00,20.33,20.34,20.25,20.26,42286.28,-9.89e-05,1.125372889081915,-0.6531621896201731
2023-09-01 00:00:00,19.74,19.8,19.7,19.78,21019.61,-0.00013928,0.025552751878647768,0.0363298004576334
2023-09-01 08:00:00,19.81,19.82,19.79,19.79,2053.12,-9.007e-05,0.6258994347734657,-0.595730139742228
2023-09-02 00:00:00,19.33,19.41,19.31,19.4,13328.75,6.71e-06,0.3460875484566502,-0.5786341361740821
2023-09-02 08:00:00,19.58,19.66,19.58,19.62,39907.13,-8.469e-05,-0.29996750612633344,0.22932281637725327
2023-09-02 16:00:00,19.55,19.6,19.55,19.58,16683.14,-5.343e-05,-0.9666974725542801,0.04930504930676529
2023-09-03 00:00:00,19.5,19.54,19.48,19.52,7449.69,-6.5e-07,0.23074220170835832,-0.8650476748058876
2023-09-03 08:00:00,19.53,19.54,19.43,19.44,6225.3,-3.935e-05,-1.2527078149050317,-0.42267255858711406
2023-09-03 16:00:00,19.34,19.39,19.33,19.37,11060.99,-3.56e-05,-0.25275716449154434,0.8098770847974159
2023-09-04 00:00:00,19.57,19.61,19.55,19.61,7008.95,-5.078e-05,-0.28560403657745675,-0.05069666364075897
2023-09-04 08:00:00,19.77,19.86,19.77,19.86,10181.14,-7.224e-05,-0.6606869758377452,0.0775163852834194
2023-09-04 16:00:00,19.4,19.46,19.38,19.41,16582.02,8.919e-05,-1.2901906532965692,0.5330666105565819
2023-09-05 00:00:00,19.52,19.56,19.45,19.48,19351.68,1.756e-05,-0.8082586198264867,0.8984666648021833
2023-09-05 08:00:00,19.41,19.46,19.38,19.38,14518.72,-6.252e-05,-0.009370253548287667,0.7458157816967188
2023-09-05 16:00:00,20.4,20.58,20.33,20.58,127137.71,-0.00010758,0.7267698309416836,0.15108623970180182
2023-09-06 00:00:00,20.26,20.39,20.25,20.33,27683.66,-1.341e-05,0.11773685946214518,1.0686590380905832
2023-09-06 08:00:00,19.73,19.77,19.72,19.75,13669.8,8.04e-06,-1.7003541521134513,-0.22474418814369876
2023-09-07 00:00:00,19.63,19.65,19.59,19.64,12689.37,-2.787e-05,1.0235334154753057,-0.8252366918976438
2023-09-07 08:00:00,19.55,19.56,19.45,19.47,54626.01,2.88e-06,1.1450458465766853,-0.35136301091335814
2023-09-07 16:00:00,19.53,19.61,19.52,19.59,83976.89,3.3e-07,1.9139021135303962,-0.38839981540417307
2023-09-08 00:00:00,19.92,19.94,19.86,19.87,17761.29,-8.527e-05,-1.1931047084834108,0.17123441465165937
2023-09-08 08:00:00,19.9,19.92,19.77,19.77,39455.34,-0.00013966,-0.3759248050728862,0.06231554967377414
2023-09-08 16:00:00,19.52,19.53,19.46,19.5,28251.19,-0.00021132,-1.030764507755116,2.244484745635933
2023-09-09 00:00:00,19.6,19.61,19.56,19.56,4591.58,-0.0001045,-1.7848460255141307,1.0291978401634847
2023-09-09 08:00:00,19.46,19.51,19.46,19.49,13009.33,-0.00021188,-0.3791841708763571,-0.3601941756625586
2023-09-09 16:00:00,19.53,19.55,19.5,19.53,13127.56,-0.00016996,0.16906889564837801,-0.3572248885640824
2023-09-10 00:00:00,19.43,19.44,19.4,19.43,7146.15,-0.0002388,-0.19617679989530282,-0.8441811212038726
2023-09-10 08:00:00,18.52,18.52,18.42,18.45,45365.6,-0.00038599,0.7746178153163106,-0.5838439597671371
2023-09-10 16:00:00,18.22,18.24,18.13,18.13,42051.37,-0.00047908,0.456906125326252,-0.7669448340038704
2023-09-11 00:00:00,18.23,18.3,18.19,18.3,15703.42,-0.00036941,-0.35453504337003855,0.17487371627420728
2023-09-11 08:00:00,18.2,18.22,18.04,18.04,68162.58,-0.00022734,0.4007813457769965,1.4545449719091474
2023-09-12 00:00:00,17.72,17.74,17.68,17.7,20863.12,-3.978e-05,1.0420667050222203,0.44699437786631985
2023-09-12 08:00:00,17.98,18.04,17.94,18.01,25338.01,-5.673e-05,1.6933418343323354,13.590808065222243
2023-09-12 16:00:00,18.0,18.06,17.96,17.97,28952.76,-7.381e-05,-1.352651127221068,2.952069751756994
2023-09-13 00:00:00,17.91,18.07,17.87,17.99,28580.79,-0.00016024,0.5050233965737593,6.4937535615310145
2023-09-13 08:00:00,17.9,18.13,17.86,18.04,66617.72,-0.00017635,-0.056479769963158025,0.6922595730799311
2023-09-13 16:00:00,18.36,18.42,18.31,18.42,31950.26,-4.981e-05,0.6348103205051613,1.428663537718399
2023-09-14 00:00:00,18.4,18.87,18.38,18.71,131590.29,-0.00016123,-0.5014160343365961,0.36294820657597715
2023-09-14 16:00:00,18.97,19.1,18.94,18.96,45206.87,-0.00024678,-2.0577520358304224,-0.3173197672176318
2023-09-15 00:00:00,18.85,18.86,18.76,18.79,10607.37,-0.0002153,-1.114281663255028,-0.5565043853760108
2023-09-15 08:00:00,19.08,19.1,19.04,19.05,28907.44,-0.00012046,-0.401228789677049,-0.7479035657368039
2023-09-15 16:00:00,18.89,18.91,18.85,18.85,15608.42,-5.91e-06,1.798998445376947,0.12109397818370941
2023-09-16 00:00:00,19.15,19.24,19.14,19.17,29844.27,1.257e-05,-0.6019270235518998,-0.19886500279712868
2023-09-16 08:00:00,19.11,19.13,19.04,19.05,10877.35,-5.38e-05,-1.172830633481712,-0.5384876537911715
2023-09-16 16:00:00,18.96,19.01,18.94,19.0,14102.11,-0.00014091,-0.7397977332441047,-0.7888845721614802
2023-09-17 00:00:00,19.12,19.14,18.99,19.01,27308.29,-0.00021514,0.28877596580882003,-0.1391512096927508
2023-09-17 08:00:00,18.91,18.98,18.88,18.96,10188.92,-7.124e-05,0.3938442984147635,0.5603727778952489
2023-09-17 16:00:00,18.97,19.0,18.91,18.94,12726.47,-5.427e-05,0.26712898655297296,-0.634098279071701
2023-09-18 00:00:00,18.81,18.84,18.77,18.79,8542.07,-0.00030943,0.018246852350960567,-0.6266159079366047
2023-09-18 08:00:00,19.12,19.15,19.09,19.14,14242.16,-7.847e-05,0.34820123542812936,0.44606708901776304
2023-09-18 16:00:00,19.96,20.0,19.85,19.93,65329.05,-0.00013976,-1.7076315030536926,2.6121412299323428
2023-09-19 00:00:00,19.65,19.74,19.64,19.7,31947.71,-5.9e-05,0.7697311068860586,0.1431493676044079
2023-09-19 16:00:00,20.13,20.15,20.07,20.14,27908.74,0.0001,-0.3790971894909325,0.9643679024362884
2023-09-20 00:00:00,20.02,20.13,20.0,20.08,13658.68,-0.00014401,-0.5212271752916522,1.9563454885451397
2023-09-20 08:00:00,19.95,19.99,19.92,19.95,5324.9,-8.143e-05,-0.8521361771228559,0.8138574430823116
2023-09-20 16:00:00,20.2,20.26,20.14,20.21,24657.12,-9.609e-05,0.06266121896765547,-0.08620116615681046
2023-09-21 08:00:00,19.92,19.96,19.87,19.96,20411.55,-6.489e-05,1.6418459788853685,-0.39111859077872685
2023-09-21 16:00:00,19.61,19.61,19.55,19.59,27628.73,0.0001,1.9875380546068282,1.6221330229106912
2023-09-22 00:00:00,19.45,19.51,19.3,19.34,42259.44,1.075e-05,0.006954693682373705,-0.6527636394535488
2023-09-22 08:00:00,19.63,19.81,19.63,19.77,80019.91,1.389e-05,0.29269858530971843,0.7473378857745137
2023-09-22 16:00:00,19.47,19.49,19.4,19.43,27218.44,4.359e-05,0.5226680496647739,-0.5241293450197155
2023-09-23 00:00:00,19.42,19.57,19.42,19.55,47899.53,5.987e-05,1.4235700575546832,0.06076932350282437
2023-09-23 08:00:00,19.52,19.54,19.5,19.51,12568.2,0.0001,0.053963979890982845,-0.26558669137084684
2023-09-23 16:00:00,19.31,19.34,19.29,19.33,5407.51,5.94e-05,-0.27689974419195196,-0.8433400971300301
2023-09-24 00:00:00,19.48,19.52,19.47,19.52,21816.1,8.557e-05,-0.7483976773741462,-0.6785827105787368
2023-09-24 08:00:00,19.62,19.65,19.61,19.64,8820.68,8.1e-06,0.8567906326051165,-0.8498627650298054
2023-09-24 16:00:00,19.53,19.55,19.51,19.53,9823.96,6.559e-05,0.17667414919071564,-0.43771025439881905
2023-09-25 00:00:00,19.36,19.38,19.27,19.32,28765.25,1.511e-05,-1.2354579752394048,1.7299928165354783
2023-09-25 08:00:00,19.49,19.51,19.47,19.49,22408.09,-3.233e-05,1.7212812109970064,0.7527955425602738
2023-09-25 16:00:00,19.58,19.68,19.58,19.66,50479.72,2.778e-05,0.7323422761262823,7.384847341760205
2023-09-26 00:00:00,19.39,19.41,19.36,19.39,7943.74,1.913e-05,-1.6914347599445871,1.6302798345275056
2023-09-26 08:00:00,19.33,19.35,19.31,19.33,7293.44,-6.278e-05,-0.8602725358137532,1.1344437412644637
2023-09-26 16:00:00,19.16,19.21,19.15,19.2,10360.02,1.89e-05,0.8687833554440785,1.6685313144395617
2023-09-27 00:00:00,19.03,19.1,19.01,19.09,21625.7,7.51e-05,1.7243932216854287,-0.49525115031905836
2023-09-27 16:00:00,18.94,18.98,18.9,18.94,20929.5,2.165e-05,-0.11970723363041437,0.017781636333372385
2023-09-28 00:00:00,19.13,19.23,19.1,19.22,24245.07,-0.00025005,-0.4578889335474674,-0.599514683797289
2023-09-28 08:00:00,19.22,19.24,19.18,19.19,30312.38,4.959e-05,-0.979498687969055,0.04163121841947487
2023-09-28 16:00:00,19.6,19.7,19.56,19.57,114810.55,0.0001,-1.3934215797343685,13.571367842782244
2023-09-29 00:00:00,19.97,19.98,19.92,19.98,56485.45,-8.879e-05,-1.0376401493189567,-0.004583715929416898
2023-09-29 08:00:00,20.27,20.29,20.22,20.28,24655.58,3.522e-05,-0.7373813242342648,0.05905108980409691
2023-09-29 16:00:00,20.33,20.35,20.24,20.26,23149.51,-8.995e-05,0.0004667033283360362,0.029143330330241905
2023-09-30 00:00:00,20.28,20.32,20.24,20.32,15333.68,-9.192e-05,0.12099890920949048,-0.7019169867049916
2023-09-30 08:00:00,20.32,20.35,20.28,20.35,18695.57,-0.00013968,0.3075501227283018,-0.17961391932594997
2023-09-30 16:00:00,21.44,21.81,21.39,21.64,185215.17,-0.00033235,0.16993468766142555,-0.9170151394701641
2023-10-01 00:00:00,21.37,21.41,21.3,21.39,34115.87,-0.00015019,-0.02622196367414306,-0.5259661174311177
2023-10-01 08:00:00,21.37,21.42,21.36,21.39,35499.33,-0.00024577,-0.058857852304915276,-0.4410751731339176
2023-10-01 16:00:00,23.09,23.09,22.92,22.99,48468.02,4.55e-05,-0.6603124573048774,-0.5480676807408659
2023-10-02 00:00:00,23.88,24.01,23.73,23.79,109721.86,0.0001,2.1779039684505026,13.744426216518091
2023-10-02 08:00:00,24.33,24.47,24.21,24.41,49627.64,-5.358e-05,0.33337771915639974,4.6731626704486215
2023-10-02 16:00:00,24.05,24.29,23.92,24.1,193159.46,7.399e-05,-0.6013825289060793,6.661733134694134
2023-10-03 00:00:00,23.38,23.48,23.33,23.35,32470.65,0.0001,1.4043756781211376,4.167788812811885
2023-10-03 08:00:00,23.82,23.97,23.81,23.95,27139.45,-9.329e-05,0.2664642908340065,0.27348179553307334
2023-10-03 16:00:00,23.99,24.23,23.93,24.15,73380.16,-0.00016715,0.5563014877125309,2.1494555176105097
2023-10-04 00:00:00,23.61,23.66,23.42,23.52,38206.79,-0.00020449,1.6444954253865187,-0.6488841313920842
2023-10-04 08:00:00,23.16,23.31,23.1,23.27,38990.92,-0.00014362,1.4088294548406615,-0.8358024961022683
2023-10-04 16:00:00,22.69,22.81,22.58,22.78,67765.4,1.008e-05,-1.3883242358931496,-0.8599807242603242
2023-10-05 00:00:00,23.13,23.15,23.04,23.09,21627.49,-0.00019583,-1.4206773665908115,-0.48160361508341915
2023-10-05 08:00:00,23.0,23.04,22.92,22.92,12276.02,-0.00010441,-1.3456928615000396,-0.41039687396014424
2023-10-06 00:00:00,22.7,22.82,22.66,22.81,32770.12,-0.00014401,-0.5791809396022936,-0.24034814045606265
2023-10-06 08:00:00,23.34,23.4,23.32,23.37,21964.38,-1.702e-05,0.18648735906376854,-0.332997123071319
2023-10-06 16:00:00,23.51,23.7,23.48,23.51,115000.52,6.028e-05,-0.9570952139572174,7.373345750240692
2023-10-07 00:00:00,23.41,23.58,23.34,23.54,54128.65,1.517e-05,0.3694869732136084,-0.06088380768858098
2023-10-07 08:00:00,23.52,23.55,23.43,23.54,23036.75,-3.624e-05,0.6083277842609093,-0.551680998629654
2023-10-07 16:00:00,23.34,23.39,23.3,23.34,29853.88,-0.00013829,0.3869847554241571,0.08603332608566733
2023-10-08 00:00:00,23.29,23.35,23.26,23.29,19981.91,-7.284e-05,-0.048103458693418547,-0.7702205234256325
2023-10-08 16:00:00,23.49,23.56,23.44,23.45,46153.04,-2.324e-05,1.3594682636974098,-0.2789935385916489
2023-10-09 00:00:00,23.21,23.24,23.16,23.17,20339.22,-2.043e-05,1.1729193422636042,-0.9008958244761456
2023-10-09 08:00:00,22.99,23.01,22.95,22.99,13732.6,-0.00010232,0.8667743519231189,0.4421264687331343
2023-10-09 16:00:00,22.21,22.22,22.06,22.14,95302.49,-8.685e-05,1.7839442101191276,6.764941839536707
2023-10-10 00:00:00,22.09,22.17,22.04,22.1,21079.22,-0.00026515,1.2092444438191028,1.1118894620351174
2023-10-10 08:00:00,22.32,22.43,22.32,22.42,52316.48,-0.00011672,-0.3390320522112898,1.3642158894925842
2023-10-10 16:00:00,21.97,21.99,21.9,21.96,40100.31,-4.739e-05,0.49516467061162794,0.3836136164972708
2023-10-11 00:00:00,22.11,22.17,22.09,22.15,12411.5,-8.746e-05,0.9346078690411208,0.769236642885788
2023-10-11 08:00:00,22.01,22.08,21.99,22.08,13287.98,-1.27e-05,1.6086690453508707,-0.28111079627034397
2023-10-11 16:00:00,21.99,22.03,21.87,22.0,53917.38,-0.00010217,0.6658744126630641,0.5309676017831331
2023-10-12 00:00:00,22.01,22.05,21.95,21.97,16107.38,-5.206e-05,1.7021900288580818,0.40104467438960284
2023-10-12 08:00:00,21.64,21.66,21.52,21.54,77006.27,5.051e-05,-1.1992710203140784,0.2035541289248069
2023-10-12 16:00:00,21.28,21.31,21.2,21.24,23508.34,-4.469e-05,0.645046456700955,-0.23436812964010018
2023-10-13 00:00:00,21.29,21.33,21.25,21.31,19158.52,-4.739e-05,-1.2616617814372142,0.251253191729703
2023-10-13 08:00:00,21.4,21.47,21.39,21.43,21460.23,-7.419e-05,-1.24648723884081,0.1272682949656274
2023-10-13 16:00:00,21.42,21.49,21.41,21.49,18127.29,-7.301e-05,-0.9650280356040254,-0.8701171689775258
2023-10-14 00:00:00,21.85,21.87,21.8,21.87,12522.27,-0.00015669,-1.4275035884141976,-0.511967359820058
2023-10-14 08:00:00,22.06,22.31,22.06,22.16,124619.54,-0.0003452,-0.7543496578476855,-0.522530866253088
2023-10-14 16:00:00,22.08,22.1,22.0,22.06,18560.75,-4.015e-05,-0.605141835512472,-0.015111379653406783
2023-10-15 00:00:00,22.0,22.0,21.95,21.96,4389.94,-7.073e-05,-1.5041408931259546,-0.7608002297777423
2023-10-15 08:00:00,21.93,21.97,21.89,21.9,14844.27,-1.29e-06,0.2898423889102136,-0.5589540095917909
2023-10-15 16:00:00,21.74,21.77,21.71,21.74,12290.34,2.222e-05,-0.2666430539728481,-0.3849486364963925
2023-10-16 00:00:00,21.93,22.01,21.89,21.97,13732.36,-0.00010829,-0.7985797236947741,0.9578496996369367
2023-10-16 08:00:00,22.82,23.07,22.82,22.83,107850.46,-6.321e-05,-0.8852756408699197,5.344935966987519
2023-10-16 16:00:00,23.15,23.27,23.15,23.22,31368.3,-0.00013087,2.6616034298429816,1.4994926219050762
2023-10-17 00:00:00,23.95,24.06,23.88,23.92,40133.92,8.45e-06,-0.645849738136354,7.713405783632317
2023-10-17 08:00:00,24.08,24.23,24.06,24.15,78440.01,-0.00014135,-0.17722019597083186,8.258478036630551
2023-10-17 16:00:00,23.89,24.0,23.88,23.99,164989.14,2.264e-05,-1.2623082169687907,1.4528546261815498
2023-10-18 00:00:00,23.94,24.0,23.83,23.83,26007.83,7.478e-05,-1.370823651829081,-0.4698244670197319
2023-10-18 08:00:00,23.89,23.94,23.86,23.89,37424.17,-2.937e-05,-0.6504765093838013,-0.4440712090142886
2023-10-18 16:00:00,23.68,23.79,23.65,23.76,16623.1,9.438e-05,0.1951365826169279,0.14284747977494033
2023-10-19 00:00:00,23.41,23.49,23.38,23.45,24752.61,1.267e-05,-0.597103702352625,-0.7530617482326137
2023-10-19 16:00:00,24.77,24.99,24.74,24.88,126135.13,-0.00018428,-2.287854539814699,-0.029138132457632603
2023-10-20 00:00:00,24.92,25.16,24.9,25.04,67155.32,-1.42e-05,-1.5252001343377137,0.3386580934039267
2023-10-20 16:00:00,26.89,26.92,26.71,26.72,59126.22,-6.18e-06,0.6926939333936181,0.619097470876161
2023-10-21 00:00:00,27.02,27.13,26.91,26.97,95536.75,-8.888e-05,-0.07650649327100646,-0.2733947813921332
2023-10-21 08:00:00,28.08,28.13,27.84,27.93,96428.01,-9.934e-05,1.3129050447216084,-0.8333890246908818
2023-10-21 16:00:00,29.04,29.23,28.87,29.0,110080.23,6.969e-05,1.3863396243531703,1.5132164075066858
2023-10-22 00:00:00,29.33,29.54,29.21,29.54,76658.83,-9.897e-05,0.7117309541193056,-0.6907156212369286
2023-10-22 08:00:00,28.81,29.05,28.75,28.88,158835.25,-4.073e-05,0.6235591179076871,-0.30261585319476403
2023-10-22 16:00:00,28.42,28.53,28.39,28.48,31588.02,5.08e-05,0.6195566231796303,-0.4887752819093875
2023-10-23 00:00:00,29.06,29.18,28.92,29.18,47482.52,2.37e-06,1.3249323365827217,0.3165025168118057
2023-10-24 00:00:00,31.88,32.08,31.42,31.65,309937.44,0.0001,1.364753602135445,9.42538555894379
2023-10-24 08:00:00,31.25,31.44,31.17,31.43,78057.65,0.0001,1.145476725992927,2.5900776241358217
2023-10-24 16:00:00,30.89,30.99,30.28,30.97,324106.49,0.0001,1.0657229935623378,7.478576442410638
2023-10-25 00:00:00,30.18,30.3,30.0,30.02,66460.26,0.0001,1.1042931595275207,0.8660480684098387
2023-10-25 08:00:00,30.97,31.19,30.79,30.84,123963.65,0.0001,0.9341494656522719,1.4104761520829197
2023-10-26 08:00:00,32.82,32.98,32.42,32.52,71795.1,0.0001,0.8487169881529157,0.9746817875207909
2023-10-26 16:00:00,31.31,31.4,31.03,31.07,90988.6,4.969e-05,0.7146929453345737,-0.6176958073225574
2023-10-27 00:00:00,32.78,32.86,32.51,32.63,51043.86,0.0001,0.6058878371308026,-0.7884703725114531
2023-10-27 08:00:00,32.34,32.46,32.27,32.38,27667.9,0.0001,0.4840309864801134,-0.8569248345187513
2023-10-27 16:00:00,32.21,32.49,32.05,32.33,128183.27,0.0001,0.35876526054727953,-0.5849283947609115
2023-10-28 00:00:00,31.73,31.88,31.65,31.84,32538.15,0.0001,0.2886751345883055,-0.7211046074745179
2023-10-28 16:00:00,32.03,32.1,31.83,31.85,50551.11,0.0001,0.0,-0.6702738545618201
2023-10-29 00:00:00,31.62,31.65,31.5,31.63,34723.41,0.0001,0.0,-0.6275668009390966
2023-10-29 08:00:00,32.29,32.37,32.28,32.32,71517.29,0.0001,0.0,-0.49263822543525165
2023-10-29 16:00:00,32.63,32.94,32.56,32.82,132614.61,0.0001,0.0,-0.3515745699179439
2023-10-30 00:00:00,32.83,33.01,32.83,32.85,28858.1,0.0001,0.0,0.07504615136893504
2023-10-30 08:00:00,32.55,32.9,32.48,32.86,63116.69,9.376e-05,0.0,0.997626961529666
2023-10-30 16:00:00,35.04,35.05,34.88,34.94,58827.84,0.0001,0.0,1.0791104815139616
2023-10-31 08:00:00,35.72,36.0,35.59,36.0,129254.59,0.0001,0.0,4.231632235305165
2023-10-31 16:00:00,36.1,36.3,35.99,36.06,71302.85,4.712e-05,0.0,0.8789138340824145
2023-11-01 00:00:00,38.41,38.58,38.13,38.18,156371.53,5.676e-05,0.0,1.4907466887076208
2023-11-01 08:00:00,38.46,38.46,38.06,38.22,135773.15,-4.06e-05,0.0,0.2936157030129541
2023-11-01 16:00:00,40.67,40.89,40.39,40.88,164721.22,-0.00041129,0.0,0.5975874039966612
2023-11-02 08:00:00,43.12,43.18,42.53,42.84,149788.54,0.0001,0.0,0.7218366671802596
2023-11-02 16:00:00,40.03,40.88,39.8,40.76,350762.77,0.0001,0.0,-0.3932200289311948
2023-11-03 00:00:00,40.24,40.26,39.0,39.58,245090.12,0.0001,0.0,0.5555619193732032
2023-11-03 08:00:00,39.02,39.68,38.85,39.65,197848.94,0.0001,0.0,0.20030760624829577
2023-11-03 16:00:00,39.81,40.06,39.59,39.82,117811.44,0.0001,0.0,0.9051306500775559
2023-11-04 00:00:00,39.45,39.69,39.28,39.35,157752.05,0.0001,0.0,-0.41108076122865883
2023-11-04 08:00:00,41.72,42.05,41.38,42.01,127534.91,0.0001,0.0,-0.6514346243423903
2023-11-04 16:00:00,41.28,41.51,41.12,41.19,68305.82,0.0001,0.0,-0.7546263847761412
2023-11-05 00:00:00,42.41,42.57,41.8,41.95,79594.32,0.0001,0.0,0.2667600931432388
2023-11-05 08:00:00,41.56,41.72,41.5,41.69,28727.21,0.0001,0.0,-0.6199696149732472
2023-11-05 16:00:00,40.72,40.97,40.63,40.86,25654.59,0.0001,0.0,-0.6850878705854158
2023-11-06 00:00:00,41.16,41.2,40.88,40.93,46192.0,0.0001,0.0,1.0746699081781257
2023-11-06 16:00:00,40.23,40.39,40.13,40.15,49782.34,0.00015286,0.0,-0.18999913256120982
2023-11-07 08:00:00,41.56,41.75,41.44,41.69,56731.92,0.0001,0.0,0.6275556230107042
2023-11-07 16:00:00,41.21,41.45,41.02,41.41,94739.34,0.00020579,0.0,-0.5043723232680519
2023-11-08 00:00:00,42.93,43.15,42.79,43.04,70209.15,0.00017143,0.0,0.23148510343417572
2023-11-08 08:00:00,43.47,43.64,43.34,43.64,29034.4,0.0001,0.0,1.2166692624832367
2023-11-08 16:00:00,42.77,42.78,42.58,42.7,64245.97,0.0001,0.0,-0.4342799066862205
2023-11-09 00:00:00,43.12,43.2,42.9,43.2,69606.45,0.0001,0.0,2.7399240363707693
2023-11-09 08:00:00,43.9,44.35,43.88,44.29,54550.32,0.0001,0.0,0.9823346452024656
2023-11-09 16:00:00,46.4,46.8,41.36,44.35,624664.69,0.00028089,3.1754264805408114,17.588750403967243
2023-11-10 00:00:00,45.3,45.95,45.05,45.94,129125.29,0.0001,-0.2886751345946184,0.6029650156487044
2023-11-10 08:00:00,47.54,47.7,46.7,46.78,111148.49,0.00015368,0.24428186445183922,0.2260414416705347
2023-11-10 16:00:00,50.88,51.34,50.77,51.21,154886.59,0.00011529,-0.3374980944975311,4.335029826529871
2023-11-11 00:00:00,56.67,57.45,56.55,57.37,215547.25,0.0001,-0.3374980944975311,-0.5480333632054077
2023-11-11 08:00:00,54.27,54.49,53.85,54.12,99175.17,0.0001,1.544269871476445,-0.47422848849076177
2023-11-11 16:00:00,60.89,62.37,60.89,62.28,192812.42,0.00030654,0.812172108332141,-0.9412935053092741
2023-11-12 00:00:00,56.36,57.91,56.15,57.59,250547.41,0.00051279,0.8880721446406291,-0.15012377438361788
2023-11-12 08:00:00,61.09,61.45,59.54,59.97,218857.43,0.00017231,2.168208626218599,-0.3392757119198934
2023-11-13 00:00:00,56.27,56.53,55.75,56.32,80616.62,0.00050694,2.4418912811704687,-0.7641651769491847
2023-11-13 08:00:00,58.23,58.41,58.01,58.22,43934.63,0.00033025,-0.6540556671792672,-0.45678756338047016
2023-11-13 16:00:00,55.63,56.08,55.5,56.0,112520.68,0.0001,0.6094377577258115,0.9712584163968414
2023-11-14 00:00:00,51.6,53.17,51.12,52.56,236657.26,0.00047225,0.1906881632496919,1.62104402708811
2023-11-14 08:00:00,55.16,55.48,55.05,55.39,73641.47,0.0001,-0.0388623883877332,-0.2490815864828598
2023-11-15 00:00:00,56.81,57.42,56.34,57.21,117933.26,0.00012356,-0.9778280564788591,-0.34193769090291287
2023-11-15 08:00:00,59.17,59.47,59.08,59.19,80730.76,0.00010903,-0.9778280564788591,0.7003388806215223
2023-11-15 16:00:00,62.43,63.27,61.56,61.64,263086.96,0.00026624,-0.9778280564788591,3.5201910806718955
2023-11-16 00:00:00,65.43,65.9,64.7,65.17,130239.43,0.00031874,-0.8612387927361289,0.40865414727469057
2023-11-16 08:00:00,65.67,66.11,65.28,65.41,128636.44,0.00014572,-0.11304207073810185,-0.5366360481432875
2023-11-17 00:00:00,57.81,58.73,57.63,58.5,171278.16,0.0001,-0.7787870882781059,0.17961416218179027
2023-11-18 00:00:00,58.52,58.62,58.01,58.12,82033.34,0.0001,-0.6491569383915322,1.1503751461732867
2023-11-18 08:00:00,56.36,56.5,56.09,56.22,56613.4,0.0001,-0.6706615971437799,-0.7036822209406548
2023-11-18 16:00:00,58.01,59.0,58.01,58.81,251244.3,0.0001,-0.6434462479268285,-0.3477484691600191
2023-11-19 00:00:00,58.56,58.57,57.75,57.9,66897.26,0.0001,-0.5455659283966958,-0.7712968106586221
2023-11-19 08:00:00,60.44,61.17,60.23,61.08,139357.0,0.0001,-0.4255703586557339,-0.6378049131130987
2023-11-19 16:00:00,59.98,60.43,59.9,60.19,46641.67,0.0001,-0.2886751345940836,-0.45264524821782165
2023-11-20 00:00:00,61.1,61.2,60.58,60.68,113422.72,0.0001,-0.2886751345940818,0.16306959617347497
2023-11-20 08:00:00,59.89,59.93,59.58,59.6,48634.32,0.0001,-0.2886751345940836,0.643316683977669
2023-11-20 16:00:00,59.01,59.41,58.9,58.95,80063.67,0.0001,-0.2886751345940836,1.1625238394694928
2023-11-21 00:00:00,56.57,57.05,56.22,57.04,92769.73,0.0001,-0.2886751345940836,0.20978834566525273
2023-11-21 08:00:00,55.39,55.81,55.36,55.68,75710.3,0.0001,0.0,0.6571608205542012
2023-11-21 16:00:00,55.11,55.98,54.41,55.93,217820.81,0.0001,0.0,4.118450090133042
2023-11-22 00:00:00,51.65,52.96,51.43,52.96,266512.77,0.0001,0.0,2.1231397195899273
2023-11-22 08:00:00,54.68,54.97,54.62,54.84,50014.42,0.0001,0.0,-0.08911092553894803
2023-11-22 16:00:00,54.94,55.4,54.78,55.17,92358.91,0.0001,0.0,-0.6623340281562686
2023-11-23 00:00:00,57.55,58.04,57.42,57.81,101293.31,0.0001,0.0,1.6222019307581121
2023-11-23 08:00:00,57.81,58.08,57.75,57.99,43270.86,0.0001,0.0,0.3801579320192503
2023-11-24 00:00:00,56.52,56.58,56.2,56.33,58112.09,0.0001,0.0,-0.8870583934069768
2023-11-24 08:00:00,57.34,57.45,57.08,57.11,34000.38,0.0001,0.0,-0.8004868716820508
2023-11-24 16:00:00,58.13,58.4,58.12,58.36,56587.67,0.0001,0.0,3.3722107823609924
2023-11-25 00:00:00,56.86,56.87,55.7,56.46,210171.15,0.0001,0.0,-0.522790682935156
2023-11-25 08:00:00,58.59,58.83,58.58,58.78,17488.89,0.0001,0.0,-0.7400318554422743
2023-11-25 16:00:00,58.55,58.84,58.52,58.74,41638.82,0.0001,0.0,-0.4887924976893037
2023-11-26 00:00:00,58.81,59.04,58.62,58.68,38778.81,0.0001,0.0,-0.03943066667094098
2023-11-26 08:00:00,58.4,58.44,58.23,58.28,29055.76,0.0001,0.0,-0.6499173167553797
2023-11-26 16:00:00,57.09,57.3,57.0,57.08,28700.86,0.0001,0.0,-0.7522271210276221
2023-11-27 00:00:00,57.57,57.58,57.32,57.38,30737.45,0.0001,0.0,0.07852486782925311
2023-11-27 16:00:00,53.94,54.43,53.84,54.35,127026.36,0.0001,0.0,3.2535918214751183
2023-11-28 00:00:00,55.06,55.08,54.75,54.77,54420.14,0.0001,0.0,0.585344081144921
2023-11-28 08:00:00,55.08,55.15,54.88,54.9,36233.39,0.0001,0.0,0.6440283844108287
2023-11-28 16:00:00,56.05,56.29,55.97,56.08,79454.43,0.0001,0.0,6.544091573039674
2023-11-29 08:00:00,59.37,59.9,59.36,59.62,150278.79,0.0001,0.0,0.18987531555845064
2023-11-29 16:00:00,60.06,60.33,59.76,59.86,110475.25,0.0001,0.0,1.426513999916543
2023-11-30 00:00:00,59.31,59.4,59.0,59.16,46470.98,0.0001,0.0,-0.5871980766802217
2023-11-30 08:00:00,60.01,60.12,59.77,59.89,32465.95,0.0001,0.0,0.32343869954608273
2023-11-30 16:00:00,59.6,59.62,59.23,59.6,51093.24,0.0001,0.0,0.793430130531984
2023-12-01 00:00:00,59.3,59.4,59.0,59.04,54317.8,0.0001,0.0,-0.6529925740158815
2023-12-01 08:00:00,60.87,61.12,60.86,61.0,40737.14,0.0001,0.0,0.5278100659805123
2023-12-01 16:00:00,60.13,60.24,60.01,60.11,62131.94,0.0001,0.0,0.0780854819556192
2023-12-02 00:00:00,59.74,59.83,59.67,59.75,40718.71,0.0001,-3.175426392975245,0.35851167829374353
2023-12-02 08:00:00,62.01,62.13,61.94,61.99,45662.59,0.00030174,-3.174995656404982,-0.2746262304816781
2023-12-02 16:00:00,61.88,62.06,61.86,61.94,17758.66,0.0001,-1.158390811374511,-0.6358789361616254
2023-12-03 00:00:00,63.66,64.04,63.51,63.84,122952.37,0.0001,0.405061726826612,-0.3497900592252599
2023-12-03 08:00:00,63.95,64.12,63.85,64.01,29342.25,0.00020381,0.405061726826612,-0.7639581342205449
2023-12-03 16:00:00,62.99,63.02,62.5,62.63,97237.82,0.00018264,0.40506172682661057,0.26225649805133333
2023-12-04 00:00:00,62.99,63.57,62.92,63.4,64978.77,0.0001,0.40506172682661057,1.3580884594547502
2023-12-04 08:00:00,63.69,64.03,63.69,64.02,66505.74,0.00053853,0.40506172682661057,1.9423976732066048
2023-12-04 16:00:00,60.53,60.63,60.4,60.45,92197.01,0.0001,0.405061726826612,5.578637042943889
2023-12-05 00:00:00,61.63,61.67,61.02,61.27,69030.58,0.0001,0.405061726826612,2.692580514729015
2023-12-05 08:00:00,59.69,60.0,59.62,59.92,47226.22,0.0001,0.40506172682661057,3.115867461683902
2023-12-05 16:00:00,60.95,61.0,60.38,60.8,109482.26,0.0001,0.40506172682661057,-0.09763646389659625
2023-12-06 00:00:00,61.04,62.4,61.03,62.37,211772.46,0.00025226,0.3998650214371928,0.06701633893757003
2023-12-06 08:00:00,63.35,63.96,63.31,63.75,90626.66,0.00045867,0.2886751345854387,-0.10929256983281324
2023-12-06 16:00:00,62.61,62.91,62.48,62.64,65362.89,0.00011861,0.0,-0.22797886613181656
2023-12-07 00:00:00,61.85,62.08,61.64,62.01,83175.53,0.0001,0.0,-0.5883132221518802
2023-12-07 08:00:00,63.36,63.82,63.29,63.31,49288.73,0.0001,0.0,2.1280347822372323
2023-12-07 16:00:00,65.81,65.97,65.06,65.23,220481.39,0.00036868,0.0,0.041788657696895416
2023-12-08 00:00:00,67.74,68.89,67.74,68.52,183411.98,0.00061268,0.0,-0.42700448542314257
2023-12-08 08:00:00,71.38,72.21,71.25,72.11,110388.9,0.00024053,3.1754264805417343,0.7964401598935498
2023-12-08 16:00:00,72.02,72.59,72.02,72.58,119358.56,0.0002033,1.7903923181743162,0.3962695141509979
2023-12-09 00:00:00,74.93,75.53,74.66,75.08,165117.3,0.00032215,-0.12690015456905923,0.6600703152140871
2023-12-09 08:00:00,76.96,77.39,76.85,77.13,94616.27,0.000394,2.3844372535447294,-0.7890366650249281
2023-12-09 16:00:00,75.57,75.84,75.16,75.22,64220.66,0.0001,0.4138395824896651,-0.6916946543365367
2023-12-10 00:00:00,72.31,72.92,72.3,72.61,110799.68,0.00025874,0.7910806643965835,-0.1896367266903566
2023-12-10 08:00:00,72.48,72.75,72.27,72.35,58245.34,0.00037686,0.6226596189113413,-0.7531463475535245
2023-12-10 16:00:00,73.72,74.1,73.71,73.88,89519.78,0.00020175,0.9639219131620519,-0.8278378013822433
2023-12-11 00:00:00,74.88,75.0,74.04,74.3,80576.92,0.00027221,-0.44952957580630376,-0.5077395519374891
2023-12-11 08:00:00,68.5,68.77,67.87,68.29,139189.74,0.0001,-1.1706062671378226,0.8886365056556026
2023-12-11 16:00:00,69.26,69.3,68.21,68.73,162035.52,0.0001,-1.1706062671378226,5.266150851232501
2023-12-12 00:00:00,70.24,71.57,70.23,71.44,183479.82,0.00023316,-1.1706062671378217,0.6595618216383978
2023-12-12 08:00:00,71.76,71.91,71.35,71.56,117870.48,0.00011574,-0.9885338550597631,1.5280865374273203
2023-12-12 16:00:00,68.45,68.78,68.0,68.15,174940.58,0.00011972,-0.8421700182927042,5.5837904193747265
2023-12-13 00:00:00,68.6,68.75,68.22,68.58,100909.94,0.0001,-0.5678014386963284,0.7108360382196872
2023-12-13 08:00:00,64.9,65.82,64.79,65.65,107424.55,0.0001,-0.7586685625091218,-0.5356099234326183
2023-12-14 00:00:00,70.62,71.05,70.5,70.73,50167.09,0.0001,-0.6709950763208952,-0.6725148541948134
2023-12-14 08:00:00,71.52,71.8,71.06,71.76,72723.8,0.0001,-0.5469774708176509,-0.623268109141488
2023-12-14 16:00:00,71.65,73.92,71.64,73.26,279570.47,0.0001,-0.42214168597941215,0.07380396110456627
2023-12-15 00:00:00,75.68,75.85,75.28,75.36,85375.49,0.00016198,-0.3990427409284045,-0.7466286741456707
2023-12-15 08:00:00,76.63,76.83,76.16,76.53,95332.85,0.0001688,-0.3144688271574531,-0.2183340668638662
2023-12-15 16:00:00,76.06,76.35,74.39,74.81,150390.66,0.00032874,-0.3144688271574531,0.5844672402402468
2023-12-16 00:00:00,72.51,73.92,72.35,73.37,215120.98,0.0001,-0.3144688271574531,-0.45303807258220635
2023-12-16 08:00:00,74.39,74.83,74.26,74.45,54284.96,0.0001,-0.3144688271574531,0.57389572578781
2023-12-17 00:00:00,73.71,74.06,73.67,73.91,37355.45,0.0001,-0.31446882715745555,-0.7695268753443403
2023-12-17 08:00:00,72.38,72.53,72.04,72.1,58697.0,0.0001,-0.3144688271574531,1.6523597933957441
2023-12-17 16:00:00,72.68,72.77,72.25,72.59,38028.59,0.0001,-0.28867513383714594,-0.3810682695742572
2023-12-18 00:00:00,70.85,71.39,70.7,71.27,63886.55,0.0001,3.175426480523633,0.99112649032221
2023-12-18 16:00:00,70.73,71.17,70.41,71.14,58954.02,0.0001,2.6870833127690377,1.0773925493822731
2023-12-19 00:00:00,74.41,74.59,73.83,74.2,84546.07,0.0001,-0.4127812250674552,1.9318135837746706
2023-12-19 08:00:00,75.71,76.05,75.46,75.95,53010.94,0.0001,-0.4127812250674567,2.4068485029933817
2023-12-19 16:00:00,73.68,74.23,73.52,74.21,56803.68,0.0001033,-0.4127812250674567,-0.36667893217451797
2023-12-20 00:00:00,73.0,73.53,72.96,73.28,52738.35,0.0001,-0.15767570057708435,0.4036281074500355
2023-12-20 08:00:00,76.07,76.5,75.5,75.6,166883.07,0.00028564,-0.43926595172533667,-0.45508682859548816
2023-12-20 16:00:00,80.68,81.1,80.16,80.36,166693.68,0.00018812,2.859876782200174,0.6777648903332748
2023-12-21 00:00:00,82.22,82.45,81.38,81.61,85111.07,0.0001,2.322199938709685,-0.7438296154262628
2023-12-21 08:00:00,86.84,87.35,86.52,87.2,171996.52,0.0001,1.9350608251180417,-0.35631173069210575
2023-12-21 16:00:00,87.5,89.42,87.48,88.55,239569.91,0.0001,1.5147793515579562,0.16139644547698795
2023-12-22 00:00:00,93.86,94.54,93.13,93.21,122990.54,0.00031152,1.4149826028606662,-0.3947047581448093
2023-12-22 08:00:00,93.78,95.23,93.61,95.09,237046.86,0.00036827,1.0768782867963642,0.06296450221677014
2023-12-22 16:00:00,96.31,96.73,95.5,95.6,128309.84,0.00012814,-0.19685462051843172,-0.7283562643117215
2023-12-23 00:00:00,97.91,98.22,97.31,97.77,51232.08,0.0001,-0.46348483872458324,0.05852665540053795
2023-12-23 16:00:00,96.77,97.01,96.12,96.26,43318.51,0.0001,-0.6845276685790644,-0.5594756761835162
2023-12-24 00:00:00,107.88,109.8,107.72,109.02,150194.11,0.00034505,-1.2925966093157892,-0.5335129558453636
2023-12-24 08:00:00,114.5,114.67,113.66,114.04,82452.44,0.00025777,-0.10880670000033973,0.04919560381016969
2023-12-24 16:00:00,113.56,114.58,113.46,113.98,93998.83,0.00012453,-0.3976986122551274,-0.21075586819718078
2023-12-25 00:00:00,112.45,113.07,112.2,112.38,75883.95,0.0001913,-1.4727056100815483,0.593430343138314
2023-12-25 08:00:00,112.94,113.37,112.59,113.29,57750.17,0.00018571,-1.2229655564968915,-0.3963491482184725
2023-12-25 16:00:00,123.15,124.25,122.0,124.0,279594.75,0.00063964,1.8644084411512445,2.4546378571123384
2023-12-26 00:00:00,120.91,121.36,120.11,120.53,89206.22,0.00029627,1.9270640468373739,-0.049705041810183814
2023-12-26 08:00:00,113.41,113.85,112.15,112.24,117578.74,0.00012594,0.23413094353843458,1.6332277851376795
2023-12-26 16:00:00,110.52,111.2,109.81,110.95,220906.1,0.00014423,0.7685904104454409,0.5902662636039289
2023-12-27 00:00:00,112.48,113.6,112.41,112.53,151215.87,0.0001,0.5119650323908717,-0.3810572897890718
2023-12-27 08:00:00,111.37,111.55,110.93,111.39,59970.1,0.00041146,1.2083393277164103,0.6602038175279706
2023-12-27 16:00:00,107.79,108.17,106.52,107.22,109748.41,0.00067699,0.6092322380840275,-0.1472493752739131
2023-12-28 00:00:00,106.92,108.49,106.46,107.95,119754.3,0.00053993,-1.1099326306467556,1.5173914493352825
2023-12-28 08:00:00,105.84,105.86,104.82,105.14,86228.29,0.00086297,0.9387401860393658,-0.3905348816471832
2023-12-28 16:00:00,99.7,100.42,98.91,99.93,126471.62,0.00084399,1.5710108265253524,0.18642672988687223
2023-12-29 08:00:00,105.13,106.44,104.98,106.43,131331.86,0.00040365,1.3332382177312943,0.7563329316521306
2023-12-29 16:00:00,105.98,107.96,104.96,105.78,219927.3,0.00044869,0.9984423474521688,2.232424432207783
2023-12-30 08:00:00,103.45,103.47,102.74,102.98,72690.34,0.00024082,0.6323842394190754,-0.4147605824126097
2023-12-30 16:00:00,104.27,104.5,103.58,104.23,87144.6,0.00030813,0.17399322117452792,0.38465404043916884
2023-12-31 00:00:00,101.9,102.52,101.75,101.96,27401.47,0.00034362,-0.7691551351799029,-0.3147254100076356
2023-12-31 16:00:00,102.49,103.18,102.3,103.01,31231.66,0.00041035,-0.27682573391949966,-0.740494994645923
2024-01-01 00:00:00,101.72,102.79,101.56,102.36,72512.92,0.0002241,0.002681911976072838,0.043481260155377933
2024-01-01 08:00:00,102.49,102.98,102.37,102.76,21469.72,0.00032989,-0.8627182542039662,-0.8319169789665033
2024-01-01 16:00:00,105.99,108.39,105.83,107.86,160603.39,0.00051477,-0.2795620543993659,0.2317889006318792
2024-01-02 00:00:00,109.93,109.96,108.79,109.06,145127.96,0.00057513,2.260511911989338,1.8708262314130797
2024-01-02 08:00:00,114.47,114.77,113.67,114.35,120767.69,0.00046798,-0.5043886872130569,2.010745206161262
2024-01-02 16:00:00,109.62,110.15,108.64,108.9,71013.42,0.00096801,1.1097056441480384,2.4038352083732737
2024-01-03 00:00:00,106.72,108.0,106.57,107.97,86869.21,0.00032289,-1.4168951225597266,-0.09797493609263727
2024-01-03 08:00:00,107.8,108.28,107.24,108.18,68686.51,0.00013468,-1.4131639682119579,2.6051327840583607
2024-01-03 16:00:00,102.03,103.3,100.2,100.9,425335.09,0.0001,-1.5396332782925346,10.11094739232169
2024-01-04 00:00:00,98.52,100.1,98.14,100.03,120794.68,0.0001,-1.275513798943061,-0.6416288074168647
2024-01-04 08:00:00,98.89,99.26,98.74,98.83,49804.27,0.0001,-1.1123627993259984,-0.18734294407299956
2024-01-04 16:00:00,103.66,104.03,102.06,102.63,190542.04,0.0001,-0.9566025680011936,0.6420493635239137
2024-01-05 08:00:00,101.16,101.81,101.15,101.79,31063.24,0.0001,-0.8160956177478882,-0.4496457985406687
2024-01-05 16:00:00,98.03,98.37,97.02,97.96,72461.1,0.0001,-0.7207463473202479,-0.10479709296506036
2024-01-06 00:00:00,99.93,100.3,99.29,99.56,53779.27,0.0001,-0.6147613055245429,-0.912484241134793
2024-01-06 08:00:00,94.51,94.67,93.7,93.92,72332.26,0.0001,-0.5273732482045619,-0.769898698795534
2024-01-06 16:00:00,95.18,96.2,94.93,95.84,57235.1,0.0001,-0.4077165209061206,-0.43323774359365563
2024-01-07 00:00:00,93.77,94.03,93.55,93.96,33039.32,0.0001,-0.4161774969801059,-0.867733172081786
2024-01-08 00:00:00,89.44,89.87,88.32,88.43,76170.91,0.0001,-0.2886751345944498,0.778269451382032
2024-01-08 08:00:00,89.68,90.47,89.58,90.27,51451.53,0.0001,0.0,-0.4077600266202984
2024-01-08 16:00:00,94.69,95.8,94.69,95.01,174434.19,0.0001,0.0,2.5383250729332825
2024-01-09 08:00:00,101.87,102.19,101.51,102.07,52407.71,0.0001,0.0,0.9256421267813092
2024-01-09 16:00:00,99.79,100.99,99.58,100.56,71088.43,0.0001,0.0,0.9935700108135006
2024-01-10 00:00:00,99.36,100.2,98.91,100.12,61668.29,0.0001,0.0,3.6727583904299435
2024-01-10 08:00:00,98.13,98.22,97.5,97.74,73175.26,0.0001,0.0,-0.2968143237669496
2024-01-10 16:00:00,94.77,95.09,94.04,94.46,84150.7,0.0001,0.0,4.742980572840881
2024-01-11 00:00:00,101.99,102.15,100.4,100.86,194715.76,0.0001,0.0,0.11249297767607327
2024-01-11 08:00:00,99.71,100.31,99.55,100.06,48154.76,0.0001,0.0,-0.005931172514040998
2024-01-11 16:00:00,100.79,101.43,98.34,98.54,223546.67,0.0001,0.0,4.947272136074673
2024-01-12 08:00:00,98.83,98.92,97.93,98.13,41344.6,0.0001,0.0,-0.5288498111589249
2024-01-12 16:00:00,95.33,96.62,95.11,95.83,108072.35,0.0001,0.0,9.511541176604922
2024-01-13 00:00:00,92.14,92.65,92.01,92.42,82940.6,0.0001,0.0,-0.19831828150256486
2024-01-13 08:00:00,92.56,93.01,92.5,92.86,19055.81,0.0001,0.0,-0.7934665185706355
2024-01-14 00:00:00,95.85,96.11,95.57,95.88,53449.66,0.0001,0.0,-0.2646168312397954
2024-01-14 08:00:00,98.28,98.6,97.5,97.76,44718.33,0.0001,0.0,-0.944252466614826
2024-01-15 00:00:00,93.81,95.5,93.81,95.32,82666.06,0.0001,0.0,1.2211663996411033
2024-01-15 08:00:00,95.58,95.69,94.99,95.1,41808.21,0.0001,0.0,-0.8689701149079114
2024-01-15 16:00:00,93.5,93.67,93.26,93.62,38211.39,0.0001,0.0,-0.7120437109970363
2024-01-16 00:00:00,94.35,94.95,94.34,94.75,29413.17,0.0001,0.0,0.4134078683794545
2024-01-16 08:00:00,97.73,98.29,96.98,97.19,151007.4,0.0001,0.0,0.36697758096827676
2024-01-17 00:00:00,97.6,98.0,97.55,97.61,31826.67,0.0001,0.0,0.6880451050466244
2024-01-17 08:00:00,97.32,97.56,96.5,97.32,79352.57,0.0001,0.0,-0.33811314097124545
2024-01-17 16:00:00,99.37,99.54,98.72,99.2,132099.71,0.0001,0.0,0.3439678742495503
2024-01-18 08:00:00,100.75,101.27,100.58,100.66,38967.02,0.0001,0.0,-0.4303145064057542
2024-01-18 16:00:00,98.25,98.26,97.13,97.58,96067.52,0.0001,0.0,0.0639782807786525
2024-01-19 00:00:00,94.39,94.79,93.89,94.12,41430.68,0.0001,0.0,-0.09390034327573885
2024-01-19 08:00:00,94.49,94.61,93.83,93.96,43056.79,0.0001,0.0,0.3849590656974318
2024-01-20 00:00:00,93.62,93.67,92.91,93.09,37601.04,0.0001,0.0,-0.33156590664518365
2024-01-20 16:00:00,90.84,91.41,90.72,91.13,30629.58,0.0001,0.0,-0.5634420721380514
2024-01-21 00:00:00,92.88,93.02,92.51,92.53,16572.28,0.0001,0.0,-0.5519685808800192
2024-01-21 08:00:00,92.35,92.67,92.2,92.41,21602.37,0.0001,0.0,-0.6942014853277112
2024-01-21 16:00:00,92.51,92.57,92.09,92.32,25252.64,0.0001,0.0,-0.20553233407249125
2024-01-22 00:00:00,91.08,91.4,90.94,91.33,22872.77,0.0001,0.0,-0.6632475568028284
2024-01-22 08:00:00,89.22,89.22,88.43,88.79,67536.13,0.0001,0.0,1.3407872681654425
2024-01-22 16:00:00,87.29,87.67,86.6,86.82,71042.12,0.0001,0.0,2.4983608872204983
2024-01-23 00:00:00,83.84,84.92,83.73,84.88,94953.8,0.0001,0.0,6.044493072395557
2024-01-23 08:00:00,82.82,83.5,81.73,82.06,98507.56,0.0001,0.0,6.506860095980544
2024-01-23 16:00:00,82.71,83.02,81.79,81.99,169415.97,0.0001,0.0,2.832562451204045
2024-01-24 00:00:00,84.36,84.64,83.91,84.18,119086.67,0.0001,0.0,4.2463658460683025
2024-01-24 08:00:00,86.16,87.34,86.04,87.28,113186.11,0.0001,0.0,-0.5326902070521222
2024-01-24 16:00:00,86.99,87.1,86.64,86.85,41218.38,0.0001,0.0,-0.5719107274999641
2024-01-25 00:00:00,88.77,89.11,88.42,89.07,64222.3,0.0001,0.0,-0.6619797611521286
2024-01-25 16:00:00,86.42,86.74,86.16,86.52,35868.19,0.0001,0.0,-0.3928223666042744
2024-01-26 08:00:00,87.03,87.74,87.01,87.69,33043.33,0.0001,0.0,-0.737151036177819
2024-01-26 16:00:00,92.42,92.97,92.22,92.77,95591.46,7.999e-05,0.0,0.4743092647653304
2024-01-27 00:00:00,92.29,92.47,92.06,92.33,40715.98,0.0001,-3.175426480350765,-0.0456868612363768
2024-01-27 08:00:00,91.21,91.28,90.8,90.98,51798.37,0.0001,0.2886751345773534,-0.037653157394321596
2024-01-27 16:00:00,92.83,93.24,92.74,93.16,51039.28,0.0001,-2.6731504357572935,-0.18103658798376204
2024-01-28 00:00:00,94.27,94.46,94.02,94.19,34400.71,8.902e-05,0.4136982503883459,-0.4951463938694804
2024-01-28 08:00:00,95.76,96.03,95.55,95.79,35753.29,2.568e-05,-2.9719630633018728,0.3078157970266973
2024-01-28 16:00:00,97.07,97.89,97.01,97.75,35446.13,0.0001,0.4304941522849066,-0.817207610749215
2024-01-29 00:00:00,95.99,96.06,95.09,95.31,63457.29,0.0001,0.4304941522849066,-0.16084862952984624
2024-01-29 16:00:00,99.91,100.41,98.97,99.28,239857.55,0.0001,0.4304941522849066,3.3813446175090554
2024-01-30 00:00:00,101.67,101.85,101.16,101.22,74786.17,0.0001,0.4304941522849066,0.9257190196849434
2024-01-30 08:00:00,102.88,102.95,102.4,102.95,49620.21,4.333e-05,0.13123229262610867,0.40317192399688545
2024-01-31 00:00:00,101.4,101.95,100.46,100.72,207190.16,0.0001,-2.546350748770883,0.8174417612734807
2024-01-31 08:00:00,101.65,101.95,101.06,101.54,68055.24,5.702e-05,0.5356276247559172,0.47866600047832764
2024-01-31 16:00:00,101.54,102.41,101.02,101.47,250751.13,0.0001,0.496033104887293,2.634797285068597
2024-02-01 00:00:00,96.96,97.6,96.83,97.5,59405.92,5.15e-05,0.496033104887293,-0.7551982114849674
2024-02-01 08:00:00,94.93,95.27,94.65,94.73,43016.81,0.0001,0.4374029724443324,-0.28380144214492037
2024-02-02 00:00:00,97.81,98.02,97.39,98.0,47986.5,0.0001,0.4374029724443324,-0.2084154643839035
2024-02-02 08:00:00,101.21,101.6,100.54,100.71,94216.06,0.0001,0.30853737808602977,-0.5465123068714433
2024-02-02 16:00:00,101.3,102.2,101.28,101.45,119724.42,0.0001,0.3085373780860303,3.443435409682478
2024-02-03 00:00:00,100.57,100.69,100.01,100.38,37600.53,0.0001,-0.6449117330553539,-0.759265315892199
2024-02-03 08:00:00,99.11,99.38,99.07,99.29,21518.21,9.726e-05,0.0069196424222250355,-0.6064936139148844
2024-02-04 00:00:00,97.95,97.99,97.58,97.74,30902.32,0.0001,-0.2555189722594339,-0.21317705389274558
2024-02-04 16:00:00,97.62,97.68,97.4,97.48,14030.32,0.0001,0.4704384117877192,-0.6127969364940179
2024-02-05 00:00:00,95.48,95.93,95.42,95.84,30657.2,0.0001,0.5135157207174519,-0.4842084690436735
2024-02-05 08:00:00,97.61,97.89,97.27,97.37,71504.57,0.0001,0.5135157207174535,-0.6554847911878869
2024-02-05 16:00:00,95.61,95.99,95.34,95.9,81674.04,0.0001,0.5135157207174519,2.5928639239370694
2024-02-06 00:00:00,95.66,95.93,95.49,95.75,38520.44,5.616e-05,0.5135157207174519,0.3871493930014748
2024-02-06 16:00:00,95.76,95.87,95.17,95.63,51119.22,0.0001,0.5135157207174519,1.331750898688124
2024-02-07 00:00:00,96.87,97.1,96.79,96.83,23392.85,0.0001,-1.8612290830681115,0.70104379186016
2024-02-07 08:00:00,95.58,95.69,95.24,95.42,22956.67,0.0001,-2.414003861854038,0.3818907488801422
2024-02-07 16:00:00,96.26,97.17,96.14,96.77,74504.57,0.0001,-0.3680555811013656,-0.3223791130030357
2024-02-08 00:00:00,101.14,101.58,100.92,101.47,72814.35,0.0001,0.6558424797508808,-0.23657075717284823
2024-02-08 08:00:00,100.82,101.16,100.78,101.13,28254.8,0.0001,-1.4168554465979155,0.7006336191075919
2024-02-08 16:00:00,104.83,104.92,104.36,104.48,52388.22,0.0001,-2.3727488981068072,0.9798132468009901
2024-02-09 00:00:00,102.77,103.22,102.76,103.01,27120.28,7.069e-05,-1.660712106653401,0.653362347575157
2024-02-09 08:00:00,105.28,105.63,105.13,105.57,35810.38,3.075e-05,0.7922084762785457,1.1772690048860934
2024-02-10 08:00:00,108.86,109.46,108.84,109.31,27542.58,0.0001,0.7922084762785457,-0.3260100005466637
2024-02-10 16:00:00,108.54,108.64,108.18,108.27,21910.47,0.0001,0.7922084762785457,-0.753133551517183
2024-02-11 00:00:00,109.01,109.2,108.67,108.83,28071.13,0.0001,0.7922084762785457,-0.2821535906821937
2024-02-11 16:00:00,108.81,108.95,108.3,108.47,40233.53,0.0001,0.7922084762785457,-0.6181654345319811
2024-02-12 00:00:00,107.46,107.87,107.36,107.84,30631.4,0.0001,0.700899122374663,0.5681387566634534
2024-02-12 08:00:00,105.92,106.2,105.88,106.04,18423.93,0.0001,0.5812417188413229,-0.6197720744426839
2024-02-12 16:00:00,108.87,108.99,107.86,108.08,148187.07,0.0001,0.5232783311054238,8.775000412334325
2024-02-13 00:00:00,111.65,113.19,111.64,112.83,156740.98,0.0001,0.5232783311054238,2.3683974734156767
2024-02-13 08:00:00,114.02,114.11,113.81,114.03,16394.92,0.00014166,0.4277639628088661,0.3848542133513466
2024-02-13 16:00:00,110.33,110.63,109.84,110.03,41178.1,0.0001,0.28867513459440913,1.2938081964355446
2024-02-14 00:00:00,112.49,112.54,111.67,111.8,28145.49,0.0001,0.0,-0.26806189912599726
2024-02-14 08:00:00,113.06,113.18,112.76,113.0,25841.37,0.0001,0.0,2.3145313654844752
2024-02-14 16:00:00,116.89,117.0,116.25,116.37,63785.37,0.00029225,3.1754264805037598,-0.5030006870989551
2024-02-15 00:00:00,116.97,117.18,116.89,117.15,32085.36,0.00013572,-0.28867513459124733,-0.349180623691073
2024-02-15 08:00:00,115.0,115.11,114.72,115.04,51025.42,0.00015932,-0.28867513459124733,0.38624607959829615
2024-02-15 16:00:00,114.04,114.13,113.0,113.06,109157.03,0.00012,-0.28867513459124733,0.3311007308230784
2024-02-16 00:00:00,113.5,113.71,113.11,113.16,37271.44,0.00022371,-0.28867513459124733,-0.40666160752271274
2024-02-16 08:00:00,111.47,112.18,111.2,111.96,46911.23,0.00032087,-0.28867513459124733,-0.1259933152968489
2024-02-16 16:00:00,109.67,110.4,109.26,110.28,96150.21,0.00016914,-0.28867513459124733,-0.4221594000483505
2024-02-17 00:00:00,110.32,110.49,110.07,110.29,24081.26,0.00017661,-0.28867513459124733,-0.4521343326321239
2024-02-17 08:00:00,110.34,110.81,110.16,110.8,56888.36,0.00042046,-0.28867513459124733,-0.615666044982092
2024-02-17 16:00:00,107.19,107.2,106.67,106.68,19800.83,0.00028279,2.9586581305246438,-0.6017354295917895
2024-02-18 00:00:00,108.92,109.02,108.59,108.92,42301.86,0.00022777,2.29230058693782,-0.1799089987865545
2024-02-18 08:00:00,109.23,109.41,108.83,108.9,20798.1,0.00019395,1.2755142570211553,-0.5146455336395805
2024-02-18 16:00:00,112.32,112.37,112.07,112.25,14672.27,0.00022192,1.5498303255955772,-0.7529514488657453
2024-02-19 00:00:00,112.25,112.87,112.04,112.51,30250.7,0.0003023,2.2352656793793,0.7428230384194737
2024-02-19 08:00:00,113.23,113.37,112.9,112.99,24804.06,0.00029566,1.2031809167354903,0.5631317278359502
2024-02-19 16:00:00,113.69,114.05,113.6,113.84,31277.56,0.00031944,-0.2194349232476259,-0.26085837578757
2024-02-20 00:00:00,111.53,112.11,111.51,111.83,31854.99,0.0004747,-0.8783817314416582,0.5742924480466008
2024-02-20 08:00:00,109.41,109.57,108.73,109.1,73183.75,0.00029934,-0.8071081347336511,0.4005277470169905
2024-02-20 16:00:00,106.62,107.21,106.36,107.14,111038.75,0.00031742,1.1311194437274845,2.4336762333555555
2024-02-21 00:00:00,108.32,108.4,107.93,108.07,35832.54,0.00016255,-1.197084075389772,-0.03607308434674926
2024-02-21 08:00:00,104.85,105.36,104.72,104.93,24519.66,0.0002531,-0.9655013575372045,0.4372871052612146
2024-02-21 16:00:00,103.86,104.49,103.63,104.45,65159.68,0.0001773,-1.0723284675898659,0.9368760571445806
2024-02-22 16:00:00,105.4,105.47,105.07,105.09,30775.96,0.00018339,-0.4259494353137287,0.6252479642996787
2024-02-23 00:00:00,101.75,102.19,101.63,101.93,38655.95,0.00026289,-0.8611999387276102,-0.44456222711723253
2024-02-23 08:00:00,101.98,102.75,101.72,102.75,25139.08,0.00032841,-0.7309892210724628,-0.15116802860126824
2024-02-23 16:00:00,100.29,100.77,98.77,98.85,263197.68,0.00016957,0.10456754169551229,2.360662952403597
2024-02-24 00:00:00,99.91,100.24,99.52,99.67,38739.46,0.00027113,-0.6168273793878648,-0.060642962323234566
2024-02-24 16:00:00,101.96,102.33,101.91,102.25,14639.44,0.0002623,-0.5222814510022643,-0.7181510180355095
2024-02-25 08:00:00,103.02,103.1,102.62,102.85,15301.52,0.00041614,1.0062124957402545,-0.7168035890520114
2024-02-25 16:00:00,102.78,103.06,102.44,102.93,24415.46,0.00042645,0.8791712398906557,1.0633865156221793
2024-02-26 00:00:00,103.47,103.48,103.12,103.19,11970.3,0.00055329,2.902148054345895,-0.5842111054407667
2024-02-26 08:00:00,103.3,103.62,103.21,103.27,16833.03,0.00055349,1.4640555493754848,-0.7874124948748332
2024-02-26 16:00:00,104.96,105.86,104.73,105.54,174425.0,0.00038701,1.8638048019934947,11.629433503539266
2024-02-27 00:00:00,109.9,110.67,109.85,110.51,41732.09,0.00060184,1.9285140726021561,1.412572419236978
2024-02-27 08:00:00,110.42,111.52,110.42,111.46,70136.12,0.00069189,2.8604061144147,4.047364613059549
2024-02-27 16:00:00,106.81,107.43,105.29,106.58,223183.96,0.00051508,-0.008467515135237644,2.958747852584851
2024-02-28 00:00:00,108.35,108.7,108.21,108.3,59150.63,0.00032603,0.12973048937152853,0.6401995853285112
2024-02-28 08:00:00,110.09,110.84,109.37,109.77,125855.36,0.00040753,-0.10257122685021579,7.869804341377887
2024-02-28 16:00:00,113.08,115.86,113.01,115.14,438060.39,0.00078549,1.3782350760499773,-0.6623127275134396
2024-02-29 00:00:00,119.03,120.0,117.3,117.72,517833.51,0.00089,1.7507904358091024,1.9533412183529482
2024-02-29 08:00:00,125.5,128.54,125.2,127.82,395961.41,0.00098885,1.6586333834873406,1.090185354654709
2024-02-29 16:00:00,132.33,133.03,130.92,131.14,137575.77,0.00081567,0.668456041372571,-0.3134384021629513
2024-03-01 00:00:00,125.68,127.98,125.61,127.44,93266.41,0.00060436,0.402484016392889,0.8050986099530731
2024-03-01 08:00:00,131.91,132.4,130.75,131.6,68650.32,0.00061591,0.7981349894740966,-0.7497325819110665
2024-03-01 16:00:00,131.18,131.58,130.5,130.81,85889.39,0.00066424,-0.20126864938575653,-0.5148050941090417
2024-03-02 00:00:00,129.43,131.48,129.16,131.04,115513.18,0.00073268,-0.8543353663102075,-0.5750728788450388
2024-03-02 16:00:00,127.92,128.69,127.88,128.52,44075.1,0.00063147,0.4287975314555563,-0.7671114437074611
2024-03-03 00:00:00,130.03,130.17,128.8,128.98,77276.13,0.00076414,-0.2628427838547707,-0.7077933120465085
2024-03-03 08:00:00,126.77,127.47,125.49,125.72,183816.89,0.0005416,-0.6046277628606491,0.1827018897009114
2024-03-03 16:00:00,129.35,129.81,128.77,129.62,50520.09,0.00058338,-0.7473601189457938,-0.3136366678702551
2024-03-04 00:00:00,130.16,131.27,130.09,130.75,78474.45,0.00070533,0.10648714874380232,-0.018785110835434504
2024-03-04 08:00:00,129.61,131.28,129.47,131.03,121277.08,0.00072401,-0.4531842058928636,4.042980857286608
2024-03-04 16:00:00,131.76,132.03,130.81,131.34,115659.59,0.00073074,1.3974729874039833,3.7237614643112416
2024-03-05 00:00:00,133.26,133.34,132.54,132.81,108664.66,0.00071628,-0.1381310728407394,1.4289050637685476
2024-03-05 08:00:00,129.48,130.46,128.93,130.16,122509.4,0.00119261,2.325751216048086,2.262411431804014
2024-03-05 16:00:00,139.19,140.59,130.59,133.79,768527.8,0.0011456,2.053838461269678,13.606770300453627
2024-03-06 00:00:00,125.31,126.48,125.1,125.6,139880.52,0.0001,-1.0289674875009673,0.40022366764633627
2024-03-06 16:00:00,128.23,129.06,128.11,129.01,72722.27,0.00038317,-0.36350221071519284,-0.7703827303911361
2024-03-07 00:00:00,130.8,132.12,130.59,132.03,73386.22,0.00038906,-1.301414528987606,-0.6438499594223704
2024-03-07 08:00:00,138.25,139.45,138.06,139.01,76903.22,0.00054339,-0.6531925234453306,0.4137001472683342
2024-03-07 16:00:00,145.92,147.56,145.87,146.24,133477.47,0.00052411,0.04436845354971688,-0.5543087821265905
2024-03-08 00:00:00,143.82,144.66,143.8,144.55,72596.8,0.00059435,-0.9862996395320308,-0.8886204626153165
2024-03-08 08:00:00,144.48,145.22,144.31,144.89,32711.04,0.00055843,-0.44822967004018754,-0.716316677180251
2024-03-08 16:00:00,145.38,146.6,142.1,142.27,437625.43,0.00053032,0.537623337938837,7.707292030195171
2024-03-09 00:00:00,144.79,146.17,144.58,145.86,86810.1,0.00048054,-1.4742887557298947,-0.1596993955373456
2024-03-09 16:00:00,147.0,147.22,146.02,146.24,59486.91,0.00044156,-0.9771504304280584,-0.728807928623365
2024-03-10 00:00:00,144.3,144.75,143.8,144.38,53546.54,0.00040915,-0.6442514028978127,-0.7116723563679598
2024-03-10 08:00:00,148.27,148.49,147.96,147.97,31627.44,0.00084919,1.585107837852723,-0.5492334118893449
2024-03-10 16:00:00,142.91,143.56,142.78,143.56,45854.7,0.00033129,0.8195640455951452,0.437891759949453
2024-03-11 00:00:00,144.39,144.5,143.83,144.04,53724.09,0.00023257,-0.4066215183627167,-0.91494937012167
2024-03-11 08:00:00,147.85,148.61,147.73,148.54,215071.13,0.00066664,1.8855508980344566,3.5235152430311323
2024-03-11 16:00:00,147.06,147.88,146.26,147.55,126957.67,0.00081096,1.0234246032175074,4.22689414096377
2024-03-12 00:00:00,148.83,150.0,148.0,148.06,125446.55,0.00071463,-0.12203782301613919,1.3357248886981574
2024-03-12 08:00:00,151.86,152.55,149.46,149.52,140631.74,0.00073858,-0.12698119858979157,1.301146570781151
2024-03-12 16:00:00,150.23,150.95,148.8,149.47,93915.03,0.00055607,-0.00089293182469772,1.2626741081155595
2024-03-13 00:00:00,151.06,151.64,150.51,150.69,85180.17,0.00064251,-0.6917355397118721,0.3019592349566784
2024-03-13 16:00:00,157.25,158.12,156.59,157.24,138485.98,0.00064562,-0.1445043453661925,-0.6202117222459059
2024-03-14 08:00:00,168.3,169.3,168.25,169.14,33255.9,0.0005183,-0.6853458310063731,-0.7252857818256746
2024-03-14 16:00:00,167.64,169.04,166.19,166.96,134366.56,0.00052725,-0.7978333475161941,1.6726851496723578
2024-03-15 00:00:00,176.65,179.02,176.65,178.01,185978.98,0.00063046,-0.6504166795636861,-0.365388085501455
2024-03-15 08:00:00,176.07,177.22,175.29,176.78,145608.35,0.00034279,-1.8306208689450252,-0.2573434258738882
2024-03-15 16:00:00,181.85,182.67,178.18,179.28,200340.05,0.0002746,-1.4908915259220763,1.003728067806317
2024-03-16 00:00:00,183.95,184.62,182.35,182.77,99929.0,0.00014955,-1.6284974271147938,0.024039911556278108
2024-03-16 08:00:00,192.93,194.16,192.13,193.68,106204.95,0.00020435,-0.7119178227746629,-0.20926636946397087
2024-03-16 16:00:00,195.09,195.65,193.91,194.04,150906.25,0.00015327,-0.7490298348709136,-0.7669442554198281
2024-03-17 00:00:00,182.05,185.91,181.9,184.63,277677.3,0.00014108,-1.1156855427021821,2.6629014835921607
2024-03-17 08:00:00,181.85,184.19,180.65,180.71,113833.59,0.0001,-0.6445636114900701,-0.1856468447907497
2024-03-17 16:00:00,195.6,196.27,193.63,194.17,91782.47,0.00030858,-0.016124166790110556,-0.44494958203051244
2024-03-18 00:00:00,201.85,202.09,199.05,199.08,160800.89,0.00033129,-0.2660001755655687,0.0026179066802386056
2024-03-18 08:00:00,203.23,203.83,200.01,200.31,147990.91,0.00028956,0.8901459729825784,0.7461021705612503
2024-03-19 00:00:00,195.92,197.94,195.34,196.84,89594.48,0.0002092,0.693551121867768,0.29706556431114617
2024-03-19 08:00:00,186.14,186.2,183.04,183.31,117195.99,0.00020307,1.2946499189664826,-0.4196458640828291
2024-03-20 00:00:00,169.82,173.21,169.56,172.55,226862.47,0.00018828,-0.7374039200995002,0.7598751404696019
2024-03-20 16:00:00,170.54,172.33,170.03,171.48,65754.89,0.00010917,-1.4465697656722758,0.3578393651703782
2024-03-21 00:00:00,191.76,191.83,189.58,190.77,105024.55,0.00015928,-1.4045543879216331,-0.027787875768864996
2024-03-21 08:00:00,188.56,191.6,188.45,190.47,130817.14,0.00030752,-0.08622188165671901,0.24769667429887202
2024-03-21 16:00:00,185.32,185.34,183.33,184.62,83715.87,0.00014524,-0.04088307043619173,0.6163806944256353
2024-03-22 00:00:00,179.46,181.3,178.49,181.2,88123.94,0.00014092,-0.5648060946683254,-0.14184933462705443
2024-03-22 08:00:00,179.07,179.78,179.01,179.77,25283.64,0.00014802,-1.2898441522794963,-0.7179591970234673
2024-03-22 16:00:00,171.67,171.71,170.04,170.92,63841.72,0.00016161,-0.8613404276699216,-0.07460857631247927
2024-03-23 00:00:00,175.21,175.42,173.72,175.03,156536.96,0.00015244,-0.9709542851409342,-0.49902711162004937
2024-03-23 08:00:00,175.98,177.11,175.82,176.26,77900.36,0.00015091,-0.8532590675147529,-0.4558991893877771
2024-03-23 16:00:00,175.16,175.43,173.74,174.81,33592.06,0.00016841,-0.6147711026268607,-0.5905598635617948
2024-03-24 00:00:00,172.65,175.38,172.5,175.03,49014.0,0.00017713,-0.6692040675855077,-0.45934501216036494
2024-03-24 08:00:00,173.54,174.86,173.17,174.5,40212.98,0.00015435,0.49893116611442645,1.4764525454938449
2024-03-24 16:00:00,176.2,176.98,176.0,176.2,27651.68,0.00025686,0.7113211373168437,-0.5129181800169286
2024-03-25 00:00:00,183.87,184.25,182.46,182.59,89909.48,0.00021466,2.2122685246901574,1.1039029868458354
2024-03-25 16:00:00,192.78,192.98,191.01,192.14,92379.92,0.00020373,2.1174085393979487,1.3097229554426821
2024-03-26 00:00:00,188.98,189.8,188.47,188.88,61628.59,0.00039207,0.9822855779947461,-0.08001292507279636
2024-03-26 08:00:00,194.0,194.62,192.01,193.81,92288.76,0.00020767,0.4017123098150859,1.4600767056931523
2024-03-26 16:00:00,190.35,191.5,189.85,189.9,45041.94,0.00025173,1.3718271736925267,0.11459087680452419
2024-03-27 00:00:00,190.46,190.46,188.69,189.09,49695.17,0.00032068,1.3530564129465554,-0.5088772605985719
2024-03-27 16:00:00,181.11,182.7,180.0,180.39,134565.21,0.00025221,2.2345530064022885,1.0212638643314187
2024-03-28 00:00:00,186.34,186.58,185.43,186.51,32536.53,0.00026487,0.18394864287218238,-0.7416963229471413
2024-03-28 08:00:00,187.32,188.47,187.2,187.24,100990.2,0.00039989,0.6628382589194677,0.8311142736083769
2024-03-28 16:00:00,187.36,187.39,185.66,185.77,41657.32,0.00036742,0.4864405551164741,-0.2293896063285676
2024-03-29 00:00:00,189.64,189.66,188.63,188.67,26849.93,0.00045018,-1.0482595744117844,-0.796746963964914
2024-03-29 08:00:00,183.63,185.04,183.48,184.94,56711.49,0.00035449,-0.1954383458548259,2.147174414852067
2024-03-29 16:00:00,184.92,186.52,184.82,186.16,51931.95,0.00040773,0.45207904535559157,-0.6129223413512681
2024-03-30 00:00:00,192.02,192.17,190.86,191.68,38790.95,0.00052381,-0.9626361733944193,0.027479240162848032
2024-03-30 08:00:00,195.76,196.55,195.61,196.39,39070.17,0.00055026,0.7137541513960984,-0.7057593616471854
2024-03-30 16:00:00,196.3,196.84,195.9,196.17,29208.83,0.00058211,0.8611852878538214,-0.7620813334699964
2024-03-31 00:00:00,194.19,195.61,194.07,195.54,22391.53,0.00044594,0.4891766769293773,0.3983161517086881
2024-03-31 08:00:00,196.75,197.21,196.74,196.89,23346.98,0.00046087,1.3292937739669333,-0.7206249022746056
2024-04-01 00:00:00,202.45,202.45,201.42,201.72,44774.12,0.00083459,2.8285738410632657,-0.3575866738617531
2024-04-01 08:00:00,197.96,197.96,196.1,196.41,71810.68,0.00044327,0.04132894233162273,1.304249817626678
2024-04-01 16:00:00,188.08,189.47,187.28,188.98,62363.58,0.00031429,-0.39761756509185714,4.494647485247566
2024-04-02 16:00:00,177.43,179.68,176.77,179.63,99663.22,0.00015893,-1.0812240715464256,8.395342726269869
2024-04-03 00:00:00,181.53,182.6,180.76,181.04,72158.27,0.0001096,-1.402742044832463,1.0521886928947917
2024-04-03 08:00:00,189.54,189.82,188.24,188.83,59593.89,0.0001,-1.2232771514410143,1.000753677493715
2024-04-03 16:00:00,189.06,189.87,188.86,189.73,34618.16,0.00016154,-1.055289964302195,0.5013816073335056
2024-04-04 00:00:00,185.05,186.17,184.48,186.17,29262.51,0.0001,-0.9716226166458328,-0.3613859940672247
2024-04-04 08:00:00,184.96,186.04,184.43,186.02,24483.87,0.0001,-0.8394004273166893,-0.6754341964013336
2024-04-04 16:00:00,187.0,187.59,186.73,187.51,27064.87,0.00016815,-0.7182069750185839,-0.8149686699166534
2024-04-05 00:00:00,184.0,184.08,182.94,183.77,32575.37,0.0001,-0.6133882660359887,-0.22966888556216872
2024-04-05 08:00:00,175.04,175.66,174.71,175.61,44472.31,0.0001,-0.4987686586203854,0.0847558800324802
2024-04-05 16:00:00,175.89,176.61,174.94,175.31,40374.68,0.0001,-0.4913699031349091,-0.22880983038707045
2024-04-06 00:00:00,174.37,174.38,173.59,174.18,33508.53,0.0001,-0.38231897922078095,0.05070938968180789
2024-04-06 08:00:00,177.27,177.63,176.95,177.21,28096.15,0.0001,-0.28867513459444677,-0.2059333702431038
2024-04-06 16:00:00,177.16,178.99,176.6,176.86,126305.15,0.0001,0.0,-0.32649134848624767
2024-04-07 00:00:00,178.69,178.98,178.02,178.59,19801.58,0.0001,0.0,-0.2634834129214551
2024-04-07 08:00:00,179.74,180.87,179.74,180.65,31634.84,0.0001,0.0,-0.6014042778312843
2024-04-07 16:00:00,179.65,180.91,179.6,180.48,34553.35,0.0001,0.0,0.28231794953095446
2024-04-08 08:00:00,180.15,181.0,179.72,180.24,147027.51,0.00025466,0.0,4.148315656422301
2024-04-09 00:00:00,180.68,180.68,180.05,180.63,34374.09,0.00013524,3.1754264805415495,-0.02105757304268993
2024-04-10 00:00:00,172.41,172.96,171.69,172.89,41806.17,0.00036513,0.27263830195816957,0.08787287021011934
2024-04-10 16:00:00,167.92,168.61,167.62,167.94,28709.19,0.00017163,-0.3398453367964593,1.2248031124919656
2024-04-11 00:00:00,173.3,173.38,171.38,172.02,55268.76,0.00027306,0.796664248050524,1.6686133441070246
2024-04-11 08:00:00,174.46,174.82,174.22,174.82,24067.94,0.00024101,1.9480519938134222,-0.48160687496223437
2024-04-11 16:00:00,173.4,174.45,173.14,174.24,55837.54,0.00027676,1.4830222638467525,-0.8068152637458934
2024-04-12 00:00:00,172.37,173.24,172.33,173.05,20724.68,0.00026578,-0.42833590195091875,0.16757972021010206
2024-04-12 16:00:00,167.35,167.82,166.44,166.54,54574.49,0.00025596,-0.26093212989518677,2.625228049613184
2024-04-13 00:00:00,153.16,153.46,152.54,152.59,65517.35,0.0001,-0.769064126307658,-0.179315697884058
2024-04-13 08:00:00,151.02,151.29,150.64,150.93,35608.28,0.0001,-0.7690641263076574,-0.33328427352755075
2024-04-14 00:00:00,138.47,140.08,137.72,139.2,185732.53,0.0001,-0.7690641263076574,3.3948650874151753
2024-04-14 08:00:00,144.05,144.99,143.29,144.41,78406.78,0.0001,-0.7690641263076574,0.0287079704819393
2024-04-14 16:00:00,137.99,139.6,137.56,139.06,113498.57,0.0001,-0.6547820878679742,0.3612359148696998
2024-04-15 00:00:00,151.26,151.27,150.1,150.46,116050.22,9.686e-05,-0.6011693324372955,-0.03149740242433123
2024-04-15 16:00:00,143.32,144.56,142.47,142.86,133736.51,6.37e-05,-0.6011693324372948,0.26213453639491446
2024-04-16 08:00:00,137.86,138.04,136.71,136.79,57443.05,4.459e-05,-0.6225607854841927,0.726640161287322
2024-04-16 16:00:00,127.61,129.09,126.4,127.7,186817.39,2.516e-05,-1.959089121204778,-0.4359947291857931
2024-04-17 00:00:00,136.21,136.43,135.5,136.03,52203.45,-2.599e-05,-1.3237317483074516,0.566648373276909
2024-04-17 08:00:00,139.46,140.25,139.3,139.45,42616.45,3.33e-06,-1.8859580127690063,0.19167405901808932
2024-04-17 16:00:00,128.72,131.51,126.87,131.29,248266.14,0.0001,-0.6792385953594705,2.224652044461573
2024-04-18 00:00:00,131.84,133.01,131.27,131.39,63454.59,6.888e-05,-0.43055870198391366,-0.11755540627937829
2024-04-18 08:00:00,129.44,130.29,128.0,128.31,128473.89,7.203e-05,-0.6776109925854326,-0.22349271585610683
2024-04-18 16:00:00,139.0,139.83,138.52,139.02,73121.53,6.59e-05,-2.505022699044749,-0.2923159307680118
2024-04-19 08:00:00,143.31,145.51,143.04,144.34,167582.17,4.68e-05,0.08615462431135562,0.9201919471886019
2024-04-19 16:00:00,146.18,147.46,145.59,145.73,117319.49,2.007e-05,-0.024461920103164246,0.2262144134698133
2024-04-20 00:00:00,142.5,143.34,141.42,141.65,69490.22,0.0001,1.108993871743575,-0.7811927517934247
2024-04-20 08:00:00,143.52,143.57,141.98,142.3,46513.19,4.184e-05,-1.5082690957949696,-0.5867626632704123
2024-04-20 16:00:00,147.2,148.37,146.32,147.19,128536.79,6.594e-05,-0.11754500979702522,0.7570761287021504
2024-04-21 00:00:00,151.21,151.25,149.67,150.25,52977.61,7.055e-05,-0.39086722033547894,-0.5505453729834362
2024-04-21 08:00:00,151.12,151.82,150.96,151.44,30562.06,-2.982e-05,-1.4809270350718229,-0.7724129924464729
2024-04-21 16:00:00,150.14,150.32,148.16,148.5,104378.53,4.268e-05,0.9412901449780788,1.383623276753141
2024-04-22 00:00:00,148.81,149.84,148.76,149.82,39763.84,3.735e-05,0.07169122049600776,-0.6682783173100253
2024-04-22 08:00:00,153.63,154.2,153.05,153.61,56155.27,8.512e-05,-0.3033446448734438,0.5760307087221915
2024-04-22 16:00:00,153.44,154.56,153.24,154.32,60428.62,-3.018e-05,-0.5888096895601267,-0.6000454172623374
2024-04-23 00:00:00,156.94,157.75,156.61,157.5,43595.43,-1.27e-05,-1.2330711254856501,0.3068359839672041
2024-04-23 08:00:00,153.62,154.05,153.16,153.17,29378.14,-4.214e-05,0.49766183181297413,0.6322908167959874
2024-04-24 00:00:00,154.75,155.9,154.6,155.39,51123.36,9.77e-06,-0.42952882965943145,-0.7797150577052895
2024-04-24 08:00:00,157.84,158.32,157.72,157.83,23020.86,6.43e-06,0.8711686656139588,0.050434023266701884
2024-04-24 16:00:00,151.51,152.79,151.2,152.07,87860.57,0.0001,1.2069981122968854,0.9465388079620014
2024-04-25 00:00:00,147.79,148.65,147.4,148.3,77252.71,0.0001,1.0634566609482965,0.0756310641313024
2024-04-25 08:00:00,146.3,146.67,146.01,146.57,27325.65,2.239e-05,0.15056448235000253,-0.2019673101151382
2024-04-26 08:00:00,143.46,144.35,143.28,144.26,46099.04,8.426e-05,-1.051815327538541,0.1713343144732851
2024-04-26 16:00:00,142.7,143.27,142.0,142.35,43671.38,8.505e-05,0.7409528621102786,0.5191653039327698
2024-04-27 00:00:00,139.23,140.22,139.22,140.09,29982.77,5.384e-05,1.8267182953969172,-0.2897407105054794
2024-04-27 16:00:00,137.72,138.28,137.46,137.99,30373.9,2.358e-05,-0.38029133230999107,-0.6704260397034729
2024-04-28 00:00:00,141.31,141.61,141.07,141.57,21308.25,2.733e-05,-0.9484850276227518,-0.2817062843447787
2024-04-28 08:00:00,143.54,143.93,143.25,143.47,37683.92,3.029e-05,-1.8058432594635676,-0.36859236733671213
2024-04-28 16:00:00,141.98,142.65,141.97,142.24,19026.2,0.0001,-0.30350171188209196,-0.7288406298833449
2024-04-29 00:00:00,137.99,138.66,137.52,138.62,33904.59,0.0001,-0.4288595487460966,-0.37648177794682275
2024-04-29 08:00:00,134.95,135.24,134.58,134.74,28257.191,0.0001,0.49166098421364984,1.5173950201694326
2024-04-29 16:00:00,136.49,136.68,135.97,136.43,38837.704,0.0001,0.8887859423037181,0.8380605114972638
2024-04-30 00:00:00,137.79,137.94,136.93,137.1,31739.865,6.384e-05,1.5548273206536498,0.0845624528497477
2024-04-30 08:00:00,135.08,135.53,134.07,134.24,39771.581,0.0001,1.1835687918475004,2.325034050562692
2024-04-30 16:00:00,127.75,127.75,124.89,125.7,252367.973,4.102e-05,1.174856598699807,6.3910369979494694
