Date,funding_rate,open_interest
2021-01-01 00:00:00+00:00,6.467487032309143e-05,1002474.5615248758
2021-01-01 04:00:00+00:00,0.00017581282363840234,1001039.3270532747
2021-01-01 08:00:00+00:00,7.111594456014582e-05,1005617.96345015
2021-01-01 12:00:00+00:00,0.00016931460841434557,1005187.9763097445
2021-01-01 16:00:00+00:00,0.0002664148618295979,1007670.3048168803
2021-01-01 20:00:00+00:00,0.0002140075291601898,1007723.2353219686
2021-01-02 00:00:00+00:00,0.00032740992508887326,1006532.8616604583
2021-01-02 04:00:00+00:00,0.00026314871272582177,704573.0031623207
2021-01-02 08:00:00+00:00,0.00010661913740234115,708605.9342201252
2021-01-02 12:00:00+00:00,0.00015225663108115706,709106.3724649509
2021-01-02 16:00:00+00:00,0.00022330012770287118,707575.2956193092
2021-01-02 20:00:00+00:00,9.848779178078992e-05,495302.70693351637
2021-01-03 00:00:00+00:00,0.00024677435593914253,495733.38692339824
2021-01-03 04:00:00+00:00,0.000215836343157291,496424.5902121672
2021-01-03 08:00:00+00:00,0.00027724176087301586,497313.7907851553
2021-01-03 12:00:00+00:00,0.00015530871053018335,348119.6535496087
2021-01-03 16:00:00+00:00,0.000166245578808011,243683.75748472608
2021-01-03 20:00:00+00:00,0.00012369037221143475,242606.78020225815
2021-01-04 00:00:00+00:00,0.0001934126738209051,243373.59416336592
2021-01-04 04:00:00+00:00,0.00014704360388917,170361.51591435613
2021-01-04 08:00:00+00:00,0.00014072373136407213,170997.84401185333
2021-01-04 12:00:00+00:00,0.00032139922168959956,171585.7528533039
2021-01-04 16:00:00+00:00,0.0002610957145102906,172083.36950155362
2021-01-04 20:00:00+00:00,0.00031052385233465023,172176.38738041135
2021-01-05 00:00:00+00:00,0.0001268002069452165,120523.47116628794
2021-01-05 04:00:00+00:00,0.00015866893008559908,120171.38575999418
2021-01-05 08:00:00+00:00,9.696721499949214e-05,120055.1324754038
2021-01-05 12:00:00+00:00,2.0145486276276737e-05,84038.59273278266
2021-01-05 16:00:00+00:00,0.00028118707956616796,83899.77946639406
2021-01-05 20:00:00+00:00,0.00010440647274523738,82777.5161064617
2021-01-06 00:00:00+00:00,2.4923878531446503e-05,57944.26127452318
2021-01-06 04:00:00+00:00,7.265456923651815e-05,58480.377384913525
2021-01-06 08:00:00+00:00,0.00017885700808126747,58601.45010336566
2021-01-06 12:00:00+00:00,0.00011923700748977785,58551.28671474533
2021-01-06 16:00:00+00:00,5.9633526653170947e-05,58885.770288621876
2021-01-06 20:00:00+00:00,-5.051122810740938e-05,59090.32444930764
2021-01-07 00:00:00+00:00,4.295631807269048e-05,59408.787618325114
2021-01-07 04:00:00+00:00,4.9842101001724645e-05,59015.79617067138
2021-01-07 08:00:00+00:00,0.00011796716823997069,58968.66739121916
2021-01-07 12:00:00+00:00,0.00010551612127815955,58951.027907167845
2021-01-07 16:00:00+00:00,9.198170026202663e-05,59159.73792061623
2021-01-07 20:00:00+00:00,0.00010433910101940671,59065.53070396937
2021-01-08 00:00:00+00:00,0.00014713757533370503,59928.9676210143
2021-01-08 04:00:00+00:00,8.23831066316616e-05,59538.75335285678
2021-01-08 08:00:00+00:00,0.00027779015902897454,59465.798673195146
2021-01-08 12:00:00+00:00,0.00029880109241184593,60076.7884035672
2021-01-08 16:00:00+00:00,0.000358797938441583,59724.28439352637
2021-01-08 20:00:00+00:00,0.0003552048380967515,60005.83242311363
2021-01-09 00:00:00+00:00,0.00022316060411897297,60079.76706577953
2021-01-09 04:00:00+00:00,0.00019349174472476025,59879.297312134615
2021-01-09 08:00:00+00:00,0.00022333120259153245,59908.89980571856
2021-01-09 12:00:00+00:00,0.00020371150942333677,60223.500502748575
2021-01-09 16:00:00+00:00,0.000274878714314107,60639.264347545446
2021-01-09 20:00:00+00:00,0.0003219354104462641,42447.48504328181
2021-01-10 00:00:00+00:00,0.0004026837809338451,42280.97039783584
2021-01-10 04:00:00+00:00,0.0003253812435480229,42782.25241611594
2021-01-10 08:00:00+00:00,7.5349537702247e-05,29947.576691281156
2021-01-10 12:00:00+00:00,4.4523126899039176e-05,30038.27197887757
2021-01-10 16:00:00+00:00,0.00023439894114537,30201.90438758828
2021-01-10 20:00:00+00:00,0.0002186993341558688,30229.81063520592
2021-01-11 00:00:00+00:00,8.666708228299033e-05,21160.86744464414
2021-01-11 04:00:00+00:00,0.00010210804273580305,21237.825403551054
2021-01-11 08:00:00+00:00,4.519812589069483e-05,21274.629924296925
2021-01-11 12:00:00+00:00,7.56081751137142e-05,21138.62873419175
2021-01-11 16:00:00+00:00,7.826957159961719e-05,21232.78342595724
2021-01-11 20:00:00+00:00,9.503814297760264e-05,21204.76099778785
2021-01-12 00:00:00+00:00,8.08938727376646e-05,21173.810135390333
2021-01-12 04:00:00+00:00,1.3280632037498762e-06,21315.41702381699
2021-01-12 08:00:00+00:00,0.00012955039227812627,21248.224491378223
2021-01-12 12:00:00+00:00,8.796706005280442e-05,21150.467358214697
2021-01-12 16:00:00+00:00,9.506239930068196e-05,20998.681561528356
2021-01-12 20:00:00+00:00,0.00012887851650109536,20945.232760513918
2021-01-13 00:00:00+00:00,0.00019784259186976256,20967.506037477655
2021-01-13 04:00:00+00:00,0.0001590486713105601,21182.734943915428
2021-01-13 08:00:00+00:00,0.00019728324979475126,21124.472980472718
2021-01-13 12:00:00+00:00,0.00023679725197961642,21149.967952070787
2021-01-13 16:00:00+00:00,0.00017460380627054448,21141.193518634667
2021-01-13 20:00:00+00:00,0.00015069958819101327,21134.555856433883
2021-01-14 00:00:00+00:00,8.283715668912494e-05,21057.755183891568
2021-01-14 04:00:00+00:00,0.0001856105395177649,21120.415994295778
2021-01-14 08:00:00+00:00,0.00011879047972491303,21125.56119560108
2021-01-14 12:00:00+00:00,0.00010626831851971289,20995.907998184663
2021-01-14 16:00:00+00:00,-7.2017178634482245e-06,14697.135598729263
2021-01-14 20:00:00+00:00,0.00012318384464167492,14774.733457067334
2021-01-15 00:00:00+00:00,8.67984004585141e-05,14843.304550640678
2021-01-15 04:00:00+00:00,0.0001639321835424786,14913.38269778307
2021-01-15 08:00:00+00:00,6.756223391501464e-05,14994.675385688128
2021-01-15 12:00:00+00:00,0.00011126754511921285,10496.27276998169
2021-01-15 16:00:00+00:00,0.000104252169630544,10479.590803783334
2021-01-15 20:00:00+00:00,6.352189197314051e-05,10422.492285149918
2021-01-16 00:00:00+00:00,9.033421765508703e-05,10476.331770260023
2021-01-16 04:00:00+00:00,0.00015878561978633314,10472.640834574258
2021-01-16 08:00:00+00:00,0.00018474850190644066,10537.654606193548
2021-01-16 12:00:00+00:00,3.9871201984453074e-05,10603.816654679498
2021-01-16 16:00:00+00:00,0.00018538938706448178,10585.266437988654
2021-01-16 20:00:00+00:00,0.00010762469968024106,10498.830014445566
2021-01-17 00:00:00+00:00,0.00020340751888569476,10548.54836264063
2021-01-17 04:00:00+00:00,0.00015690470524001615,7383.98385384844
2021-01-17 08:00:00+00:00,0.00019761979575495187,7401.703646563228
2021-01-17 12:00:00+00:00,0.00014501001923462252,7427.59858949654
2021-01-17 16:00:00+00:00,0.00023216886845613184,7383.0569155461235
2021-01-17 20:00:00+00:00,0.00015639106095967999,7436.985362747436
2021-01-18 00:00:00+00:00,2.0109723534215173e-06,7422.661435165912
2021-01-18 04:00:00+00:00,0.00024319533906915506,7414.779496352561
2021-01-18 08:00:00+00:00,9.15352719947116e-05,7360.369611823527
2021-01-18 12:00:00+00:00,0.0001053634146597925,7386.788291210754
2021-01-18 16:00:00+00:00,0.00014340677869868334,7385.143650446816
2021-01-18 20:00:00+00:00,0.00020215379035542813,7357.50336905703
2021-01-19 00:00:00+00:00,0.0001449891949187341,7256.314815732216
2021-01-19 04:00:00+00:00,0.00013279413827180274,7290.7359970710795
2021-01-19 08:00:00+00:00,0.00017034489992329347,7287.883565303229
2021-01-19 12:00:00+00:00,0.00014807109035503365,7268.56381659414
2021-01-19 16:00:00+00:00,0.00016045635521885082,5087.9946716158975
2021-01-19 20:00:00+00:00,0.00011518083397911876,5080.812376519015
2021-01-20 00:00:00+00:00,-8.625220608385285e-07,5043.565364919146
2021-01-20 04:00:00+00:00,6.157898785588025e-05,5046.665490534702
2021-01-20 08:00:00+00:00,6.868783039554313e-05,3532.6658433742914
2021-01-20 12:00:00+00:00,7.04629874538442e-05,3544.205828805515
2021-01-20 16:00:00+00:00,1.6943896369679372e-05,3555.1025121583957
2021-01-20 20:00:00+00:00,0.00016324215877235387,3555.2871357946615
2021-01-21 00:00:00+00:00,-4.101063759642184e-05,2488.700995056263
2021-01-21 04:00:00+00:00,0.00011619737912668827,2498.5184600216576
2021-01-21 08:00:00+00:00,1.5130124994904813e-05,2488.207982746017
2021-01-21 12:00:00+00:00,1.7551915189194768e-05,1741.7455879222118
2021-01-21 16:00:00+00:00,7.81057733356173e-05,1759.6710896088425
2021-01-21 20:00:00+00:00,1.1466385398272352e-05,1231.7697627261896
2021-01-22 00:00:00+00:00,2.2184847103496476e-05,1229.7563734312703
2021-01-22 04:00:00+00:00,0.00012154782343380387,1227.7217214180841
2021-01-22 08:00:00+00:00,0.00012784670693236934,1229.4429984157807
2021-01-22 12:00:00+00:00,0.00015657365496809535,1228.376292181218
2021-01-22 16:00:00+00:00,4.183974111052912e-05,1223.3407297734007
2021-01-22 20:00:00+00:00,1.7645106228617955e-06,1227.7139180609438
2021-01-23 00:00:00+00:00,0.00012717624739777035,1229.9028927859217
2021-01-23 04:00:00+00:00,0.0001294349212634159,1235.9171498472563
2021-01-23 08:00:00+00:00,0.00014901779305978352,1238.6631216488686
2021-01-23 12:00:00+00:00,0.00011806512847050191,1238.188180443788
2021-01-23 16:00:00+00:00,0.00011252314114633996,1242.8815474970193
2021-01-23 20:00:00+00:00,0.0001391440443453519,1236.704568739422
2021-01-24 00:00:00+00:00,0.00020031605533174092,1242.0262717509286
2021-01-24 04:00:00+00:00,0.00013698090232782786,1248.7462767552352
2021-01-24 08:00:00+00:00,0.0001557066663066389,1244.078634850385
2021-01-24 12:00:00+00:00,5.580956575153325e-05,1233.763402461415
2021-01-24 16:00:00+00:00,0.0001418463105435319,1237.14052268922
2021-01-24 20:00:00+00:00,0.00011362750267624122,1238.048275711317
2021-01-25 00:00:00+00:00,0.00020146508028040814,1237.7857304352
2021-01-25 04:00:00+00:00,0.0002148246653636971,1249.6367831265734
2021-01-25 08:00:00+00:00,0.0001221184113895107,1256.4920595917606
2021-01-25 12:00:00+00:00,0.00011246405786364875,1261.0496195572946
2021-01-25 16:00:00+00:00,0.00020412954105220298,1268.292466748327
2021-01-25 20:00:00+00:00,9.541776829882651e-05,1268.7278974295564
2021-01-26 00:00:00+00:00,0.00013960876511428768,1269.4834196159686
2021-01-26 04:00:00+00:00,9.752813679147653e-05,1266.9486604871577
2021-01-26 08:00:00+00:00,0.00018385247341448914,1265.9525692257625
2021-01-26 12:00:00+00:00,7.092556061145104e-05,886.1667984580338
2021-01-26 16:00:00+00:00,0.00022702243853094464,879.4055629522644
2021-01-26 20:00:00+00:00,0.0002107337677160624,881.4681559649265
2021-01-27 00:00:00+00:00,0.00021705246334355097,888.7728486013688
2021-01-27 04:00:00+00:00,0.00013917693917586118,884.6030950607789
2021-01-27 08:00:00+00:00,9.496161063729247e-05,887.6315318868578
2021-01-27 12:00:00+00:00,8.300998179845401e-05,888.0166384670105
2021-01-27 16:00:00+00:00,0.00014720407780960946,892.2392857446291
2021-01-27 20:00:00+00:00,0.00014866942317078214,898.1337517153206
2021-01-28 00:00:00+00:00,7.716107059344488e-05,901.1539989131368
2021-01-28 04:00:00+00:00,0.00011771120307804391,903.1993107686292
2021-01-28 08:00:00+00:00,6.923724733595468e-05,902.0110065462363
2021-01-28 12:00:00+00:00,0.00016371642050169336,906.7930441584494
2021-01-28 16:00:00+00:00,0.00012153513577379288,913.1303554530548
2021-01-28 20:00:00+00:00,-3.91542225594199e-05,907.4283361233971
2021-01-29 00:00:00+00:00,5.58614912920362e-05,914.1007722897203
2021-01-29 04:00:00+00:00,8.429687449681709e-05,907.1681357324035
2021-01-29 08:00:00+00:00,2.2468350525839673e-05,909.1833020200482
2021-01-29 12:00:00+00:00,4.690240230394041e-05,907.1210477483029
2021-01-29 16:00:00+00:00,0.00010331587951589719,910.0181397956242
2021-01-29 20:00:00+00:00,9.463614655851338e-05,913.2718624562737
2021-01-30 00:00:00+00:00,0.00011144241130014811,912.6355683447993
2021-01-30 04:00:00+00:00,6.188090350661261e-05,910.9210447254242
2021-01-30 08:00:00+00:00,0.00019403144893636866,913.5932929619481
2021-01-30 12:00:00+00:00,0.00011037454230383346,917.402681567682
2021-01-30 16:00:00+00:00,0.00015145362417584213,923.0190714819545
2021-01-30 20:00:00+00:00,0.00021859050584797392,925.1432857347033
2021-01-31 00:00:00+00:00,0.00019435227122057238,918.9252473961257
2021-01-31 04:00:00+00:00,0.00015120515572522702,919.0499764924767
2021-01-31 08:00:00+00:00,0.00021413695579237021,914.7799390913292
2021-01-31 12:00:00+00:00,0.00016262189701216637,640.3459573639304
2021-01-31 16:00:00+00:00,0.00020628791206423993,639.8761631027647
2021-01-31 20:00:00+00:00,0.00016093827496295525,640.357804695959
2021-02-01 00:00:00+00:00,0.00018720273139194132,642.7744780534615
2021-02-01 04:00:00+00:00,0.0001474442782336465,646.1263729615083
2021-02-01 08:00:00+00:00,0.0001106531533317463,646.7387094973097
2021-02-01 12:00:00+00:00,8.893232760372939e-05,644.4336539220188
2021-02-01 16:00:00+00:00,0.0001260156842502803,640.7358347312191
2021-02-01 20:00:00+00:00,0.00012205849613898198,637.7776528838974
2021-02-02 00:00:00+00:00,0.00016797333684978193,643.1319921579199
2021-02-02 04:00:00+00:00,0.00011438498161340095,646.3976886994973
2021-02-02 08:00:00+00:00,0.00014357458478092967,649.5985320776239
2021-02-02 12:00:00+00:00,0.00024480230820697916,655.5897053877351
2021-02-02 16:00:00+00:00,0.00019151638835235077,657.4914922136562
2021-02-02 20:00:00+00:00,0.00014618488561881976,656.6405786363936
2021-02-03 00:00:00+00:00,0.00011051222514298654,656.9451977748653
2021-02-03 04:00:00+00:00,0.00025927211820672686,658.6001002360507
2021-02-03 08:00:00+00:00,0.0002071286476380035,658.3267886407549
2021-02-03 12:00:00+00:00,0.00022237907517862237,659.566481356814
2021-02-03 16:00:00+00:00,5.1223363264685674e-05,657.0915188677226
2021-02-03 20:00:00+00:00,0.0002430821072557942,651.4753106176028
2021-02-04 00:00:00+00:00,0.00020155053031160091,657.6796218701472
2021-02-04 04:00:00+00:00,0.00010235225339841312,660.8099647296929
2021-02-04 08:00:00+00:00,0.00022867926560303595,662.402993843759
2021-02-04 12:00:00+00:00,0.00015053782383496342,664.5732882237193
2021-02-04 16:00:00+00:00,0.00022389783934961631,663.2660867600548
2021-02-04 20:00:00+00:00,0.00022965092054659075,665.9312571284512
2021-02-05 00:00:00+00:00,0.0002293216048329231,666.5760339054862
2021-02-05 04:00:00+00:00,0.00021607251946445272,667.5556090250768
2021-02-05 08:00:00+00:00,0.00017363237016368183,667.9367382570039
2021-02-05 12:00:00+00:00,0.00018281872546831483,670.2196052981682
2021-02-05 16:00:00+00:00,0.0001353762238741629,674.1174192320581
2021-02-05 20:00:00+00:00,0.00011485411427565739,670.3552320741031
2021-02-06 00:00:00+00:00,0.0001212850497982848,469.2486624518722
2021-02-06 04:00:00+00:00,0.00012123276248417719,469.4160316537424
2021-02-06 08:00:00+00:00,4.098245860180742e-05,466.20077517974033
2021-02-06 12:00:00+00:00,0.00014089004002478182,464.03953795597727
2021-02-06 16:00:00+00:00,0.00016845227354034625,466.3607472115697
2021-02-06 20:00:00+00:00,9.3674807735305e-05,470.1629258394587
2021-02-07 00:00:00+00:00,9.313596706454592e-05,473.9788625867039
2021-02-07 04:00:00+00:00,3.067603916710568e-05,472.54580128940376
2021-02-07 08:00:00+00:00,5.552550382811011e-05,470.4052276063202
2021-02-07 12:00:00+00:00,0.00015909007340499765,474.41771822724405
2021-02-07 16:00:00+00:00,8.823674090239564e-05,477.06845777381557
2021-02-07 20:00:00+00:00,0.00013662129077780607,477.497166537692
2021-02-08 00:00:00+00:00,0.00015887290121499717,480.7119159147205
2021-02-08 04:00:00+00:00,0.00022991754480819365,481.8243797825693
2021-02-08 08:00:00+00:00,0.00014220750529602322,482.37105890401597
2021-02-08 12:00:00+00:00,0.0001661029996511918,480.2667659892749
2021-02-08 16:00:00+00:00,0.00018497367990576646,480.15236987539015
2021-02-08 20:00:00+00:00,0.0001794775730921243,481.1725422429912
2021-02-09 00:00:00+00:00,0.0002401960114753513,485.93442892362845
2021-02-09 04:00:00+00:00,0.00023192860252370468,483.0362038827884
2021-02-09 08:00:00+00:00,0.0001901233159167999,484.7140636391628
2021-02-09 12:00:00+00:00,0.00015221498534275118,482.8397427739056
2021-02-09 16:00:00+00:00,0.00024637800344908174,479.7911445480685
2021-02-09 20:00:00+00:00,0.00015205202345625914,476.9189708611368
2021-02-10 00:00:00+00:00,0.0001026313808085441,479.39744059992637
2021-02-10 04:00:00+00:00,0.00013708232303154922,479.2218013310012
2021-02-10 08:00:00+00:00,0.0001285559640424635,479.13430500730715
2021-02-10 12:00:00+00:00,0.00014579656857947906,335.39401350511497
2021-02-10 16:00:00+00:00,0.00015223174808984383,337.47277504583354
2021-02-10 20:00:00+00:00,0.00017467492466549585,339.0459227252036
2021-02-11 00:00:00+00:00,0.000206106752011654,340.8969845144915
2021-02-11 04:00:00+00:00,0.00018204650423466574,341.84104927178964
2021-02-11 08:00:00+00:00,0.00014975627933845742,341.9520114632131
2021-02-11 12:00:00+00:00,0.0001605665590918412,342.28916151512567
2021-02-11 16:00:00+00:00,0.0001351198483402991,341.3865376520066
2021-02-11 20:00:00+00:00,0.0001984242508528722,340.6665531367163
2021-02-12 00:00:00+00:00,0.00014862784398068986,342.1672327431142
2021-02-12 04:00:00+00:00,0.00014521231280613124,341.48352625216296
2021-02-12 08:00:00+00:00,0.00017679291414243105,343.6428577694972
2021-02-12 12:00:00+00:00,0.0001057600666922625,344.7887766471947
2021-02-12 16:00:00+00:00,0.00016441254954504593,343.7524439353789
2021-02-12 20:00:00+00:00,1.9386575084531442e-05,345.0354669995562
2021-02-13 00:00:00+00:00,0.00012683444693632954,345.3229106265684
2021-02-13 04:00:00+00:00,9.5524769055578e-05,345.1392521752176
2021-02-13 08:00:00+00:00,8.406628229974028e-05,348.57212291098676
2021-02-13 12:00:00+00:00,0.00011642446165705061,349.82566549085726
2021-02-13 16:00:00+00:00,5.8289130041340154e-05,352.90659956914936
2021-02-13 20:00:00+00:00,7.459397602955276e-05,350.33021798362245
2021-02-14 00:00:00+00:00,0.00010839875037842906,349.6798509232343
2021-02-14 04:00:00+00:00,0.00012034382675125654,348.55084305561826
2021-02-14 08:00:00+00:00,5.4773078867883604e-05,346.08450286328565
2021-02-14 12:00:00+00:00,-1.9284323022968095e-05,344.44550204039314
2021-02-14 16:00:00+00:00,5.999285795356689e-05,347.23818370899625
2021-02-14 20:00:00+00:00,5.80588471871712e-05,348.2106018474565
2021-02-15 00:00:00+00:00,0.00010560369979129009,243.7474212932195
2021-02-15 04:00:00+00:00,0.00014727608524821542,243.67346413172032
2021-02-15 08:00:00+00:00,0.00011915935535230154,243.30906624879768
2021-02-15 12:00:00+00:00,5.9414305142871715e-05,242.72841110505902
2021-02-15 16:00:00+00:00,0.00013239651564678478,243.85403476163512
2021-02-15 20:00:00+00:00,4.1391041260831676e-05,245.26065204409036
2021-02-16 00:00:00+00:00,0.00019461383077951859,247.0061426008885
2021-02-16 04:00:00+00:00,0.00013944276175914953,246.87614086344325
2021-02-16 08:00:00+00:00,4.9569166254118504e-05,248.82923471896498
2021-02-16 12:00:00+00:00,0.00010201531284000384,250.28875758476056
2021-02-16 16:00:00+00:00,0.0001643714054756233,250.24673024553107
2021-02-16 20:00:00+00:00,3.515514280743365e-05,253.03725675481672
2021-02-17 00:00:00+00:00,8.067559241818537e-05,177.1260797283717
2021-02-17 04:00:00+00:00,4.0210714335869295e-05,177.2743633003635
2021-02-17 08:00:00+00:00,0.00011944599960455959,177.19414688981726
2021-02-17 12:00:00+00:00,0.00010393478952704574,177.27462892148546
2021-02-17 16:00:00+00:00,3.328462233699469e-05,179.337799601204
2021-02-17 20:00:00+00:00,4.3325701380390544e-05,181.24470100683402
2021-02-18 00:00:00+00:00,4.8107032260883654e-05,181.03899679924646
2021-02-18 04:00:00+00:00,7.101927256978074e-05,181.13626165027628
2021-02-18 08:00:00+00:00,2.1189189304111127e-05,179.84735212007828
2021-02-18 12:00:00+00:00,0.00016005956145045538,179.12322451220112
2021-02-18 16:00:00+00:00,0.00010004177640179421,179.47002035142907
2021-02-18 20:00:00+00:00,0.00013146574944838615,179.8138460416644
2021-02-19 00:00:00+00:00,0.00017998043149408392,179.0013715823285
2021-02-19 04:00:00+00:00,0.00023801560972211064,177.9334275084482
2021-02-19 08:00:00+00:00,0.00012653677318424323,179.53918841079974
2021-02-19 12:00:00+00:00,0.00020330040737713876,178.51329069765498
2021-02-19 16:00:00+00:00,0.00025008803032107923,178.18956986350187
2021-02-19 20:00:00+00:00,0.00032030025805608765,178.22541026112842
2021-02-20 00:00:00+00:00,0.00020214624381766078,178.30893699448325
2021-02-20 04:00:00+00:00,0.00017175348028357053,178.6057984519761
2021-02-20 08:00:00+00:00,0.00019792214787201824,180.05566130698466
2021-02-20 12:00:00+00:00,0.0001959770957904193,180.9365597591178
2021-02-20 16:00:00+00:00,0.00011804075608506264,180.95572842433222
2021-02-20 20:00:00+00:00,0.0001586837477980689,181.05807821352465
2021-02-21 00:00:00+00:00,0.00018889096993268017,181.73624846115823
2021-02-21 04:00:00+00:00,6.185542004956616e-05,181.96122226498593
2021-02-21 08:00:00+00:00,0.00018335855525158804,184.74718073817624
2021-02-21 12:00:00+00:00,0.00013616248984490206,185.41642053279986
2021-02-21 16:00:00+00:00,5.605943752362905e-05,185.20928988824303
2021-02-21 20:00:00+00:00,7.655652465682463e-05,186.27501030722544
2021-02-22 00:00:00+00:00,3.284688857761786e-05,130.3925072150578
2021-02-22 04:00:00+00:00,0.0001299816829451303,130.63147996156252
2021-02-22 08:00:00+00:00,0.00011088455019139855,91.44203597309375
2021-02-22 12:00:00+00:00,8.341555673637125e-05,91.50101576325157
2021-02-22 16:00:00+00:00,0.00023603492346595446,91.76995665053515
2021-02-22 20:00:00+00:00,0.00024163223992492545,92.21994428840738
2021-02-23 00:00:00+00:00,0.00021697817058391813,92.3359727707073
2021-02-23 04:00:00+00:00,0.000218820950855716,64.6351809394951
2021-02-23 08:00:00+00:00,0.00022689855075864074,64.55029379917205
2021-02-23 12:00:00+00:00,0.0003170878818836707,64.91657977157425
2021-02-23 16:00:00+00:00,0.0002488758292479728,45.44160584010197
2021-02-23 20:00:00+00:00,0.0002359156116818098,44.895534733175516
2021-02-24 00:00:00+00:00,0.00027737264368573434,44.513120976185846
2021-02-24 04:00:00+00:00,0.0002942738596687791,44.17120816512217
2021-02-24 08:00:00+00:00,0.0003308163571052548,44.09000272213609
2021-02-24 12:00:00+00:00,0.0002909770170748252,43.90950558023325
2021-02-24 16:00:00+00:00,0.0002078796389855868,44.04792684753535
2021-02-24 20:00:00+00:00,9.617701808880186e-05,44.11391438405859
2021-02-25 00:00:00+00:00,0.00019414750578468316,44.359182920817254
2021-02-25 04:00:00+00:00,0.00021529944296518687,44.201201151289304
2021-02-25 08:00:00+00:00,0.0001831762723188358,44.174769001593084
2021-02-25 12:00:00+00:00,0.00021910004091484328,43.8341170616922
2021-02-25 16:00:00+00:00,0.0001380702329036645,30.683881943184534
2021-02-25 20:00:00+00:00,5.887910467172513e-05,21.478717360229172
2021-02-26 00:00:00+00:00,6.136548690097309e-05,21.43552171495899
2021-02-26 04:00:00+00:00,-9.362521025683965e-06,15.004865200471293
2021-02-26 08:00:00+00:00,2.2626758378549653e-05,15.045059695612991
2021-02-26 12:00:00+00:00,8.824581245395086e-05,15.244350864574022
2021-02-26 16:00:00+00:00,9.915889023670772e-05,15.208775150230549
2021-02-26 20:00:00+00:00,4.9561524483916254e-05,10.646142605161383
2021-02-27 00:00:00+00:00,-5.449226159264745e-06,10.771403923451132
2021-02-27 04:00:00+00:00,9.641452696360898e-05,10.887600155411292
2021-02-27 08:00:00+00:00,1.223130793462883e-05,10.891216902908964
2021-02-27 12:00:00+00:00,-3.9263321876953646e-05,10.811991802822638
2021-02-27 16:00:00+00:00,-1.1553316441160773e-05,10.82217203118167
2021-02-27 20:00:00+00:00,0.00017123913376664767,10.797750177712217
2021-02-28 00:00:00+00:00,-1.1690341563495794e-05,7.558425124398552
2021-02-28 04:00:00+00:00,0.00013667832201800752,7.58074452946686
2021-02-28 08:00:00+00:00,0.0001391665037145072,7.569396915497833
2021-02-28 12:00:00+00:00,-2.490397684949771e-05,5.298577840848483
2021-02-28 16:00:00+00:00,5.940285340268969e-05,5.336225764677794
2021-02-28 20:00:00+00:00,0.00016704706902708795,5.370171163927928
2021-03-01 00:00:00+00:00,6.985669521106767e-05,5.372774672360406
2021-03-01 04:00:00+00:00,0.00020372334573848136,5.373269489527378
2021-03-01 08:00:00+00:00,0.000117532046521702,5.365382839724122
2021-03-01 12:00:00+00:00,0.00017040018734397177,5.349749460615383
2021-03-01 16:00:00+00:00,0.00013251721306557977,5.334637275803357
2021-03-01 20:00:00+00:00,0.00013063574423702638,5.305127802579472
2021-03-02 00:00:00+00:00,0.00016798563636348225,5.316530882445833
2021-03-02 04:00:00+00:00,0.00013377345119141074,5.379027886241724
2021-03-02 08:00:00+00:00,0.000218160298159013,5.402807319417825
2021-03-02 12:00:00+00:00,0.00021949350274273792,5.4386508290305855
2021-03-02 16:00:00+00:00,0.0001631960956828861,3.8070555803214097
2021-03-02 20:00:00+00:00,0.00011085422126548232,3.7783706722214765
2021-03-03 00:00:00+00:00,2.7758279534940335e-06,3.761756362378804
2021-03-03 04:00:00+00:00,7.840462597964941e-05,3.7753885365897437
2021-03-03 08:00:00+00:00,-3.5348880435435645e-05,3.7999663515501014
2021-03-03 12:00:00+00:00,0.00016013284778875094,3.7730226586824784
2021-03-03 16:00:00+00:00,0.0001496041481175724,3.743391107498596
2021-03-03 20:00:00+00:00,9.364169741170322e-05,3.7073019608947746
2021-03-04 00:00:00+00:00,8.008851762691371e-05,3.735145069365156
2021-03-04 04:00:00+00:00,2.0126896228919373e-05,3.730145625823537
2021-03-04 08:00:00+00:00,3.0509234396408406e-05,3.7431921413227167
2021-03-04 12:00:00+00:00,7.459362513421313e-05,3.7479627617002116
2021-03-04 16:00:00+00:00,0.00015118942068609228,3.767637882615861
2021-03-04 20:00:00+00:00,8.932184019396569e-05,3.729114152891808
2021-03-05 00:00:00+00:00,5.812895454960135e-05,3.7260426676289624
2021-03-05 04:00:00+00:00,0.00010745138354194407,3.7191086068896295
2021-03-05 08:00:00+00:00,-4.892114000155297e-05,3.7192415516887074
2021-03-05 12:00:00+00:00,2.6560208520280507e-05,3.722357159271661
2021-03-05 16:00:00+00:00,9.265792746692323e-05,3.7479166413796174
2021-03-05 20:00:00+00:00,2.129959963275205e-05,3.7666628962935094
2021-03-06 00:00:00+00:00,-5.293188421962509e-05,3.723175030605051
2021-03-06 04:00:00+00:00,4.884086079983712e-05,3.741474113301368
2021-03-06 08:00:00+00:00,0.0001345357821177372,3.767263408765427
2021-03-06 12:00:00+00:00,0.00012360044492382876,3.786227728443799
2021-03-06 16:00:00+00:00,0.00010820126159133256,3.8177396783825928
2021-03-06 20:00:00+00:00,0.00013066510054778556,3.8210319355821007
2021-03-07 00:00:00+00:00,0.00019385534053600726,3.822878142648729
2021-03-07 04:00:00+00:00,1.114793124752749e-05,3.834443811720834
2021-03-07 08:00:00+00:00,0.00011408319642466946,3.811066678041545
2021-03-07 12:00:00+00:00,0.00010310128965880771,3.818469285355826
2021-03-07 16:00:00+00:00,0.00013287574082520955,3.8320299060551393
2021-03-07 20:00:00+00:00,8.858175536819589e-05,3.830055947468689
2021-03-08 00:00:00+00:00,8.855363813134099e-05,3.856359807670918
2021-03-08 04:00:00+00:00,0.00012695090297436991,3.8809887644226397
2021-03-08 08:00:00+00:00,0.00012523934905726283,3.8940620351425195
2021-03-08 12:00:00+00:00,0.00010331432069550212,3.9166821318857115
2021-03-08 16:00:00+00:00,0.0001674860680785319,3.898806263365717
2021-03-08 20:00:00+00:00,0.00024097308584187062,3.86876452018721
2021-03-09 00:00:00+00:00,0.00017669163707546425,3.8531976824919036
2021-03-09 04:00:00+00:00,0.00017917359545735918,3.8575019204671377
2021-03-09 08:00:00+00:00,4.541471927571239e-05,3.851145384711793
2021-03-09 12:00:00+00:00,0.00012235657169810905,3.849586322072035
2021-03-09 16:00:00+00:00,0.00021154464789494912,3.843451743357135
2021-03-09 20:00:00+00:00,0.00017543837582769295,3.812715323044162
2021-03-10 00:00:00+00:00,0.00013827223057520074,3.794590312829952
2021-03-10 04:00:00+00:00,0.0001638012601765963,3.803204959525059
2021-03-10 08:00:00+00:00,0.00012738961698724165,3.84618570697117
2021-03-10 12:00:00+00:00,0.0001722921803245733,3.8458081311967014
2021-03-10 16:00:00+00:00,0.0002079460203151745,3.824970725024341
2021-03-10 20:00:00+00:00,9.762401487193547e-05,3.839893870750877
2021-03-11 00:00:00+00:00,7.16113749794872e-05,3.843563480227089
2021-03-11 04:00:00+00:00,7.214987654777957e-05,3.849598605070484
2021-03-11 08:00:00+00:00,0.00010891931649859252,3.8457934642379037
2021-03-11 12:00:00+00:00,0.0001170912166209504,3.8651010056420314
2021-03-11 16:00:00+00:00,0.00014432059949131437,3.8526831221607534
2021-03-11 20:00:00+00:00,9.91064273885939e-05,3.862298126273389
2021-03-12 00:00:00+00:00,0.00021146358855075032,3.867728899683462
2021-03-12 04:00:00+00:00,0.00020089872478855255,3.907744228481594
2021-03-12 08:00:00+00:00,0.0001298234760972959,3.926374910877299
2021-03-12 12:00:00+00:00,0.0001802303716174357,3.949852182543263
2021-03-12 16:00:00+00:00,7.500334610627625e-05,2.764896527780284
2021-03-12 20:00:00+00:00,0.0001455115517286349,2.7720957583256176
2021-03-13 00:00:00+00:00,0.0001408322795069819,2.8016888112393694
2021-03-13 04:00:00+00:00,0.00022668445109013307,2.7987690146092765
2021-03-13 08:00:00+00:00,6.726104421173818e-05,2.814869992254268
2021-03-13 12:00:00+00:00,0.0001607580446505458,2.847562042496863
2021-03-13 16:00:00+00:00,0.0001282288769224778,2.845208429990323
2021-03-13 20:00:00+00:00,2.8140760729223963e-05,2.846060725192575
2021-03-14 00:00:00+00:00,0.00014987468415888854,2.8465625956569007
2021-03-14 04:00:00+00:00,5.455430654433852e-05,2.850711513456059
2021-03-14 08:00:00+00:00,6.011050482103773e-05,2.8484261231976684
2021-03-14 12:00:00+00:00,0.00011431967812970575,2.84114719266203
2021-03-14 16:00:00+00:00,0.00014577390157629878,2.810273803708107
2021-03-14 20:00:00+00:00,6.355931910202493e-05,2.8092697420256667
2021-03-15 00:00:00+00:00,9.641107924694116e-05,2.8025041593801494
2021-03-15 04:00:00+00:00,0.00010581570982496063,1.9617529115661045
2021-03-15 08:00:00+00:00,0.00011578025265203304,1.9641139466585105
2021-03-15 12:00:00+00:00,0.00012720826014055086,1.969369945718917
2021-03-15 16:00:00+00:00,0.00016427093424037064,1.9655231366754207
2021-03-15 20:00:00+00:00,0.00010520954919747889,1.9864317753967564
2021-03-16 00:00:00+00:00,6.365314827425742e-05,1.9977036108032469
2021-03-16 04:00:00+00:00,0.00012690815258431436,1.9943142913251888
2021-03-16 08:00:00+00:00,7.133310196282908e-05,2.006112868753328
2021-03-16 12:00:00+00:00,4.774934345510067e-05,2.0049774308585526
2021-03-16 16:00:00+00:00,0.00010547446401757033,1.996712437621703
2021-03-16 20:00:00+00:00,9.73687512593439e-05,1.9911060103495255
2021-03-17 00:00:00+00:00,2.3447304957377738e-05,1.9736930498535035
2021-03-17 04:00:00+00:00,0.0001357879601137911,1.9709345083191736
2021-03-17 08:00:00+00:00,5.8943717517333114e-05,1.9702400723565792
2021-03-17 12:00:00+00:00,4.8582562493500925e-05,1.9759529931092144
2021-03-17 16:00:00+00:00,-5.552490721367547e-07,1.979598210441844
2021-03-17 20:00:00+00:00,0.00011465500062126388,1.9879899973705566
2021-03-18 00:00:00+00:00,9.63776427359976e-05,1.9986534079459926
2021-03-18 04:00:00+00:00,0.0001376408930348369,1.9969750849569001
2021-03-18 08:00:00+00:00,8.869179410820099e-05,1.9958553597038593
2021-03-18 12:00:00+00:00,0.0001214512798461499,2.0043567530046853
2021-03-18 16:00:00+00:00,0.00015286690939150677,2.015192631532385
2021-03-18 20:00:00+00:00,0.0001271657096639467,2.013452836777468
2021-03-19 00:00:00+00:00,0.00012376119443274495,2.0146691766121503
2021-03-19 04:00:00+00:00,0.00011764864982514273,2.004089506475435
2021-03-19 08:00:00+00:00,0.00011558084503213834,1.996460956633881
2021-03-19 12:00:00+00:00,0.00010345229318767874,1.9782116466197555
2021-03-19 16:00:00+00:00,0.0001433463483056677,1.9682987370865723
2021-03-19 20:00:00+00:00,0.00014385425855315345,1.9756513799020907
2021-03-20 00:00:00+00:00,7.523881428737066e-05,1.9865915780613144
2021-03-20 04:00:00+00:00,0.00013828714589266594,1.9905229891851683
2021-03-20 08:00:00+00:00,0.00018537688657429315,1.9979212090626046
2021-03-20 12:00:00+00:00,0.00014129085769479274,1.9812887364073297
2021-03-20 16:00:00+00:00,0.00015458210625332266,1.9647291574924948
2021-03-20 20:00:00+00:00,0.0001251022569619039,1.9611281761708987
2021-03-21 00:00:00+00:00,7.643625282195385e-05,1.9722287131147456
2021-03-21 04:00:00+00:00,-0.00011220734652233312,1.9798430100410143
2021-03-21 08:00:00+00:00,4.3184012663255974e-05,1.9819967773113534
2021-03-21 12:00:00+00:00,0.0001595290598769808,1.9735056549029661
2021-03-21 16:00:00+00:00,4.0071603446873494e-05,1.9664430743070647
2021-03-21 20:00:00+00:00,0.0001460514708078689,1.9740611458197606
2021-03-22 00:00:00+00:00,9.786092479265083e-05,1.9824938192428303
2021-03-22 04:00:00+00:00,0.00019970588753911756,2.0047884727593592
2021-03-22 08:00:00+00:00,0.00022368417075015098,1.9975086268016895
2021-03-22 12:00:00+00:00,0.00018590607409116179,1.9928604666227305
2021-03-22 16:00:00+00:00,0.00016957286740795625,1.9899237850177511
2021-03-22 20:00:00+00:00,0.00011115315507137367,1.984559865175065
2021-03-23 00:00:00+00:00,0.00021627533157413817,1.9985922820180204
2021-03-23 04:00:00+00:00,0.00016362930233396514,1.9935533000175234
2021-03-23 08:00:00+00:00,6.23535131597019e-05,2.0075297928000246
2021-03-23 12:00:00+00:00,0.0001245037336329377,1.9946795807253022
2021-03-23 16:00:00+00:00,0.00017387415411097354,2.0122985842078713
2021-03-23 20:00:00+00:00,7.324373446556968e-05,2.015585587953169
2021-03-24 00:00:00+00:00,4.0086020259229714e-05,2.0154233465621285
2021-03-24 04:00:00+00:00,5.298332403668353e-05,2.012519292017679
2021-03-24 08:00:00+00:00,0.00010026120513927558,2.0269521177498957
2021-03-24 12:00:00+00:00,4.736178854001944e-05,2.0304149105765035
2021-03-24 16:00:00+00:00,0.00011430948949271412,2.027926215871308
2021-03-24 20:00:00+00:00,2.9311793688791147e-05,1.4195483511099154
2021-03-25 00:00:00+00:00,0.00015546297400282315,1.4142370315074757
2021-03-25 04:00:00+00:00,0.00012076421424134302,1.4090632180088547
2021-03-25 08:00:00+00:00,3.4090069924578288e-06,1.4113611052536135
2021-03-25 12:00:00+00:00,-1.683716008978928e-05,1.421897069247485
2021-03-25 16:00:00+00:00,4.839876303643455e-05,1.4329679406823561
2021-03-25 20:00:00+00:00,0.0001435516852806433,1.4398818729202547
2021-03-26 00:00:00+00:00,9.676403718707453e-05,1.4274782691814012
2021-03-26 04:00:00+00:00,7.286567080813842e-05,1.4250271319800347
2021-03-26 08:00:00+00:00,4.479017348172651e-05,1.4161039092649415
2021-03-26 12:00:00+00:00,4.1725964937204654e-05,1.4074160625314047
2021-03-26 16:00:00+00:00,4.44994605969417e-05,1.4044857939019764
2021-03-26 20:00:00+00:00,7.529520606792235e-05,1.4118800107618248
2021-03-27 00:00:00+00:00,0.00015327250430561382,1.4134948211836547
2021-03-27 04:00:00+00:00,0.00013277086689921923,1.426414767461803
2021-03-27 08:00:00+00:00,0.00012444682670629279,1.4246154698106734
2021-03-27 12:00:00+00:00,0.00020849113224468162,1.4041532711171247
2021-03-27 16:00:00+00:00,0.0002388153102577748,1.405511364814735
2021-03-27 20:00:00+00:00,0.00023969555357910254,1.4022035698033697
2021-03-28 00:00:00+00:00,0.0002153213364948368,1.4108589076939597
2021-03-28 04:00:00+00:00,0.000204520757945955,1.4158549601091441
2021-03-28 08:00:00+00:00,0.0002516507588633536,1.4217211850426155
2021-03-28 12:00:00+00:00,0.00027496456854200893,1.412212930393063
2021-03-28 16:00:00+00:00,0.0001666109765327675,1.4036422382281488
2021-03-28 20:00:00+00:00,0.00015349900103096896,1.401157061356167
2021-03-29 00:00:00+00:00,0.0002025062772194566,1.4106045015113222
2021-03-29 04:00:00+00:00,0.0001447477570792517,1.4059844089780948
2021-03-29 08:00:00+00:00,0.00013542863434214085,1.4034866587164156
2021-03-29 12:00:00+00:00,0.0001061826813788773,1.4125424911413944
2021-03-29 16:00:00+00:00,0.0001682015245945621,1.4095143713387317
2021-03-29 20:00:00+00:00,0.00015343908323511623,1.4113162404964266
2021-03-30 00:00:00+00:00,0.00021181837292376623,1.4174101472551939
2021-03-30 04:00:00+00:00,0.00021619484571676375,1.4319533879136848
2021-03-30 08:00:00+00:00,0.00017058663627163181,1.4369019192438128
2021-03-30 12:00:00+00:00,4.513039923353601e-05,1.005831343470669
2021-03-30 16:00:00+00:00,7.900698958762428e-05,1.0121169723707433
2021-03-30 20:00:00+00:00,8.658169294262577e-05,1.009861316208951
2021-03-31 00:00:00+00:00,0.00011418404953003203,1.0035911413272967
2021-03-31 04:00:00+00:00,3.9394823451447684e-05,1.0070780735305078
2021-03-31 08:00:00+00:00,0.00017105088361623656,1.0066578142825169
2021-03-31 12:00:00+00:00,2.1358789487140638e-05,1.0075113918324465
2021-03-31 16:00:00+00:00,7.855504308536204e-05,1.0116636794165876
2021-03-31 20:00:00+00:00,0.0001965927199766964,1.0153753616742858
2021-04-01 00:00:00+00:00,5.611906016368775e-05,1.012823122085725
2021-04-01 04:00:00+00:00,6.008022996365262e-05,1.014664334137437
2021-04-01 08:00:00+00:00,9.401931578599313e-05,1.011444402549531
2021-04-01 12:00:00+00:00,9.411772675729355e-05,1.0102641755532367
2021-04-01 16:00:00+00:00,9.975288227639877e-05,1.0058832093247694
2021-04-01 20:00:00+00:00,0.00010643930122419315,1.0224092364638406
2021-04-02 00:00:00+00:00,-3.98878405415397e-05,1.0163286800240021
2021-04-02 04:00:00+00:00,4.7071218354693664e-05,1.0170048710488853
2021-04-02 08:00:00+00:00,7.563074596371934e-05,1.0294122314852436
2021-04-02 12:00:00+00:00,0.0001052329380738681,1.0269382336549808
2021-04-02 16:00:00+00:00,-3.9740696828060175e-05,1.0275048705566505
2021-04-02 20:00:00+00:00,9.695808031322297e-05,1.032034139978946
2021-04-03 00:00:00+00:00,0.00014679589207550154,1.0383240585265934
2021-04-03 04:00:00+00:00,3.0260033367905412e-05,1.038647508235744
2021-04-03 08:00:00+00:00,0.00015139330934192446,1.0390443964888767
2021-04-03 12:00:00+00:00,0.00012331522477531678,0.7273310775422136
2021-04-03 16:00:00+00:00,7.676315178219358e-05,0.7280980359573316
2021-04-03 20:00:00+00:00,0.00020757797993484932,0.7334454266660507
2021-04-04 00:00:00+00:00,0.00017497089885740662,0.7320123473550454
2021-04-04 04:00:00+00:00,0.0002783096466789022,0.7351024015972908
2021-04-04 08:00:00+00:00,0.0002835131405529839,0.7372105278881955
2021-04-04 12:00:00+00:00,0.0002581664092560813,0.7367565018621041
2021-04-04 16:00:00+00:00,0.0001822630071134924,0.7396348543521334
2021-04-04 20:00:00+00:00,0.00017273419407089902,0.7393739123434435
2021-04-05 00:00:00+00:00,0.00022841814731729208,0.7371781922074929
2021-04-05 04:00:00+00:00,0.00012024214845753636,0.7355419447692237
2021-04-05 08:00:00+00:00,0.00010583140806798898,0.7435800394382744
2021-04-05 12:00:00+00:00,0.00013640304864999376,0.7421069360336577
2021-04-05 16:00:00+00:00,3.0287561303146486e-05,0.7433599949614733
2021-04-05 20:00:00+00:00,0.0001532061882267347,0.7472448197262819
2021-04-06 00:00:00+00:00,0.00013000369333219996,0.7518845799007818
2021-04-06 04:00:00+00:00,8.249552229944545e-05,0.7540534700700713
2021-04-06 08:00:00+00:00,4.837870450032055e-05,0.7519634002070363
2021-04-06 12:00:00+00:00,0.0001143851490060989,0.7553306671254054
2021-04-06 16:00:00+00:00,0.0001228168191733293,0.7545260515445177
2021-04-06 20:00:00+00:00,1.8500261875705405e-05,0.7660452066426733
2021-04-07 00:00:00+00:00,0.00012084780202731029,0.7658414338154047
2021-04-07 04:00:00+00:00,5.317997442794684e-05,0.7664870211182674
2021-04-07 08:00:00+00:00,0.00013847622091867865,0.5365409147827871
2021-04-07 12:00:00+00:00,0.00016459911223577506,0.5370710278939853
2021-04-07 16:00:00+00:00,0.00016396157568570138,0.5374270813241212
2021-04-07 20:00:00+00:00,0.00016745935507591643,0.5371256162107816
2021-04-08 00:00:00+00:00,0.00014843352918835018,0.5374068092009806
2021-04-08 04:00:00+00:00,0.00021876790383179259,0.5379361507538817
2021-04-08 08:00:00+00:00,0.00018213972958430104,0.5422032339912141
2021-04-08 12:00:00+00:00,0.0002908379523622536,0.538376408493325
2021-04-08 16:00:00+00:00,0.00014438858255319122,0.5393194996446503
2021-04-08 20:00:00+00:00,0.00020324319807540572,0.5427160832939071
2021-04-09 00:00:00+00:00,0.00015641955998536391,0.5456802754260571
2021-04-09 04:00:00+00:00,0.00013650413767725834,0.5430370591959968
2021-04-09 08:00:00+00:00,0.00022397788725861192,0.5412911832576949
2021-04-09 12:00:00+00:00,0.00015730873010508383,0.5416408215084749
2021-04-09 16:00:00+00:00,0.00022869357573916451,0.5392084899556278
2021-04-09 20:00:00+00:00,1.918766055959906e-05,0.5429770032244574
2021-04-10 00:00:00+00:00,0.00016536261926563764,0.5438072892054684
2021-04-10 04:00:00+00:00,0.00016736471148289761,0.546704096947451
2021-04-10 08:00:00+00:00,0.00014182101783292446,0.5505016683345338
2021-04-10 12:00:00+00:00,5.739317844890134e-05,0.5492057560488741
2021-04-10 16:00:00+00:00,0.00010620484662776329,0.553194103822961
2021-04-10 20:00:00+00:00,5.51943743040116e-05,0.5553418897777715
2021-04-11 00:00:00+00:00,0.0001885072416119004,0.5539559543143021
2021-04-11 04:00:00+00:00,4.818720487948746e-05,0.5540532776748003
2021-04-11 08:00:00+00:00,9.34656402654317e-05,0.5504498398983642
2021-04-11 12:00:00+00:00,0.0001377566809539099,0.5496379057534858
2021-04-11 16:00:00+00:00,0.0001529048758815828,0.5436065503602592
2021-04-11 20:00:00+00:00,0.00022537370340110064,0.54522588257414
2021-04-12 00:00:00+00:00,0.00015578001752173363,0.5454221914034192
2021-04-12 04:00:00+00:00,0.00011793008407092785,0.5448349129128193
2021-04-12 08:00:00+00:00,0.00018148933663833386,0.539839456929304
2021-04-12 12:00:00+00:00,0.00010991709502591097,0.5409277890581001
2021-04-12 16:00:00+00:00,0.00011325372889986911,0.5438227248228805
2021-04-12 20:00:00+00:00,0.0002092316559997303,0.5478712295594034
2021-04-13 00:00:00+00:00,9.826408290896978e-05,0.5450229644299476
2021-04-13 04:00:00+00:00,0.00013492266515201113,0.5428290166482899
2021-04-13 08:00:00+00:00,6.968774318948201e-05,0.5431062256130611
2021-04-13 12:00:00+00:00,0.00010233814308773522,0.5476287804329446
2021-04-13 16:00:00+00:00,4.20306295169052e-05,0.5492285735135524
2021-04-13 20:00:00+00:00,0.00012421186665218447,0.547395972277259
2021-04-14 00:00:00+00:00,4.683658746402429e-05,0.5489441236236023
2021-04-14 04:00:00+00:00,8.968204562516107e-05,0.5472468983300879
2021-04-14 08:00:00+00:00,5.7945466917164066e-05,0.5424554367111035
2021-04-14 12:00:00+00:00,3.960946280539102e-05,0.5417681393115251
2021-04-14 16:00:00+00:00,-2.1801037637379186e-05,0.542299589258105
2021-04-14 20:00:00+00:00,0.00012510837896707053,0.5404728819438245
2021-04-15 00:00:00+00:00,0.00014919722024522337,0.5415041254022868
2021-04-15 04:00:00+00:00,5.399969438665015e-05,0.548425572297278
2021-04-15 08:00:00+00:00,0.0001662414883074996,0.5503892442147345
2021-04-15 12:00:00+00:00,0.00012472495522162453,0.5560866153575278
2021-04-15 16:00:00+00:00,0.00011088838106815336,0.5546341017913515
2021-04-15 20:00:00+00:00,9.629909199992495e-05,0.5515359592789637
2021-04-16 00:00:00+00:00,0.00014749838948842117,0.550944034163129
2021-04-16 04:00:00+00:00,3.91618536290212e-05,0.5537569105377966
2021-04-16 08:00:00+00:00,2.961052618496106e-05,0.5476459180925073
2021-04-16 12:00:00+00:00,0.00016044560207872807,0.5520055123819501
2021-04-16 16:00:00+00:00,0.00010615598153866419,0.5554302610111576
2021-04-16 20:00:00+00:00,5.3205977913395663e-05,0.5606130570140745
2021-04-17 00:00:00+00:00,0.00016580819806281895,0.5617523520525366
2021-04-17 04:00:00+00:00,0.0001327211559246589,0.5622545501617798
2021-04-17 08:00:00+00:00,6.2294320674096e-05,0.5652389669600343
2021-04-17 12:00:00+00:00,0.00010467684221755726,0.5648452276150026
2021-04-17 16:00:00+00:00,2.1067483285045324e-05,0.5660228912381055
2021-04-17 20:00:00+00:00,-4.7720866707408707e-05,0.5666607398579394
2021-04-18 00:00:00+00:00,4.091172675876241e-07,0.39666251790055757
2021-04-18 04:00:00+00:00,0.0001336791766163834,0.3971840103457033
2021-04-18 08:00:00+00:00,8.486240218443192e-05,0.27802880724199225
2021-04-18 12:00:00+00:00,0.00013295884035507532,0.2784522745374901
2021-04-18 16:00:00+00:00,0.0002181427346481115,0.27804798034546097
2021-04-18 20:00:00+00:00,0.00019818277818896708,0.27816944811942956
2021-04-19 00:00:00+00:00,0.0001910727818057905,0.2796578190587761
2021-04-19 04:00:00+00:00,0.00023954032498616802,0.27906031864249053
2021-04-19 08:00:00+00:00,0.00022945235299510653,0.27833637609539524
2021-04-19 12:00:00+00:00,0.00022539900425914516,0.19483546326677667
2021-04-19 16:00:00+00:00,0.00020304507746105095,0.19543535202398143
2021-04-19 20:00:00+00:00,0.00028237089841533225,0.136804746416787
2021-04-20 00:00:00+00:00,0.00022987264562615418,0.13674391203454148
2021-04-20 04:00:00+00:00,4.1818139209557264e-05,0.13686898288744226
2021-04-20 08:00:00+00:00,0.00030272373082409533,0.13666242692224678
2021-04-20 12:00:00+00:00,0.00012407783369603397,0.13691912492217662
2021-04-20 16:00:00+00:00,0.00011885939484696084,0.13657903485798442
2021-04-20 20:00:00+00:00,9.569265670385393e-05,0.1367854677161806
2021-04-21 00:00:00+00:00,0.00010785394851934943,0.13716127589415691
2021-04-21 04:00:00+00:00,0.00014898534784176827,0.13797119928638032
2021-04-21 08:00:00+00:00,6.10308874588365e-05,0.13804539970062674
2021-04-21 12:00:00+00:00,0.00014325084570659957,0.1383163032658378
2021-04-21 16:00:00+00:00,8.022499206983923e-05,0.13950917150818729
2021-04-21 20:00:00+00:00,0.0001241464917024601,0.139673574912337
2021-04-22 00:00:00+00:00,0.00013616629370396275,0.13952643768286377
2021-04-22 04:00:00+00:00,0.00025787072791322036,0.1395161088860351
2021-04-22 08:00:00+00:00,0.00013269095883097954,0.13992576629610853
2021-04-22 12:00:00+00:00,0.00023664924177823872,0.14005224460791554
2021-04-22 16:00:00+00:00,0.00022554620102238683,0.1404981470049773
2021-04-22 20:00:00+00:00,0.00021731122724268992,0.1396609838862498
2021-04-23 00:00:00+00:00,0.0001545022864966088,0.09776268872037486
2021-04-23 04:00:00+00:00,8.532633434069656e-05,0.06843388210426239
2021-04-23 08:00:00+00:00,0.0001565929787441368,0.06803806629423968
2021-04-23 12:00:00+00:00,0.00011475292964610371,0.06860413752936867
2021-04-23 16:00:00+00:00,0.00020338937273101633,0.06827276642482763
2021-04-23 20:00:00+00:00,0.00013879280326996554,0.06786779492348397
2021-04-24 00:00:00+00:00,0.00011919998099624787,0.06771126370426847
2021-04-24 04:00:00+00:00,7.228248520256143e-05,0.06749995304378868
2021-04-24 08:00:00+00:00,9.53685977737035e-05,0.06744101513441611
2021-04-24 12:00:00+00:00,5.894317992889233e-05,0.0675833585064961
2021-04-24 16:00:00+00:00,3.301963302116375e-05,0.06835681427347512
2021-04-24 20:00:00+00:00,0.00015820352735331617,0.06814802462834924
2021-04-25 00:00:00+00:00,0.00014514832306841612,0.06791609493397574
2021-04-25 04:00:00+00:00,0.00022137771994625298,0.06833111095491416
2021-04-25 08:00:00+00:00,0.00013874334089239616,0.0683246836663106
2021-04-25 12:00:00+00:00,0.0002637224657465608,0.06850611188302055
2021-04-25 16:00:00+00:00,0.00018479265800395804,0.047954278318114385
2021-04-25 20:00:00+00:00,0.00010576098965261194,0.047790042860486916
2021-04-26 00:00:00+00:00,0.00019737092959582113,0.04829596920061508
2021-04-26 04:00:00+00:00,0.0001355036509031064,0.04867841492944123
2021-04-26 08:00:00+00:00,0.00012068942098409529,0.03407489045060886
2021-04-26 12:00:00+00:00,0.00034382622349554996,0.03418239201117746
2021-04-26 16:00:00+00:00,0.0001590498605160932,0.034278403045242226
2021-04-26 20:00:00+00:00,0.00012676331626836383,0.03447425269595897
2021-04-27 00:00:00+00:00,0.00014858188882530495,0.0342645283819007
2021-04-27 04:00:00+00:00,0.00019252815209036864,0.03457990963867014
2021-04-27 08:00:00+00:00,0.00011097375172324928,0.03478721085791721
2021-04-27 12:00:00+00:00,5.509309222805146e-05,0.03477316542924394
2021-04-27 16:00:00+00:00,0.00013480598799937588,0.03492899318377362
2021-04-27 20:00:00+00:00,4.438957695526649e-06,0.03464229951658003
2021-04-28 00:00:00+00:00,7.49850099414165e-05,0.03457073161927831
2021-04-28 04:00:00+00:00,0.0001364994835174561,0.03490341774990749
2021-04-28 08:00:00+00:00,9.832985502845011e-05,0.034930270727676155
2021-04-28 12:00:00+00:00,5.118389301120355e-05,0.03454289037159485
2021-04-28 16:00:00+00:00,0.00019665225152134348,0.0343935900494849
2021-04-28 20:00:00+00:00,0.00010660324875968395,0.0342427751572942
2021-04-29 00:00:00+00:00,1.8352519723707298e-05,0.03427961428149437
2021-04-29 04:00:00+00:00,8.559363636283935e-05,0.034479615165041944
2021-04-29 08:00:00+00:00,2.8973805932971132e-05,0.034552537748960874
2021-04-29 12:00:00+00:00,0.00015855092488819265,0.03437382113230901
2021-04-29 16:00:00+00:00,3.1342196371391064e-05,0.024061674792616304
2021-04-29 20:00:00+00:00,7.316324107645179e-05,0.024041597731522004
2021-04-30 00:00:00+00:00,0.0001331421158692038,0.024074493570816796
2021-04-30 04:00:00+00:00,0.00015690712153986942,0.024103705377335874
2021-04-30 08:00:00+00:00,3.0640776237909106e-05,0.02422199977849454
2021-04-30 12:00:00+00:00,7.813260310545589e-05,0.02436322747347047
2021-04-30 16:00:00+00:00,0.0001393579254831812,0.024311521617370713
2021-04-30 20:00:00+00:00,1.7513791176329322e-05,0.02425420615027937
2021-05-01 00:00:00+00:00,9.043079378310446e-05,0.02442627278323122
2021-05-01 04:00:00+00:00,0.00013653236795404435,0.024441267430928424
2021-05-01 08:00:00+00:00,1.913933068396719e-05,0.024387256907870497
2021-05-01 12:00:00+00:00,0.00014685015959761498,0.02430626052704205
2021-05-01 16:00:00+00:00,0.0001379607790432602,0.024313259072068383
2021-05-01 20:00:00+00:00,0.00024909720034128576,0.02438825892345937
2021-05-02 00:00:00+00:00,0.0001133206178240842,0.02444508539197091
2021-05-02 04:00:00+00:00,0.00011974172936073723,0.0244873037949003
2021-05-02 08:00:00+00:00,3.153105407621213e-05,0.024693493961020194
2021-05-02 12:00:00+00:00,0.00015701403304478162,0.024521714114387066
2021-05-02 16:00:00+00:00,0.000100918239279889,0.02467013022379673
2021-05-02 20:00:00+00:00,9.82078134197718e-05,0.024447858565456497
2021-05-03 00:00:00+00:00,0.00012956937344553324,0.0243676201691765
2021-05-03 04:00:00+00:00,0.00024667864117630184,0.024365841855525733
2021-05-03 08:00:00+00:00,0.00014184863867865998,0.024302413310709408
2021-05-03 12:00:00+00:00,4.856643862750147e-05,0.024231300441061556
2021-05-03 16:00:00+00:00,4.5782283298560815e-05,0.024278800191854473
2021-05-03 20:00:00+00:00,7.838328185172741e-05,0.02431366001187079
2021-05-04 00:00:00+00:00,7.62581798996607e-05,0.024367147232227417
2021-05-04 04:00:00+00:00,0.00011998889978634541,0.02433334928171602
2021-05-04 08:00:00+00:00,2.3152287545390955e-05,0.024310084733585452
2021-05-04 12:00:00+00:00,6.208854714408601e-05,0.017017059313509816
2021-05-04 16:00:00+00:00,9.659134524221235e-05,0.017055199408440986
2021-05-04 20:00:00+00:00,7.89284316399015e-05,0.017056911760436527
2021-05-05 00:00:00+00:00,0.00010042447075548925,0.017097614244109324
2021-05-05 04:00:00+00:00,8.201567082768066e-05,0.01710616777999873
2021-05-05 08:00:00+00:00,3.0943322253860334e-05,0.0171001959257419
2021-05-05 12:00:00+00:00,0.0001149172563791901,0.017055619084570376
2021-05-05 16:00:00+00:00,0.00011789653635503645,0.017161985470019275
2021-05-05 20:00:00+00:00,8.555311009141229e-05,0.01705216247945137
2021-05-06 00:00:00+00:00,0.000108576120488191,0.017119719623478608
2021-05-06 04:00:00+00:00,-2.6467176387078455e-05,0.017175465462709958
2021-05-06 08:00:00+00:00,0.0001329860440394701,0.017089743745519054
2021-05-06 12:00:00+00:00,6.402637232396327e-05,0.01702944430252787
2021-05-06 16:00:00+00:00,0.00010244250922138756,0.016900385000928272
2021-05-06 20:00:00+00:00,0.0001224410077515655,0.016919668774937353
2021-05-07 00:00:00+00:00,0.00011935585245499221,0.01693249920125605
2021-05-07 04:00:00+00:00,9.688153061696359e-05,0.01694380057032062
2021-05-07 08:00:00+00:00,6.175803088452165e-06,0.01703889001204116
2021-05-07 12:00:00+00:00,7.554951208446623e-06,0.017146340365763957
2021-05-07 16:00:00+00:00,4.7076069530139324e-05,0.017049484303548006
2021-05-07 20:00:00+00:00,7.581589939026825e-05,0.016935797070544652
2021-05-08 00:00:00+00:00,0.00010466260732282381,0.01699215680936742
2021-05-08 04:00:00+00:00,0.0001245168736169147,0.01705250176876694
2021-05-08 08:00:00+00:00,0.0001522430113645876,0.017211530988395198
2021-05-08 12:00:00+00:00,0.00012656489191820635,0.017241703006382964
2021-05-08 16:00:00+00:00,5.258674794530608e-05,0.017164909375861657
2021-05-08 20:00:00+00:00,0.00011697468155497355,0.017278382116423005
2021-05-09 00:00:00+00:00,7.150068630261378e-05,0.01738424708577047
2021-05-09 04:00:00+00:00,0.00015449990262831966,0.017378683013245553
2021-05-09 08:00:00+00:00,0.00018186930360380825,0.01725584351763859
2021-05-09 12:00:00+00:00,0.00013842110302932046,0.017330103179010493
2021-05-09 16:00:00+00:00,0.00020144857256745223,0.0173004010758638
2021-05-09 20:00:00+00:00,6.785947243929816e-05,0.017274452432390185
2021-05-10 00:00:00+00:00,6.28990665041409e-05,0.017203340536482977
2021-05-10 04:00:00+00:00,9.544003148641303e-05,0.017240668380367564
2021-05-10 08:00:00+00:00,-2.8047803476968457e-06,0.017264403516412234
2021-05-10 12:00:00+00:00,6.525336254791607e-05,0.017335992036006338
2021-05-10 16:00:00+00:00,9.170213850372307e-05,0.01732801990434772
2021-05-10 20:00:00+00:00,0.00010769480355072046,0.017257342223266886
2021-05-11 00:00:00+00:00,7.733714731744163e-05,0.012080139556286819
2021-05-11 04:00:00+00:00,8.077728285351473e-05,0.012069140153167996
2021-05-11 08:00:00+00:00,7.026549491807142e-05,0.012053468076444463
2021-05-11 12:00:00+00:00,0.00017388052441552788,0.01206403983945109
2021-05-11 16:00:00+00:00,-2.384490464695384e-05,0.012091158033434376
2021-05-11 20:00:00+00:00,0.00015536837286281597,0.012056167130970191
2021-05-12 00:00:00+00:00,0.00010689289483265805,0.012064921167027277
2021-05-12 04:00:00+00:00,9.988449216813945e-05,0.012089752985221401
2021-05-12 08:00:00+00:00,0.00016303404412150668,0.012169023166509457
2021-05-12 12:00:00+00:00,0.00014879012112262657,0.012176748818731186
2021-05-12 16:00:00+00:00,0.00012063319736114726,0.00852372417311183
2021-05-12 20:00:00+00:00,0.00011043152769202126,0.008467928066572638
2021-05-13 00:00:00+00:00,0.00014052608181632198,0.008460168099880237
2021-05-13 04:00:00+00:00,0.00013652192850183674,0.008438028262113227
2021-05-13 08:00:00+00:00,0.00014020468923301113,0.005906619783479259
2021-05-13 12:00:00+00:00,5.702078949837469e-05,0.0059659124310343405
2021-05-13 16:00:00+00:00,3.0304003539889844e-05,0.004176138701724038
2021-05-13 20:00:00+00:00,9.853495156670246e-05,0.004163327893277246
2021-05-14 00:00:00+00:00,7.447241749713547e-05,0.004127898380322141
2021-05-14 04:00:00+00:00,0.00010465386276603246,0.00416645229004637
2021-05-14 08:00:00+00:00,-3.8031106237984727e-06,0.004179602550302384
2021-05-14 12:00:00+00:00,3.184793039479217e-05,0.004200396885064287
2021-05-14 16:00:00+00:00,9.679539865215565e-05,0.004249404849635075
2021-05-14 20:00:00+00:00,0.00010567953214460795,0.004264805030099994
2021-05-15 00:00:00+00:00,0.00010539756986117353,0.0042962438754478955
2021-05-15 04:00:00+00:00,9.358963462251544e-05,0.004322040821067748
2021-05-15 08:00:00+00:00,7.513735762778364e-05,0.004349000625139516
2021-05-15 12:00:00+00:00,0.00015317076659498622,0.004344737214436589
2021-05-15 16:00:00+00:00,5.575527825814862e-05,0.004296944602226051
2021-05-15 20:00:00+00:00,0.00012354051254212547,0.004289162743311309
2021-05-16 00:00:00+00:00,0.00015959894245018354,0.004292160281018213
2021-05-16 04:00:00+00:00,0.00014850327549436264,0.0042905783241597405
2021-05-16 08:00:00+00:00,0.00017293672676769052,0.004254515965252173
2021-05-16 12:00:00+00:00,0.00021993274402737212,0.004232909173282952
2021-05-16 16:00:00+00:00,0.0001326497981322771,0.0029630364212980664
2021-05-16 20:00:00+00:00,0.0001118838029589196,0.0029676439869243164
2021-05-17 00:00:00+00:00,0.000168788740792548,0.0020773507908470215
2021-05-17 04:00:00+00:00,0.0002311722070392547,0.002079410625484967
2021-05-17 08:00:00+00:00,0.00022294855681407195,0.0021057241917745075
2021-05-17 12:00:00+00:00,0.00022414372728502268,0.0021066244766415826
2021-05-17 16:00:00+00:00,0.0001976481082732124,0.002108864777593496
2021-05-17 20:00:00+00:00,0.0002242142005822403,0.0021306747049120198
2021-05-18 00:00:00+00:00,0.000125701398720167,0.00213315491146953
2021-05-18 04:00:00+00:00,0.00025384629714404224,0.0021249680986578884
2021-05-18 08:00:00+00:00,7.935833953255715e-05,0.002138873156329705
2021-05-18 12:00:00+00:00,0.00014160714387633844,0.0021404998511713757
2021-05-18 16:00:00+00:00,0.0001480974514086614,0.002148385275235476
2021-05-18 20:00:00+00:00,0.00022268714489670342,0.002143498523188298
2021-05-19 00:00:00+00:00,0.0001814122591176197,0.0015004489662318085
2021-05-19 04:00:00+00:00,6.395326016205926e-05,0.0015106030902839983
2021-05-19 08:00:00+00:00,-2.260302800936354e-05,0.0010574221631987988
2021-05-19 12:00:00+00:00,6.177696330053096e-05,0.0010521043644276232
2021-05-19 16:00:00+00:00,8.919667322117495e-05,0.0007364730550993362
2021-05-19 20:00:00+00:00,-5.069560144276009e-05,0.0005155311385695352
2021-05-20 00:00:00+00:00,-8.15113477454688e-06,0.0005178052138654005
2021-05-20 04:00:00+00:00,4.1839200526580506e-05,0.0005176498105461787
2021-05-20 08:00:00+00:00,8.44905339748457e-05,0.000515664192572555
2021-05-20 12:00:00+00:00,8.7642085053492e-05,0.0005209248235099368
2021-05-20 16:00:00+00:00,3.2088152814990095e-05,0.000523830762346465
2021-05-20 20:00:00+00:00,1.473996194072664e-05,0.0005238559202387207
2021-05-21 00:00:00+00:00,0.00013164988263359353,0.0005258650661404718
2021-05-21 04:00:00+00:00,0.00016036470794034724,0.0005270472254640886
2021-05-21 08:00:00+00:00,0.00011761422403119425,0.0005260043651937389
2021-05-21 12:00:00+00:00,-1.1609454657073116e-05,0.0003682030556356172
2021-05-21 16:00:00+00:00,0.00012035916648477106,0.00036642587845484633
2021-05-21 20:00:00+00:00,0.00018333691050471127,0.00036625115162910733
2021-05-22 00:00:00+00:00,0.00023880353765950876,0.0003679450631534358
2021-05-22 04:00:00+00:00,8.866273744898107e-05,0.00025756154420740506
2021-05-22 08:00:00+00:00,7.621413630602454e-05,0.00025817162193318694
2021-05-22 12:00:00+00:00,4.7719320741296446e-05,0.00025742656710745746
2021-05-22 16:00:00+00:00,-1.5509517709268823e-05,0.00018019859697522022
2021-05-22 20:00:00+00:00,-1.3395053325230709e-05,0.0001795207134844045
2021-05-23 00:00:00+00:00,-4.2351181634942806e-05,0.00017998550461192334
2021-05-23 04:00:00+00:00,-9.818471912484021e-05,0.00012598985322834634
2021-05-23 08:00:00+00:00,-4.001669633393247e-05,0.0001258300184627411
2021-05-23 12:00:00+00:00,-6.703320372353436e-05,8.808101292391877e-05
2021-05-23 16:00:00+00:00,-0.00012495948377951212,8.823388863522037e-05
2021-05-23 20:00:00+00:00,-0.00012799028157922817,8.821985528548695e-05
2021-05-24 00:00:00+00:00,-0.000101726127730364,8.827089765083094e-05
2021-05-24 04:00:00+00:00,4.444067316275449e-05,8.833061894976147e-05
2021-05-24 08:00:00+00:00,6.989131034631782e-05,8.824670895884493e-05
2021-05-24 12:00:00+00:00,7.630396635175463e-05,8.885592402132444e-05
2021-05-24 16:00:00+00:00,0.00011528352844329668,8.907931507873562e-05
2021-05-24 20:00:00+00:00,0.0001269030765582452,8.901434580669972e-05
2021-05-25 00:00:00+00:00,0.00016404385961134502,6.23100420646898e-05
2021-05-25 04:00:00+00:00,0.00020107116969251353,6.248156361807283e-05
2021-05-25 08:00:00+00:00,0.00011304428571812982,4.373709453265098e-05
2021-05-25 12:00:00+00:00,0.0001922163320489015,4.360824616900658e-05
2021-05-25 16:00:00+00:00,0.00018312213219487844,4.346809633806136e-05
2021-05-25 20:00:00+00:00,0.00020345526662868786,4.352841841166198e-05
2021-05-26 00:00:00+00:00,9.760885490817956e-05,4.3839800259559796e-05
2021-05-26 04:00:00+00:00,0.00021331879556947195,4.4025519240395193e-05
2021-05-26 08:00:00+00:00,0.00013366166272424476,4.382441737137133e-05
2021-05-26 12:00:00+00:00,0.00011449124993630627,3.067709215995993e-05
2021-05-26 16:00:00+00:00,0.00015003799354067085,3.082423293529341e-05
2021-05-26 20:00:00+00:00,0.0001569793573718527,3.120119189164894e-05
2021-05-27 00:00:00+00:00,0.00013825758871057912,2.1840834324154256e-05
2021-05-27 04:00:00+00:00,0.00021606056339474653,2.1832265775242475e-05
2021-05-27 08:00:00+00:00,0.00026567986285558527,2.1808665646135456e-05
2021-05-27 12:00:00+00:00,0.00019250798025779482,2.1775302586094304e-05
2021-05-27 16:00:00+00:00,0.00017657979828979717,2.171488850099855e-05
2021-05-27 20:00:00+00:00,0.0001775192285319265,2.1753017916209145e-05
2021-05-28 00:00:00+00:00,0.0001511350138467726,2.1898155347655268e-05
2021-05-28 04:00:00+00:00,0.00010818624058657566,1.5328708743358686e-05
2021-05-28 08:00:00+00:00,3.0123377120798737e-05,1.073009612035108e-05
2021-05-28 12:00:00+00:00,5.7887105581559734e-05,1.0663140666869318e-05
2021-05-28 16:00:00+00:00,0.00012696511303158202,1.0653891407673304e-05
2021-05-28 20:00:00+00:00,3.053875968038832e-05,7.457723985371312e-06
2021-05-29 00:00:00+00:00,6.745550919626127e-05,7.46443433744647e-06
2021-05-29 04:00:00+00:00,6.928639111854359e-05,7.443676437268644e-06
2021-05-29 08:00:00+00:00,0.00011830415781886496,7.412961085902505e-06
2021-05-29 12:00:00+00:00,-7.870896330127798e-05,5.189072760131754e-06
2021-05-29 16:00:00+00:00,8.345818594525324e-07,5.171276370040377e-06
2021-05-29 20:00:00+00:00,3.3185971550237926e-05,5.175856553046802e-06
2021-05-30 00:00:00+00:00,4.115630460667262e-05,5.162945732501224e-06
2021-05-30 04:00:00+00:00,0.00012071968870909528,5.130992156379439e-06
2021-05-30 08:00:00+00:00,0.0001254474932417511,5.1171592144344385e-06
2021-05-30 12:00:00+00:00,3.558456328723181e-05,3.5820114501041067e-06
2021-05-30 16:00:00+00:00,0.00011678502549843348,3.5834943251331724e-06
2021-05-30 20:00:00+00:00,0.0001252173022539229,3.603586504512655e-06
2021-05-31 00:00:00+00:00,-2.4433828121692186e-06,3.630752819820389e-06
2021-05-31 04:00:00+00:00,5.2867831017251426e-05,3.632915718997153e-06
2021-05-31 08:00:00+00:00,3.858331209940264e-05,3.657645749622099e-06
2021-05-31 12:00:00+00:00,0.0001863754357133844,3.6281787209168494e-06
2021-05-31 16:00:00+00:00,0.00023722836893535153,3.6722769258893063e-06
2021-05-31 20:00:00+00:00,8.907529841559243e-05,3.6533120759435296e-06
2021-06-01 00:00:00+00:00,0.0002573115768780298,3.6728925151162833e-06
2021-06-01 04:00:00+00:00,0.0002755838311073789,3.679128052405858e-06
2021-06-01 08:00:00+00:00,5.19071521927659e-05,3.711130909991971e-06
2021-06-01 12:00:00+00:00,0.00013391406137882916,3.7215398475521923e-06
2021-06-01 16:00:00+00:00,0.00010126612733642171,3.747907472690358e-06
2021-06-01 20:00:00+00:00,0.00020239797215891106,3.745151623363839e-06
2021-06-02 00:00:00+00:00,0.00014533492349472717,3.7324956230686047e-06
2021-06-02 04:00:00+00:00,9.579976362485574e-05,3.7130013280494697e-06
2021-06-02 08:00:00+00:00,9.553598900152288e-05,3.729685446960428e-06
2021-06-02 12:00:00+00:00,0.000125934627382717,3.735114841208535e-06
2021-06-02 16:00:00+00:00,0.00017854871162311818,3.692346305367113e-06
2021-06-02 20:00:00+00:00,9.873112627373424e-05,3.6888684456156707e-06
2021-06-03 00:00:00+00:00,0.00018558364515101016,3.6836254642394107e-06
2021-06-03 04:00:00+00:00,0.00012008634243383189,3.703826798863412e-06
2021-06-03 08:00:00+00:00,0.00020257593995603546,3.7089478254603183e-06
2021-06-03 12:00:00+00:00,0.00023314162788866608,3.7097832973144113e-06
2021-06-03 16:00:00+00:00,0.0001763457088286342,3.725279291214939e-06
2021-06-03 20:00:00+00:00,0.00021267387791550036,3.752358806118437e-06
2021-06-04 00:00:00+00:00,0.00018804476060362146,3.7739489184966474e-06
2021-06-04 04:00:00+00:00,0.00020209429281230584,2.641764242947653e-06
2021-06-04 08:00:00+00:00,0.00021915438146451736,2.6585732363357903e-06
2021-06-04 12:00:00+00:00,0.00013164169550464202,2.671960413896124e-06
2021-06-04 16:00:00+00:00,0.00011644965485962068,2.669162352830221e-06
2021-06-04 20:00:00+00:00,0.00013232336347976622,2.685221280728776e-06
2021-06-05 00:00:00+00:00,0.0001260839967998605,2.695108654440299e-06
2021-06-05 04:00:00+00:00,0.0001019807285329819,2.6809852810518174e-06
2021-06-05 08:00:00+00:00,0.00014197871875542382,2.67495219195698e-06
2021-06-05 12:00:00+00:00,0.00012474092419619806,2.6504979574968263e-06
2021-06-05 16:00:00+00:00,0.0001482016596765285,2.6701843640534845e-06
2021-06-05 20:00:00+00:00,0.00017541047935928965,2.6804090081471477e-06
2021-06-06 00:00:00+00:00,7.344877423881862e-05,2.6848944559745138e-06
2021-06-06 04:00:00+00:00,0.00016187775445995645,2.667003943773602e-06
2021-06-06 08:00:00+00:00,0.00010772473863664185,2.665058811371933e-06
2021-06-06 12:00:00+00:00,7.832184941780158e-05,2.655335614515769e-06
2021-06-06 16:00:00+00:00,0.00019354229857736617,2.667088706501477e-06
2021-06-06 20:00:00+00:00,0.00017208751003470086,2.666254544771855e-06
2021-06-07 00:00:00+00:00,3.409816330630761e-05,2.675462708711566e-06
2021-06-07 04:00:00+00:00,8.293045884542652e-05,2.6909498234747547e-06
2021-06-07 08:00:00+00:00,0.0001833686892439787,2.6800900376601594e-06
2021-06-07 12:00:00+00:00,0.00014015553412667013,2.675702974949264e-06
2021-06-07 16:00:00+00:00,9.706103594355007e-05,2.657970661657634e-06
2021-06-07 20:00:00+00:00,7.889933179433439e-05,1.8605794631603435e-06
2021-06-08 00:00:00+00:00,0.0001245233481920686,1.867157965898416e-06
2021-06-08 04:00:00+00:00,0.00014859285607027835,1.8545280179039344e-06
2021-06-08 08:00:00+00:00,0.0001111304078228477,1.8580498342740494e-06
2021-06-08 12:00:00+00:00,7.72342725124671e-05,1.8527793062592776e-06
2021-06-08 16:00:00+00:00,2.5009504301544267e-05,1.8467660757770874e-06
2021-06-08 20:00:00+00:00,0.00017169732592204714,1.8501056634467398e-06
2021-06-09 00:00:00+00:00,-1.611730604881009e-05,1.8481140734637317e-06
2021-06-09 04:00:00+00:00,0.00010817114489121241,1.8464312827429176e-06
2021-06-09 08:00:00+00:00,0.00012011457725151159,1.8446876231300884e-06
2021-06-09 12:00:00+00:00,8.661116880789908e-05,1.8490392173173503e-06
2021-06-09 16:00:00+00:00,1.61965258731324e-05,1.8371012487942548e-06
2021-06-09 20:00:00+00:00,0.00011190833588369456,1.8277605616554736e-06
2021-06-10 00:00:00+00:00,0.00011273780597534345,1.8353112800657785e-06
2021-06-10 04:00:00+00:00,0.0002087439125732673,1.8418416655954825e-06
2021-06-10 08:00:00+00:00,0.0001227535323136393,1.8492716217505382e-06
2021-06-10 12:00:00+00:00,0.0002433808894680969,1.8477226612325565e-06
2021-06-10 16:00:00+00:00,0.0001049510508492772,1.8562365928091677e-06
2021-06-10 20:00:00+00:00,8.944990044102086e-05,1.85481196953473e-06
2021-06-11 00:00:00+00:00,0.00011248923545210309,1.8518526931302781e-06
2021-06-11 04:00:00+00:00,8.518085035331662e-05,1.8658759200271198e-06
2021-06-11 08:00:00+00:00,0.00018052515830790507,1.8755098613881962e-06
2021-06-11 12:00:00+00:00,8.033117380946855e-05,1.8893191453205515e-06
2021-06-11 16:00:00+00:00,2.738886553492931e-06,1.8843067933576271e-06
2021-06-11 20:00:00+00:00,3.925562524243998e-05,1.8753545523536589e-06
2021-06-12 00:00:00+00:00,1.9115174320733022e-05,1.8548856291334188e-06
2021-06-12 04:00:00+00:00,-9.770405633641649e-07,1.8467295153997784e-06
2021-06-12 08:00:00+00:00,-4.319848018855931e-05,1.8582559798125082e-06
2021-06-12 12:00:00+00:00,4.1744449355883556e-05,1.8662413381196507e-06
2021-06-12 16:00:00+00:00,0.00010587695830416316,1.8606116334809197e-06
2021-06-12 20:00:00+00:00,8.481693302666034e-05,1.8599127299261194e-06
2021-06-13 00:00:00+00:00,6.673939941256358e-05,1.883126893721042e-06
2021-06-13 04:00:00+00:00,7.045724467293075e-05,1.8861740018851745e-06
2021-06-13 08:00:00+00:00,0.00011125091489051329,1.8717129648668406e-06
2021-06-13 12:00:00+00:00,-5.263860127748344e-05,1.872781205691544e-06
2021-06-13 16:00:00+00:00,0.00021933060631546144,1.869431739993376e-06
2021-06-13 20:00:00+00:00,0.00011082151993062216,1.8691127894252842e-06
2021-06-14 00:00:00+00:00,0.0001628104576865532,1.862219373757926e-06
2021-06-14 04:00:00+00:00,4.0184552728872444e-05,1.8600609019453192e-06
2021-06-14 08:00:00+00:00,0.00010515066853202013,1.8618641284032711e-06
2021-06-14 12:00:00+00:00,0.00020977361843630348,1.850602056789723e-06
2021-06-14 16:00:00+00:00,9.365272675751244e-05,1.8426296203938718e-06
2021-06-14 20:00:00+00:00,0.00011468185260921052,1.8391186528322186e-06
2021-06-15 00:00:00+00:00,0.00011883743991211637,1.8464154841230113e-06
2021-06-15 04:00:00+00:00,0.00015774105732052426,1.8497377936174034e-06
2021-06-15 08:00:00+00:00,0.0001637877235924478,1.8431740220510579e-06
2021-06-15 12:00:00+00:00,0.00016128879265623423,1.8381068867748922e-06
2021-06-15 16:00:00+00:00,0.000188990059462388,1.8356715065359269e-06
2021-06-15 20:00:00+00:00,0.0001656177378656512,1.8392804424636594e-06
2021-06-16 00:00:00+00:00,0.00016417427140610097,1.8409121722463016e-06
2021-06-16 04:00:00+00:00,5.263226208240296e-05,1.851149683357897e-06
2021-06-16 08:00:00+00:00,9.208316360101925e-05,1.8567038818187797e-06
2021-06-16 12:00:00+00:00,0.00017624009391013974,1.863852260548735e-06
2021-06-16 16:00:00+00:00,0.00020695982587454648,1.8782839228178338e-06
2021-06-16 20:00:00+00:00,9.820067711220207e-05,1.885165262693881e-06
2021-06-17 00:00:00+00:00,0.00011926443461486816,1.879294109436015e-06
2021-06-17 04:00:00+00:00,7.689721616313518e-05,1.8733293932055602e-06
2021-06-17 08:00:00+00:00,0.00012182391267425811,1.8720913569696257e-06
2021-06-17 12:00:00+00:00,0.0001001105482046663,1.8705508527514293e-06
2021-06-17 16:00:00+00:00,0.00012843245169889375,1.866886963383978e-06
2021-06-17 20:00:00+00:00,0.00013341877478210807,1.8473027304454462e-06
2021-06-18 00:00:00+00:00,9.610636661795896e-05,1.8583991910875739e-06
2021-06-18 04:00:00+00:00,8.999967761275504e-05,1.8680535863747527e-06
2021-06-18 08:00:00+00:00,6.243807836135595e-05,1.8682740240120897e-06
2021-06-18 12:00:00+00:00,6.770043650593978e-05,1.3077918168084626e-06
2021-06-18 16:00:00+00:00,-0.0001266710572912422,1.3008555617318432e-06
2021-06-18 20:00:00+00:00,4.115299616874012e-06,1.2930553813171048e-06
2021-06-19 00:00:00+00:00,-4.510147989349383e-05,1.2900141694232285e-06
2021-06-19 04:00:00+00:00,0.00012007245019855079,1.2850234702208679e-06
2021-06-19 08:00:00+00:00,2.2043874996429274e-05,1.2883319765674453e-06
2021-06-19 12:00:00+00:00,-1.804401716616445e-06,1.297282984532552e-06
2021-06-19 16:00:00+00:00,0.0001413939818807248,1.300987396668787e-06
2021-06-19 20:00:00+00:00,7.885871246079069e-05,1.3057064541806153e-06
2021-06-20 00:00:00+00:00,3.7446288067268905e-05,1.2994790977622518e-06
2021-06-20 04:00:00+00:00,5.639587267090478e-05,1.2935602985482573e-06
2021-06-20 08:00:00+00:00,4.6185861086395187e-05,9.0549220898378e-07
2021-06-20 12:00:00+00:00,6.663814715681502e-05,9.029036069325647e-07
2021-06-20 16:00:00+00:00,0.00015638370130061443,9.021350386641762e-07
2021-06-20 20:00:00+00:00,0.00014355056215125777,9.148994426155597e-07
2021-06-21 00:00:00+00:00,0.00012055929138941071,6.404296098308918e-07
2021-06-21 04:00:00+00:00,3.0331189618259955e-06,4.483007268816242e-07
2021-06-21 08:00:00+00:00,-3.294996542556253e-05,4.481529276486631e-07
2021-06-21 12:00:00+00:00,6.374760782986866e-05,4.504645004034241e-07
2021-06-21 16:00:00+00:00,-3.0349028792822087e-05,4.5043120975449553e-07
2021-06-21 20:00:00+00:00,1.644142502367164e-05,3.1530184682814686e-07
2021-06-22 00:00:00+00:00,2.7472126643622832e-05,3.140925645394822e-07
2021-06-22 04:00:00+00:00,7.80716651690747e-06,2.1986479517763751e-07
2021-06-22 08:00:00+00:00,-3.508456867662401e-05,1.5390535662434626e-07
2021-06-22 12:00:00+00:00,5.391072717576203e-05,1.539473269713816e-07
2021-06-22 16:00:00+00:00,4.65617082113595e-05,1.5384895630147185e-07
2021-06-22 20:00:00+00:00,-3.335253740967926e-05,1.5386483172979324e-07
2021-06-23 00:00:00+00:00,6.960436536767673e-05,1.5324349070866183e-07
2021-06-23 04:00:00+00:00,0.0001429043111139068,1.5236451769050665e-07
2021-06-23 08:00:00+00:00,8.867615337024636e-05,1.5345998614688552e-07
2021-06-23 12:00:00+00:00,0.00011148294649049294,1.0742199030281986e-07
2021-06-23 16:00:00+00:00,0.00014457951976900007,1.0777487074855437e-07
2021-06-23 20:00:00+00:00,0.00027103449429952234,1.0759529481836816e-07
2021-06-24 00:00:00+00:00,0.00012408462556017804,7.531670637285771e-08
2021-06-24 04:00:00+00:00,0.00013462039547440397,7.549174406361527e-08
2021-06-24 08:00:00+00:00,0.00024773037325912596,7.496662857281203e-08
2021-06-24 12:00:00+00:00,0.00016075890448183513,7.594271895715962e-08
2021-06-24 16:00:00+00:00,0.00014724971374887547,7.58665986022378e-08
2021-06-24 20:00:00+00:00,0.00023862494622460428,7.602835950311163e-08
2021-06-25 00:00:00+00:00,0.00018548434525466774,7.653158456398071e-08
2021-06-25 04:00:00+00:00,0.00012369674692391585,7.663897930706405e-08
2021-06-25 08:00:00+00:00,4.50462078720987e-05,5.364728551494483e-08
2021-06-25 12:00:00+00:00,1.0021146743947888e-05,5.3869504063013546e-08
2021-06-25 16:00:00+00:00,0.0001532845211315912,5.4319333225576774e-08
2021-06-25 20:00:00+00:00,4.234754611541876e-05,5.466862158773034e-08
2021-06-26 00:00:00+00:00,9.2429239870705e-05,5.4984845515075957e-08
2021-06-26 04:00:00+00:00,0.00011335394192659427,3.8489391860553165e-08
2021-06-26 08:00:00+00:00,5.791659800954585e-05,3.858004284521217e-08
2021-06-26 12:00:00+00:00,9.465490975272609e-07,3.861715224867711e-08
2021-06-26 16:00:00+00:00,-1.6758073708027676e-05,3.9087955137754776e-08
2021-06-26 20:00:00+00:00,5.0963655078327764e-05,3.895854231959627e-08
2021-06-27 00:00:00+00:00,9.82978046836552e-05,3.889331156717404e-08
2021-06-27 04:00:00+00:00,3.084482463180455e-05,3.914985650477653e-08
2021-06-27 08:00:00+00:00,0.00012777151961614177,3.927690891541682e-08
2021-06-27 12:00:00+00:00,3.793571921041252e-05,3.948423157554439e-08
2021-06-27 16:00:00+00:00,7.419192652362552e-05,3.939514344264033e-08
2021-06-27 20:00:00+00:00,0.00011463161273038007,3.9441938018109025e-08
2021-06-28 00:00:00+00:00,0.00012414895198161092,3.9399952116627947e-08
2021-06-28 04:00:00+00:00,0.00022148049382033635,3.953569229309348e-08
2021-06-28 08:00:00+00:00,0.00012256467776571966,3.942015555874407e-08
2021-06-28 12:00:00+00:00,0.0002599763450576522,3.975736750705991e-08
2021-06-28 16:00:00+00:00,0.00012149725388563737,3.983281192528649e-08
2021-06-28 20:00:00+00:00,0.00021010498325541076,3.980410804376823e-08
2021-06-29 00:00:00+00:00,0.000211170299619349,3.995770130950826e-08
2021-06-29 04:00:00+00:00,0.00018157375540774092,4.005865357855656e-08
2021-06-29 08:00:00+00:00,0.0001390112667867894,3.997021794239898e-08
2021-06-29 12:00:00+00:00,0.00013877561584052208,4.018108322975537e-08
2021-06-29 16:00:00+00:00,0.00015896947065717723,4.04209944982251e-08
2021-06-29 20:00:00+00:00,0.0001378962921275832,4.037597590764901e-08
2021-06-30 00:00:00+00:00,0.00014566354260198613,2.826318313535431e-08
2021-06-30 04:00:00+00:00,0.0001374520941284278,2.8180487502304168e-08
2021-06-30 08:00:00+00:00,6.829334840969395e-05,2.8385461155318778e-08
2021-06-30 12:00:00+00:00,5.1692919632828974e-05,2.8429797697145433e-08
2021-06-30 16:00:00+00:00,6.375101098224613e-05,2.834835185216203e-08
2021-06-30 20:00:00+00:00,0.00017205241368048672,2.8254716472841e-08
2021-07-01 00:00:00+00:00,0.00012499037309635528,2.8006174461232424e-08
2021-07-01 04:00:00+00:00,2.6417909341723748e-05,2.8174614533454854e-08
2021-07-01 08:00:00+00:00,0.00010738085191548808,2.7856138848020253e-08
2021-07-01 12:00:00+00:00,8.507788097976304e-05,2.7889368445851267e-08
2021-07-01 16:00:00+00:00,4.47481813031971e-05,2.814142225250907e-08
2021-07-01 20:00:00+00:00,2.8398691266410675e-05,2.7939949048818136e-08
2021-07-02 00:00:00+00:00,3.021579708211341e-05,2.816021128864368e-08
2021-07-02 04:00:00+00:00,7.212808134869407e-05,2.8419175822492574e-08
2021-07-02 08:00:00+00:00,0.0001264201961223021,2.841299166413219e-08
2021-07-02 12:00:00+00:00,0.0001186258523516269,2.841560990466764e-08
2021-07-02 16:00:00+00:00,0.0001110823288937937,2.843038386958736e-08
2021-07-02 20:00:00+00:00,4.158744280778865e-05,2.8593990916348626e-08
2021-07-03 00:00:00+00:00,0.00013539411609560006,2.8452332436685668e-08
2021-07-03 04:00:00+00:00,9.166878439499254e-05,2.8461429845652552e-08
2021-07-03 08:00:00+00:00,0.00016673113620051545,2.8409169544541574e-08
2021-07-03 12:00:00+00:00,6.131873536562499e-05,2.857882040470053e-08
2021-07-03 16:00:00+00:00,0.00014859519618294138,2.8560799626295303e-08
2021-07-03 20:00:00+00:00,0.00014636325772007184,2.869725725185999e-08
2021-07-04 00:00:00+00:00,0.00012055704192469205,2.866030587617768e-08
2021-07-04 04:00:00+00:00,0.00011972722757091077,2.8716770301724324e-08
2021-07-04 08:00:00+00:00,0.00015264738741043693,2.8741159471378663e-08
2021-07-04 12:00:00+00:00,0.00012534495474115609,2.882274372425814e-08
2021-07-04 16:00:00+00:00,6.574196193410604e-05,2.869240153210695e-08
2021-07-04 20:00:00+00:00,0.00011660304706035836,2.870965839228098e-08
2021-07-05 00:00:00+00:00,0.0001514842901153882,2.8861524888925216e-08
2021-07-05 04:00:00+00:00,7.441930983908872e-05,2.8952978567625502e-08
2021-07-05 08:00:00+00:00,4.440809922806222e-05,2.88776755283178e-08
2021-07-05 12:00:00+00:00,4.771860219970201e-05,2.9101245016515414e-08
2021-07-05 16:00:00+00:00,9.343045997133486e-05,2.912737701421282e-08
2021-07-05 20:00:00+00:00,0.00016680767944452326,2.9102033635553532e-08
2021-07-06 00:00:00+00:00,0.0001440469036801881,2.9149526544280384e-08
2021-07-06 04:00:00+00:00,0.00010566071123492767,2.9309232281065863e-08
2021-07-06 08:00:00+00:00,5.287270145717158e-05,2.922296314450371e-08
2021-07-06 12:00:00+00:00,0.00015025151433627177,2.922207993185769e-08
2021-07-06 16:00:00+00:00,7.761645488238902e-05,2.927406504195769e-08
2021-07-06 20:00:00+00:00,7.730054086845759e-05,2.904503097083952e-08
2021-07-07 00:00:00+00:00,0.00013804864219442225,2.9098933743862488e-08
2021-07-07 04:00:00+00:00,0.0001008848091292447,2.940819184519639e-08
2021-07-07 08:00:00+00:00,0.00014946825245506026,2.9286149676002122e-08
2021-07-07 12:00:00+00:00,0.00021928530453684965,2.9397256574132948e-08
2021-07-07 16:00:00+00:00,0.00016921656988610055,2.9383003893160625e-08
2021-07-07 20:00:00+00:00,0.0001621777904371059,2.9523318142839968e-08
2021-07-08 00:00:00+00:00,0.00020785522504194751,2.95927913590222e-08
2021-07-08 04:00:00+00:00,9.300470287883023e-05,2.071495395131554e-08
2021-07-08 08:00:00+00:00,0.00016722944304762853,2.0476599334688787e-08
2021-07-08 12:00:00+00:00,0.000165860859151965,2.0502638657572464e-08
2021-07-08 16:00:00+00:00,8.126662464934484e-05,2.048398814552989e-08
2021-07-08 20:00:00+00:00,0.00010599071510962533,2.0420455670885203e-08
2021-07-09 00:00:00+00:00,2.83244056379943e-05,2.038956793291533e-08
2021-07-09 04:00:00+00:00,5.971727312385838e-05,2.0500212212179053e-08
2021-07-09 08:00:00+00:00,7.538741573025426e-05,2.0460231750119008e-08
2021-07-09 12:00:00+00:00,7.806893211127603e-05,2.0631252189770693e-08
2021-07-09 16:00:00+00:00,3.6412894604626485e-05,2.0638032396625268e-08
2021-07-09 20:00:00+00:00,0.00016450346564805552,2.0813592441147566e-08
2021-07-10 00:00:00+00:00,0.0001186144253869518,2.0822892766266323e-08
2021-07-10 04:00:00+00:00,6.539061986321212e-05,2.0970800488361897e-08
2021-07-10 08:00:00+00:00,2.435573037920077e-05,2.1001305399236336e-08
2021-07-10 12:00:00+00:00,0.0001506284406465028,2.0916362776378134e-08
2021-07-10 16:00:00+00:00,5.5426592584112444e-05,2.1094677187301554e-08
2021-07-10 20:00:00+00:00,0.00013841171064436815,2.1028762535784132e-08
2021-07-11 00:00:00+00:00,0.00012633572458666496,2.1104010127250737e-08
2021-07-11 04:00:00+00:00,0.00011699611835893195,2.1298587700826446e-08
2021-07-11 08:00:00+00:00,0.00013172021456008147,2.12732073490207e-08
2021-07-11 12:00:00+00:00,0.0001746345916007906,2.1151045627333905e-08
2021-07-11 16:00:00+00:00,0.00013915403352314412,2.1153778056004416e-08
2021-07-11 20:00:00+00:00,0.00010178795442461869,2.1155476452897856e-08
2021-07-12 00:00:00+00:00,0.00010335317633590695,2.108948991400209e-08
2021-07-12 04:00:00+00:00,0.00014100438487860104,2.127618312676029e-08
2021-07-12 08:00:00+00:00,0.00013820546400562626,2.122950874272426e-08
2021-07-12 12:00:00+00:00,9.606142986217163e-05,2.1147403166120644e-08
2021-07-12 16:00:00+00:00,0.00010000006950741247,2.108982694229546e-08
2021-07-12 20:00:00+00:00,1.2118559336548078e-05,2.0963714216349106e-08
2021-07-13 00:00:00+00:00,0.0001460553552115435,2.1030912873660186e-08
2021-07-13 04:00:00+00:00,0.00010657258541944253,2.122201189171897e-08
2021-07-13 08:00:00+00:00,0.00010962408410126399,2.1247753670432428e-08
2021-07-13 12:00:00+00:00,7.480928799747719e-05,2.1140768098074834e-08
2021-07-13 16:00:00+00:00,-1.5619953343317017e-05,2.1105178494787275e-08
2021-07-13 20:00:00+00:00,9.054297929006244e-05,2.116409206855284e-08
2021-07-14 00:00:00+00:00,2.500973904862175e-05,2.1233055967017368e-08
2021-07-14 04:00:00+00:00,3.097158565366083e-05,2.1200202669566746e-08
2021-07-14 08:00:00+00:00,3.007573764495249e-05,2.1082749511221326e-08
2021-07-14 12:00:00+00:00,0.0001463167307335739,2.0977210201455494e-08
2021-07-14 16:00:00+00:00,0.00010141492043742698,2.0980733847747984e-08
2021-07-14 20:00:00+00:00,5.2067847771375285e-05,2.1067482634393377e-08
2021-07-15 00:00:00+00:00,0.00014497715525543748,2.1235801632849918e-08
2021-07-15 04:00:00+00:00,5.889764019927713e-05,2.127467957375645e-08
2021-07-15 08:00:00+00:00,7.509551434681705e-05,2.1262100148423553e-08
2021-07-15 12:00:00+00:00,8.827190489921189e-05,2.1200064997543008e-08
2021-07-15 16:00:00+00:00,-4.006526459197792e-05,2.1086202819757963e-08
2021-07-15 20:00:00+00:00,0.00015574104601770257,2.0974890377308324e-08
2021-07-16 00:00:00+00:00,0.00017465878607494692,2.1090053788082544e-08
2021-07-16 04:00:00+00:00,4.103178223501464e-05,2.1083662537635066e-08
2021-07-16 08:00:00+00:00,0.00011184015517544353,2.118352950714627e-08
2021-07-16 12:00:00+00:00,4.8604369742221e-05,2.1057469162004198e-08
2021-07-16 16:00:00+00:00,5.477781757031261e-05,2.11665399408628e-08
2021-07-16 20:00:00+00:00,-4.235068983859888e-05,2.1188716162465698e-08
2021-07-17 00:00:00+00:00,4.2050257859313416e-05,2.1120316916184887e-08
2021-07-17 04:00:00+00:00,0.00012719684773570276,2.126583310326029e-08
2021-07-17 08:00:00+00:00,3.823845015592771e-05,2.1535692706570055e-08
2021-07-17 12:00:00+00:00,-8.426385433122136e-06,2.1457023833348646e-08
2021-07-17 16:00:00+00:00,0.00019136169805756997,2.1471642741220765e-08
2021-07-17 20:00:00+00:00,7.781920308128785e-05,2.1326978558918948e-08
2021-07-18 00:00:00+00:00,7.461955461105471e-05,2.1419013734771388e-08
2021-07-18 04:00:00+00:00,0.0001518778294494006,2.148863638228144e-08
2021-07-18 08:00:00+00:00,7.964733142131858e-05,2.155274087399974e-08
2021-07-18 12:00:00+00:00,5.8207085955057356e-05,2.1450465532790652e-08
2021-07-18 16:00:00+00:00,0.000122428914706287,2.139715190899209e-08
2021-07-18 20:00:00+00:00,2.2894934061565763e-05,2.1495502995543068e-08
2021-07-19 00:00:00+00:00,2.437220957040647e-05,2.158849582025943e-08
2021-07-19 04:00:00+00:00,0.00017004379984100307,2.1459456646748956e-08
2021-07-19 08:00:00+00:00,3.425308283399129e-05,2.1514113977858655e-08
2021-07-19 12:00:00+00:00,-8.753153637499996e-06,2.1467150150685435e-08
2021-07-19 16:00:00+00:00,6.925010955905378e-05,2.1355899424329152e-08
2021-07-19 20:00:00+00:00,3.8119917155979336e-05,2.1354680385985012e-08
2021-07-20 00:00:00+00:00,4.702799690998941e-05,1.494827627018951e-08
2021-07-20 04:00:00+00:00,6.111157247791894e-05,1.486067459324554e-08
2021-07-20 08:00:00+00:00,-4.54176361429691e-05,1.4778274929933287e-08
2021-07-20 12:00:00+00:00,1.1319648134983188e-05,1.4742182843150217e-08
2021-07-20 16:00:00+00:00,0.0001527683876823043,1.480914281377841e-08
2021-07-20 20:00:00+00:00,6.022684861770172e-05,1.486235169365083e-08
2021-07-21 00:00:00+00:00,0.00017732569093546925,1.4974612898493778e-08
2021-07-21 04:00:00+00:00,7.777386610531598e-05,1.5077530418680554e-08
2021-07-21 08:00:00+00:00,0.00012012030658111372,1.5173811877648136e-08
2021-07-21 12:00:00+00:00,0.00010853056034762134,1.5207139889443165e-08
2021-07-21 16:00:00+00:00,7.880901435336786e-05,1.0644997922610216e-08
2021-07-21 20:00:00+00:00,0.0001506100740445715,1.0627819221199934e-08
2021-07-22 00:00:00+00:00,0.00016479986288896317,1.0646084976966629e-08
2021-07-22 04:00:00+00:00,0.00018293689365096396,1.0695352353673299e-08
2021-07-22 08:00:00+00:00,0.00017682573163901503,1.0716482676964117e-08
2021-07-22 12:00:00+00:00,0.0001757823649861897,1.0706906671542321e-08
2021-07-22 16:00:00+00:00,0.00013334255341355017,1.0675541424156314e-08
2021-07-22 20:00:00+00:00,0.00015107812180815207,1.0730716583072284e-08
2021-07-23 00:00:00+00:00,0.00015307910529797003,1.0712601779617545e-08
2021-07-23 04:00:00+00:00,0.00021229579322474588,1.0792040123179225e-08
2021-07-23 08:00:00+00:00,0.00020951641275816955,1.0764827194566568e-08
2021-07-23 12:00:00+00:00,0.0001156996407566951,1.075103107350168e-08
2021-07-23 16:00:00+00:00,9.68670636958276e-05,1.0753573537980194e-08
2021-07-23 20:00:00+00:00,8.263751234535272e-05,1.0683785000109554e-08
2021-07-24 00:00:00+00:00,0.00024755508905266,1.0635947287385014e-08
2021-07-24 04:00:00+00:00,3.7120978630612904e-05,1.0576270341188021e-08
2021-07-24 08:00:00+00:00,0.00013410328829042498,1.0692198613128067e-08
2021-07-24 12:00:00+00:00,0.0001855236708419855,1.0624934645203705e-08
2021-07-24 16:00:00+00:00,0.00010124160670803009,1.0639743691671963e-08
2021-07-24 20:00:00+00:00,0.00010058978234643493,1.054753323119065e-08
2021-07-25 00:00:00+00:00,9.309941997888141e-05,1.0501091258194595e-08
2021-07-25 04:00:00+00:00,0.00017142974579417524,1.054405957672318e-08
2021-07-25 08:00:00+00:00,6.105242928784107e-05,1.0498215168672448e-08
2021-07-25 12:00:00+00:00,0.00018058333574554806,1.0482932871872055e-08
2021-07-25 16:00:00+00:00,6.532341459876633e-05,1.0467449310645808e-08
2021-07-25 20:00:00+00:00,9.899714846949881e-05,1.054760551917732e-08
2021-07-26 00:00:00+00:00,0.00012310829120880132,1.0580677746605876e-08
2021-07-26 04:00:00+00:00,6.120583127038591e-05,1.0679245220912401e-08
2021-07-26 08:00:00+00:00,0.00015131500711878268,1.0674981894152998e-08
2021-07-26 12:00:00+00:00,0.00012162734617015189,1.0656638033842303e-08
2021-07-26 16:00:00+00:00,0.00012892214533164237,1.0673408147173124e-08
2021-07-26 20:00:00+00:00,5.966060402714392e-05,7.471385703021186e-09
2021-07-27 00:00:00+00:00,6.902900778597627e-05,7.447550493642715e-09
2021-07-27 04:00:00+00:00,9.497655607603704e-05,7.429492675042305e-09
2021-07-27 08:00:00+00:00,-4.915134006621673e-06,7.430688344501076e-09
2021-07-27 12:00:00+00:00,0.00016614806643411686,7.523989780857181e-09
2021-07-27 16:00:00+00:00,0.000128852681392791,7.554186065566748e-09
2021-07-27 20:00:00+00:00,9.398676363101409e-05,7.546654614636505e-09
2021-07-28 00:00:00+00:00,0.00012434622132432237,7.507082268910306e-09
2021-07-28 04:00:00+00:00,-2.0218494788010966e-07,7.521992747166383e-09
2021-07-28 08:00:00+00:00,0.00010318732540378485,7.511831287519829e-09
2021-07-28 12:00:00+00:00,8.364087146698941e-05,7.488271096777908e-09
2021-07-28 16:00:00+00:00,0.00012240228673341498,7.533695125520564e-09
2021-07-28 20:00:00+00:00,0.0001446184076165361,7.56376438757375e-09
2021-07-29 00:00:00+00:00,0.0002332136379379987,7.598362786421529e-09
2021-07-29 04:00:00+00:00,0.0001308952634900189,7.663880356745743e-09
2021-07-29 08:00:00+00:00,0.00014880900891458396,7.689525464639287e-09
2021-07-29 12:00:00+00:00,9.731054801736912e-05,7.693288467163195e-09
2021-07-29 16:00:00+00:00,0.00013723421790426684,7.721305198716632e-09
2021-07-29 20:00:00+00:00,2.8276723481168473e-05,7.702365773397684e-09
2021-07-30 00:00:00+00:00,0.00019799940275375808,7.695719853652908e-09
2021-07-30 04:00:00+00:00,9.146452679284565e-05,7.706700646089349e-09
2021-07-30 08:00:00+00:00,0.00013731684379819547,7.802944239486422e-09
2021-07-30 12:00:00+00:00,0.00015192492544347752,7.81154428013031e-09
2021-07-30 16:00:00+00:00,0.00019218343449169036,7.795474911369866e-09
2021-07-30 20:00:00+00:00,0.00013775434231987278,7.784637744031569e-09
2021-07-31 00:00:00+00:00,0.00017894214660269772,7.767309231596156e-09
2021-07-31 04:00:00+00:00,0.00018434363938187831,7.750372264910915e-09
2021-07-31 08:00:00+00:00,0.00019906724427823524,7.754311391052145e-09
2021-07-31 12:00:00+00:00,0.00013693104872978555,7.701133360127095e-09
2021-07-31 16:00:00+00:00,0.00019166276887486492,7.706034143786234e-09
2021-07-31 20:00:00+00:00,0.00014396243801911287,7.7826604342993e-09
2021-08-01 00:00:00+00:00,0.00020789292139255106,7.743242663746566e-09
2021-08-01 04:00:00+00:00,0.0001859738931253685,7.683580383968315e-09
2021-08-01 08:00:00+00:00,0.00022486821625739795,7.687968272019688e-09
2021-08-01 12:00:00+00:00,0.00020580304933821635,7.645802178505053e-09
2021-08-01 16:00:00+00:00,0.00017835318872671022,7.61448299293231e-09
2021-08-01 20:00:00+00:00,5.155004342341953e-05,7.656579457192385e-09
2021-08-02 00:00:00+00:00,0.0001526752792324584,7.691410165807355e-09
2021-08-02 04:00:00+00:00,0.00022524558290609162,7.707400459684204e-09
2021-08-02 08:00:00+00:00,0.00015248168268901715,7.780747323908558e-09
2021-08-02 12:00:00+00:00,3.9209240933441346e-05,7.7795627094583e-09
2021-08-02 16:00:00+00:00,0.00016808576809023036,7.78267272550168e-09
2021-08-02 20:00:00+00:00,-1.0035203040748861e-05,7.715209095536385e-09
2021-08-03 00:00:00+00:00,9.924890015406435e-05,7.743586406848849e-09
2021-08-03 04:00:00+00:00,1.281140977595499e-05,7.731558192154768e-09
2021-08-03 08:00:00+00:00,7.690014675158762e-07,7.841170192033447e-09
2021-08-03 12:00:00+00:00,8.969123596078237e-05,7.869802185239033e-09
2021-08-03 16:00:00+00:00,7.591427962782547e-05,7.843834108884933e-09
2021-08-03 20:00:00+00:00,0.00013814709936802507,7.849202192475693e-09
2021-08-04 00:00:00+00:00,7.436271268034615e-05,7.813537507862125e-09
2021-08-04 04:00:00+00:00,9.025859089371187e-05,7.824669391423051e-09
2021-08-04 08:00:00+00:00,0.00016797334057121367,7.778222687790581e-09
2021-08-04 12:00:00+00:00,6.348817842815514e-05,7.812563169674229e-09
2021-08-04 16:00:00+00:00,0.0001632217971051271,7.815859432128972e-09
2021-08-04 20:00:00+00:00,0.00015049689938024431,7.793336256966647e-09
2021-08-05 00:00:00+00:00,0.0001753170640356831,7.811014718539959e-09
2021-08-05 04:00:00+00:00,9.289462683560954e-05,7.790502987706834e-09
2021-08-05 08:00:00+00:00,0.0001086549938639767,7.800077722681754e-09
2021-08-05 12:00:00+00:00,0.00010918119672819241,7.851078905679848e-09
2021-08-05 16:00:00+00:00,8.69120260482613e-05,7.835920994204276e-09
2021-08-05 20:00:00+00:00,0.0001786388256963207,7.843722512778617e-09
2021-08-06 00:00:00+00:00,0.00018422109275832623,7.873087792088028e-09
2021-08-06 04:00:00+00:00,7.90199887106712e-05,7.925433729142823e-09
2021-08-06 08:00:00+00:00,0.0001410742366804566,7.89857539096904e-09
2021-08-06 12:00:00+00:00,0.00016625246209940614,7.954315403347776e-09
2021-08-06 16:00:00+00:00,0.000159475200031377,7.961252572014328e-09
2021-08-06 20:00:00+00:00,0.00013227295932079114,7.960805966950791e-09
2021-08-07 00:00:00+00:00,0.00011746141823147813,7.912073356972521e-09
2021-08-07 04:00:00+00:00,0.0002102568071981235,7.933220821658287e-09
2021-08-07 08:00:00+00:00,0.00016400996397129055,7.900767163290394e-09
2021-08-07 12:00:00+00:00,0.00012890281373904627,7.878209735037047e-09
2021-08-07 16:00:00+00:00,0.00020402106516703087,7.929495160351812e-09
2021-08-07 20:00:00+00:00,0.0001334536346214085,7.969232585548868e-09
2021-08-08 00:00:00+00:00,0.00011025931875578587,7.958461078062529e-09
2021-08-08 04:00:00+00:00,8.784680819801422e-05,7.909213113969367e-09
2021-08-08 08:00:00+00:00,0.00013285212197425007,7.912905248004657e-09
2021-08-08 12:00:00+00:00,2.4315648724852713e-05,7.953296369590846e-09
2021-08-08 16:00:00+00:00,0.00011889931305306242,7.919304985892644e-09
2021-08-08 20:00:00+00:00,-5.709675449097838e-05,7.954682007536499e-09
2021-08-09 00:00:00+00:00,-1.4155650936805782e-05,8.013194800659921e-09
2021-08-09 04:00:00+00:00,8.003837167565618e-05,8.01782351890177e-09
2021-08-09 08:00:00+00:00,0.0001343527362495853,8.05244591425821e-09
2021-08-09 12:00:00+00:00,0.00010103009800104188,8.04380932535351e-09
2021-08-09 16:00:00+00:00,7.294174440391155e-05,8.005350548088468e-09
2021-08-09 20:00:00+00:00,4.8358355029770516e-05,7.959014982968505e-09
2021-08-10 00:00:00+00:00,0.00011534650798425709,7.934872217916099e-09
2021-08-10 04:00:00+00:00,0.00013432778145438634,7.934142140677325e-09
2021-08-10 08:00:00+00:00,0.00017314077563316966,7.9181759588148e-09
2021-08-10 12:00:00+00:00,0.00014330000420020405,7.923993925080907e-09
2021-08-10 16:00:00+00:00,2.5300123515415064e-06,7.87683524447786e-09
2021-08-10 20:00:00+00:00,0.00017418498403014288,7.801059282972059e-09
2021-08-11 00:00:00+00:00,0.00014387028475387558,7.743759093316932e-09
2021-08-11 04:00:00+00:00,0.00015092057280496597,7.715296654725757e-09
2021-08-11 08:00:00+00:00,0.00012885551950868112,7.780366462569105e-09
2021-08-11 12:00:00+00:00,0.00018643917104914078,7.83623707850637e-09
2021-08-11 16:00:00+00:00,0.00010514379487834864,7.882653542259935e-09
2021-08-11 20:00:00+00:00,0.0001509814503914569,7.909091570437777e-09
2021-08-12 00:00:00+00:00,0.00014682166909733726,7.884550288813939e-09
2021-08-12 04:00:00+00:00,6.861439080971889e-05,7.917850572766075e-09
2021-08-12 08:00:00+00:00,9.535296254127098e-05,7.930254476305644e-09
2021-08-12 12:00:00+00:00,0.00013243571952501984,7.920173973624949e-09
2021-08-12 16:00:00+00:00,0.00010951810418989416,7.897612064530382e-09
2021-08-12 20:00:00+00:00,0.00012012751941119466,7.895899753197952e-09
2021-08-13 00:00:00+00:00,0.0001538923106830131,7.94671383101752e-09
2021-08-13 04:00:00+00:00,7.866100076431436e-05,7.929332226232201e-09
2021-08-13 08:00:00+00:00,0.00014413619522727464,7.937838728431572e-09
2021-08-13 12:00:00+00:00,4.396533166664977e-05,7.99548698277738e-09
2021-08-13 16:00:00+00:00,0.0001862040587537363,7.943000322349584e-09
2021-08-13 20:00:00+00:00,0.0001771415646932007,7.896058415477418e-09
2021-08-14 00:00:00+00:00,0.00015341104112319036,7.965271457693586e-09
2021-08-14 04:00:00+00:00,0.00010612256847606512,7.987610080805514e-09
2021-08-14 08:00:00+00:00,6.776881499415363e-05,8.037682665281758e-09
2021-08-14 12:00:00+00:00,0.00014480615548587952,8.018602715963935e-09
2021-08-14 16:00:00+00:00,0.00020354469380781264,8.095815072518389e-09
2021-08-14 20:00:00+00:00,0.00010775140163776762,8.111098674611373e-09
2021-08-15 00:00:00+00:00,0.00010410706033503208,8.142058099715901e-09
2021-08-15 04:00:00+00:00,7.268153194875908e-05,8.12954858237993e-09
2021-08-15 08:00:00+00:00,0.0001263625057854775,8.107524522563346e-09
2021-08-15 12:00:00+00:00,0.00018275588478811142,8.13749403843963e-09
2021-08-15 16:00:00+00:00,0.00019364086350969585,8.125557257421446e-09
2021-08-15 20:00:00+00:00,0.00018610055536897162,8.1088853010388e-09
2021-08-16 00:00:00+00:00,0.00027295381874813975,8.098744765481857e-09
2021-08-16 04:00:00+00:00,0.00027405546787741096,8.095626417517029e-09
2021-08-16 08:00:00+00:00,0.0003142177387169119,8.184893113379522e-09
2021-08-16 12:00:00+00:00,0.0001359316106820268,8.202525019476417e-09
2021-08-16 16:00:00+00:00,0.00017616549520456279,5.741767513633492e-09
2021-08-16 20:00:00+00:00,0.0002477385207340386,5.721502124761177e-09
2021-08-17 00:00:00+00:00,0.00030151426706617485,5.748933475863829e-09
2021-08-17 04:00:00+00:00,0.00032181051585229335,5.694750063094121e-09
2021-08-17 08:00:00+00:00,0.0003364705012562355,3.986325044165884e-09
2021-08-17 12:00:00+00:00,0.0002092429482515723,4.0033007265421466e-09
2021-08-17 16:00:00+00:00,7.977880336531627e-06,2.8023105085795026e-09
2021-08-17 20:00:00+00:00,0.00022144504016131846,2.8285619618964733e-09
2021-08-18 00:00:00+00:00,0.00017248661619473756,2.8465940373534915e-09
2021-08-18 04:00:00+00:00,0.00016051721694972478,2.855751252754832e-09
2021-08-18 08:00:00+00:00,0.00012903691912602086,2.8528195000915316e-09
2021-08-18 12:00:00+00:00,0.00021198503030026732,2.864915224109283e-09
2021-08-18 16:00:00+00:00,0.00017744445370839558,2.005440656876498e-09
2021-08-18 20:00:00+00:00,0.00022435552117328452,2.011439576946088e-09
2021-08-19 00:00:00+00:00,0.00011924875575349377,2.0017478368864913e-09
2021-08-19 04:00:00+00:00,1.6586164372524926e-05,1.9992369631360927e-09
2021-08-19 08:00:00+00:00,7.157218463991223e-05,1.995814723380473e-09
2021-08-19 12:00:00+00:00,0.00010679642785501997,1.9952412863005977e-09
2021-08-19 16:00:00+00:00,0.0001549853145149958,2.003567779238217e-09
2021-08-19 20:00:00+00:00,0.0001778706322873245,1.9924270206386106e-09
2021-08-20 00:00:00+00:00,0.00020746797119859995,1.9951294321992876e-09
2021-08-20 04:00:00+00:00,7.971862967379688e-05,1.9869473366207763e-09
2021-08-20 08:00:00+00:00,0.00010752445991293908,1.9856607409773585e-09
2021-08-20 12:00:00+00:00,5.949633993568705e-05,1.9709446483699575e-09
2021-08-20 16:00:00+00:00,0.00013358236809780184,1.9556045225680778e-09
2021-08-20 20:00:00+00:00,7.650587589762125e-05,1.9696048480885765e-09
2021-08-21 00:00:00+00:00,7.24660825948372e-05,1.9532385505411855e-09
2021-08-21 04:00:00+00:00,0.00018144094499563567,1.942306992449633e-09
2021-08-21 08:00:00+00:00,9.291773082794388e-05,1.9289512243896305e-09
2021-08-21 12:00:00+00:00,0.00020982916512844686,1.905144050177926e-09
2021-08-21 16:00:00+00:00,0.00010103121015942093,1.895285405209246e-09
2021-08-21 20:00:00+00:00,0.00013012446837758773,1.915409075957195e-09
2021-08-22 00:00:00+00:00,4.80181884391281e-05,1.9258254817260545e-09
2021-08-22 04:00:00+00:00,2.0872860313411317e-05,1.9275443655124728e-09
2021-08-22 08:00:00+00:00,0.00017018150434805276,1.9317892611351516e-09
2021-08-22 12:00:00+00:00,8.666490304462787e-05,1.9253791039926663e-09
2021-08-22 16:00:00+00:00,4.989045852601238e-05,1.9123123101390666e-09
2021-08-22 20:00:00+00:00,9.695689088840048e-05,1.908503624088596e-09
2021-08-23 00:00:00+00:00,8.553222039533246e-05,1.9135307486663648e-09
2021-08-23 04:00:00+00:00,-3.241375973106799e-05,1.9240603314732406e-09
2021-08-23 08:00:00+00:00,8.440279864751614e-05,1.933665421124553e-09
2021-08-23 12:00:00+00:00,0.00012207159051347657,1.934371373763988e-09
2021-08-23 16:00:00+00:00,0.00010338277362691896,1.938896784500422e-09
2021-08-23 20:00:00+00:00,8.750321374935026e-05,1.950960589444777e-09
2021-08-24 00:00:00+00:00,0.00019269839236717116,1.9654939175118127e-09
2021-08-24 04:00:00+00:00,0.00013778837674826774,1.9731143515708803e-09
2021-08-24 08:00:00+00:00,9.520505212144608e-05,1.971551778866839e-09
2021-08-24 12:00:00+00:00,7.592479604627034e-05,1.3800862452067872e-09
2021-08-24 16:00:00+00:00,0.00010495400493812871,1.3838970871089525e-09
2021-08-24 20:00:00+00:00,0.00016305303028945676,1.38259000028053e-09
2021-08-25 00:00:00+00:00,2.45040435378905e-05,1.3860888517569078e-09
2021-08-25 04:00:00+00:00,-2.1028839234893754e-05,1.3809108311680643e-09
2021-08-25 08:00:00+00:00,0.00022010539857084458,1.378550777272368e-09
2021-08-25 12:00:00+00:00,-6.261429062669348e-06,1.3836358621919512e-09
2021-08-25 16:00:00+00:00,8.725015473940437e-05,1.3810507502676375e-09
2021-08-25 20:00:00+00:00,0.0001139643452254352,1.3799151625350173e-09
2021-08-26 00:00:00+00:00,9.753967268804883e-05,1.376623102305338e-09
2021-08-26 04:00:00+00:00,-9.049460651365552e-05,1.3796194777411602e-09
2021-08-26 08:00:00+00:00,4.4475418546249325e-05,1.3750146685449886e-09
2021-08-26 12:00:00+00:00,0.0001119874320068564,1.3674807005269839e-09
2021-08-26 16:00:00+00:00,0.0001182521673061549,1.3882595881613175e-09
2021-08-26 20:00:00+00:00,3.9869615052872355e-05,1.3827278464438943e-09
2021-08-27 00:00:00+00:00,0.00022964514366453426,1.37357512365193e-09
2021-08-27 04:00:00+00:00,0.00018337223798520986,1.3684366269320272e-09
2021-08-27 08:00:00+00:00,8.624603079605565e-05,1.3657992676687007e-09
2021-08-27 12:00:00+00:00,0.00019504271785876105,1.3679963055050862e-09
2021-08-27 16:00:00+00:00,0.00017630304103409254,1.3633179644716276e-09
2021-08-27 20:00:00+00:00,0.00016891509058021903,1.3685169198822507e-09
2021-08-28 00:00:00+00:00,0.00020179561067163875,1.3567181604964626e-09
2021-08-28 04:00:00+00:00,0.00023768227087820584,1.3600993330624842e-09
2021-08-28 08:00:00+00:00,0.0001669838954226007,1.3557017464072267e-09
2021-08-28 12:00:00+00:00,0.0001890560353935112,1.3608677039919246e-09
2021-08-28 16:00:00+00:00,0.00021475220255087992,1.3630103462030776e-09
2021-08-28 20:00:00+00:00,0.00019867746858230877,1.3676794126653338e-09
2021-08-29 00:00:00+00:00,0.00025136180789456393,1.3700477327100071e-09
2021-08-29 04:00:00+00:00,0.00014325516540639456,1.3682015114970714e-09
2021-08-29 08:00:00+00:00,0.0001811162613594006,1.373923379964551e-09
2021-08-29 12:00:00+00:00,0.00013208239088344874,1.3772204739704774e-09
2021-08-29 16:00:00+00:00,0.0001237010113585222,1.3844363846362719e-09
2021-08-29 20:00:00+00:00,0.0001263095105674928,1.3826415573373631e-09
2021-08-30 00:00:00+00:00,0.00016907574980519794,1.3750059003928625e-09
2021-08-30 04:00:00+00:00,0.00021931914465218757,1.3864059369857759e-09
2021-08-30 08:00:00+00:00,0.00014128653589420533,1.381576491297464e-09
2021-08-30 12:00:00+00:00,0.00014962822926565248,1.3788033483439636e-09
2021-08-30 16:00:00+00:00,0.00019992200634098546,1.3763823157749777e-09
2021-08-30 20:00:00+00:00,0.00022259763182017164,1.378848316116158e-09
2021-08-31 00:00:00+00:00,0.00020975594960330362,1.3808101893407324e-09
2021-08-31 04:00:00+00:00,0.00018692283955698108,1.3785188207699906e-09
2021-08-31 08:00:00+00:00,0.00018923305914105053,1.3755139127131578e-09
2021-08-31 12:00:00+00:00,0.00024028833896346208,9.628597388992104e-10
2021-08-31 16:00:00+00:00,0.0002389688699947744,9.615487088977437e-10
2021-08-31 20:00:00+00:00,0.0001664988583103339,6.730840962284206e-10
2021-09-01 00:00:00+00:00,0.00023305768251173309,6.722272712773244e-10
2021-09-01 04:00:00+00:00,0.00011000144662203655,6.689334803443677e-10
2021-09-01 08:00:00+00:00,0.00018721621245977563,6.747427937704575e-10
2021-09-01 12:00:00+00:00,0.00021689255936704134,6.705791822229171e-10
2021-09-01 16:00:00+00:00,0.0001598802983307098,6.706749176731446e-10
2021-09-01 20:00:00+00:00,0.00012926760839135023,6.723659508199523e-10
2021-09-02 00:00:00+00:00,0.00016299353002246518,6.738456479594739e-10
2021-09-02 04:00:00+00:00,0.0001126725652075591,6.780251801705024e-10
2021-09-02 08:00:00+00:00,-3.530793081875105e-05,6.764521724892665e-10
2021-09-02 12:00:00+00:00,6.185623030040104e-05,6.78699331303663e-10
2021-09-02 16:00:00+00:00,0.0001018906734434353,6.759757633073027e-10
2021-09-02 20:00:00+00:00,0.00018223477220378952,6.777636273329599e-10
2021-09-03 00:00:00+00:00,0.0001255209219311754,6.750494164588306e-10
2021-09-03 04:00:00+00:00,0.00022733376166860403,6.70496532489125e-10
2021-09-03 08:00:00+00:00,0.00014269114063508205,6.713315305145141e-10
2021-09-03 12:00:00+00:00,9.116169181860626e-05,6.664375227859604e-10
2021-09-03 16:00:00+00:00,0.0002005246628788784,6.683227896432487e-10
2021-09-03 20:00:00+00:00,0.0002649268399097652,6.737186621112917e-10
2021-09-04 00:00:00+00:00,0.00021944572300843602,6.716280272413946e-10
2021-09-04 04:00:00+00:00,0.00018571634347818136,6.720745257487935e-10
2021-09-04 08:00:00+00:00,0.00024261019172247485,6.765178360991822e-10
2021-09-04 12:00:00+00:00,0.00013645857392005623,6.741686183710785e-10
2021-09-04 16:00:00+00:00,0.00016073161034875673,6.675013125844827e-10
2021-09-04 20:00:00+00:00,9.954349550331948e-05,6.715959916785639e-10
2021-09-05 00:00:00+00:00,0.00015218512342086694,6.722799366055239e-10
2021-09-05 04:00:00+00:00,0.00018982475930498846,6.714678187314517e-10
2021-09-05 08:00:00+00:00,9.17996710518322e-05,6.732286241032562e-10
2021-09-05 12:00:00+00:00,0.00013321389114449386,6.734424332524315e-10
2021-09-05 16:00:00+00:00,0.00024341593246672588,6.732150556137202e-10
2021-09-05 20:00:00+00:00,-2.4453355701569627e-05,6.727574284080167e-10
2021-09-06 00:00:00+00:00,0.0001345090191403668,6.727138958042657e-10
2021-09-06 04:00:00+00:00,8.736210905417412e-05,6.651347048634527e-10
2021-09-06 08:00:00+00:00,8.088281549919613e-05,6.666180707187382e-10
2021-09-06 12:00:00+00:00,9.340123120827443e-05,6.664336671171261e-10
2021-09-06 16:00:00+00:00,0.00013683398496047022,6.668930485362478e-10
2021-09-06 20:00:00+00:00,0.0001934953471342427,6.695492692368958e-10
2021-09-07 00:00:00+00:00,0.00022943181896052005,6.738550814025453e-10
2021-09-07 04:00:00+00:00,0.00019956183062093096,6.720657994932982e-10
2021-09-07 08:00:00+00:00,0.00021415349532338598,6.710449560240351e-10
2021-09-07 12:00:00+00:00,0.0002212540609836424,4.697314692168245e-10
2021-09-07 16:00:00+00:00,0.0002119048967413689,4.704178816780299e-10
2021-09-07 20:00:00+00:00,0.0003068303380789213,4.720134926324004e-10
2021-09-08 00:00:00+00:00,0.00020333368421217426,4.711519405613723e-10
2021-09-08 04:00:00+00:00,0.00014748960806030957,3.298063583929606e-10
2021-09-08 08:00:00+00:00,0.00022077628029765805,3.330866767549049e-10
2021-09-08 12:00:00+00:00,8.728913991333919e-05,3.343730288669116e-10
2021-09-08 16:00:00+00:00,0.00024016471760757537,3.3338755365601347e-10
2021-09-08 20:00:00+00:00,0.0001222816093220828,3.336213247391868e-10
2021-09-09 00:00:00+00:00,0.00024605402663533706,3.366649808320426e-10
2021-09-09 04:00:00+00:00,0.00020008411425752985,3.3486994773453323e-10
2021-09-09 08:00:00+00:00,0.00019956757889062998,3.35136355707823e-10
2021-09-09 12:00:00+00:00,0.00022784009956031874,3.3678256038158806e-10
2021-09-09 16:00:00+00:00,0.00014767204304815267,2.357477922671116e-10
2021-09-09 20:00:00+00:00,0.00013926392355895366,2.3549540713410573e-10
2021-09-10 00:00:00+00:00,0.0001627313279441363,2.36471080904771e-10
2021-09-10 04:00:00+00:00,0.0002573080817996127,1.6552975663333969e-10
2021-09-10 08:00:00+00:00,0.0002252476956172456,1.6472002285473154e-10
2021-09-10 12:00:00+00:00,0.00017571073861609562,1.6557744012242064e-10
2021-09-10 16:00:00+00:00,6.913511398901924e-05,1.658891197602623e-10
2021-09-10 20:00:00+00:00,0.00010806726880505677,1.6525945245480205e-10
2021-09-11 00:00:00+00:00,0.00013487987761018555,1.6650554168621762e-10
2021-09-11 04:00:00+00:00,9.355136291535278e-05,1.6683097462940678e-10
2021-09-11 08:00:00+00:00,3.823016448609348e-05,1.673315576417942e-10
2021-09-11 12:00:00+00:00,0.00010474551432813103,1.66339454111527e-10
2021-09-11 16:00:00+00:00,6.43054939218758e-05,1.6656053592077054e-10
2021-09-11 20:00:00+00:00,9.026288312073694e-05,1.6705116100398233e-10
2021-09-12 00:00:00+00:00,0.00014003485226806182,1.6627250950599295e-10
2021-09-12 04:00:00+00:00,-3.4957864089411986e-05,1.6669625237327607e-10
2021-09-12 08:00:00+00:00,8.746750886889332e-05,1.6754267584350132e-10
2021-09-12 12:00:00+00:00,0.00013234422363017677,1.6741435011467482e-10
2021-09-12 16:00:00+00:00,0.00013776609697815413,1.6751542579029153e-10
2021-09-12 20:00:00+00:00,9.163011071383596e-05,1.681670497976343e-10
2021-09-13 00:00:00+00:00,4.7388720919730353e-05,1.17716934858344e-10
2021-09-13 04:00:00+00:00,-1.380842394861207e-05,1.1706755612820625e-10
2021-09-13 08:00:00+00:00,5.909026755062481e-05,1.17448671059288e-10
2021-09-13 12:00:00+00:00,-2.425151570018295e-05,1.1733014877095728e-10
2021-09-13 16:00:00+00:00,8.205870249656746e-05,1.1721388929848083e-10
2021-09-13 20:00:00+00:00,9.908146245391271e-05,1.17152359101271e-10
2021-09-14 00:00:00+00:00,3.960684844151961e-05,1.1768100009882677e-10
2021-09-14 04:00:00+00:00,4.1939791986487926e-05,1.189492535244884e-10
2021-09-14 08:00:00+00:00,0.00020656354429596504,1.195477146134784e-10
2021-09-14 12:00:00+00:00,6.339863566541045e-06,1.1949464745695708e-10
2021-09-14 16:00:00+00:00,-7.959076697896775e-06,1.187471881095213e-10
2021-09-14 20:00:00+00:00,8.402375874842061e-05,1.1816497735333667e-10
2021-09-15 00:00:00+00:00,5.934205720391364e-05,1.1811430555839563e-10
2021-09-15 04:00:00+00:00,8.360064631294365e-05,1.1800139909029885e-10
2021-09-15 08:00:00+00:00,4.12336556959259e-05,1.1821782403285917e-10
2021-09-15 12:00:00+00:00,0.0002251334584711501,1.1818311170612683e-10
2021-09-15 16:00:00+00:00,6.243669889351143e-05,1.182107177580103e-10
2021-09-15 20:00:00+00:00,0.00013766468780710374,1.1956893845365573e-10
2021-09-16 00:00:00+00:00,7.86820750818699e-05,1.1984115680482437e-10
2021-09-16 04:00:00+00:00,8.707538981801346e-05,1.2098896667661738e-10
2021-09-16 08:00:00+00:00,8.137282505177552e-05,1.21676636118597e-10
2021-09-16 12:00:00+00:00,2.0446849596552934e-05,1.2249703887186023e-10
2021-09-16 16:00:00+00:00,0.00016924196100254706,1.2237657897945505e-10
2021-09-16 20:00:00+00:00,3.3130490763443674e-05,1.215630157562364e-10
2021-09-17 00:00:00+00:00,5.660583394325565e-05,1.2163183995972155e-10
2021-09-17 04:00:00+00:00,7.266863474125564e-05,1.217576669097453e-10
2021-09-17 08:00:00+00:00,8.188000954323209e-05,1.2090176266053493e-10
2021-09-17 12:00:00+00:00,-3.286522456862771e-05,1.2039425460994502e-10
2021-09-17 16:00:00+00:00,-9.407769398974755e-06,1.2065212796556272e-10
2021-09-17 20:00:00+00:00,3.7603626961745764e-05,1.2033464412573916e-10
2021-09-18 00:00:00+00:00,7.871096835076089e-05,1.2070261167411417e-10
2021-09-18 04:00:00+00:00,0.00010559428724259536,1.2073855182674085e-10
2021-09-18 08:00:00+00:00,-3.3306818343158418e-06,1.221602828286061e-10
2021-09-18 12:00:00+00:00,0.00011488993669021289,1.2227026565220707e-10
2021-09-18 16:00:00+00:00,0.0001923401878949217,1.2383935059995343e-10
2021-09-18 20:00:00+00:00,7.898579756549417e-05,1.2340748340695833e-10
2021-09-19 00:00:00+00:00,0.00013347209851794978,1.22590885508139e-10
2021-09-19 04:00:00+00:00,0.00016939241151333158,1.2149436562809576e-10
2021-09-19 08:00:00+00:00,9.19154151741652e-05,1.2106679164576059e-10
2021-09-19 12:00:00+00:00,7.333638980857698e-05,1.2118514625711596e-10
2021-09-19 16:00:00+00:00,0.00012067264477051266,1.226876643928797e-10
2021-09-19 20:00:00+00:00,5.587825176915557e-05,1.2390486717422164e-10
2021-09-20 00:00:00+00:00,0.0001291215786165357,8.673340702195515e-11
2021-09-20 04:00:00+00:00,-2.8536667443781632e-05,8.66488365135582e-11
2021-09-20 08:00:00+00:00,-1.8156398962704684e-05,8.621689899230814e-11
2021-09-20 12:00:00+00:00,0.00013209362549570112,8.623880831625966e-11
2021-09-20 16:00:00+00:00,3.392894934849637e-05,8.580719522567259e-11
2021-09-20 20:00:00+00:00,1.2654779164229167e-05,8.624977885750476e-11
2021-09-21 00:00:00+00:00,8.496108876027257e-05,8.593731710001037e-11
2021-09-21 04:00:00+00:00,5.734384366525041e-06,8.576295682318548e-11
2021-09-21 08:00:00+00:00,7.817834630779593e-05,8.577596462005775e-11
2021-09-21 12:00:00+00:00,9.943202075780949e-05,8.585700934096988e-11
2021-09-21 16:00:00+00:00,2.486530645547451e-05,6.009990653867891e-11
2021-09-21 20:00:00+00:00,5.351889022507536e-05,6.007692479225762e-11
2021-09-22 00:00:00+00:00,9.135759696601357e-05,6.050523923967884e-11
2021-09-22 04:00:00+00:00,8.33674543709796e-05,6.060576804682448e-11
2021-09-22 08:00:00+00:00,7.697537113209836e-05,6.056483019786514e-11
2021-09-22 12:00:00+00:00,1.9307309814193048e-05,6.054503580611404e-11
2021-09-22 16:00:00+00:00,9.69014262857357e-05,6.053931362076047e-11
2021-09-22 20:00:00+00:00,0.00015292728017094753,6.04489693517379e-11
2021-09-23 00:00:00+00:00,0.0001977840868345591,6.049231363479978e-11
2021-09-23 04:00:00+00:00,0.00016019706113269602,6.080498647031349e-11
2021-09-23 08:00:00+00:00,0.00010056777915762953,6.116867030140467e-11
2021-09-23 12:00:00+00:00,0.00015166517253866816,6.148764385865326e-11
2021-09-23 16:00:00+00:00,0.00018615994986723346,6.149736740961588e-11
2021-09-23 20:00:00+00:00,0.00019706581919583485,6.16501892185076e-11
2021-09-24 00:00:00+00:00,0.00018967056568621469,6.160811423766864e-11
2021-09-24 04:00:00+00:00,0.0002317355305133286,6.182298671546461e-11
2021-09-24 08:00:00+00:00,0.00016112379155148576,4.327609070082523e-11
2021-09-24 12:00:00+00:00,8.540781351182623e-05,4.3043343622182075e-11
2021-09-24 16:00:00+00:00,0.00010800432391788828,4.259571836230953e-11
2021-09-24 20:00:00+00:00,9.838508366250088e-05,4.226929373609918e-11
2021-09-25 00:00:00+00:00,8.505114708763925e-05,4.25312702544159e-11
2021-09-25 04:00:00+00:00,3.5592906548060924e-05,4.282852529602921e-11
2021-09-25 08:00:00+00:00,5.6067762468934876e-05,4.2842927981810106e-11
2021-09-25 12:00:00+00:00,0.00012336542242571505,4.301522595385583e-11
2021-09-25 16:00:00+00:00,2.5755373840310853e-05,4.270679313810434e-11
2021-09-25 20:00:00+00:00,6.906457065275037e-05,4.2884099420939896e-11
2021-09-26 00:00:00+00:00,1.7010536572159305e-05,4.261314900875208e-11
2021-09-26 04:00:00+00:00,0.0001578696500963104,4.2263407645915594e-11
2021-09-26 08:00:00+00:00,0.00010945782686376401,4.247210064776415e-11
2021-09-26 12:00:00+00:00,0.0001636457554544625,4.2501055075947876e-11
2021-09-26 16:00:00+00:00,9.242889943647954e-05,4.2428385958528325e-11
2021-09-26 20:00:00+00:00,0.00011563506295801521,4.2662826063150756e-11
2021-09-27 00:00:00+00:00,0.00013441067317071327,4.2370605453759585e-11
2021-09-27 04:00:00+00:00,0.00010982417506282621,4.2269231358419416e-11
2021-09-27 08:00:00+00:00,0.0001834194533586173,4.2651190279914654e-11
2021-09-27 12:00:00+00:00,0.00018786421498886071,4.223342916857496e-11
2021-09-27 16:00:00+00:00,7.697613534126869e-05,4.2053725288087205e-11
2021-09-27 20:00:00+00:00,0.00011162237712739264,4.228755040184132e-11
2021-09-28 00:00:00+00:00,0.00015779344026700318,4.250903452327881e-11
2021-09-28 04:00:00+00:00,0.0001793742820544638,4.264819754177444e-11
2021-09-28 08:00:00+00:00,8.83180532296922e-05,4.279968615430829e-11
2021-09-28 12:00:00+00:00,4.0326289370804465e-05,4.269883820723821e-11
2021-09-28 16:00:00+00:00,0.00011511075281449161,4.285019665944616e-11
2021-09-28 20:00:00+00:00,8.950863576902382e-05,4.276687484314253e-11
2021-09-29 00:00:00+00:00,0.00016741642528424606,4.2988408269062806e-11
2021-09-29 04:00:00+00:00,0.00014747747621123307,4.300959197981895e-11
2021-09-29 08:00:00+00:00,8.823429049765427e-05,4.3131115186023124e-11
2021-09-29 12:00:00+00:00,0.00018748531483086194,4.303290436985099e-11
2021-09-29 16:00:00+00:00,0.00010608671321847813,4.2914127020070285e-11
2021-09-29 20:00:00+00:00,8.896638507702295e-05,4.301943089461643e-11
2021-09-30 00:00:00+00:00,0.000144777403148327,4.2795346249491313e-11
2021-09-30 04:00:00+00:00,0.0001178282774764803,4.287717800994549e-11
2021-09-30 08:00:00+00:00,5.789045997365161e-05,4.289157749233701e-11
2021-09-30 12:00:00+00:00,0.00015578306455073083,4.2852850432293826e-11
2021-09-30 16:00:00+00:00,0.00015184034374340273,4.280445923234593e-11
2021-09-30 20:00:00+00:00,9.296232007747964e-05,4.264350102905594e-11
2021-10-01 00:00:00+00:00,0.00010446948313915641,4.264948618101573e-11
2021-10-01 04:00:00+00:00,0.00010124390315675535,4.269808136828479e-11
2021-10-01 08:00:00+00:00,0.00015917218550214808,4.2885305884973684e-11
2021-10-01 12:00:00+00:00,0.000209984677314421,4.284054416142289e-11
2021-10-01 16:00:00+00:00,0.00025859587493977176,4.3057455022260234e-11
2021-10-01 20:00:00+00:00,0.0001198607209493612,4.289105026653711e-11
2021-10-02 00:00:00+00:00,0.0001535411005557183,4.2489257489616474e-11
2021-10-02 04:00:00+00:00,0.00010376085901145228,4.2617457007340714e-11
2021-10-02 08:00:00+00:00,0.00018155632816036204,4.3119814634804334e-11
2021-10-02 12:00:00+00:00,0.00020538446466807019,4.286010315749479e-11
2021-10-02 16:00:00+00:00,0.0001597598414703463,4.2790235956759246e-11
2021-10-02 20:00:00+00:00,0.00020884993059162312,4.304857323509271e-11
2021-10-03 00:00:00+00:00,0.00011653445432117247,4.317138870287464e-11
2021-10-03 04:00:00+00:00,0.0001565759985937055,4.342286238425207e-11
2021-10-03 08:00:00+00:00,0.00014081343492121059,4.364745342677596e-11
2021-10-03 12:00:00+00:00,0.00016904447551839707,4.362540337938974e-11
2021-10-03 16:00:00+00:00,8.30546112025392e-05,4.39384276170377e-11
2021-10-03 20:00:00+00:00,0.00015088567897067468,4.3699373719017256e-11
2021-10-04 00:00:00+00:00,0.0001210840283940988,4.361073353539559e-11
2021-10-04 04:00:00+00:00,0.0002322814187861444,4.341605033459778e-11
2021-10-04 08:00:00+00:00,0.00016428774641240464,4.331809658784649e-11
2021-10-04 12:00:00+00:00,0.0001584550664837982,4.3631296127454096e-11
2021-10-04 16:00:00+00:00,6.834247701228788e-05,4.373177926853753e-11
2021-10-04 20:00:00+00:00,7.398857614926944e-05,4.3790212052121424e-11
2021-10-05 00:00:00+00:00,6.191583290343888e-05,4.3844028470186514e-11
2021-10-05 04:00:00+00:00,0.00013978128557180439,4.3470291943661756e-11
2021-10-05 08:00:00+00:00,5.927187847842105e-05,4.3472235244238534e-11
2021-10-05 12:00:00+00:00,0.00010757798607241098,4.31894715593008e-11
2021-10-05 16:00:00+00:00,4.7059926320739675e-05,4.3069026545461326e-11
2021-10-05 20:00:00+00:00,8.100559295075279e-05,4.3139712803120004e-11
2021-10-06 00:00:00+00:00,0.0001645826503627782,4.3387619832804465e-11
2021-10-06 04:00:00+00:00,0.00010616182867786225,4.317839954512648e-11
2021-10-06 08:00:00+00:00,0.00011594597763993174,4.315812745525219e-11
2021-10-06 12:00:00+00:00,0.00011407825225109161,4.35424854536745e-11
2021-10-06 16:00:00+00:00,7.585143717376454e-05,4.365610207627073e-11
2021-10-06 20:00:00+00:00,4.3535911834624444e-05,4.3915107659074146e-11
2021-10-07 00:00:00+00:00,5.02877654964235e-05,4.401872606695389e-11
2021-10-07 04:00:00+00:00,6.034610498958889e-05,4.416132286694999e-11
2021-10-07 08:00:00+00:00,0.00011675124702336916,4.418316027505256e-11
2021-10-07 12:00:00+00:00,0.00012126249831758426,4.4587879875158104e-11
2021-10-07 16:00:00+00:00,6.883413135607673e-05,4.4659056143129067e-11
2021-10-07 20:00:00+00:00,3.8770407495425115e-05,4.489585714900935e-11
2021-10-08 00:00:00+00:00,0.00018335120739970882,4.484394198216111e-11
2021-10-08 04:00:00+00:00,0.00010701556240653076,4.524678479783718e-11
2021-10-08 08:00:00+00:00,0.0002069529630288369,4.536174643918133e-11
2021-10-08 12:00:00+00:00,0.00011169373205966601,4.5662325200661103e-11
2021-10-08 16:00:00+00:00,0.0001321944189283348,4.566339264982401e-11
2021-10-08 20:00:00+00:00,0.0001605606527107713,4.579751983911036e-11
2021-10-09 00:00:00+00:00,0.00011160381089866211,4.54060969179812e-11
2021-10-09 04:00:00+00:00,4.9475889587237976e-05,4.5464458886399305e-11
2021-10-09 08:00:00+00:00,0.00015884784381815645,4.518654531159857e-11
2021-10-09 12:00:00+00:00,2.165338922286808e-05,4.493851160202685e-11
2021-10-09 16:00:00+00:00,0.00010276082834943649,4.5265281790060565e-11
2021-10-09 20:00:00+00:00,0.0001460015891342334,4.515923432602055e-11
2021-10-10 00:00:00+00:00,6.468974419454527e-05,4.509863751029213e-11
2021-10-10 04:00:00+00:00,0.00012761450425437265,4.512099216811319e-11
2021-10-10 08:00:00+00:00,0.00011134815199414052,4.5085655549986e-11
2021-10-10 12:00:00+00:00,7.146646934313172e-05,4.5411802602709535e-11
2021-10-10 16:00:00+00:00,-3.17695421508561e-05,4.556184390365466e-11
2021-10-10 20:00:00+00:00,5.4861187753457565e-05,4.551356094629907e-11
2021-10-11 00:00:00+00:00,3.759142189998794e-05,4.585263388692693e-11
2021-10-11 04:00:00+00:00,-1.8363932361699982e-05,4.585535281518516e-11
2021-10-11 08:00:00+00:00,4.8035513337241994e-05,4.5760780703434325e-11
2021-10-11 12:00:00+00:00,0.00010547639847454201,4.5879796782156434e-11
2021-10-11 16:00:00+00:00,0.00011778197850257312,4.636748399041119e-11
2021-10-11 20:00:00+00:00,8.292203725507026e-06,4.60902962063992e-11
2021-10-12 00:00:00+00:00,0.00012073764028188932,4.628900603776296e-11
2021-10-12 04:00:00+00:00,7.530417129674756e-05,4.617182003525944e-11
2021-10-12 08:00:00+00:00,7.353738561966636e-05,4.62344748021206e-11
2021-10-12 12:00:00+00:00,5.603656479183632e-05,4.629083987036628e-11
2021-10-12 16:00:00+00:00,5.176936651574481e-05,4.6672675110600224e-11
2021-10-12 20:00:00+00:00,0.00017874168129137304,4.6694401468982543e-11
2021-10-13 00:00:00+00:00,4.457442612185446e-05,4.667727182877124e-11
2021-10-13 04:00:00+00:00,7.706833858514347e-05,4.643865908430353e-11
2021-10-13 08:00:00+00:00,3.151515131510198e-05,4.668484497429479e-11
2021-10-13 12:00:00+00:00,9.029537743482352e-05,4.61491035979442e-11
2021-10-13 16:00:00+00:00,6.167454380825685e-05,4.582848014871577e-11
2021-10-13 20:00:00+00:00,5.394867531479542e-05,4.5541139107524126e-11
2021-10-14 00:00:00+00:00,0.000151087710396877,4.58895778618291e-11
2021-10-14 04:00:00+00:00,9.184161834833565e-05,4.550304519017324e-11
2021-10-14 08:00:00+00:00,0.00019415072924966578,4.579928119309251e-11
2021-10-14 12:00:00+00:00,0.00011008760194246411,4.6004624386650937e-11
2021-10-14 16:00:00+00:00,3.660805123576536e-05,4.598728663125211e-11
2021-10-14 20:00:00+00:00,7.069203766852621e-05,4.630201993224066e-11
2021-10-15 00:00:00+00:00,9.449044185449976e-05,4.60538166861305e-11
2021-10-15 04:00:00+00:00,8.974547616299417e-05,4.613283382973319e-11
2021-10-15 08:00:00+00:00,4.7025559263231325e-05,4.631585468445735e-11
2021-10-15 12:00:00+00:00,0.00010963529861351387,4.635725663756461e-11
2021-10-15 16:00:00+00:00,7.986188233425343e-05,4.654619628816477e-11
2021-10-15 20:00:00+00:00,8.552299920170389e-05,4.657661943493049e-11
2021-10-16 00:00:00+00:00,0.00021630415827843981,4.6187959409615996e-11
2021-10-16 04:00:00+00:00,0.0001082983477240044,4.6096627459924226e-11
2021-10-16 08:00:00+00:00,0.00013206176901311414,4.5872520702771924e-11
2021-10-16 12:00:00+00:00,0.00010466711260545599,4.5999808026120084e-11
2021-10-16 16:00:00+00:00,7.585459940138863e-05,4.617086737318802e-11
2021-10-16 20:00:00+00:00,0.00017822442201453673,4.633585149185722e-11
2021-10-17 00:00:00+00:00,8.725990971240546e-05,4.6447642951013597e-11
2021-10-17 04:00:00+00:00,2.6315315085362134e-05,4.634990944311213e-11
2021-10-17 08:00:00+00:00,6.952064677014558e-05,4.609155292202103e-11
2021-10-17 12:00:00+00:00,3.902547399903188e-05,4.601374389388969e-11
2021-10-17 16:00:00+00:00,3.104438179275452e-05,4.5850863614632666e-11
2021-10-17 20:00:00+00:00,-2.5513899944487375e-05,4.597623643487497e-11
2021-10-18 00:00:00+00:00,0.00015717858319975051,4.616971184195637e-11
2021-10-18 04:00:00+00:00,3.949242019551422e-05,4.6186753920338505e-11
2021-10-18 08:00:00+00:00,3.252822686832097e-05,4.583384757746532e-11
2021-10-18 12:00:00+00:00,8.138860001508868e-05,4.581593919736419e-11
2021-10-18 16:00:00+00:00,0.00012876157668522748,4.5686428969864524e-11
2021-10-18 20:00:00+00:00,0.00010404542423632514,4.575868710082951e-11
2021-10-19 00:00:00+00:00,2.119479364231608e-05,4.5734635538179404e-11
2021-10-19 04:00:00+00:00,5.021242612916238e-05,4.5530230402269306e-11
2021-10-19 08:00:00+00:00,7.503391327803509e-05,4.572955493893394e-11
2021-10-19 12:00:00+00:00,0.00011718148804112816,4.60266441625979e-11
2021-10-19 16:00:00+00:00,9.935619752169156e-05,4.580742973370145e-11
2021-10-19 20:00:00+00:00,-1.7165271083770912e-05,4.592544060607461e-11
2021-10-20 00:00:00+00:00,7.015714059622222e-05,4.613707157735248e-11
2021-10-20 04:00:00+00:00,0.00010686816828804922,4.6317473389293423e-11
2021-10-20 08:00:00+00:00,2.2019478078447544e-05,4.622804203359156e-11
2021-10-20 12:00:00+00:00,4.087986400496395e-05,4.66680369530625e-11
2021-10-20 16:00:00+00:00,0.0002458764112366889,4.668906886615368e-11
2021-10-20 20:00:00+00:00,0.00017209814017194754,4.6651578042288434e-11
2021-10-21 00:00:00+00:00,2.9348725329635524e-05,4.706024948715988e-11
2021-10-21 04:00:00+00:00,5.743474485939208e-05,4.677754596066243e-11
2021-10-21 08:00:00+00:00,8.853657644526055e-05,4.669925468481855e-11
2021-10-21 12:00:00+00:00,0.0001067212654979665,4.647105952222263e-11
2021-10-21 16:00:00+00:00,0.00012036760166578937,4.663737538248347e-11
2021-10-21 20:00:00+00:00,8.410720573552463e-05,4.6874144551263814e-11
2021-10-22 00:00:00+00:00,0.00032990666611332453,4.663805306686627e-11
2021-10-22 04:00:00+00:00,0.0002491923662892014,4.6606850443694826e-11
2021-10-22 08:00:00+00:00,0.00024931857648320796,4.6693820273306456e-11
2021-10-22 12:00:00+00:00,0.00012133288990092274,4.6875166830326457e-11
2021-10-22 16:00:00+00:00,0.00018692459320492563,4.6797983867968845e-11
2021-10-22 20:00:00+00:00,0.00014634356335691386,4.6981229393662776e-11
2021-10-23 00:00:00+00:00,5.960456072050965e-05,4.7278411366343285e-11
2021-10-23 04:00:00+00:00,0.00010268893614998013,4.767716667428891e-11
2021-10-23 08:00:00+00:00,6.433927473900949e-05,4.6992021933436383e-11
2021-10-23 12:00:00+00:00,0.00018776934763948823,4.6933609440571615e-11
2021-10-23 16:00:00+00:00,0.00016914518143242664,4.700965741496718e-11
2021-10-23 20:00:00+00:00,3.5035068108746445e-05,4.6360773482732585e-11
2021-10-24 00:00:00+00:00,0.0001328236867030264,4.665645066677968e-11
2021-10-24 04:00:00+00:00,2.0865941397787883e-05,4.649125314176194e-11
2021-10-24 08:00:00+00:00,3.3387656232768054e-05,4.670747175568899e-11
2021-10-24 12:00:00+00:00,6.607986147283647e-05,4.707059339927559e-11
2021-10-24 16:00:00+00:00,3.460648401867887e-05,4.710421446766873e-11
2021-10-24 20:00:00+00:00,9.717643625589796e-05,4.701044530986079e-11
2021-10-25 00:00:00+00:00,0.0001968001255912939,4.700700247947687e-11
2021-10-25 04:00:00+00:00,5.3222997164118516e-05,4.72004676401771e-11
2021-10-25 08:00:00+00:00,0.00010456223391974868,4.728749027692417e-11
2021-10-25 12:00:00+00:00,0.00019496007347654708,4.728310781856262e-11
2021-10-25 16:00:00+00:00,0.00014166542235715334,4.68872875845151e-11
2021-10-25 20:00:00+00:00,8.609041888081262e-05,4.7428650315335816e-11
2021-10-26 00:00:00+00:00,7.181741267202434e-05,4.7380980674947746e-11
2021-10-26 04:00:00+00:00,0.00016223082988826404,4.716373325068987e-11
2021-10-26 08:00:00+00:00,0.00014226698581439214,4.730572221734051e-11
2021-10-26 12:00:00+00:00,0.0001661440914916928,4.729608257913381e-11
2021-10-26 16:00:00+00:00,0.00021919899398612278,4.73123192463095e-11
2021-10-26 20:00:00+00:00,3.075898516728712e-05,4.706567574749294e-11
2021-10-27 00:00:00+00:00,0.00010323433945298855,4.6413893762095285e-11
2021-10-27 04:00:00+00:00,0.00010546504195995074,4.6529961450643335e-11
2021-10-27 08:00:00+00:00,-2.0626487539064867e-06,4.676311230176748e-11
2021-10-27 12:00:00+00:00,0.00010068012196569577,4.678365601511763e-11
2021-10-27 16:00:00+00:00,0.00010856066026575966,4.668909803645212e-11
2021-10-27 20:00:00+00:00,7.97728301382567e-05,4.688248067268439e-11
2021-10-28 00:00:00+00:00,8.539057075904462e-05,4.6702655071322794e-11
2021-10-28 04:00:00+00:00,1.766632693623027e-05,4.652775784189597e-11
2021-10-28 08:00:00+00:00,2.934593664950473e-05,4.6128500852681357e-11
2021-10-28 12:00:00+00:00,3.068119132700327e-05,4.576149972185043e-11
2021-10-28 16:00:00+00:00,5.248610229856906e-05,4.5939048156479506e-11
2021-10-28 20:00:00+00:00,9.290046640963774e-05,4.641000031379159e-11
2021-10-29 00:00:00+00:00,9.660536369750399e-06,4.594368121693054e-11
2021-10-29 04:00:00+00:00,9.356814757869419e-05,4.593334967797292e-11
2021-10-29 08:00:00+00:00,0.00011011952889272841,4.5999681575339445e-11
2021-10-29 12:00:00+00:00,2.9611755694839548e-05,4.603141735491379e-11
2021-10-29 16:00:00+00:00,0.00015670970949710394,4.598084960366051e-11
2021-10-29 20:00:00+00:00,9.552797316663146e-05,4.617907924210561e-11
2021-10-30 00:00:00+00:00,0.00010420151820012094,4.624819177525521e-11
2021-10-30 04:00:00+00:00,0.000154412566052215,4.6562387236655255e-11
2021-10-30 08:00:00+00:00,4.573189938987718e-05,4.683087953871164e-11
2021-10-30 12:00:00+00:00,7.240729376274854e-05,4.684557345634214e-11
2021-10-30 16:00:00+00:00,0.00020238561297458883,4.632144018948531e-11
2021-10-30 20:00:00+00:00,0.00012779598885428648,4.6486594624943946e-11
2021-10-31 00:00:00+00:00,6.659351187644067e-05,4.685778727076263e-11
2021-10-31 04:00:00+00:00,9.68170640620099e-05,4.675390473211336e-11
2021-10-31 08:00:00+00:00,8.938969437694203e-05,4.724803978066543e-11
2021-10-31 12:00:00+00:00,9.447335474455617e-05,4.76153625040187e-11
2021-10-31 16:00:00+00:00,8.510183116765301e-05,4.764184307114666e-11
2021-10-31 20:00:00+00:00,9.85054980866777e-05,4.771057850418657e-11
2021-11-01 00:00:00+00:00,7.015178536569446e-05,4.758430441168731e-11
2021-11-01 04:00:00+00:00,0.00011003836222851364,4.799163885800631e-11
2021-11-01 08:00:00+00:00,0.00014947599261516114,4.8035243672259206e-11
2021-11-01 12:00:00+00:00,8.675571190386395e-05,4.8110315986105554e-11
2021-11-01 16:00:00+00:00,0.00014098529416175368,4.8379985494019975e-11
2021-11-01 20:00:00+00:00,0.000156928643939333,4.7563618979009494e-11
2021-11-02 00:00:00+00:00,7.800559444210563e-05,4.74139300717182e-11
2021-11-02 04:00:00+00:00,5.086147004994722e-05,4.73682359718315e-11
2021-11-02 08:00:00+00:00,0.0001990539771776882,4.6934215876351256e-11
2021-11-02 12:00:00+00:00,0.00011898995654111968,4.640673854670479e-11
2021-11-02 16:00:00+00:00,0.00014631485247442832,4.6127361215973855e-11
2021-11-02 20:00:00+00:00,0.00012598850747776367,4.597977573845005e-11
2021-11-03 00:00:00+00:00,0.00015517885130848287,4.612041634020104e-11
2021-11-03 04:00:00+00:00,0.0001566873589660106,4.596464947320982e-11
2021-11-03 08:00:00+00:00,0.00015665038443129172,4.599348872015423e-11
2021-11-03 12:00:00+00:00,5.9045137307395754e-05,4.5570683810100306e-11
2021-11-03 16:00:00+00:00,0.00020036105404663807,4.5377703821962074e-11
2021-11-03 20:00:00+00:00,5.630102238720059e-05,4.583199051937258e-11
2021-11-04 00:00:00+00:00,0.00021345470937585064,4.615501006902697e-11
2021-11-04 04:00:00+00:00,0.0001826701320737428,4.621840534473849e-11
2021-11-04 08:00:00+00:00,0.00013383210426452986,4.6414389216189584e-11
2021-11-04 12:00:00+00:00,0.0001607475993558798,4.661617003695518e-11
2021-11-04 16:00:00+00:00,0.0001346075104987166,4.6653132018843976e-11
2021-11-04 20:00:00+00:00,8.567685060998932e-05,4.646232114209589e-11
2021-11-05 00:00:00+00:00,0.00013888217639414484,4.6557488915044115e-11
2021-11-05 04:00:00+00:00,2.1118943249546016e-05,4.651078044867119e-11
2021-11-05 08:00:00+00:00,0.00014445691924838846,4.623833884896645e-11
2021-11-05 12:00:00+00:00,0.00021029319818699016,4.6423774757241064e-11
2021-11-05 16:00:00+00:00,0.00010132270261543486,4.665891292204437e-11
2021-11-05 20:00:00+00:00,0.00015998795823117778,4.654422392983274e-11
2021-11-06 00:00:00+00:00,8.632640256627407e-05,4.6422964497761056e-11
2021-11-06 04:00:00+00:00,0.00011777815132398977,4.647031843158952e-11
2021-11-06 08:00:00+00:00,9.507858486998561e-05,4.659451616784416e-11
2021-11-06 12:00:00+00:00,0.00011856837216537089,4.6454809235303444e-11
2021-11-06 16:00:00+00:00,0.00018612430802031384,4.65494819935109e-11
2021-11-06 20:00:00+00:00,0.00012456197087250959,4.644574599034343e-11
2021-11-07 00:00:00+00:00,-2.7675158229587915e-05,4.6097797147121693e-11
2021-11-07 04:00:00+00:00,0.00010019383096190502,4.641331946147462e-11
2021-11-07 08:00:00+00:00,0.00012406357367996635,4.62596593126786e-11
2021-11-07 12:00:00+00:00,2.2568954572841187e-05,4.659329767526137e-11
2021-11-07 16:00:00+00:00,1.552374537186634e-05,4.64278996621177e-11
2021-11-07 20:00:00+00:00,0.00013408878859897766,4.668398542154946e-11
2021-11-08 00:00:00+00:00,0.00010739696831419696,4.707215104327479e-11
2021-11-08 04:00:00+00:00,0.00010801599888291651,4.696598596805275e-11
2021-11-08 08:00:00+00:00,6.078360377080921e-05,4.7057789504991935e-11
2021-11-08 12:00:00+00:00,3.446121102470551e-05,4.720553613440683e-11
2021-11-08 16:00:00+00:00,7.193783430613454e-05,4.7136938458773866e-11
2021-11-08 20:00:00+00:00,0.00010159230741367995,4.700054700326198e-11
2021-11-09 00:00:00+00:00,4.92517799900436e-05,4.693488033838567e-11
2021-11-09 04:00:00+00:00,0.00013557263442307994,4.72433702181016e-11
2021-11-09 08:00:00+00:00,7.165968837041412e-05,4.721481467490561e-11
2021-11-09 12:00:00+00:00,5.997627870720338e-05,4.70997731811844e-11
2021-11-09 16:00:00+00:00,8.07120711129167e-05,4.7424420914554145e-11
2021-11-09 20:00:00+00:00,0.00014745542828306144,4.742240086924371e-11
2021-11-10 00:00:00+00:00,9.11544332376787e-05,4.714637523920275e-11
2021-11-10 04:00:00+00:00,9.366777249680987e-05,4.724631107166355e-11
2021-11-10 08:00:00+00:00,0.0001270857471187219,4.7504211133876344e-11
2021-11-10 12:00:00+00:00,8.563773071841017e-05,4.758132879145551e-11
2021-11-10 16:00:00+00:00,5.771233193454451e-05,4.772785865029453e-11
2021-11-10 20:00:00+00:00,0.00011975559471171033,4.790918402882868e-11
2021-11-11 00:00:00+00:00,0.00011675727543531252,4.8113533895952635e-11
2021-11-11 04:00:00+00:00,0.00010033700647622083,4.7959841846068087e-11
2021-11-11 08:00:00+00:00,6.980227766127694e-05,4.8000324550676806e-11
2021-11-11 12:00:00+00:00,0.00012349462166670437,4.827970552300794e-11
2021-11-11 16:00:00+00:00,0.00013128036062602896,4.8295072824328244e-11
2021-11-11 20:00:00+00:00,0.0001481820535658425,4.8128451419879416e-11
2021-11-12 00:00:00+00:00,7.535547885332255e-05,4.847993969308753e-11
2021-11-12 04:00:00+00:00,5.054147871828264e-05,4.8650942260591926e-11
2021-11-12 08:00:00+00:00,6.075772186415771e-05,4.855070646707958e-11
2021-11-12 12:00:00+00:00,7.068283263409679e-05,4.880130049306494e-11
2021-11-12 16:00:00+00:00,6.0032798120365476e-05,4.893194951022499e-11
2021-11-12 20:00:00+00:00,0.00013187716009498303,4.903303550602045e-11
2021-11-13 00:00:00+00:00,2.1227688021004215e-05,4.900361961107171e-11
2021-11-13 04:00:00+00:00,6.700138586005379e-05,4.951169969525411e-11
2021-11-13 08:00:00+00:00,5.3689274415639294e-05,4.922898566460537e-11
2021-11-13 12:00:00+00:00,0.00010090533064165472,4.9068530677977324e-11
2021-11-13 16:00:00+00:00,0.00018603166900319978,4.9000087053418856e-11
2021-11-13 20:00:00+00:00,6.676046688146973e-05,4.913653751306644e-11
2021-11-14 00:00:00+00:00,0.00016776918861224086,4.90614985831474e-11
2021-11-14 04:00:00+00:00,8.358728610839155e-05,4.899396663722991e-11
2021-11-14 08:00:00+00:00,0.00011725139590174527,4.890340918298915e-11
2021-11-14 12:00:00+00:00,7.190310576719861e-05,4.893339663621418e-11
2021-11-14 16:00:00+00:00,0.00014488699416234896,4.8830382318089734e-11
2021-11-14 20:00:00+00:00,0.00012597518372605755,4.8867422936904414e-11
2021-11-15 00:00:00+00:00,0.00015615274688892593,4.875242048385109e-11
2021-11-15 04:00:00+00:00,9.164816229702345e-05,4.882940299498281e-11
2021-11-15 08:00:00+00:00,0.0002515684798881835,4.9226811143619824e-11
2021-11-15 12:00:00+00:00,8.117724242725474e-05,4.909379090549199e-11
2021-11-15 16:00:00+00:00,0.000123336188365861,4.914162758605486e-11
2021-11-15 20:00:00+00:00,8.910219221156368e-05,4.94279894015562e-11
2021-11-16 00:00:00+00:00,7.031112689458507e-05,4.9080522815798534e-11
2021-11-16 04:00:00+00:00,0.00010094287566356539,4.871436893256911e-11
2021-11-16 08:00:00+00:00,0.00010238518481315307,4.9193299506337536e-11
2021-11-16 12:00:00+00:00,0.00010955794134775122,4.905329162239268e-11
2021-11-16 16:00:00+00:00,0.00010668116985840083,4.9300251910716784e-11
2021-11-16 20:00:00+00:00,-6.876848068822158e-06,4.9370290603640577e-11
2021-11-17 00:00:00+00:00,1.7582317756434882e-05,4.940381594755649e-11
2021-11-17 04:00:00+00:00,2.893730738700986e-05,4.9451982244830716e-11
2021-11-17 08:00:00+00:00,0.00014348760729340554,4.943151412015774e-11
2021-11-17 12:00:00+00:00,-7.78128515809071e-05,4.925989305013727e-11
2021-11-17 16:00:00+00:00,5.279398647118317e-05,4.933005026108611e-11
2021-11-17 20:00:00+00:00,4.920675526338988e-05,4.950396432020745e-11
2021-11-18 00:00:00+00:00,6.15262496156018e-05,4.9572277474453e-11
2021-11-18 04:00:00+00:00,0.00011901565007473601,4.937131137289499e-11
2021-11-18 08:00:00+00:00,0.00011541974012964961,4.9351650627553786e-11
2021-11-18 12:00:00+00:00,4.628855297738196e-06,3.454615543928765e-11
2021-11-18 16:00:00+00:00,3.400528439486949e-05,3.457880613192941e-11
2021-11-18 20:00:00+00:00,-5.507681520157569e-07,3.493457476183631e-11
2021-11-19 00:00:00+00:00,7.86054544236795e-05,3.484270243335705e-11
2021-11-19 04:00:00+00:00,0.00013795316584986006,3.466151637430314e-11
2021-11-19 08:00:00+00:00,0.00017610030828779503,3.489443654551764e-11
2021-11-19 12:00:00+00:00,6.082307449484918e-05,3.488842687637625e-11
2021-11-19 16:00:00+00:00,2.6391715350635642e-05,3.5235278185496015e-11
2021-11-19 20:00:00+00:00,0.0001152806532711425,3.509235792628946e-11
2021-11-20 00:00:00+00:00,7.80374343671082e-05,3.514362126749821e-11
2021-11-20 04:00:00+00:00,9.700791794612169e-05,3.536246469403868e-11
2021-11-20 08:00:00+00:00,0.0001609323105241902,3.536747239988119e-11
2021-11-20 12:00:00+00:00,9.010923558776242e-05,3.5770613821924333e-11
2021-11-20 16:00:00+00:00,0.00011201039146724735,3.578062478989539e-11
2021-11-20 20:00:00+00:00,0.00020319229242675551,3.588109513743576e-11
2021-11-21 00:00:00+00:00,0.0001301356481953747,3.621614505447589e-11
2021-11-21 04:00:00+00:00,6.0641592955645885e-05,3.644528489362909e-11
2021-11-21 08:00:00+00:00,7.54903219881906e-05,3.651215994941073e-11
2021-11-21 12:00:00+00:00,0.00014836541811309175,3.655606433914338e-11
2021-11-21 16:00:00+00:00,8.44816519442978e-05,3.6566554665949143e-11
2021-11-21 20:00:00+00:00,0.00015419377933734857,3.637025044022646e-11
2021-11-22 00:00:00+00:00,0.0001479398065077555,3.609954993462848e-11
2021-11-22 04:00:00+00:00,8.698891441143434e-05,3.610366402234289e-11
2021-11-22 08:00:00+00:00,0.0001751569028991037,3.595292742765046e-11
2021-11-22 12:00:00+00:00,0.00016431444884439322,3.602020074125499e-11
2021-11-22 16:00:00+00:00,6.805878247784637e-05,3.6097881579526726e-11
2021-11-22 20:00:00+00:00,9.139561377170313e-05,3.571575922485817e-11
2021-11-23 00:00:00+00:00,0.00011714753605235463,3.594645585467086e-11
2021-11-23 04:00:00+00:00,9.44529244544005e-05,3.6359667495162366e-11
2021-11-23 08:00:00+00:00,-7.662111863988405e-06,3.66884140977916e-11
2021-11-23 12:00:00+00:00,0.00021341189726314705,3.667353127734344e-11
2021-11-23 16:00:00+00:00,0.00011621365201291093,3.676926180757812e-11
2021-11-23 20:00:00+00:00,0.0001027335499100633,3.677246656536018e-11
2021-11-24 00:00:00+00:00,7.727809943416526e-05,3.645025449365592e-11
2021-11-24 04:00:00+00:00,0.00016228005544002434,3.6911124120297996e-11
2021-11-24 08:00:00+00:00,0.00012018059302883575,3.710599059384778e-11
2021-11-24 12:00:00+00:00,4.146559496130451e-05,3.7015541290128427e-11
2021-11-24 16:00:00+00:00,0.00013666224818030873,3.7239225481150526e-11
2021-11-24 20:00:00+00:00,-1.2934742478847246e-05,3.738026426741956e-11
2021-11-25 00:00:00+00:00,7.943927077711039e-05,3.7545222629372535e-11
2021-11-25 04:00:00+00:00,2.0814974293446737e-05,3.755851669568814e-11
2021-11-25 08:00:00+00:00,8.803805385353261e-05,3.784833852398112e-11
2021-11-25 12:00:00+00:00,0.00023955835593945848,3.791846918746346e-11
2021-11-25 16:00:00+00:00,8.346891479076817e-05,3.832058525603586e-11
2021-11-25 20:00:00+00:00,6.536173725032485e-05,3.840104805725104e-11
2021-11-26 00:00:00+00:00,7.237563257103404e-05,3.840984379205207e-11
2021-11-26 04:00:00+00:00,8.789765141504632e-07,3.82528063237083e-11
2021-11-26 08:00:00+00:00,4.243290744927299e-05,2.6776964426595807e-11
2021-11-26 12:00:00+00:00,4.14354900001172e-05,2.6580564556007472e-11
2021-11-26 16:00:00+00:00,0.00016471596378318234,2.6570768847810907e-11
2021-11-26 20:00:00+00:00,8.59211988086478e-05,2.6579616640613672e-11
2021-11-27 00:00:00+00:00,5.952718049977992e-05,2.6450640558048945e-11
2021-11-27 04:00:00+00:00,7.765878984167004e-05,2.646813565553383e-11
2021-11-27 08:00:00+00:00,0.00010609183965480029,2.6367482189891377e-11
2021-11-27 12:00:00+00:00,0.00011310486847230692,2.6342853740444233e-11
2021-11-27 16:00:00+00:00,0.00010828284674040649,2.6396361135094327e-11
2021-11-27 20:00:00+00:00,6.124515713994152e-05,2.6352947877934566e-11
2021-11-28 00:00:00+00:00,9.407172844307722e-05,2.626786790813646e-11
2021-11-28 04:00:00+00:00,5.7871434965949274e-05,2.6486243862613718e-11
2021-11-28 08:00:00+00:00,8.755624909679895e-05,2.656642315433338e-11
2021-11-28 12:00:00+00:00,0.00017450896309816768,2.6481423495212294e-11
2021-11-28 16:00:00+00:00,6.590758680954137e-05,2.6558883480179698e-11
2021-11-28 20:00:00+00:00,0.00017155693471725914,2.665851671942753e-11
2021-11-29 00:00:00+00:00,-2.6858155943110244e-05,2.6765308997185157e-11
2021-11-29 04:00:00+00:00,0.00010468576572197815,2.6640410384819836e-11
2021-11-29 08:00:00+00:00,9.919871481655603e-05,2.6803614352584314e-11
2021-11-29 12:00:00+00:00,0.0001268667810356958,2.687810655991555e-11
2021-11-29 16:00:00+00:00,0.00021818020109761575,2.6821140630100492e-11
2021-11-29 20:00:00+00:00,9.661056893847852e-05,2.6887481015040897e-11
2021-11-30 00:00:00+00:00,6.638594793509481e-05,2.6938803494838148e-11
2021-11-30 04:00:00+00:00,5.2777846348074536e-05,2.699277402852101e-11
2021-11-30 08:00:00+00:00,0.00019799278671073727,2.6966257246364087e-11
2021-11-30 12:00:00+00:00,0.0001408556729875232,2.683881344085715e-11
2021-11-30 16:00:00+00:00,0.00020785245404588698,2.7118640904171917e-11
2021-11-30 20:00:00+00:00,9.110735618602846e-05,2.7081927478289992e-11
2021-12-01 00:00:00+00:00,0.00018576102712725349,2.7089677455707507e-11
2021-12-01 04:00:00+00:00,0.0001944980987036747,2.7113976950345798e-11
2021-12-01 08:00:00+00:00,0.00011863361953025026,2.717640521201761e-11
2021-12-01 12:00:00+00:00,0.0001210081015922118,2.727588530787611e-11
2021-12-01 16:00:00+00:00,0.00022451397983266026,2.7491794522938102e-11
2021-12-01 20:00:00+00:00,0.00018170271065767916,2.726497215355338e-11
2021-12-02 00:00:00+00:00,0.0001762425560404854,2.7334966361134468e-11
2021-12-02 04:00:00+00:00,9.380655976788733e-05,2.73307140559212e-11
2021-12-02 08:00:00+00:00,0.0001506189732484275,2.7271741683034785e-11
2021-12-02 12:00:00+00:00,8.515986136595908e-05,2.749443768173561e-11
2021-12-02 16:00:00+00:00,0.00016412650198627103,2.7464628330919615e-11
2021-12-02 20:00:00+00:00,0.00010865612344804681,2.7604467489217818e-11
2021-12-03 00:00:00+00:00,0.00012142420687083361,2.7448663250568165e-11
2021-12-03 04:00:00+00:00,0.00023428681001070738,2.7377538656726e-11
2021-12-03 08:00:00+00:00,0.00013429081795796207,2.7566902271732747e-11
2021-12-03 12:00:00+00:00,0.00010451993553085615,1.9296831590212922e-11
2021-12-03 16:00:00+00:00,8.128789422914868e-05,1.3507782113149045e-11
2021-12-03 20:00:00+00:00,2.1576874965208777e-05,1.3607211408489857e-11
2021-12-04 00:00:00+00:00,8.42680575846709e-05,9.525047985942898e-12
2021-12-04 04:00:00+00:00,1.8304803641385744e-05,9.598066396470835e-12
2021-12-04 08:00:00+00:00,3.856285383999178e-05,9.61027351653185e-12
2021-12-04 12:00:00+00:00,9.169571135855244e-05,9.656642908235912e-12
2021-12-04 16:00:00+00:00,6.146504991662465e-06,9.648584294870623e-12
2021-12-04 20:00:00+00:00,5.744061569292879e-05,9.663622604124128e-12
2021-12-05 00:00:00+00:00,3.7893209453778457e-06,9.72812451348674e-12
2021-12-05 04:00:00+00:00,-4.0213018068845264e-05,9.754675748622723e-12
2021-12-05 08:00:00+00:00,1.9037196579558283e-05,9.688634246986283e-12
2021-12-05 12:00:00+00:00,4.689800953710449e-05,6.782043972890397e-12
2021-12-05 16:00:00+00:00,7.665915031819538e-05,6.820881614247499e-12
2021-12-05 20:00:00+00:00,-1.604765696090118e-05,6.904091438030441e-12
2021-12-06 00:00:00+00:00,5.349061036417488e-05,6.9618545672994425e-12
2021-12-06 04:00:00+00:00,0.00017755782356403027,6.958281426906326e-12
2021-12-06 08:00:00+00:00,0.00013513343862176915,6.972014037984261e-12
2021-12-06 12:00:00+00:00,8.065612566169167e-06,6.940935840469184e-12
2021-12-06 16:00:00+00:00,-2.5671314169755673e-05,6.888857206999755e-12
2021-12-06 20:00:00+00:00,0.00012355933914937135,6.853952072777446e-12
2021-12-07 00:00:00+00:00,0.00010918106133591359,6.8487924738662255e-12
2021-12-07 04:00:00+00:00,0.00016760403616323586,6.805304512552619e-12
2021-12-07 08:00:00+00:00,8.902968184890097e-05,6.830666427353811e-12
2021-12-07 12:00:00+00:00,0.00017148568101354076,6.832150953804552e-12
2021-12-07 16:00:00+00:00,4.060128632985321e-05,6.860245468730224e-12
2021-12-07 20:00:00+00:00,0.0001329472803411541,6.8843531773669366e-12
2021-12-08 00:00:00+00:00,0.00012232237300009995,6.902046847602366e-12
2021-12-08 04:00:00+00:00,0.00010995710768733114,6.927383613042813e-12
2021-12-08 08:00:00+00:00,8.197317581983162e-05,6.894764083457107e-12
2021-12-08 12:00:00+00:00,0.00018958065616583256,6.884642780854066e-12
2021-12-08 16:00:00+00:00,0.00011272031513226217,6.872710778633831e-12
2021-12-08 20:00:00+00:00,6.398331413415128e-05,6.942882658612711e-12
2021-12-09 00:00:00+00:00,0.00014527482758014258,6.9940471174134646e-12
2021-12-09 04:00:00+00:00,8.354188910757143e-05,6.963443231230187e-12
2021-12-09 08:00:00+00:00,9.229269480883476e-05,6.95050943452833e-12
2021-12-09 12:00:00+00:00,0.00014810554013559954,6.937420766459354e-12
2021-12-09 16:00:00+00:00,0.0001202052089639979,6.9411478085774454e-12
2021-12-09 20:00:00+00:00,0.00013864268070304763,7.001678219727053e-12
2021-12-10 00:00:00+00:00,0.00019542020268234592,6.982478195610235e-12
2021-12-10 04:00:00+00:00,1.5259969401541862e-05,6.997654583020045e-12
2021-12-10 08:00:00+00:00,0.00019802625116359892,7.051460295733625e-12
2021-12-10 12:00:00+00:00,5.310180377718674e-05,7.146201389541333e-12
2021-12-10 16:00:00+00:00,-3.071181879438571e-06,7.207694017122376e-12
2021-12-10 20:00:00+00:00,-3.4323062618322274e-05,7.186642568493692e-12
2021-12-11 00:00:00+00:00,8.068303146538223e-05,7.245081250905385e-12
2021-12-11 04:00:00+00:00,0.00015818794829192996,7.296749398305686e-12
2021-12-11 08:00:00+00:00,6.824420750765599e-05,7.2716244119182535e-12
2021-12-11 12:00:00+00:00,5.9934347667936425e-05,7.2328486280667174e-12
2021-12-11 16:00:00+00:00,5.412207820584504e-05,7.273534974164284e-12
2021-12-11 20:00:00+00:00,8.907269953414936e-05,7.25223307094338e-12
2021-12-12 00:00:00+00:00,5.283010085008725e-05,7.271840619969583e-12
2021-12-12 04:00:00+00:00,9.589423827621092e-05,7.283427014201123e-12
2021-12-12 08:00:00+00:00,0.00020153413493147323,7.298481333614501e-12
2021-12-12 12:00:00+00:00,8.606377425304905e-05,7.285994459336392e-12
2021-12-12 16:00:00+00:00,9.07323179540064e-05,7.322279875007014e-12
2021-12-12 20:00:00+00:00,0.00013439187189551424,7.339630494657382e-12
2021-12-13 00:00:00+00:00,4.148230185629696e-05,7.309405649425439e-12
2021-12-13 04:00:00+00:00,9.142304702659155e-05,7.288635094853903e-12
2021-12-13 08:00:00+00:00,3.405710244572466e-05,7.326273305351619e-12
2021-12-13 12:00:00+00:00,7.617127858846698e-05,5.128391313746133e-12
2021-12-13 16:00:00+00:00,1.7660566261026198e-05,5.092953987034757e-12
2021-12-13 20:00:00+00:00,-6.027878979189836e-05,5.121984473890375e-12
2021-12-14 00:00:00+00:00,0.00010668363424407677,5.159374778332655e-12
2021-12-14 04:00:00+00:00,8.496186628036255e-05,5.174015784427618e-12
2021-12-14 08:00:00+00:00,8.017075175450961e-05,5.192555294584949e-12
2021-12-14 12:00:00+00:00,4.374748325383708e-05,5.2688728236194085e-12
2021-12-14 16:00:00+00:00,0.00011043151623349676,5.247846032210603e-12
2021-12-14 20:00:00+00:00,5.922815787373067e-05,5.272553030882384e-12
2021-12-15 00:00:00+00:00,6.492451493905561e-06,5.2988678089570796e-12
2021-12-15 04:00:00+00:00,0.0001328665840879912,5.329284686772664e-12
2021-12-15 08:00:00+00:00,8.70621778087053e-05,5.312090355585508e-12
2021-12-15 12:00:00+00:00,5.9571758075745755e-05,5.302038579940522e-12
2021-12-15 16:00:00+00:00,1.313159504433105e-06,5.27588295479105e-12
2021-12-15 20:00:00+00:00,0.00012992558080843046,5.2408838522548136e-12
2021-12-16 00:00:00+00:00,0.00021913087275816015,5.2725327181038945e-12
2021-12-16 04:00:00+00:00,0.00017538256458465352,5.257171032544774e-12
2021-12-16 08:00:00+00:00,0.00019360236549883407,5.299776075290321e-12
2021-12-16 12:00:00+00:00,0.00026033052333008263,5.315050586084204e-12
2021-12-16 16:00:00+00:00,0.0002350197555624436,5.334099328060926e-12
2021-12-16 20:00:00+00:00,0.00019306568420604116,5.280849243047114e-12
2021-12-17 00:00:00+00:00,0.00016140267888859386,5.273205911890391e-12
2021-12-17 04:00:00+00:00,6.102832395801569e-06,5.249969800655103e-12
2021-12-17 08:00:00+00:00,5.362751721469904e-05,5.242724003113525e-12
2021-12-17 12:00:00+00:00,0.00017333133804178828,5.22291166858763e-12
2021-12-17 16:00:00+00:00,8.499227182087443e-05,5.258958798787e-12
2021-12-17 20:00:00+00:00,5.761918881604273e-05,5.262067391944555e-12
2021-12-18 00:00:00+00:00,0.00015183837259142191,5.281330386376308e-12
2021-12-18 04:00:00+00:00,8.68869732837066e-05,5.3238831419369244e-12
2021-12-18 08:00:00+00:00,8.020013121571735e-05,5.341131343248996e-12
2021-12-18 12:00:00+00:00,-1.1223774356603754e-05,5.3605495333169476e-12
2021-12-18 16:00:00+00:00,0.00013024010199726691,5.352186197611661e-12
2021-12-18 20:00:00+00:00,2.6379787270941342e-05,5.388313054773622e-12
2021-12-19 00:00:00+00:00,0.00014632048045307128,5.4060558854212666e-12
2021-12-19 04:00:00+00:00,0.00011419684425303296,5.445289175453387e-12
2021-12-19 08:00:00+00:00,0.00013074543504352237,5.436157299351469e-12
2021-12-19 12:00:00+00:00,8.06516031137646e-05,5.4543637797296054e-12
2021-12-19 16:00:00+00:00,0.0002120141086550509,5.409779134416937e-12
2021-12-19 20:00:00+00:00,2.7319351827733573e-05,5.437262403669145e-12
2021-12-20 00:00:00+00:00,0.00018555149876117388,5.4389899736633186e-12
2021-12-20 04:00:00+00:00,-6.658509433501938e-06,5.422290357605198e-12
2021-12-20 08:00:00+00:00,3.072741707808704e-05,5.398873656386445e-12
2021-12-20 12:00:00+00:00,0.00016006284560914476,5.377247816058768e-12
2021-12-20 16:00:00+00:00,0.00010031312429962054,5.365955640478838e-12
2021-12-20 20:00:00+00:00,7.710851227626966e-05,5.376269851437468e-12
2021-12-21 00:00:00+00:00,6.063485499873844e-05,5.3118428339531595e-12
2021-12-21 04:00:00+00:00,0.00017875494087149914,5.330800973099372e-12
2021-12-21 08:00:00+00:00,0.00017601439850211894,5.322550736836708e-12
2021-12-21 12:00:00+00:00,-1.5603614143890134e-05,5.317370838935506e-12
2021-12-21 16:00:00+00:00,7.543863955396433e-05,5.284460209305914e-12
2021-12-21 20:00:00+00:00,1.79555134756323e-06,5.296118888311055e-12
2021-12-22 00:00:00+00:00,0.0001102215198225601,5.3217203254636705e-12
2021-12-22 04:00:00+00:00,0.00014128881298266523,5.325897107998579e-12
2021-12-22 08:00:00+00:00,0.00011456603089667462,5.352289686893911e-12
2021-12-22 12:00:00+00:00,0.00013727928408641297,5.355579652080058e-12
2021-12-22 16:00:00+00:00,7.31901490077398e-05,5.336041263722852e-12
2021-12-22 20:00:00+00:00,0.00022445920019731672,5.31789001665136e-12
2021-12-23 00:00:00+00:00,0.00010820102921068491,5.3330976198558355e-12
2021-12-23 04:00:00+00:00,0.00011321239622547985,5.342772110404288e-12
2021-12-23 08:00:00+00:00,0.00010117669401684563,5.344934278239101e-12
2021-12-23 12:00:00+00:00,0.00011737717144789657,5.360199634434382e-12
2021-12-23 16:00:00+00:00,5.721231341047291e-05,5.357412900772315e-12
2021-12-23 20:00:00+00:00,0.0001080073459157949,5.389117023071878e-12
2021-12-24 00:00:00+00:00,0.00016936346922823327,5.416267294314756e-12
2021-12-24 04:00:00+00:00,6.138256011176489e-05,5.424244586466369e-12
2021-12-24 08:00:00+00:00,9.59746873814578e-05,5.464978489422823e-12
2021-12-24 12:00:00+00:00,0.00020098508256425395,5.465896007773931e-12
2021-12-24 16:00:00+00:00,7.615018433919255e-05,5.490512310143796e-12
2021-12-24 20:00:00+00:00,0.00017348688505006038,5.531384360016694e-12
2021-12-25 00:00:00+00:00,0.00012574546548378595,5.514342319858823e-12
2021-12-25 04:00:00+00:00,6.092797537562582e-05,5.576906751147295e-12
2021-12-25 08:00:00+00:00,0.0001601639805610271,5.5851856612356006e-12
2021-12-25 12:00:00+00:00,0.0002446995009404437,5.585966257406744e-12
2021-12-25 16:00:00+00:00,0.00016813070190880094,5.580013142527736e-12
2021-12-25 20:00:00+00:00,0.00010262194587157274,5.58429916397427e-12
2021-12-26 00:00:00+00:00,8.093886378851166e-05,5.607093237296261e-12
2021-12-26 04:00:00+00:00,8.249540875414704e-05,5.607251654395194e-12
2021-12-26 08:00:00+00:00,0.00017372970515452542,5.598397170481472e-12
2021-12-26 12:00:00+00:00,6.117678340257916e-05,5.59676139677349e-12
2021-12-26 16:00:00+00:00,-6.006066077794771e-06,5.6469271978213715e-12
2021-12-26 20:00:00+00:00,9.241595077287013e-05,5.661903664492641e-12
2021-12-27 00:00:00+00:00,9.138309186456305e-05,5.6664093532384185e-12
2021-12-27 04:00:00+00:00,0.00011327207113693882,5.646218796691435e-12
2021-12-27 08:00:00+00:00,0.00012926448926111223,5.626080402165681e-12
2021-12-27 12:00:00+00:00,0.00012349352859587683,5.573062824647465e-12
2021-12-27 16:00:00+00:00,0.00011303659972964586,5.546752322672808e-12
2021-12-27 20:00:00+00:00,0.0001011267248874701,5.558651810518994e-12
2021-12-28 00:00:00+00:00,0.00010389943020743036,5.56708082446476e-12
2021-12-28 04:00:00+00:00,3.0493681121851643e-05,5.5649898107068825e-12
2021-12-28 08:00:00+00:00,0.00013763711012431223,5.5932322584700646e-12
2021-12-28 12:00:00+00:00,0.00010066981268396592,5.626290873212924e-12
2021-12-28 16:00:00+00:00,6.263225210495762e-05,5.6364579918352476e-12
2021-12-28 20:00:00+00:00,7.525819921322353e-05,5.658541223660676e-12
2021-12-29 00:00:00+00:00,7.151798423829135e-05,5.644919460460203e-12
2021-12-29 04:00:00+00:00,6.946401147261017e-05,5.682671168798366e-12
2021-12-29 08:00:00+00:00,3.583581293412599e-05,5.657850863240238e-12
2021-12-29 12:00:00+00:00,5.210844196578156e-05,5.649206366489455e-12
2021-12-29 16:00:00+00:00,0.00013461847570110636,5.644860349647196e-12
2021-12-29 20:00:00+00:00,4.70887307224171e-05,5.61418607194363e-12
2021-12-30 00:00:00+00:00,7.543829613855836e-05,5.617456975696547e-12
2021-12-30 04:00:00+00:00,6.219108761274767e-05,5.63603783685472e-12
2021-12-30 08:00:00+00:00,3.663612524695339e-05,5.644215173185436e-12
2021-12-30 12:00:00+00:00,9.116173884606554e-05,5.619101930035858e-12
2021-12-30 16:00:00+00:00,5.0272905479156806e-05,5.6496849175134026e-12
2021-12-30 20:00:00+00:00,8.171668139352541e-05,5.67758447627823e-12
2021-12-31 00:00:00+00:00,3.8267923828851815e-05,5.720985309574319e-12
2021-12-31 04:00:00+00:00,6.009478712095546e-05,5.765159140624568e-12
2021-12-31 08:00:00+00:00,0.00011169714259227907,5.741518470107699e-12
2021-12-31 12:00:00+00:00,0.00012105303821139621,5.739492662878876e-12
2021-12-31 16:00:00+00:00,0.0001163618370264934,5.734069845906228e-12
2021-12-31 20:00:00+00:00,0.00013884369258943043,5.727114845299403e-12
2022-01-01 00:00:00+00:00,0.0001897182976511263,5.822143538683985e-12
2022-01-01 04:00:00+00:00,0.00016058920656486115,5.824219397190698e-12
2022-01-01 08:00:00+00:00,0.00017481716422702924,5.855858927863744e-12
2022-01-01 12:00:00+00:00,0.00011892553246204085,5.903878592634269e-12
2022-01-01 16:00:00+00:00,3.050608134640402e-05,5.889980306213316e-12
2022-01-01 20:00:00+00:00,0.00014395214414439632,5.9182720594971465e-12
2022-01-02 00:00:00+00:00,9.920966638271311e-05,5.925846432896207e-12
2022-01-02 04:00:00+00:00,9.925184041664944e-05,5.947015403900215e-12
2022-01-02 08:00:00+00:00,7.96595369059343e-05,5.943910129781748e-12
2022-01-02 12:00:00+00:00,0.00010346781929259017,5.926857841239243e-12
2022-01-02 16:00:00+00:00,0.00010348457946195421,5.932183676262085e-12
2022-01-02 20:00:00+00:00,0.00022736678269322287,5.910507517911662e-12
2022-01-03 00:00:00+00:00,3.4065842545084766e-05,5.895475002571044e-12
2022-01-03 04:00:00+00:00,5.4621117946739185e-05,5.88343704235407e-12
2022-01-03 08:00:00+00:00,0.00012760767981425156,5.910755747462293e-12
2022-01-03 12:00:00+00:00,7.680417199965164e-05,5.956375062917604e-12
2022-01-03 16:00:00+00:00,6.232534388875619e-05,5.980750005898686e-12
2022-01-03 20:00:00+00:00,6.0529302955409954e-05,5.9483176135038876e-12
2022-01-04 00:00:00+00:00,0.00015776889787246556,5.935282132831673e-12
2022-01-04 04:00:00+00:00,0.00010217864281631845,5.880296816621327e-12
2022-01-04 08:00:00+00:00,7.49511174111348e-05,5.868470580713191e-12
2022-01-04 12:00:00+00:00,3.6458410483967206e-05,5.90185179315845e-12
2022-01-04 16:00:00+00:00,0.0001554694398978162,5.892762256446642e-12
2022-01-04 20:00:00+00:00,0.0001382380106015345,5.874338182707097e-12
2022-01-05 00:00:00+00:00,5.68238898291064e-05,5.87155852302223e-12
2022-01-05 04:00:00+00:00,0.00014266885673311597,5.836256879816362e-12
2022-01-05 08:00:00+00:00,6.990642137458417e-05,5.800716530693813e-12
2022-01-05 12:00:00+00:00,4.922133186901107e-05,5.776573979280313e-12
2022-01-05 16:00:00+00:00,-2.32420430921009e-05,4.043601785496219e-12
2022-01-05 20:00:00+00:00,8.138134995394082e-05,4.019312152056591e-12
2022-01-06 00:00:00+00:00,5.3718985515465956e-05,4.013638886394145e-12
2022-01-06 04:00:00+00:00,4.438616061425896e-05,4.006374063336916e-12
2022-01-06 08:00:00+00:00,1.271693878409368e-05,4.0239958153225376e-12
2022-01-06 12:00:00+00:00,9.46387912150585e-05,4.029654612857875e-12
2022-01-06 16:00:00+00:00,0.00011787503322762756,4.058203283546532e-12
2022-01-06 20:00:00+00:00,3.7423723170612556e-05,4.057687970453911e-12
2022-01-07 00:00:00+00:00,-1.2123540572847572e-05,2.840381579317738e-12
2022-01-07 04:00:00+00:00,5.842005061893374e-05,2.8329011036304897e-12
2022-01-07 08:00:00+00:00,1.9121963916767228e-05,2.8599167026420822e-12
2022-01-07 12:00:00+00:00,-5.143084152558282e-06,2.8471768564629344e-12
2022-01-07 16:00:00+00:00,6.860138613846197e-05,2.8445498741401603e-12
2022-01-07 20:00:00+00:00,2.855640686865017e-05,2.843888343791139e-12
2022-01-08 00:00:00+00:00,9.679393556765408e-05,2.8457377296821212e-12
2022-01-08 04:00:00+00:00,5.7900096975704964e-05,2.822349485112634e-12
2022-01-08 08:00:00+00:00,7.075409912699185e-05,2.8481823868264874e-12
2022-01-08 12:00:00+00:00,8.622233878571621e-05,2.8480497814671436e-12
2022-01-08 16:00:00+00:00,0.0001869311900897515,1.9936348470270004e-12
2022-01-08 20:00:00+00:00,7.670868998960549e-05,2.00345480305161e-12
2022-01-09 00:00:00+00:00,0.00010487654809858234,1.9951073492115673e-12
2022-01-09 04:00:00+00:00,1.5269974795776165e-05,1.991369717756254e-12
2022-01-09 08:00:00+00:00,0.00013280636653041446,1.9910601855266935e-12
2022-01-09 12:00:00+00:00,0.0001789437043672824,1.9998880662081004e-12
2022-01-09 16:00:00+00:00,0.00010696897030368157,2.0030525856609613e-12
2022-01-09 20:00:00+00:00,0.00012972474716270733,1.991488658774411e-12
2022-01-10 00:00:00+00:00,0.00013223511720565422,2.000238116717944e-12
2022-01-10 04:00:00+00:00,6.481968943245111e-05,1.99631143689863e-12
2022-01-10 08:00:00+00:00,0.00010296247465104096,1.993033796968883e-12
2022-01-10 12:00:00+00:00,-6.678054999981454e-05,2.0146934126705766e-12
2022-01-10 16:00:00+00:00,6.970436067605777e-05,2.0181575632582396e-12
2022-01-10 20:00:00+00:00,0.00011100877171150632,2.016678603333889e-12
2022-01-11 00:00:00+00:00,5.086123385707745e-05,2.0276566194807144e-12
2022-01-11 04:00:00+00:00,8.970951701876625e-05,2.0299287517831046e-12
2022-01-11 08:00:00+00:00,0.0001107899070472218,2.037823056692876e-12
2022-01-11 12:00:00+00:00,9.99267176817928e-05,2.0498441287488973e-12
2022-01-11 16:00:00+00:00,8.065236499004921e-05,2.0682202675053902e-12
2022-01-11 20:00:00+00:00,6.735048038186325e-05,2.0988371291903604e-12
2022-01-12 00:00:00+00:00,1.2691958729375698e-05,2.094577580097089e-12
2022-01-12 04:00:00+00:00,2.5933524701257307e-05,2.0899931861048237e-12
2022-01-12 08:00:00+00:00,0.0002075275806408718,2.0703499771515016e-12
2022-01-12 12:00:00+00:00,0.00010663396052036029,2.0626465639136346e-12
2022-01-12 16:00:00+00:00,9.53347244392779e-05,2.05933721072784e-12
2022-01-12 20:00:00+00:00,8.5180708769342e-05,2.0735544193757134e-12
2022-01-13 00:00:00+00:00,0.00015722020256373346,2.0726642963666542e-12
2022-01-13 04:00:00+00:00,0.00016680391345809932,2.0563470813488553e-12
2022-01-13 08:00:00+00:00,9.713722990225635e-05,2.067551016142161e-12
2022-01-13 12:00:00+00:00,0.00011146193574507391,2.0611135616758897e-12
2022-01-13 16:00:00+00:00,0.00013146604953553407,2.0681888472490344e-12
2022-01-13 20:00:00+00:00,7.895200204860847e-05,2.0753624391285013e-12
2022-01-14 00:00:00+00:00,0.00016887725787492254,2.097698830294979e-12
2022-01-14 04:00:00+00:00,5.4073921252445215e-05,2.0940266296381146e-12
2022-01-14 08:00:00+00:00,0.00011228380917456922,2.0956290163368715e-12
2022-01-14 12:00:00+00:00,9.934771648901547e-05,2.1017659488962942e-12
2022-01-14 16:00:00+00:00,7.14272405822668e-05,2.1248870300535854e-12
2022-01-14 20:00:00+00:00,0.0001227535469447997,2.121811179652812e-12
2022-01-15 00:00:00+00:00,0.0001538631529474761,2.1236649934894637e-12
2022-01-15 04:00:00+00:00,2.611291277489234e-05,2.1134972657147682e-12
2022-01-15 08:00:00+00:00,-4.123373767114379e-05,2.10340740295493e-12
2022-01-15 12:00:00+00:00,0.0001175270521984916,2.085638089013458e-12
2022-01-15 16:00:00+00:00,8.707306052316403e-05,2.077494341726165e-12
2022-01-15 20:00:00+00:00,0.00014899417582804692,2.087589225049434e-12
2022-01-16 00:00:00+00:00,0.00010726873325649451,2.1062094921376772e-12
2022-01-16 04:00:00+00:00,6.920316505927508e-05,2.1151553561490706e-12
2022-01-16 08:00:00+00:00,7.138250862603014e-06,2.11878001086013e-12
2022-01-16 12:00:00+00:00,8.032437096213541e-05,2.1316383930146567e-12
2022-01-16 16:00:00+00:00,0.0001268234408686275,2.140563332422215e-12
2022-01-16 20:00:00+00:00,5.1680509448500157e-05,2.130625651459104e-12
2022-01-17 00:00:00+00:00,8.08511445287664e-05,2.1273916117676014e-12
2022-01-17 04:00:00+00:00,0.0001937788931580458,2.1090644182199366e-12
2022-01-17 08:00:00+00:00,0.00011209458051122266,2.1166683424084065e-12
2022-01-17 12:00:00+00:00,0.0001376296315274401,2.11895303055596e-12
2022-01-17 16:00:00+00:00,8.301740062818488e-05,2.1290965926109745e-12
2022-01-17 20:00:00+00:00,0.00012477924709686081,2.1287734808938788e-12
2022-01-18 00:00:00+00:00,9.622806536590885e-05,2.132778546883157e-12
2022-01-18 04:00:00+00:00,8.786333392430239e-05,2.1280860404467407e-12
2022-01-18 08:00:00+00:00,0.00011444906746226909,2.133593799192169e-12
2022-01-18 12:00:00+00:00,4.748884002164788e-05,2.133783695354412e-12
2022-01-18 16:00:00+00:00,3.3432642340472344e-05,2.1414142476707207e-12
2022-01-18 20:00:00+00:00,8.398101978943276e-05,2.149731735358754e-12
2022-01-19 00:00:00+00:00,7.71725144334752e-05,2.1456016242415955e-12
2022-01-19 04:00:00+00:00,4.877202542008856e-05,2.163144150468519e-12
2022-01-19 08:00:00+00:00,0.00010147402780955893,2.1630450913689052e-12
2022-01-19 12:00:00+00:00,3.078872095662574e-05,2.1644437200585124e-12
2022-01-19 16:00:00+00:00,0.00012500171719005915,2.1647090682200107e-12
2022-01-19 20:00:00+00:00,0.00013389745642281806,2.1672980378482963e-12
2022-01-20 00:00:00+00:00,8.775506817416952e-05,2.1418550422917085e-12
2022-01-20 04:00:00+00:00,4.680584347127449e-05,2.1332268232099516e-12
2022-01-20 08:00:00+00:00,-7.672199788367696e-05,2.139110390116787e-12
2022-01-20 12:00:00+00:00,0.00017580324172630129,2.1361742421212507e-12
2022-01-20 16:00:00+00:00,2.1146402904420304e-06,2.1382426052970638e-12
2022-01-20 20:00:00+00:00,1.4152221867448739e-05,1.4967698237079445e-12
2022-01-21 00:00:00+00:00,4.557247731479279e-05,1.5003125086019474e-12
2022-01-21 04:00:00+00:00,0.0001384349127912873,1.5002216715728542e-12
2022-01-21 08:00:00+00:00,5.734222265132008e-05,1.5075363114496102e-12
2022-01-21 12:00:00+00:00,-5.937784187602691e-05,1.5159533156482338e-12
2022-01-21 16:00:00+00:00,8.835829490312792e-05,1.5225053007915249e-12
2022-01-21 20:00:00+00:00,0.00011150011422724953,1.0657537105540674e-12
2022-01-22 00:00:00+00:00,4.252034691190158e-05,1.0688800032717087e-12
2022-01-22 04:00:00+00:00,5.478923031058104e-05,7.482160022901961e-13
2022-01-22 08:00:00+00:00,-5.85533585560219e-05,7.510224269120381e-13
2022-01-22 12:00:00+00:00,-7.712787544003631e-05,5.257156988384266e-13
2022-01-22 16:00:00+00:00,-0.00012518452284610671,5.215516799880175e-13
2022-01-22 20:00:00+00:00,-8.450865688410821e-05,5.233051672319788e-13
2022-01-23 00:00:00+00:00,4.770415237321458e-05,5.202565459865013e-13
2022-01-23 04:00:00+00:00,3.8591135222121935e-05,5.220280143291902e-13
2022-01-23 08:00:00+00:00,2.292275234360283e-05,5.238885123314842e-13
2022-01-23 12:00:00+00:00,6.718300747676179e-06,5.254481623169414e-13
2022-01-23 16:00:00+00:00,2.697260414593708e-05,5.327704910231496e-13
2022-01-23 20:00:00+00:00,0.00010224429461519672,5.340898754658345e-13
2022-01-24 00:00:00+00:00,-1.0690109303046751e-05,3.738629128260841e-13
2022-01-24 04:00:00+00:00,7.425963660113378e-05,2.6170403897825884e-13
2022-01-24 08:00:00+00:00,6.181353804287814e-05,2.6220401939447076e-13
2022-01-24 12:00:00+00:00,2.0662293118556726e-05,2.6279962213269663e-13
2022-01-24 16:00:00+00:00,0.00010500600574491563,2.6372694680851913e-13
2022-01-24 20:00:00+00:00,0.000148555579468193,2.6308073499332705e-13
2022-01-25 00:00:00+00:00,0.00010575804237947197,2.6327410561072625e-13
2022-01-25 04:00:00+00:00,0.00011317521084038923,2.628188703963578e-13
2022-01-25 08:00:00+00:00,3.382802702603133e-05,2.6446428649255255e-13
2022-01-25 12:00:00+00:00,0.00010237661708104682,2.625159897961483e-13
2022-01-25 16:00:00+00:00,5.087921771395279e-05,2.6149286682387437e-13
2022-01-25 20:00:00+00:00,3.1531590611556264e-06,2.6403100592495605e-13
2022-01-26 00:00:00+00:00,7.144743198886567e-05,2.6558380864379636e-13
2022-01-26 04:00:00+00:00,0.00012470113691623173,2.677598967073498e-13
2022-01-26 08:00:00+00:00,0.00020490606142533293,2.6752676786717617e-13
2022-01-26 12:00:00+00:00,0.00016185878025272538,2.6866398863648433e-13
2022-01-26 16:00:00+00:00,6.390987945102602e-05,2.6735889816106643e-13
2022-01-26 20:00:00+00:00,7.319227015641148e-05,1.871512287127465e-13
2022-01-27 00:00:00+00:00,0.00012289207768870317,1.3100586009892255e-13
2022-01-27 04:00:00+00:00,5.817950603506862e-05,1.3144152459344557e-13
2022-01-27 08:00:00+00:00,0.00011264885685922269,1.3207587826343292e-13
2022-01-27 12:00:00+00:00,0.00010291609192996282,1.325590156416606e-13
2022-01-27 16:00:00+00:00,9.997501437984403e-05,1.3311260940702153e-13
2022-01-27 20:00:00+00:00,0.00011344170211237251,1.351128618295784e-13
2022-01-28 00:00:00+00:00,5.9768187377229016e-05,1.3612710949044195e-13
2022-01-28 04:00:00+00:00,2.0296740251206514e-05,1.3528383298603864e-13
2022-01-28 08:00:00+00:00,8.388260279224325e-05,1.368885875649073e-13
2022-01-28 12:00:00+00:00,0.00011335110737179703,1.3754107693693966e-13
2022-01-28 16:00:00+00:00,9.609789180725749e-05,1.371817668357432e-13
2022-01-28 20:00:00+00:00,9.909865791195145e-05,1.3755807877592912e-13
2022-01-29 00:00:00+00:00,6.739435963460272e-05,1.3696971031685169e-13
2022-01-29 04:00:00+00:00,0.0001436182304437962,1.3669179930276109e-13
2022-01-29 08:00:00+00:00,9.843864126944997e-05,1.3667127927902555e-13
2022-01-29 12:00:00+00:00,0.00014437912479029223,1.3612895300571603e-13
2022-01-29 16:00:00+00:00,0.0001179767904862899,1.373398334870106e-13
2022-01-29 20:00:00+00:00,8.582197733762223e-05,1.37374156490052e-13
2022-01-30 00:00:00+00:00,8.357457654213201e-05,1.3855766290762087e-13
2022-01-30 04:00:00+00:00,0.00010665737256365598,1.3937196386904752e-13
2022-01-30 08:00:00+00:00,0.00019441488598036303,1.3968264532676253e-13
2022-01-30 12:00:00+00:00,0.00014674189228544625,1.3947694646112278e-13
2022-01-30 16:00:00+00:00,7.008677031013227e-05,1.3967854026549241e-13
2022-01-30 20:00:00+00:00,0.00031316086497984794,1.3851389303784264e-13
2022-01-31 00:00:00+00:00,0.00010805364172807842,1.3910526385035376e-13
2022-01-31 04:00:00+00:00,5.616291753705277e-05,1.3982507335130904e-13
2022-01-31 08:00:00+00:00,5.300455041423292e-05,1.4090243632888656e-13
2022-01-31 12:00:00+00:00,9.337805456780598e-05,1.4070708778596268e-13
2022-01-31 16:00:00+00:00,0.00016192093103271663,1.4005726332913956e-13
2022-01-31 20:00:00+00:00,8.26865692554485e-05,1.3863057873379737e-13
2022-02-01 00:00:00+00:00,0.00020619513146049573,1.3916591901965863e-13
2022-02-01 04:00:00+00:00,0.0001272459604578727,1.3845256282545207e-13
2022-02-01 08:00:00+00:00,0.0001343359351539188,1.3700758449551662e-13
2022-02-01 12:00:00+00:00,0.00016122974694378215,1.3742553814847545e-13
2022-02-01 16:00:00+00:00,0.00019594080681344166,1.3757568870299649e-13
2022-02-01 20:00:00+00:00,0.0001762708734862399,1.3842224484501127e-13
2022-02-02 00:00:00+00:00,0.0001682597615131109,1.3802935065477134e-13
2022-02-02 04:00:00+00:00,0.00012497207714237736,1.3822382399061236e-13
2022-02-02 08:00:00+00:00,0.0001406879697513186,1.3812511791474127e-13
2022-02-02 12:00:00+00:00,0.00021558366398218535,1.3860554309610732e-13
2022-02-02 16:00:00+00:00,0.0002404336824309958,1.394156780447392e-13
2022-02-02 20:00:00+00:00,7.394179092609223e-05,9.759097463131744e-14
2022-02-03 00:00:00+00:00,0.00015097151096325358,9.719464122286418e-14
2022-02-03 04:00:00+00:00,6.537396376925245e-05,9.66991798907621e-14
2022-02-03 08:00:00+00:00,6.880792936548154e-05,9.683160577817647e-14
2022-02-03 12:00:00+00:00,-4.346954989460336e-06,9.733355123280188e-14
2022-02-03 16:00:00+00:00,1.8471422285293342e-05,9.725863937687086e-14
2022-02-03 20:00:00+00:00,3.93576951378822e-05,9.696604144845465e-14
2022-02-04 00:00:00+00:00,0.00010689456533044845,9.69917324278003e-14
2022-02-04 04:00:00+00:00,0.00011060971094246648,9.679577122309631e-14
2022-02-04 08:00:00+00:00,4.942516185137956e-05,9.67520480213447e-14
2022-02-04 12:00:00+00:00,5.2356687300642206e-05,9.684767276417511e-14
2022-02-04 16:00:00+00:00,9.9337500820481e-05,9.596688675373035e-14
2022-02-04 20:00:00+00:00,6.0814938131625034e-05,9.60158377232854e-14
2022-02-05 00:00:00+00:00,0.0001572270327471557,9.642293565645472e-14
2022-02-05 04:00:00+00:00,0.00026913009726371446,9.666071567814683e-14
2022-02-05 08:00:00+00:00,0.00017402634902959296,9.633245124107902e-14
2022-02-05 12:00:00+00:00,0.00021029845219672878,9.60108942487854e-14
2022-02-05 16:00:00+00:00,0.00019468842654303135,9.615672921376719e-14
2022-02-05 20:00:00+00:00,0.00013849843414756358,9.51232386124712e-14
2022-02-06 00:00:00+00:00,0.0001391624671550341,9.4400654489355e-14
2022-02-06 04:00:00+00:00,0.00013591278715085288,9.446659646921687e-14
2022-02-06 08:00:00+00:00,0.00018119403988143786,9.512295860407549e-14
2022-02-06 12:00:00+00:00,0.00011762272242126073,9.546352427330447e-14
2022-02-06 16:00:00+00:00,7.426499802718613e-05,9.551890526335074e-14
2022-02-06 20:00:00+00:00,0.00016972624786278805,9.571451278858418e-14
2022-02-07 00:00:00+00:00,9.043109649470269e-05,9.618706355230508e-14
2022-02-07 04:00:00+00:00,0.0001411445502574003,9.585176562552604e-14
2022-02-07 08:00:00+00:00,0.00010928017074151599,9.551719668229767e-14
2022-02-07 12:00:00+00:00,0.00012008339246532547,9.589022485947489e-14
2022-02-07 16:00:00+00:00,8.620895534785372e-05,9.582377435518841e-14
2022-02-07 20:00:00+00:00,0.00012751268391864641,9.65385948307527e-14
2022-02-08 00:00:00+00:00,0.00011244507476531831,9.707329850135084e-14
2022-02-08 04:00:00+00:00,0.00015197328011501586,9.760677166804694e-14
2022-02-08 08:00:00+00:00,0.0001127386715632608,9.785235415464122e-14
2022-02-08 12:00:00+00:00,3.073983127055682e-05,9.769821136580248e-14
2022-02-08 16:00:00+00:00,0.00011053790912747973,9.772833594519133e-14
2022-02-08 20:00:00+00:00,7.941099481340648e-05,9.747457715069272e-14
2022-02-09 00:00:00+00:00,0.00012222127400586262,9.702217831114882e-14
2022-02-09 04:00:00+00:00,1.8948252269665754e-05,9.609635289824256e-14
2022-02-09 08:00:00+00:00,9.536876416721244e-05,9.710048523552711e-14
2022-02-09 12:00:00+00:00,6.873832790998269e-05,9.690593803166178e-14
2022-02-09 16:00:00+00:00,0.00011972458486045448,9.63852511914985e-14
2022-02-09 20:00:00+00:00,7.628618970198074e-05,9.615637749960494e-14
2022-02-10 00:00:00+00:00,3.125953287867863e-05,9.643684863715971e-14
2022-02-10 04:00:00+00:00,7.637037711653485e-05,9.602985900037e-14
2022-02-10 08:00:00+00:00,0.00016849077236232187,9.604077339160048e-14
2022-02-10 12:00:00+00:00,0.00017352545127719544,9.633719609119261e-14
2022-02-10 16:00:00+00:00,8.822684969662248e-05,9.634919995484729e-14
2022-02-10 20:00:00+00:00,8.589563761631381e-05,9.67255449028509e-14
2022-02-11 00:00:00+00:00,5.338059786433015e-05,9.703457163033921e-14
2022-02-11 04:00:00+00:00,7.932164642385162e-05,9.775173828257298e-14
2022-02-11 08:00:00+00:00,9.421468957025017e-05,9.840525313239243e-14
2022-02-11 12:00:00+00:00,9.552548013397806e-06,9.805663587008303e-14
2022-02-11 16:00:00+00:00,-2.392044682748694e-05,6.863964510905812e-14
2022-02-11 20:00:00+00:00,3.2209850068272544e-05,6.868383631645989e-14
2022-02-12 00:00:00+00:00,8.47958231988658e-05,6.867199723243107e-14
2022-02-12 04:00:00+00:00,2.9276140470596847e-05,6.880809535504006e-14
2022-02-12 08:00:00+00:00,2.304672056034755e-05,6.92283960396873e-14
2022-02-12 12:00:00+00:00,6.064944406296054e-05,6.875795173355963e-14
2022-02-12 16:00:00+00:00,1.42945719009442e-05,6.901386402876902e-14
2022-02-12 20:00:00+00:00,0.00015572116632880042,6.898113492442206e-14
2022-02-13 00:00:00+00:00,-4.542322562297813e-05,6.958213579521009e-14
2022-02-13 04:00:00+00:00,3.363464934195691e-05,6.968650790758245e-14
2022-02-13 08:00:00+00:00,9.132517353124689e-05,6.966973288783216e-14
2022-02-13 12:00:00+00:00,2.2062817003208318e-05,6.965088543608324e-14
2022-02-13 16:00:00+00:00,8.181228932903632e-05,6.935865613582104e-14
2022-02-13 20:00:00+00:00,3.79110762922991e-05,6.988674606959115e-14
2022-02-14 00:00:00+00:00,0.00018048656612286229,6.973455191080601e-14
2022-02-14 04:00:00+00:00,0.00010744989921732973,6.996052661243659e-14
2022-02-14 08:00:00+00:00,0.00011140629861039831,6.97930210551193e-14
2022-02-14 12:00:00+00:00,0.0001246407894120777,6.942667698247178e-14
2022-02-14 16:00:00+00:00,0.00016522577571005063,6.913132575145852e-14
2022-02-14 20:00:00+00:00,8.862130454601421e-05,6.849308015927564e-14
2022-02-15 00:00:00+00:00,0.0001404271496875264,6.845228182684091e-14
2022-02-15 04:00:00+00:00,6.545671427117104e-05,6.818033713687051e-14
2022-02-15 08:00:00+00:00,6.264916267051783e-05,6.854364255803804e-14
2022-02-15 12:00:00+00:00,8.926887739811116e-05,6.89632267342408e-14
2022-02-15 16:00:00+00:00,0.000164377270017812,6.847169513387095e-14
2022-02-15 20:00:00+00:00,0.00023816150024368458,6.865682896202357e-14
2022-02-16 00:00:00+00:00,0.00014773831866394708,6.869193992443717e-14
2022-02-16 04:00:00+00:00,7.452584563871371e-05,6.869982866710836e-14
2022-02-16 08:00:00+00:00,0.00012049740110647709,6.900320304579678e-14
2022-02-16 12:00:00+00:00,0.00011180804831265098,6.955054124153677e-14
2022-02-16 16:00:00+00:00,0.0001296172510978557,6.967368627253748e-14
2022-02-16 20:00:00+00:00,6.704453697333601e-05,6.993657225842875e-14
2022-02-17 00:00:00+00:00,2.90011408084173e-05,6.992052242201424e-14
2022-02-17 04:00:00+00:00,0.00013843976519961395,6.99353952391142e-14
2022-02-17 08:00:00+00:00,-2.898517023666503e-06,6.980926277955338e-14
2022-02-17 12:00:00+00:00,4.03691839951503e-05,6.9953148831335e-14
2022-02-17 16:00:00+00:00,0.00010174693521202711,7.058071692827912e-14
2022-02-17 20:00:00+00:00,8.259621576052614e-05,7.02483307328056e-14
2022-02-18 00:00:00+00:00,5.626223292111088e-05,6.997246875921797e-14
2022-02-18 04:00:00+00:00,1.3368041736327086e-05,7.009048140912021e-14
2022-02-18 08:00:00+00:00,4.097554939035088e-05,7.059050336646523e-14
2022-02-18 12:00:00+00:00,0.00012220874972414144,7.051697990855566e-14
2022-02-18 16:00:00+00:00,-1.9844312685426917e-05,7.031853695012327e-14
2022-02-18 20:00:00+00:00,3.622375545468719e-05,7.059708566034042e-14
2022-02-19 00:00:00+00:00,4.1107543771736824e-05,7.070953249717216e-14
2022-02-19 04:00:00+00:00,1.908086797904808e-05,7.020237148790236e-14
2022-02-19 08:00:00+00:00,0.00011814092715129181,6.952833254948183e-14
2022-02-19 12:00:00+00:00,0.00010746846742182472,6.962373826624151e-14
2022-02-19 16:00:00+00:00,2.5370564378046954e-05,6.909676152176517e-14
2022-02-19 20:00:00+00:00,5.4135246571987914e-05,6.966622422804847e-14
2022-02-20 00:00:00+00:00,0.00010502996464448425,7.000924767028275e-14
2022-02-20 04:00:00+00:00,0.00011257248084441015,6.993371315829811e-14
2022-02-20 08:00:00+00:00,-8.970128716482118e-06,7.02179812806084e-14
2022-02-20 12:00:00+00:00,7.459634072963399e-05,7.06159690856203e-14
2022-02-20 16:00:00+00:00,5.774977376844052e-05,7.103449103945966e-14
2022-02-20 20:00:00+00:00,9.121561593873545e-05,7.116892457859372e-14
2022-02-21 00:00:00+00:00,4.6304557505448405e-05,7.104702694016401e-14
2022-02-21 04:00:00+00:00,9.050254172677358e-05,7.062693107244799e-14
2022-02-21 08:00:00+00:00,9.747273979903948e-05,4.943885175071359e-14
2022-02-21 12:00:00+00:00,8.00844324149702e-05,4.985200900049472e-14
2022-02-21 16:00:00+00:00,7.335389067444475e-05,5.023665479085636e-14
2022-02-21 20:00:00+00:00,2.8704214603955796e-05,3.516565835359945e-14
2022-02-22 00:00:00+00:00,4.949591679625252e-05,3.5309090604903127e-14
2022-02-22 04:00:00+00:00,4.067610971472544e-05,3.5376185958821747e-14
2022-02-22 08:00:00+00:00,7.991381941960584e-05,3.5383444953808977e-14
2022-02-22 12:00:00+00:00,8.32785162524707e-05,3.527269237949478e-14
2022-02-22 16:00:00+00:00,-5.064121578441072e-06,3.535591995517607e-14
2022-02-22 20:00:00+00:00,0.00019433459787114913,3.531093535869853e-14
2022-02-23 00:00:00+00:00,-6.526278969242558e-06,3.528298251189297e-14
2022-02-23 04:00:00+00:00,5.863532854587083e-05,3.4921558865083626e-14
2022-02-23 08:00:00+00:00,0.00011738049400870039,3.479568043584071e-14
2022-02-23 12:00:00+00:00,1.8471525961637395e-05,3.4696720690517734e-14
2022-02-23 16:00:00+00:00,0.00012365222359597502,3.482236603096681e-14
2022-02-23 20:00:00+00:00,6.498392643834372e-05,3.4926600121089287e-14
2022-02-24 00:00:00+00:00,6.975627646140699e-05,2.44486200847625e-14
2022-02-24 04:00:00+00:00,5.907296943355528e-05,2.463408015346546e-14
2022-02-24 08:00:00+00:00,0.0001417671673157638,2.462334630763467e-14
2022-02-24 12:00:00+00:00,5.527672954592556e-05,2.4655000984697597e-14
2022-02-24 16:00:00+00:00,0.0001518597664972543,2.4719814756397262e-14
2022-02-24 20:00:00+00:00,0.00010419414316294833,2.4705499744171426e-14
2022-02-25 00:00:00+00:00,0.00012958961571153964,2.4567006488595055e-14
2022-02-25 04:00:00+00:00,8.673495418766757e-05,2.437697792385462e-14
2022-02-25 08:00:00+00:00,0.00012298313006893635,2.44195257611967e-14
2022-02-25 12:00:00+00:00,4.326963032308646e-05,2.4472228825533485e-14
2022-02-25 16:00:00+00:00,0.00016062445741936302,2.4403507912746725e-14
2022-02-25 20:00:00+00:00,0.00011154544040434594,2.4414513036378496e-14
2022-02-26 00:00:00+00:00,0.00018807084288845758,2.4424953648604333e-14
2022-02-26 04:00:00+00:00,0.00015681808393242652,2.4287706565102298e-14
2022-02-26 08:00:00+00:00,9.141653350000584e-05,2.4459062033782324e-14
2022-02-26 12:00:00+00:00,0.0002361566232165649,2.448802885774939e-14
2022-02-26 16:00:00+00:00,8.574355015340991e-05,2.4487151885373875e-14
2022-02-26 20:00:00+00:00,4.325712244166696e-05,2.4496746711734888e-14
2022-02-27 00:00:00+00:00,8.455675522846368e-05,2.460833104205917e-14
2022-02-27 04:00:00+00:00,7.459891560645083e-05,2.4768883386432022e-14
2022-02-27 08:00:00+00:00,0.00011610641039396813,2.479571627562855e-14
2022-02-27 12:00:00+00:00,0.00014483966543161957,2.4431744457934808e-14
2022-02-27 16:00:00+00:00,6.868699205883725e-05,1.7102221120554363e-14
2022-02-27 20:00:00+00:00,5.9588011825956866e-05,1.6960308889866746e-14
2022-02-28 00:00:00+00:00,7.519980460992878e-06,1.6881516837455486e-14
2022-02-28 04:00:00+00:00,8.647733602806814e-05,1.685510078104962e-14
2022-02-28 08:00:00+00:00,7.264778686845285e-05,1.6939060438282716e-14
2022-02-28 12:00:00+00:00,4.91532736306164e-05,1.684479875920483e-14
2022-02-28 16:00:00+00:00,0.00023517359703616384,1.6724812569543682e-14
2022-02-28 20:00:00+00:00,0.00010428489597992364,1.6863895073315183e-14
2022-03-01 00:00:00+00:00,0.00012785652601790299,1.697593497299758e-14
2022-03-01 04:00:00+00:00,7.541408721429838e-05,1.6955645986534267e-14
2022-03-01 08:00:00+00:00,3.703499227303215e-05,1.69845241368313e-14
2022-03-01 12:00:00+00:00,1.597917890994831e-05,1.697178689972924e-14
2022-03-01 16:00:00+00:00,0.00022312548904610295,1.7057527171106738e-14
2022-03-01 20:00:00+00:00,0.0001076033317695324,1.71142470153534e-14
2022-03-02 00:00:00+00:00,0.00014952355494833835,1.7226156551430494e-14
2022-03-02 04:00:00+00:00,9.317069655460804e-05,1.725569464178339e-14
2022-03-02 08:00:00+00:00,0.0001727545975199276,1.7203167497926422e-14
2022-03-02 12:00:00+00:00,0.0001478555357171379,1.7092058539246248e-14
2022-03-02 16:00:00+00:00,0.00015299430648647985,1.7050544644655002e-14
2022-03-02 20:00:00+00:00,3.5111692327486366e-05,1.7180351413998863e-14
2022-03-03 00:00:00+00:00,0.00011394764616241792,1.715184342952797e-14
2022-03-03 04:00:00+00:00,9.150768289999684e-05,1.7055071652304456e-14
2022-03-03 08:00:00+00:00,4.4036979185976785e-05,1.696192351785393e-14
2022-03-03 12:00:00+00:00,-6.504904062674287e-07,1.7028175431870717e-14
2022-03-03 16:00:00+00:00,0.00015291971529774883,1.7073002015871335e-14
2022-03-03 20:00:00+00:00,7.83092907230685e-05,1.710799732168266e-14
2022-03-04 00:00:00+00:00,2.9398593447259838e-05,1.721894903822605e-14
2022-03-04 04:00:00+00:00,9.723502189063359e-05,1.7071600426561388e-14
2022-03-04 08:00:00+00:00,5.6006591710268096e-05,1.7098792832497577e-14
2022-03-04 12:00:00+00:00,3.803507096333888e-06,1.713278231195345e-14
2022-03-04 16:00:00+00:00,1.7154079512461162e-05,1.71196736551363e-14
2022-03-04 20:00:00+00:00,0.00013180133533695663,1.7166078890326353e-14
2022-03-05 00:00:00+00:00,3.58035497891224e-05,1.7181405591842767e-14
2022-03-05 04:00:00+00:00,4.526019629427436e-05,1.7072148937889407e-14
2022-03-05 08:00:00+00:00,5.349476763176976e-05,1.7056913118156608e-14
2022-03-05 12:00:00+00:00,0.00010503557465261431,1.715445700239793e-14
2022-03-05 16:00:00+00:00,0.00010420343013541603,1.7198255019795916e-14
2022-03-05 20:00:00+00:00,5.564037104860298e-05,1.7257237851952056e-14
2022-03-06 00:00:00+00:00,7.905012987803993e-05,1.7194077637466442e-14
2022-03-06 04:00:00+00:00,0.0001203870745807921,1.7077647109611607e-14
2022-03-06 08:00:00+00:00,6.856549409364999e-05,1.716341985562787e-14
2022-03-06 12:00:00+00:00,0.00010583606833056024,1.7002651146406282e-14
2022-03-06 16:00:00+00:00,3.3255837209419134e-05,1.702661911643828e-14
2022-03-06 20:00:00+00:00,0.00015798299711524642,1.7217631945681634e-14
2022-03-07 00:00:00+00:00,0.00016820785972154195,1.7163015635312045e-14
2022-03-07 04:00:00+00:00,5.632688992834763e-05,1.7149237219527684e-14
2022-03-07 08:00:00+00:00,0.0001256636546354785,1.7138737126764243e-14
2022-03-07 12:00:00+00:00,0.00012516209444227958,1.7168765597831477e-14
2022-03-07 16:00:00+00:00,2.4608769484910495e-05,1.2018135918482033e-14
2022-03-07 20:00:00+00:00,0.00015303508681345832,1.2024154949553082e-14
2022-03-08 00:00:00+00:00,0.00016671778158203196,1.2136407670186199e-14
2022-03-08 04:00:00+00:00,0.00012629424123487324,1.2102947618530857e-14
2022-03-08 08:00:00+00:00,5.829776028477901e-05,1.2182365695141246e-14
2022-03-08 12:00:00+00:00,1.4169443302297336e-05,1.2165082666135574e-14
2022-03-08 16:00:00+00:00,0.0001416205533170046,1.2177058080451073e-14
2022-03-08 20:00:00+00:00,0.00018306462581003577,1.2199142103596793e-14
2022-03-09 00:00:00+00:00,0.0001747036070446755,1.2301677759441483e-14
2022-03-09 04:00:00+00:00,0.000137655826400919,1.2390935644232872e-14
2022-03-09 08:00:00+00:00,3.75127340009245e-05,1.2474786164156914e-14
2022-03-09 12:00:00+00:00,0.00015366731321103547,1.2498376341851727e-14
2022-03-09 16:00:00+00:00,7.34156207091075e-05,1.2495184116068495e-14
2022-03-09 20:00:00+00:00,0.00023938554085474,1.2498330954536379e-14
2022-03-10 00:00:00+00:00,8.699342861485015e-05,1.258600902737237e-14
2022-03-10 04:00:00+00:00,0.00018318616800337936,1.2606452233504922e-14
2022-03-10 08:00:00+00:00,0.00015789533607065052,1.2628898959912403e-14
2022-03-10 12:00:00+00:00,0.0001814527878475439,1.2616486919868191e-14
2022-03-10 16:00:00+00:00,3.9249869910875745e-05,1.2653148959688504e-14
2022-03-10 20:00:00+00:00,9.786771961966433e-05,1.2707958300020501e-14
2022-03-11 00:00:00+00:00,-1.3097312485320592e-05,1.2599082747798309e-14
2022-03-11 04:00:00+00:00,8.704770634209474e-05,1.26012989053219e-14
2022-03-11 08:00:00+00:00,5.0933356111936795e-05,1.2527744164356109e-14
2022-03-11 12:00:00+00:00,8.734920775156566e-05,1.2519562586906912e-14
2022-03-11 16:00:00+00:00,8.209496826728547e-05,1.2518403203265627e-14
2022-03-11 20:00:00+00:00,-1.1683896060977049e-05,1.2661257230485638e-14
2022-03-12 00:00:00+00:00,0.00011069795321410112,1.263082051800022e-14
2022-03-12 04:00:00+00:00,0.00012142010979518834,1.268001819652322e-14
2022-03-12 08:00:00+00:00,6.892900652840647e-05,1.2667721624984709e-14
2022-03-12 12:00:00+00:00,7.602523773448382e-05,1.2688253814104878e-14
2022-03-12 16:00:00+00:00,8.78886125244705e-06,1.2687556464289419e-14
2022-03-12 20:00:00+00:00,9.945629780616851e-05,1.2652382716880202e-14
2022-03-13 00:00:00+00:00,0.00013955078090303958,1.2673639648761803e-14
2022-03-13 04:00:00+00:00,9.345019662524726e-05,1.2767880706869002e-14
2022-03-13 08:00:00+00:00,5.850654936284356e-05,1.264351006129945e-14
2022-03-13 12:00:00+00:00,0.00012943638600073688,1.2726848315113702e-14
2022-03-13 16:00:00+00:00,2.470927301392779e-05,1.274530535182542e-14
2022-03-13 20:00:00+00:00,9.970074995907719e-05,1.2680737594163408e-14
2022-03-14 00:00:00+00:00,0.00010208110215320426,1.2745372288734678e-14
2022-03-14 04:00:00+00:00,0.00012759988717042574,1.276447237654508e-14
2022-03-14 08:00:00+00:00,0.00016518275734532352,1.2725828880807423e-14
2022-03-14 12:00:00+00:00,9.87264042549767e-05,1.2674044485165427e-14
2022-03-14 16:00:00+00:00,0.00014659551853483642,1.2673678736368147e-14
2022-03-14 20:00:00+00:00,5.808007450911728e-05,1.2740590989777029e-14
2022-03-15 00:00:00+00:00,0.00018671614451937384,1.283212976201341e-14
2022-03-15 04:00:00+00:00,0.00017485779238339978,1.2835493906676064e-14
2022-03-15 08:00:00+00:00,0.00014814092352057637,1.2919168596797535e-14
2022-03-15 12:00:00+00:00,8.798447515478617e-05,1.2855980516879556e-14
2022-03-15 16:00:00+00:00,0.00013181462812789912,1.2878976854440846e-14
2022-03-15 20:00:00+00:00,9.608013189509629e-05,1.3008671837875653e-14
2022-03-16 00:00:00+00:00,0.0001371436341539333,1.3093692540964351e-14
2022-03-16 04:00:00+00:00,6.332852703524817e-05,1.3066459345767875e-14
2022-03-16 08:00:00+00:00,8.091510926128815e-05,1.3031719913823543e-14
2022-03-16 12:00:00+00:00,0.00026059807685910037,1.2934722927626562e-14
2022-03-16 16:00:00+00:00,0.00021926305686304848,1.3066235530818671e-14
2022-03-16 20:00:00+00:00,7.37667446211876e-05,1.3178268701162771e-14
2022-03-17 00:00:00+00:00,0.00011502192630188136,1.3229138282181495e-14
2022-03-17 04:00:00+00:00,0.0001731831082709152,1.3413827583289588e-14
2022-03-17 08:00:00+00:00,0.00010782342283440666,1.3335490472265333e-14
2022-03-17 12:00:00+00:00,0.00016493945744964431,1.330764188599188e-14
2022-03-17 16:00:00+00:00,0.00017944705215130541,1.3371323150860583e-14
2022-03-17 20:00:00+00:00,0.00014339958073431605,1.3282437556696554e-14
2022-03-18 00:00:00+00:00,0.00014818407673061987,1.340377036556303e-14
2022-03-18 04:00:00+00:00,0.00019707329185289372,1.3447070208466924e-14
2022-03-18 08:00:00+00:00,6.238002926307922e-05,1.3400612333096983e-14
2022-03-18 12:00:00+00:00,8.385388342972943e-05,1.3468345327928796e-14
2022-03-18 16:00:00+00:00,0.0001991731523553221,1.3471124423658776e-14
2022-03-18 20:00:00+00:00,0.0001063031913455107,1.3453831112757501e-14
2022-03-19 00:00:00+00:00,0.00016810789997054443,1.350199422862213e-14
2022-03-19 04:00:00+00:00,0.00012894864751398152,1.3466486566806893e-14
2022-03-19 08:00:00+00:00,8.914729659547518e-05,1.3614331353861939e-14
2022-03-19 12:00:00+00:00,0.00012489662937781654,1.3664151271527633e-14
2022-03-19 16:00:00+00:00,4.315283355169386e-05,1.3729642606039595e-14
2022-03-19 20:00:00+00:00,0.0001887336277740872,1.3771714188781011e-14
2022-03-20 00:00:00+00:00,0.0001249545849833384,1.3822238748869328e-14
2022-03-20 04:00:00+00:00,5.50107503585625e-05,1.383934937880624e-14
2022-03-20 08:00:00+00:00,0.00018346756947902048,1.3940604386538288e-14
2022-03-20 12:00:00+00:00,7.149213028213626e-05,1.398789755363469e-14
2022-03-20 16:00:00+00:00,0.0001258665390240575,1.401833118904354e-14
2022-03-20 20:00:00+00:00,0.0001136029291733416,1.4111629092896198e-14
2022-03-21 00:00:00+00:00,5.943898570240651e-05,1.4184648257534359e-14
2022-03-21 04:00:00+00:00,0.0001369801967225962,1.4145316326832216e-14
2022-03-21 08:00:00+00:00,3.84117261892678e-05,1.425215332979631e-14
2022-03-21 12:00:00+00:00,0.00011541022382098602,1.4264280170155322e-14
2022-03-21 16:00:00+00:00,9.896517584277178e-05,1.4269414556466096e-14
2022-03-21 20:00:00+00:00,0.00011855245744875822,1.4224399298781035e-14
2022-03-22 00:00:00+00:00,0.00013571670634555613,1.4233716682894627e-14
2022-03-22 04:00:00+00:00,4.899402532911266e-05,1.4421237034629304e-14
2022-03-22 08:00:00+00:00,0.0001222776856538267,1.453362143545035e-14
2022-03-22 12:00:00+00:00,0.00019898648302615448,1.4465924365907744e-14
2022-03-22 16:00:00+00:00,0.00012680403839514167,1.4430347308699797e-14
2022-03-22 20:00:00+00:00,0.00015042619369979386,1.4492919371343714e-14
2022-03-23 00:00:00+00:00,0.00010510552749394695,1.448796076218017e-14
2022-03-23 04:00:00+00:00,0.0001634142209594121,1.451072411797466e-14
2022-03-23 08:00:00+00:00,8.830080919768423e-05,1.449049498950065e-14
2022-03-23 12:00:00+00:00,8.258083456669646e-05,1.437520654380572e-14
2022-03-23 16:00:00+00:00,0.00013902062086943416,1.4279233644749292e-14
2022-03-23 20:00:00+00:00,0.00016330032877519333,1.4346083093684987e-14
2022-03-24 00:00:00+00:00,0.00017463476201269265,1.4442233432267978e-14
2022-03-24 04:00:00+00:00,6.323884675686378e-05,1.4425607097796093e-14
2022-03-24 08:00:00+00:00,0.0001321807604640333,1.440893205646326e-14
2022-03-24 12:00:00+00:00,0.00011366312800644676,1.4516458143853378e-14
2022-03-24 16:00:00+00:00,0.0001442840483694326,1.4485395647177532e-14
2022-03-24 20:00:00+00:00,9.689684080639937e-05,1.4477329852604328e-14
2022-03-25 00:00:00+00:00,0.0001073624630937836,1.4580050273340225e-14
2022-03-25 04:00:00+00:00,0.00016335772914447368,1.4541925404246496e-14
2022-03-25 08:00:00+00:00,0.00019246964026927484,1.4476387810987273e-14
2022-03-25 12:00:00+00:00,0.00015545793402975733,1.4517287298935306e-14
2022-03-25 16:00:00+00:00,6.083184473063935e-05,1.450709806078231e-14
2022-03-25 20:00:00+00:00,0.00020084537332519688,1.45441157020572e-14
2022-03-26 00:00:00+00:00,8.69657460632209e-05,1.4461924361610598e-14
2022-03-26 04:00:00+00:00,7.970648993004137e-05,1.4346413690004396e-14
2022-03-26 08:00:00+00:00,6.253092170887068e-05,1.431253438018454e-14
2022-03-26 12:00:00+00:00,9.092778521101495e-05,1.443397301834133e-14
2022-03-26 16:00:00+00:00,1.807396573081619e-05,1.4526808626710378e-14
2022-03-26 20:00:00+00:00,2.4575892680196223e-05,1.4687089243036735e-14
2022-03-27 00:00:00+00:00,9.318329121494743e-05,1.4711489116343887e-14
2022-03-27 04:00:00+00:00,5.046678245553029e-05,1.4604850280326683e-14
2022-03-27 08:00:00+00:00,0.00013716207027030664,1.455291698349087e-14
2022-03-27 12:00:00+00:00,2.501611632099701e-05,1.4555758310991496e-14
2022-03-27 16:00:00+00:00,0.0001466595330817395,1.4498867347143303e-14
2022-03-27 20:00:00+00:00,0.00012077833888231642,1.4466604309500864e-14
2022-03-28 00:00:00+00:00,4.906365706410693e-05,1.4529111693089412e-14
2022-03-28 04:00:00+00:00,0.00021676478205952596,1.4451411165109473e-14
2022-03-28 08:00:00+00:00,0.00010651052604705624,1.447009875130743e-14
2022-03-28 12:00:00+00:00,0.00015133693104610422,1.4476367828068677e-14
2022-03-28 16:00:00+00:00,0.0001689508969649836,1.4515464832087672e-14
2022-03-28 20:00:00+00:00,0.00014549900645238566,1.016082538246137e-14
2022-03-29 00:00:00+00:00,0.0001706500221576565,1.0123852633600387e-14
2022-03-29 04:00:00+00:00,0.00015768786717335067,1.009261488070586e-14
2022-03-29 08:00:00+00:00,0.00013188282537185018,1.022833634742703e-14
2022-03-29 12:00:00+00:00,7.593676692778011e-05,1.02478735854919e-14
2022-03-29 16:00:00+00:00,0.0002376256307232079,1.02460364535901e-14
2022-03-29 20:00:00+00:00,8.600524297157819e-05,1.0281668187972368e-14
2022-03-30 00:00:00+00:00,5.548710855463016e-05,1.0395921118287625e-14
2022-03-30 04:00:00+00:00,0.0001780580012400715,1.0390380068153683e-14
2022-03-30 08:00:00+00:00,0.0001012919046485867,1.0373393382800007e-14
2022-03-30 12:00:00+00:00,0.0001551230374106916,1.0305045652844402e-14
2022-03-30 16:00:00+00:00,6.606406483761364e-05,1.0263738650146876e-14
2022-03-30 20:00:00+00:00,0.00012915645114862677,1.0288255491369142e-14
2022-03-31 00:00:00+00:00,0.0002031970029918669,1.0326548640666977e-14
2022-03-31 04:00:00+00:00,0.00021540080885570413,1.0315514236678039e-14
2022-03-31 08:00:00+00:00,0.00016643906842893206,1.029842308555771e-14
2022-03-31 12:00:00+00:00,0.00012240987009853058,1.0379472603213202e-14
2022-03-31 16:00:00+00:00,8.705499665321095e-05,1.0359284412009136e-14
2022-03-31 20:00:00+00:00,0.00016452463392623514,1.0423588094026416e-14
2022-04-01 00:00:00+00:00,0.00013031656707374842,1.0478393430865832e-14
2022-04-01 04:00:00+00:00,0.00018451307101347784,1.0547024229964906e-14
2022-04-01 08:00:00+00:00,0.00010991602800977966,1.0579648623577928e-14
2022-04-01 12:00:00+00:00,0.00018228089516934547,1.0567535341479314e-14
2022-04-01 16:00:00+00:00,0.0001559193984106787,1.0545031305730405e-14
2022-04-01 20:00:00+00:00,0.00021905131261238,1.0668877045453055e-14
2022-04-02 00:00:00+00:00,0.00015879099385946978,1.07448184355296e-14
2022-04-02 04:00:00+00:00,0.00021976061796600242,1.0779647068551992e-14
2022-04-02 08:00:00+00:00,0.00012255683022684244,1.0783567552043616e-14
2022-04-02 12:00:00+00:00,8.163373364901685e-05,1.0754290163478563e-14
2022-04-02 16:00:00+00:00,6.6430597616879e-05,1.0813904861195693e-14
2022-04-02 20:00:00+00:00,0.00018194527644996698,1.0808971896420011e-14
2022-04-03 00:00:00+00:00,0.00016465826673054025,1.0851225297509184e-14
2022-04-03 04:00:00+00:00,0.00013968512740636347,1.0907019251924759e-14
2022-04-03 08:00:00+00:00,0.0001925248704395848,1.0906889956391893e-14
2022-04-03 12:00:00+00:00,0.00012245790530378088,1.0754178978632349e-14
2022-04-03 16:00:00+00:00,5.840631292089547e-05,1.0809053700096446e-14
2022-04-03 20:00:00+00:00,2.9099162969106702e-05,1.0840071481934914e-14
2022-04-04 00:00:00+00:00,0.00014032399036428071,1.0795527323270274e-14
2022-04-04 04:00:00+00:00,6.804662524708545e-05,1.079502520528098e-14
2022-04-04 08:00:00+00:00,0.00014290124358917852,1.0823026934465652e-14
2022-04-04 12:00:00+00:00,9.425922129986187e-05,1.0930113521039454e-14
2022-04-04 16:00:00+00:00,9.219877288767033e-05,1.0942326152808433e-14
2022-04-04 20:00:00+00:00,0.0001557355996218944,1.1076474140338869e-14
2022-04-05 00:00:00+00:00,8.178614320079797e-05,1.1056518312097458e-14
2022-04-05 04:00:00+00:00,0.00011446555782178343,1.1020721358373867e-14
2022-04-05 08:00:00+00:00,9.25931626304539e-05,1.1030091217813567e-14
2022-04-05 12:00:00+00:00,7.978635800074301e-05,1.1065412586494548e-14
2022-04-05 16:00:00+00:00,3.909042820010405e-05,1.111900133361748e-14
2022-04-05 20:00:00+00:00,0.0001214097143735115,1.1029768361966968e-14
2022-04-06 00:00:00+00:00,3.348562397620956e-05,1.1053183652076279e-14
2022-04-06 04:00:00+00:00,0.00010164757670749145,1.1094181214779733e-14
2022-04-06 08:00:00+00:00,0.00010097654134099077,1.1101702711260908e-14
2022-04-06 12:00:00+00:00,5.216407170385181e-05,1.1105674761878035e-14
2022-04-06 16:00:00+00:00,0.00014065183851844312,1.105106587756495e-14
2022-04-06 20:00:00+00:00,5.343070250708977e-05,1.0976008481297253e-14
2022-04-07 00:00:00+00:00,-9.844866004815137e-06,1.102355528641322e-14
2022-04-07 04:00:00+00:00,6.059912734267132e-05,1.1049580504958932e-14
2022-04-07 08:00:00+00:00,0.00010031590488272346,1.099625914659984e-14
2022-04-07 12:00:00+00:00,7.233965098799795e-05,1.0980847708931535e-14
2022-04-07 16:00:00+00:00,8.12645401888472e-05,1.1008559608837434e-14
2022-04-07 20:00:00+00:00,1.160590801107405e-05,1.1007115544571714e-14
2022-04-08 00:00:00+00:00,5.8872641167954844e-05,1.1001440889312855e-14
2022-04-08 04:00:00+00:00,4.173406443714421e-06,1.0993929584139276e-14
2022-04-08 08:00:00+00:00,7.419630897332962e-05,1.1073586269158017e-14
2022-04-08 12:00:00+00:00,0.00012264174207667476,1.1193267157517875e-14
2022-04-08 16:00:00+00:00,0.00012277724647557698,1.1200820034986932e-14
2022-04-08 20:00:00+00:00,3.3351196987523366e-05,1.1284763371343513e-14
2022-04-09 00:00:00+00:00,8.961010069934717e-05,1.1274990522296442e-14
2022-04-09 04:00:00+00:00,7.564223484423852e-05,1.1326130598110834e-14
2022-04-09 08:00:00+00:00,9.129393970959299e-05,1.1324160196716994e-14
2022-04-09 12:00:00+00:00,9.06664670844025e-05,1.1322862994729447e-14
2022-04-09 16:00:00+00:00,6.799294506252522e-05,1.1254575235272626e-14
2022-04-09 20:00:00+00:00,1.8342867119564094e-05,1.1336975842559679e-14
2022-04-10 00:00:00+00:00,1.5258301737663123e-06,1.138585089242508e-14
2022-04-10 04:00:00+00:00,4.17223008189827e-06,1.1448295822933899e-14
2022-04-10 08:00:00+00:00,5.750958734536556e-05,1.1538590284342752e-14
2022-04-10 12:00:00+00:00,-2.8363906637167705e-06,1.1515294100086429e-14
2022-04-10 16:00:00+00:00,4.0775801804862503e-05,1.1472866035028386e-14
2022-04-10 20:00:00+00:00,8.128329643671182e-05,1.1518484957945974e-14
2022-04-11 00:00:00+00:00,0.00010956121468977804,1.1647074375637714e-14
2022-04-11 04:00:00+00:00,9.303895889946421e-05,1.168530545717261e-14
2022-04-11 08:00:00+00:00,-1.0295247956480017e-06,8.179713820020827e-15
2022-04-11 12:00:00+00:00,8.001206610552644e-05,8.178409215650946e-15
2022-04-11 16:00:00+00:00,1.61406450818903e-05,8.177455627729106e-15
2022-04-11 20:00:00+00:00,2.2111583482162826e-05,8.139436520245433e-15
2022-04-12 00:00:00+00:00,-1.938308915336904e-05,8.125969544030588e-15
2022-04-12 04:00:00+00:00,0.00010699227534237968,8.157040222706913e-15
2022-04-12 08:00:00+00:00,2.03325861515875e-05,8.201382158962305e-15
2022-04-12 12:00:00+00:00,7.05122916417889e-05,8.202613798088623e-15
2022-04-12 16:00:00+00:00,-4.907215351833726e-05,8.225821738299422e-15
2022-04-12 20:00:00+00:00,5.6413715880426285e-05,8.222859317136793e-15
2022-04-13 00:00:00+00:00,0.0001695073866404223,8.226599226514224e-15
2022-04-13 04:00:00+00:00,4.381968303792404e-05,8.207353648806334e-15
2022-04-13 08:00:00+00:00,0.0001471078430424496,8.192195694650641e-15
2022-04-13 12:00:00+00:00,0.00010172490294204696,8.19983753149934e-15
2022-04-13 16:00:00+00:00,9.506218118491351e-05,8.245320881580763e-15
2022-04-13 20:00:00+00:00,0.00021205644945866353,8.26218971856845e-15
2022-04-14 00:00:00+00:00,0.00014474181582466806,8.283742941095853e-15
2022-04-14 04:00:00+00:00,9.45904240711875e-05,8.321510001832684e-15
2022-04-14 08:00:00+00:00,0.00018118496123393127,8.300260136083445e-15
2022-04-14 12:00:00+00:00,0.00010993185792539077,8.297627156198717e-15
2022-04-14 16:00:00+00:00,9.021468503605562e-05,8.301745615822546e-15
2022-04-14 20:00:00+00:00,-6.004276903742139e-06,8.309764783056851e-15
2022-04-15 00:00:00+00:00,8.573689426571394e-05,8.284610261771286e-15
2022-04-15 04:00:00+00:00,5.316912463783179e-05,8.314922558080626e-15
2022-04-15 08:00:00+00:00,0.00012015265874005499,8.347601867400773e-15
2022-04-15 12:00:00+00:00,4.07824408431692e-05,8.336719538328878e-15
2022-04-15 16:00:00+00:00,8.111474870107432e-06,8.398602210513045e-15
2022-04-15 20:00:00+00:00,0.00013181386047015365,8.385106043165398e-15
2022-04-16 00:00:00+00:00,2.0852999140972675e-05,8.384890113610326e-15
2022-04-16 04:00:00+00:00,-1.6385760011209558e-05,8.48210647669779e-15
2022-04-16 08:00:00+00:00,9.921987031691204e-05,8.563540041234904e-15
2022-04-16 12:00:00+00:00,0.00018370723582364755,8.563351769796529e-15
2022-04-16 16:00:00+00:00,2.51978542146673e-05,8.600980066140914e-15
2022-04-16 20:00:00+00:00,1.9032307561063243e-05,8.60049472423471e-15
2022-04-17 00:00:00+00:00,0.0001606744174915142,8.615124127392655e-15
2022-04-17 04:00:00+00:00,0.0001288945486904754,8.633987611272349e-15
2022-04-17 08:00:00+00:00,0.0001416962200549982,8.623834478681041e-15
2022-04-17 12:00:00+00:00,0.00010723855649030855,8.640479627377006e-15
2022-04-17 16:00:00+00:00,1.6634324203290475e-05,8.72181203188127e-15
2022-04-17 20:00:00+00:00,-4.960918866773225e-05,8.745410611380732e-15
2022-04-18 00:00:00+00:00,0.00012757631714773165,8.8034036396575e-15
2022-04-18 04:00:00+00:00,5.6688766106922486e-05,8.813892257290077e-15
2022-04-18 08:00:00+00:00,0.00011513193459394174,8.765302890571262e-15
2022-04-18 12:00:00+00:00,0.00014341704836890693,8.679385495167005e-15
2022-04-18 16:00:00+00:00,-1.8554253167016118e-06,8.797627729656679e-15
2022-04-18 20:00:00+00:00,0.00012744298485504324,8.822133318592131e-15
2022-04-19 00:00:00+00:00,9.028136075627109e-05,8.824110574574053e-15
2022-04-19 04:00:00+00:00,0.00012883794512608506,8.754091064281143e-15
2022-04-19 08:00:00+00:00,0.00020015324706320936,8.745993400506254e-15
2022-04-19 12:00:00+00:00,8.903537235129936e-05,8.793279645882082e-15
2022-04-19 16:00:00+00:00,4.4859197253241077e-05,8.894481756229445e-15
2022-04-19 20:00:00+00:00,0.0001331607814229385,8.890248920866216e-15
2022-04-20 00:00:00+00:00,9.466625752416953e-05,8.7548568956392e-15
2022-04-20 04:00:00+00:00,0.00019836612642579315,8.720582923041561e-15
2022-04-20 08:00:00+00:00,0.00016174492711328427,8.695984941335004e-15
2022-04-20 12:00:00+00:00,6.287700070211041e-05,8.722612592024474e-15
2022-04-20 16:00:00+00:00,0.00014332320332330047,8.760792864605901e-15
2022-04-20 20:00:00+00:00,6.863211058847638e-05,8.744373121772617e-15
2022-04-21 00:00:00+00:00,0.0001842003104920216,8.758564076443582e-15
2022-04-21 04:00:00+00:00,6.969043251264029e-05,8.782569141340912e-15
2022-04-21 08:00:00+00:00,0.00014152902439898364,8.838195112464971e-15
2022-04-21 12:00:00+00:00,8.142180822964055e-05,8.871523191283756e-15
2022-04-21 16:00:00+00:00,7.122321132138283e-05,8.86318113351174e-15
2022-04-21 20:00:00+00:00,-5.1204225610027886e-05,8.841226455054518e-15
2022-04-22 00:00:00+00:00,7.189213510861652e-05,8.811220247841677e-15
2022-04-22 04:00:00+00:00,7.584398151104819e-05,8.90449577857621e-15
2022-04-22 08:00:00+00:00,0.00011906090593418938,8.930488034756853e-15
2022-04-22 12:00:00+00:00,1.892364733782533e-05,8.886663448758319e-15
2022-04-22 16:00:00+00:00,-1.4718108303312868e-05,8.918616304175436e-15
2022-04-22 20:00:00+00:00,9.717917235198135e-05,8.846105048596529e-15
2022-04-23 00:00:00+00:00,0.00011958665059084157,8.884124203112536e-15
2022-04-23 04:00:00+00:00,7.773443482098129e-05,8.871106570378524e-15
2022-04-23 08:00:00+00:00,0.00012866804068884644,8.889741669767464e-15
2022-04-23 12:00:00+00:00,7.371584190028467e-05,8.892758589812946e-15
2022-04-23 16:00:00+00:00,4.645856177488554e-05,8.87185888596773e-15
2022-04-23 20:00:00+00:00,8.338677737166149e-05,8.824014748192513e-15
2022-04-24 00:00:00+00:00,0.0001506336890211033,8.819761651102093e-15
2022-04-24 04:00:00+00:00,0.00013974988572988678,8.886154894914042e-15
2022-04-24 08:00:00+00:00,7.5197894562589e-05,8.811206302529334e-15
2022-04-24 12:00:00+00:00,7.30467042882167e-05,8.853514646174098e-15
2022-04-24 16:00:00+00:00,0.00015436302565679483,8.947144379851232e-15
2022-04-24 20:00:00+00:00,9.973300000172334e-05,8.941392264357626e-15
2022-04-25 00:00:00+00:00,0.00011415652661876477,8.96391949329722e-15
2022-04-25 04:00:00+00:00,6.279510688125634e-05,8.986661627102313e-15
2022-04-25 08:00:00+00:00,7.903649112863722e-05,8.89078824449636e-15
2022-04-25 12:00:00+00:00,2.6784688650116152e-06,8.949992385265963e-15
2022-04-25 16:00:00+00:00,0.00012244256846208397,9.027264367269182e-15
2022-04-25 20:00:00+00:00,6.44661101736214e-05,9.066452931603278e-15
2022-04-26 00:00:00+00:00,0.00012223644299145094,9.15939817915954e-15
2022-04-26 04:00:00+00:00,2.67392875680177e-05,9.091290401738094e-15
2022-04-26 08:00:00+00:00,8.41222734194836e-05,9.135551725507486e-15
2022-04-26 12:00:00+00:00,0.00011740273783460106,9.133779443747421e-15
2022-04-26 16:00:00+00:00,0.00011258777858219633,9.178380813562368e-15
2022-04-26 20:00:00+00:00,0.00012734660369416602,9.100485745850785e-15
2022-04-27 00:00:00+00:00,0.00012327303827336356,9.092720749772241e-15
2022-04-27 04:00:00+00:00,6.389574063130334e-05,9.125550473937942e-15
2022-04-27 08:00:00+00:00,7.352374781354798e-05,9.153372531689765e-15
2022-04-27 12:00:00+00:00,0.0001001643185609501,9.180900438810406e-15
2022-04-27 16:00:00+00:00,8.844859178156367e-05,9.14012953696163e-15
2022-04-27 20:00:00+00:00,5.284315789379782e-05,9.14206417656804e-15
2022-04-28 00:00:00+00:00,5.064548842573394e-05,9.125787943837552e-15
2022-04-28 04:00:00+00:00,2.7629034331914023e-05,9.032435874492903e-15
2022-04-28 08:00:00+00:00,0.00010267039748412449,9.07251891173045e-15
2022-04-28 12:00:00+00:00,0.00011447652353933624,9.134005526639444e-15
2022-04-28 16:00:00+00:00,0.00011970094565645749,9.047085619213519e-15
2022-04-28 20:00:00+00:00,5.0141793437102634e-05,9.036437887082137e-15
2022-04-29 00:00:00+00:00,7.181927182470756e-05,9.044713752981487e-15
2022-04-29 04:00:00+00:00,5.706453083719026e-05,9.032462806958326e-15
2022-04-29 08:00:00+00:00,2.4218197043954555e-05,9.023615408826501e-15
2022-04-29 12:00:00+00:00,0.00016256222020920438,9.048812443344012e-15
2022-04-29 16:00:00+00:00,0.00010523411739892235,9.037972359005908e-15
2022-04-29 20:00:00+00:00,-4.475525462937105e-05,9.075054080198143e-15
2022-04-30 00:00:00+00:00,5.878009273034103e-05,9.066374025141466e-15
2022-04-30 04:00:00+00:00,0.0001373524571067045,9.104487083439983e-15
2022-04-30 08:00:00+00:00,8.309389769555045e-05,9.065799607727077e-15
2022-04-30 12:00:00+00:00,5.4306515833476565e-05,9.059945407177304e-15
2022-04-30 16:00:00+00:00,4.4316577925864744e-05,9.036966693040376e-15
2022-04-30 20:00:00+00:00,0.00012821463059107787,6.3258766851282624e-15
2022-05-01 00:00:00+00:00,8.558581098767806e-05,6.298387714949322e-15
2022-05-01 04:00:00+00:00,0.00015168857189384728,6.2806149317943864e-15
2022-05-01 08:00:00+00:00,0.0001237529445604426,6.313727617920933e-15
2022-05-01 12:00:00+00:00,0.00010300552778053844,6.316625307133121e-15
2022-05-01 16:00:00+00:00,0.00012995995851793722,6.324060246299247e-15
2022-05-01 20:00:00+00:00,7.829259541854168e-05,6.272814802147417e-15
2022-05-02 00:00:00+00:00,-1.7552503517659937e-05,6.298493951491816e-15
2022-05-02 04:00:00+00:00,6.440657328615505e-05,6.292410686264845e-15
2022-05-02 08:00:00+00:00,0.0001184356587089804,6.313506017330335e-15
2022-05-02 12:00:00+00:00,5.121948710970341e-05,6.347865498776992e-15
2022-05-02 16:00:00+00:00,0.00012281479118033675,6.3559300266175844e-15
2022-05-02 20:00:00+00:00,0.00018583314109949246,6.392432199401211e-15
2022-05-03 00:00:00+00:00,0.0001478929605686006,6.389224426447695e-15
2022-05-03 04:00:00+00:00,0.00010211214906837861,6.374910610521462e-15
2022-05-03 08:00:00+00:00,7.576266263184452e-05,6.4059717798210405e-15
2022-05-03 12:00:00+00:00,2.2800334455473514e-05,6.417350512162114e-15
2022-05-03 16:00:00+00:00,0.0001263938771927692,6.443771227705621e-15
2022-05-03 20:00:00+00:00,8.717562213965328e-05,6.465669563090128e-15
2022-05-04 00:00:00+00:00,9.89397209543012e-05,6.4379713267250744e-15
2022-05-04 04:00:00+00:00,9.67819767509553e-05,6.406135547217021e-15
2022-05-04 08:00:00+00:00,0.0002519095882875007,6.351545308579342e-15
2022-05-04 12:00:00+00:00,3.336494556888222e-05,6.340910331682282e-15
2022-05-04 16:00:00+00:00,9.919921144891371e-05,6.324130439301198e-15
2022-05-04 20:00:00+00:00,0.00011885869297339224,6.260047631626953e-15
2022-05-05 00:00:00+00:00,4.6275152488674845e-05,6.273802759270056e-15
2022-05-05 04:00:00+00:00,-2.1439086830762763e-06,6.1969656159773e-15
2022-05-05 08:00:00+00:00,6.93931254911467e-05,6.181264154178447e-15
2022-05-05 12:00:00+00:00,8.901080609601512e-05,4.326884907924913e-15
2022-05-05 16:00:00+00:00,7.675798784442957e-05,4.356392759575216e-15
2022-05-05 20:00:00+00:00,5.447610333071476e-05,4.347054172375951e-15
2022-05-06 00:00:00+00:00,9.840732196272697e-05,4.340923477750147e-15
2022-05-06 04:00:00+00:00,5.002675104216243e-05,4.385725221988267e-15
2022-05-06 08:00:00+00:00,0.00010669341872500427,4.396489647562536e-15
2022-05-06 12:00:00+00:00,0.00012014512203449245,4.3822535737233784e-15
2022-05-06 16:00:00+00:00,9.263019859977767e-05,4.4175957707524e-15
2022-05-06 20:00:00+00:00,3.7641145409877364e-05,4.437668413010072e-15
2022-05-07 00:00:00+00:00,-3.2040324512604476e-05,4.453951863235195e-15
2022-05-07 04:00:00+00:00,4.152961106015168e-05,4.453115349186805e-15
2022-05-07 08:00:00+00:00,7.661534536435071e-05,4.4621744529132204e-15
2022-05-07 12:00:00+00:00,0.00014518334219140798,4.453642990049746e-15
2022-05-07 16:00:00+00:00,-5.456295043987726e-06,4.480421633456234e-15
2022-05-07 20:00:00+00:00,4.480663463852898e-05,4.464257261941818e-15
2022-05-08 00:00:00+00:00,1.4240610284691248e-05,4.45019553192099e-15
2022-05-08 04:00:00+00:00,0.00012877830641443765,4.42033352979377e-15
2022-05-08 08:00:00+00:00,0.00013235510373548758,4.443558093494566e-15
2022-05-08 12:00:00+00:00,6.72830150982114e-05,4.42122260395265e-15
2022-05-08 16:00:00+00:00,0.00015780867864076753,4.43102789622451e-15
2022-05-08 20:00:00+00:00,6.361789092447007e-05,4.4101787299913096e-15
2022-05-09 00:00:00+00:00,0.00015402355964089728,4.40407629061811e-15
2022-05-09 04:00:00+00:00,-4.3297758878719145e-06,4.418548661717238e-15
2022-05-09 08:00:00+00:00,1.0738099498722756e-05,4.396191570799886e-15
2022-05-09 12:00:00+00:00,1.6267614059354416e-05,4.375994911822382e-15
2022-05-09 16:00:00+00:00,4.5863710852808506e-05,3.0631964382756672e-15
2022-05-09 20:00:00+00:00,-3.5533466589927827e-06,3.0674940810808405e-15
2022-05-10 00:00:00+00:00,-3.624606200465296e-05,3.0831872620428788e-15
2022-05-10 04:00:00+00:00,-2.67808066505548e-05,3.0806093621162017e-15
2022-05-10 08:00:00+00:00,0.0001222506300803312,3.0840427441134716e-15
2022-05-10 12:00:00+00:00,3.166181657212469e-06,3.0851667848346944e-15
2022-05-10 16:00:00+00:00,4.0000111814655526e-05,3.0919132465418566e-15
2022-05-10 20:00:00+00:00,1.32422332168603e-05,3.1036575045639375e-15
2022-05-11 00:00:00+00:00,0.0001099085970919239,3.0953872551849134e-15
2022-05-11 04:00:00+00:00,5.254348960517478e-05,2.166771078629439e-15
2022-05-11 08:00:00+00:00,0.00011361834680074728,2.1632920690466747e-15
2022-05-11 12:00:00+00:00,1.2719115023477977e-05,1.5143044483326722e-15
2022-05-11 16:00:00+00:00,-4.6230541423765314e-05,1.0600131138328705e-15
2022-05-11 20:00:00+00:00,2.3075072281288192e-05,1.0627006111451574e-15
2022-05-12 00:00:00+00:00,-4.903100329381634e-06,7.438904278016102e-16
2022-05-12 04:00:00+00:00,-1.0366661616878432e-05,7.479582419153179e-16
2022-05-12 08:00:00+00:00,-6.89625195594789e-05,7.537105198111993e-16
2022-05-12 12:00:00+00:00,-7.145744091276855e-05,7.492722384072551e-16
2022-05-12 16:00:00+00:00,-7.537480240682435e-05,7.476607505406195e-16
2022-05-12 20:00:00+00:00,-4.470268159693831e-05,7.476476451593146e-16
2022-05-13 00:00:00+00:00,2.4473703961087103e-05,7.51652023915964e-16
2022-05-13 04:00:00+00:00,5.006778289887235e-05,7.516848941440111e-16
2022-05-13 08:00:00+00:00,0.00011978405137863846,7.523827046173566e-16
2022-05-13 12:00:00+00:00,8.61409778923705e-05,7.548772442725418e-16
2022-05-13 16:00:00+00:00,9.082511064569231e-05,7.556162985678673e-16
2022-05-13 20:00:00+00:00,0.00012399225103597005,7.589638079853569e-16
2022-05-14 00:00:00+00:00,0.00020404077211366912,7.654821620289847e-16
2022-05-14 04:00:00+00:00,0.00019836340783131306,7.701231166440524e-16
2022-05-14 08:00:00+00:00,0.000173123272561502,5.390861816508366e-16
2022-05-14 12:00:00+00:00,0.00028142035804837724,5.399445129898023e-16
2022-05-14 16:00:00+00:00,0.00010433673960952541,5.445354590767277e-16
2022-05-14 20:00:00+00:00,0.00019837918253183475,5.449732614309925e-16
2022-05-15 00:00:00+00:00,4.195291675698915e-05,5.454386956926639e-16
2022-05-15 04:00:00+00:00,0.00010497318865619735,5.461917832962124e-16
2022-05-15 08:00:00+00:00,0.00011286510257884944,5.48203080327287e-16
2022-05-15 12:00:00+00:00,6.226294702328214e-05,5.43654691944674e-16
2022-05-15 16:00:00+00:00,0.00013401629037742202,5.4484864848360435e-16
2022-05-15 20:00:00+00:00,0.00018044011149607222,5.468369025824476e-16
2022-05-16 00:00:00+00:00,0.0001372652967626153,5.516042016336061e-16
2022-05-16 04:00:00+00:00,8.098789069402879e-05,5.546508977330953e-16
2022-05-16 08:00:00+00:00,0.0002193876214273605,5.540485656781036e-16
2022-05-16 12:00:00+00:00,0.0001838998463428154,5.557078200966565e-16
2022-05-16 16:00:00+00:00,0.00013699562202512382,5.573751434151822e-16
2022-05-16 20:00:00+00:00,0.00015163830654277814,5.577965550092381e-16
2022-05-17 00:00:00+00:00,0.00014997652318421363,5.578992223331197e-16
2022-05-17 04:00:00+00:00,4.1222677284152616e-05,5.562955742612324e-16
2022-05-17 08:00:00+00:00,0.00011702057307571222,5.599335615083399e-16
2022-05-17 12:00:00+00:00,9.881973316909456e-05,5.654985437983702e-16
2022-05-17 16:00:00+00:00,8.867902357834382e-05,5.650380886611808e-16
2022-05-17 20:00:00+00:00,6.958723943034974e-05,5.676261256344481e-16
2022-05-18 00:00:00+00:00,0.00010815534245805857,5.707710337772017e-16
2022-05-18 04:00:00+00:00,-2.2203330950529647e-05,5.724963694494163e-16
2022-05-18 08:00:00+00:00,6.032254410677036e-05,5.748698484039227e-16
2022-05-18 12:00:00+00:00,5.9209293154164025e-05,4.024088938827459e-16
2022-05-18 16:00:00+00:00,6.283491094887266e-05,4.0370079600401935e-16
2022-05-18 20:00:00+00:00,4.254311437442854e-05,4.0464147063524167e-16
2022-05-19 00:00:00+00:00,0.00011558606654300479,4.047471712331453e-16
2022-05-19 04:00:00+00:00,0.00014132729388962537,4.034625483160388e-16
2022-05-19 08:00:00+00:00,2.6839041937424526e-05,4.0489424411534124e-16
2022-05-19 12:00:00+00:00,0.00014796815345207096,4.075935138512544e-16
2022-05-19 16:00:00+00:00,6.86134249032334e-05,4.055886353121793e-16
2022-05-19 20:00:00+00:00,8.966102851859281e-05,4.0634168194977766e-16
2022-05-20 00:00:00+00:00,1.260512517689365e-05,4.0192714788566895e-16
2022-05-20 04:00:00+00:00,8.76269854931419e-05,4.016085342307814e-16
2022-05-20 08:00:00+00:00,0.0001388793390872978,4.048937690138264e-16
2022-05-20 12:00:00+00:00,0.00014614234420640279,2.8342563830967845e-16
2022-05-20 16:00:00+00:00,6.991797515062777e-05,2.868627657261032e-16
2022-05-20 20:00:00+00:00,2.0883999914604858e-05,2.865986027690255e-16
2022-05-21 00:00:00+00:00,6.707534628770378e-05,2.866891155759555e-16
2022-05-21 04:00:00+00:00,0.0001863238327041047,2.8676858300061486e-16
2022-05-21 08:00:00+00:00,5.981117741064807e-05,2.8638318830736467e-16
2022-05-21 12:00:00+00:00,8.637587175971699e-06,2.884108863680753e-16
2022-05-21 16:00:00+00:00,7.241158492354975e-05,2.8777954614161337e-16
2022-05-21 20:00:00+00:00,5.7597664058308576e-05,2.8870044238160717e-16
2022-05-22 00:00:00+00:00,8.108894278252483e-05,2.8950171343086455e-16
2022-05-22 04:00:00+00:00,0.0001272595095649288,2.9045754920709124e-16
2022-05-22 08:00:00+00:00,3.705491997906457e-05,2.889552815732488e-16
2022-05-22 12:00:00+00:00,9.177996292610016e-05,2.8950056330961684e-16
2022-05-22 16:00:00+00:00,0.00010819476799354551,2.885695750872158e-16
2022-05-22 20:00:00+00:00,0.00015889705099093594,2.8707068623958844e-16
2022-05-23 00:00:00+00:00,0.0001431151723152268,2.8645146494509255e-16
2022-05-23 04:00:00+00:00,0.00017087795386040448,2.874451355825674e-16
2022-05-23 08:00:00+00:00,0.00015125198163506407,2.8574432766388856e-16
2022-05-23 12:00:00+00:00,0.00010275553881523887,2.840462568119614e-16
2022-05-23 16:00:00+00:00,5.266983300804659e-05,1.9883237976837297e-16
2022-05-23 20:00:00+00:00,7.450699985552334e-05,1.9989197531800896e-16
2022-05-24 00:00:00+00:00,8.278814460340249e-05,1.9921580391262506e-16
2022-05-24 04:00:00+00:00,7.72888305839676e-05,2.0049704135588968e-16
2022-05-24 08:00:00+00:00,4.768653566387137e-05,2.01102866818958e-16
2022-05-24 12:00:00+00:00,8.167359602599534e-06,2.0207990878374832e-16
2022-05-24 16:00:00+00:00,2.522733944336333e-05,2.0040874538548636e-16
2022-05-24 20:00:00+00:00,0.00014139818016958836,2.021213130032274e-16
2022-05-25 00:00:00+00:00,5.4656218938956496e-05,2.022313478050262e-16
2022-05-25 04:00:00+00:00,0.00011031552634717425,2.0097796287713829e-16
2022-05-25 08:00:00+00:00,5.852462814800132e-05,2.017628696808943e-16
2022-05-25 12:00:00+00:00,3.77594587203688e-05,2.0099859476683117e-16
2022-05-25 16:00:00+00:00,9.72126932555473e-05,1.998007939324262e-16
2022-05-25 20:00:00+00:00,5.717072340333775e-05,1.9955215271606638e-16
2022-05-26 00:00:00+00:00,0.00011998629014480112,1.9906576996616844e-16
2022-05-26 04:00:00+00:00,0.00016690425233412143,1.9876840913827178e-16
2022-05-26 08:00:00+00:00,0.00013379093151493534,1.3913788639679024e-16
2022-05-26 12:00:00+00:00,0.0001380408614266154,1.3790570445088686e-16
2022-05-26 16:00:00+00:00,-2.6387843605055505e-05,1.3695015166004128e-16
2022-05-26 20:00:00+00:00,4.929617743172778e-05,1.3680054269993818e-16
2022-05-27 00:00:00+00:00,0.00013307918676002577,1.3643768621704985e-16
2022-05-27 04:00:00+00:00,7.097254241630088e-05,1.36947782690571e-16
2022-05-27 08:00:00+00:00,6.891659024921753e-05,1.3607334571175345e-16
2022-05-27 12:00:00+00:00,-4.004916590611411e-05,1.359099690057523e-16
2022-05-27 16:00:00+00:00,2.1461394003143286e-05,1.3666122556867083e-16
2022-05-27 20:00:00+00:00,5.581099266116553e-06,1.362664402932347e-16
2022-05-28 00:00:00+00:00,2.473697616314423e-05,1.365429894928121e-16
2022-05-28 04:00:00+00:00,5.689561234026203e-05,1.378873622013019e-16
2022-05-28 08:00:00+00:00,8.446810762775063e-05,1.374280588192308e-16
2022-05-28 12:00:00+00:00,0.00010969025621441061,1.385746324248017e-16
2022-05-28 16:00:00+00:00,7.403491509923156e-05,1.395779539817601e-16
2022-05-28 20:00:00+00:00,-2.07209142435609e-05,1.3974595407089357e-16
2022-05-29 00:00:00+00:00,8.396964664260061e-05,1.4059806652727466e-16
2022-05-29 04:00:00+00:00,0.00011546238001720591,1.4058539695248507e-16
2022-05-29 08:00:00+00:00,5.832281276579851e-05,1.4027418186946954e-16
2022-05-29 12:00:00+00:00,0.00018982828604776562,1.4025807142474917e-16
2022-05-29 16:00:00+00:00,0.00010526296113565138,1.3959654717811765e-16
2022-05-29 20:00:00+00:00,0.00010244968680262815,1.3937332899839364e-16
2022-05-30 00:00:00+00:00,0.00020869569276102872,1.3987449605454778e-16
2022-05-30 04:00:00+00:00,0.00011973615780699801,1.4003880585294956e-16
2022-05-30 08:00:00+00:00,0.00024706721919039653,1.4118621628849725e-16
2022-05-30 12:00:00+00:00,0.00021783343585902052,1.4214604564408284e-16
2022-05-30 16:00:00+00:00,0.0001422430857395185,1.4158598955723188e-16
2022-05-30 20:00:00+00:00,0.00017710263647628482,1.424924410984509e-16
2022-05-31 00:00:00+00:00,0.00010535949624123012,1.4334566541511633e-16
2022-05-31 04:00:00+00:00,0.00012073000567405695,1.43242194077518e-16
2022-05-31 08:00:00+00:00,0.00011186951361140461,1.438463786193263e-16
2022-05-31 12:00:00+00:00,0.00012074754178113332,1.4413299181769548e-16
2022-05-31 16:00:00+00:00,4.013282017132101e-05,1.4528006146165733e-16
2022-05-31 20:00:00+00:00,0.00016255929289079622,1.4534299132981038e-16
2022-06-01 00:00:00+00:00,7.777185064255146e-05,1.454999649503592e-16
2022-06-01 04:00:00+00:00,-2.2056078532002285e-06,1.453162156816096e-16
2022-06-01 08:00:00+00:00,5.2260042099085534e-05,1.4486231051060467e-16
2022-06-01 12:00:00+00:00,0.00017147675685151876,1.4525158911071735e-16
2022-06-01 16:00:00+00:00,8.438691835030313e-05,1.4602208487683754e-16
2022-06-01 20:00:00+00:00,-2.033143037057069e-05,1.459960786452866e-16
2022-06-02 00:00:00+00:00,0.00010256379205240074,1.4619441682465192e-16
2022-06-02 04:00:00+00:00,-2.6513990461115206e-05,1.4694104552497869e-16
2022-06-02 08:00:00+00:00,2.414789446885048e-05,1.4604882307663616e-16
2022-06-02 12:00:00+00:00,6.406161036633287e-06,1.4563593280714194e-16
2022-06-02 16:00:00+00:00,1.3508319258051263e-06,1.4642611466284877e-16
2022-06-02 20:00:00+00:00,8.733860596740998e-05,1.4677033693726605e-16
2022-06-03 00:00:00+00:00,9.880922491731605e-05,1.4819417273403532e-16
2022-06-03 04:00:00+00:00,-1.2739561621261034e-05,1.4860138943419034e-16
2022-06-03 08:00:00+00:00,0.00010895369923610452,1.0402097260393323e-16
2022-06-03 12:00:00+00:00,2.90963135479664e-05,1.0387255815450604e-16
2022-06-03 16:00:00+00:00,7.356292300053684e-05,1.0449971345731568e-16
2022-06-03 20:00:00+00:00,0.00010647964550710471,1.0544394499306978e-16
2022-06-04 00:00:00+00:00,-1.927709494488134e-06,7.381076149514884e-17
2022-06-04 04:00:00+00:00,0.00011591478041279262,7.435516365131346e-17
2022-06-04 08:00:00+00:00,5.935270788419062e-05,7.472820216398888e-17
2022-06-04 12:00:00+00:00,9.715070767720754e-05,7.490402417337287e-17
2022-06-04 16:00:00+00:00,0.00014467926444915446,7.42742155824032e-17
2022-06-04 20:00:00+00:00,1.2491030984197504e-05,7.418199153895227e-17
2022-06-05 00:00:00+00:00,8.325640271511435e-05,7.380283010627026e-17
2022-06-05 04:00:00+00:00,7.724093140374275e-05,7.415656603233496e-17
2022-06-05 08:00:00+00:00,0.00016054990134923883,7.41544076198906e-17
2022-06-05 12:00:00+00:00,7.397954499840841e-05,7.400686946471203e-17
2022-06-05 16:00:00+00:00,6.639693988273783e-05,7.398664961448011e-17
2022-06-05 20:00:00+00:00,9.963372914255848e-05,7.40333633043501e-17
2022-06-06 00:00:00+00:00,0.0002778373443430553,7.373452198473152e-17
2022-06-06 04:00:00+00:00,0.00022086339801333278,7.37752012600562e-17
2022-06-06 08:00:00+00:00,0.00016123716748005012,7.45659716989208e-17
2022-06-06 12:00:00+00:00,0.0001759396645972637,7.457948409625885e-17
2022-06-06 16:00:00+00:00,0.00013245211772169722,7.521987028549514e-17
2022-06-06 20:00:00+00:00,0.0002007860621163941,7.524597731659339e-17
2022-06-07 00:00:00+00:00,7.616500662553995e-05,5.267218412161537e-17
2022-06-07 04:00:00+00:00,0.00015794128698614653,5.280260235343341e-17
2022-06-07 08:00:00+00:00,0.00011330518824816495,5.298948586403282e-17
2022-06-07 12:00:00+00:00,5.8659803272447455e-05,5.3025079316696166e-17
2022-06-07 16:00:00+00:00,0.00010435997290459485,5.338231494843167e-17
2022-06-07 20:00:00+00:00,0.00012355008066602374,5.341802798699948e-17
2022-06-08 00:00:00+00:00,8.336527910563674e-05,5.361469301239435e-17
2022-06-08 04:00:00+00:00,0.0001379730830275918,5.3626153437893085e-17
2022-06-08 08:00:00+00:00,7.803377585728418e-05,5.345703280236866e-17
2022-06-08 12:00:00+00:00,6.557111419032854e-05,5.335401593328707e-17
2022-06-08 16:00:00+00:00,8.009008164547502e-05,5.348441775671068e-17
2022-06-08 20:00:00+00:00,2.643287581890364e-06,5.4105740894089726e-17
2022-06-09 00:00:00+00:00,0.0001387071101502736,5.4600122284586805e-17
2022-06-09 04:00:00+00:00,2.4266950578905528e-05,5.500706375189303e-17
2022-06-09 08:00:00+00:00,6.079178598385805e-05,5.538649667531881e-17
2022-06-09 12:00:00+00:00,5.589467556402774e-05,5.5452836035989445e-17
2022-06-09 16:00:00+00:00,5.1966994158645296e-05,5.59607049729417e-17
2022-06-09 20:00:00+00:00,0.00013156894733096537,5.604308605160646e-17
2022-06-10 00:00:00+00:00,8.603634724055392e-05,5.620927877895487e-17
2022-06-10 04:00:00+00:00,7.741302848298782e-05,5.652175987059079e-17
2022-06-10 08:00:00+00:00,0.00016664498222496572,5.646932499762227e-17
2022-06-10 12:00:00+00:00,-4.8985763087446265e-05,5.634898821175102e-17
2022-06-10 16:00:00+00:00,9.838454108322607e-05,5.585899850027102e-17
2022-06-10 20:00:00+00:00,0.0001078773959632725,5.538409570120976e-17
2022-06-11 00:00:00+00:00,8.974837909389044e-05,5.554149573161475e-17
2022-06-11 04:00:00+00:00,0.00013607364833470071,5.589143894018693e-17
2022-06-11 08:00:00+00:00,4.160341851985598e-05,3.912400725813085e-17
2022-06-11 12:00:00+00:00,2.2155196733188273e-05,3.9192162568374366e-17
2022-06-11 16:00:00+00:00,9.268820761101104e-05,3.893456462576369e-17
2022-06-11 20:00:00+00:00,6.354311650403064e-05,3.8961367498906537e-17
2022-06-12 00:00:00+00:00,-3.246798986630609e-05,3.889606922300884e-17
2022-06-12 04:00:00+00:00,6.683511361456018e-06,3.873553636275791e-17
2022-06-12 08:00:00+00:00,5.8884013025738176e-05,3.8783687391088317e-17
2022-06-12 12:00:00+00:00,5.02342224457261e-05,3.8810352714598424e-17
2022-06-12 16:00:00+00:00,2.7197270090428488e-05,3.861511834570559e-17
2022-06-12 20:00:00+00:00,1.9440378697758147e-05,2.7030582841993912e-17
2022-06-13 00:00:00+00:00,1.1461357139402515e-05,1.8921407989395738e-17
2022-06-13 04:00:00+00:00,-7.335718012604801e-05,1.8915917640636196e-17
2022-06-13 08:00:00+00:00,-8.625959100961187e-06,1.891851090228547e-17
2022-06-13 12:00:00+00:00,2.1976350513764858e-05,1.8942852152917223e-17
2022-06-13 16:00:00+00:00,-2.6628089117482474e-05,1.8882961595494654e-17
2022-06-13 20:00:00+00:00,3.551442044305639e-05,1.8830518871219166e-17
2022-06-14 00:00:00+00:00,3.988246400553755e-05,1.873552083357622e-17
2022-06-14 04:00:00+00:00,0.00010429406317225953,1.8902595477990532e-17
2022-06-14 08:00:00+00:00,0.00011911493891476192,1.3231816834593371e-17
2022-06-14 12:00:00+00:00,3.1634743134056396e-06,1.3301602893723547e-17
2022-06-14 16:00:00+00:00,7.715157213416962e-05,9.311122025606482e-18
2022-06-14 20:00:00+00:00,0.00018820553477310228,9.354202198858328e-18
2022-06-15 00:00:00+00:00,0.00016403074030822798,9.271531315368909e-18
2022-06-15 04:00:00+00:00,0.00018085858856094927,9.187535745162243e-18
2022-06-15 08:00:00+00:00,0.00010646825314453929,9.20499097736903e-18
2022-06-15 12:00:00+00:00,0.0001470759367799907,9.196197416238516e-18
2022-06-15 16:00:00+00:00,0.00012168527446815262,9.16364915752236e-18
2022-06-15 20:00:00+00:00,0.0001575017282849611,9.170553505478659e-18
2022-06-16 00:00:00+00:00,0.00015402434708917305,9.137138531622415e-18
2022-06-16 04:00:00+00:00,0.00014236528325220027,9.14225623347493e-18
2022-06-16 08:00:00+00:00,0.00018733089119307434,9.093159167676461e-18
2022-06-16 12:00:00+00:00,0.00011662637790321827,9.096167149536033e-18
2022-06-16 16:00:00+00:00,6.115413979346427e-05,9.078483152790516e-18
2022-06-16 20:00:00+00:00,0.000113418426010942,9.117834072301115e-18
2022-06-17 00:00:00+00:00,0.00020270421797746453,9.064560863735487e-18
2022-06-17 04:00:00+00:00,0.0001367878192395501,9.065702182874191e-18
2022-06-17 08:00:00+00:00,6.970915214681566e-05,9.003542318672172e-18
2022-06-17 12:00:00+00:00,4.179313200387613e-05,9.013718541334041e-18
2022-06-17 16:00:00+00:00,0.00019392357735130403,8.96555237258424e-18
2022-06-17 20:00:00+00:00,9.548563172439824e-05,8.9071544876245e-18
2022-06-18 00:00:00+00:00,-1.623352543039485e-05,8.99354406932001e-18
2022-06-18 04:00:00+00:00,-1.0983993468276015e-06,6.295480848524006e-18
2022-06-18 08:00:00+00:00,9.201823300545458e-05,6.3243634392058236e-18
2022-06-18 12:00:00+00:00,5.1464550553042846e-05,6.294902606132758e-18
2022-06-18 16:00:00+00:00,7.149373396372297e-05,4.4064318242929304e-18
2022-06-18 20:00:00+00:00,0.0001698187729502404,4.396048583003997e-18
2022-06-19 00:00:00+00:00,3.9975076099343924e-05,3.077234008102798e-18
2022-06-19 04:00:00+00:00,0.00016142266207833117,3.0734521096408022e-18
2022-06-19 08:00:00+00:00,0.00014144140351508486,3.066070133076128e-18
2022-06-19 12:00:00+00:00,0.00012623401638878255,3.0490957588021623e-18
2022-06-19 16:00:00+00:00,0.00010295999186210824,3.071637519829563e-18
2022-06-19 20:00:00+00:00,0.00023567996377470618,3.0748416346352267e-18
2022-06-20 00:00:00+00:00,0.00014573550219769969,2.1523891442446584e-18
2022-06-20 04:00:00+00:00,0.000198410116911811,2.161426667398238e-18
2022-06-20 08:00:00+00:00,0.0001741350881893124,2.171716129486231e-18
2022-06-20 12:00:00+00:00,0.0001994205159019721,2.1674699504326066e-18
2022-06-20 16:00:00+00:00,0.00023185879909898776,2.155429801407059e-18
2022-06-20 20:00:00+00:00,9.180237982917339e-05,2.16695627092528e-18
2022-06-21 00:00:00+00:00,0.00012482046963970735,2.1614837322879767e-18
2022-06-21 04:00:00+00:00,0.0002176881002747173,2.1437552698365896e-18
2022-06-21 08:00:00+00:00,0.00020201674144820926,2.153024755692151e-18
2022-06-21 12:00:00+00:00,0.0002463972055831095,2.1424389618870644e-18
2022-06-21 16:00:00+00:00,0.0001994089932804777,2.1446013066089943e-18
2022-06-21 20:00:00+00:00,0.00022368667609503113,2.1413297947970185e-18
2022-06-22 00:00:00+00:00,0.00012542754101958759,2.1345494874134668e-18
2022-06-22 04:00:00+00:00,0.00014697562655936346,2.1419593490793197e-18
2022-06-22 08:00:00+00:00,7.951791466386444e-05,2.163756483473225e-18
2022-06-22 12:00:00+00:00,7.769853053012462e-05,2.1782443549651222e-18
2022-06-22 16:00:00+00:00,0.00010519497735270042,2.1952540306346775e-18
2022-06-22 20:00:00+00:00,-1.5106598194622643e-05,2.176682444118205e-18
2022-06-23 00:00:00+00:00,0.00011779728187971782,2.1720693304938046e-18
2022-06-23 04:00:00+00:00,2.8100421964882664e-05,2.1808903884994473e-18
2022-06-23 08:00:00+00:00,0.0001015566752676787,2.1850493403690266e-18
2022-06-23 12:00:00+00:00,9.651069881382946e-05,2.1936313603892448e-18
2022-06-23 16:00:00+00:00,0.0001288752534410837,2.1667445439206244e-18
2022-06-23 20:00:00+00:00,7.351721450371497e-05,2.1825417304248266e-18
2022-06-24 00:00:00+00:00,9.323076603725262e-05,2.1859643123322126e-18
2022-06-24 04:00:00+00:00,0.00021361229785942518,2.176255690026592e-18
2022-06-24 08:00:00+00:00,0.00028027977766788563,2.1778912851801698e-18
2022-06-24 12:00:00+00:00,0.0001506262367462474,2.1793245146702906e-18
2022-06-24 16:00:00+00:00,0.0001026518805544639,2.1706257988119995e-18
2022-06-24 20:00:00+00:00,0.00024384371594655382,2.1614479874230203e-18
2022-06-25 00:00:00+00:00,0.0002197668850955737,2.153586205246051e-18
2022-06-25 04:00:00+00:00,0.0001264410157158779,2.156266246575908e-18
2022-06-25 08:00:00+00:00,0.00019605174759556505,2.1663150926306843e-18
2022-06-25 12:00:00+00:00,0.00021117927658539224,2.164471846117439e-18
2022-06-25 16:00:00+00:00,0.00015342212053137694,2.1736925432589785e-18
2022-06-25 20:00:00+00:00,0.00015080865557489325,2.1608207500802134e-18
2022-06-26 00:00:00+00:00,0.00014189046345498897,2.1699822728870518e-18
2022-06-26 04:00:00+00:00,0.00011627023932154313,2.175996856286502e-18
2022-06-26 08:00:00+00:00,9.124978621622042e-05,2.164173859763764e-18
2022-06-26 12:00:00+00:00,5.7658703456041664e-05,2.142460254819656e-18
2022-06-26 16:00:00+00:00,6.574881284178899e-05,2.135026197272387e-18
2022-06-26 20:00:00+00:00,0.00010574099760407903,2.1408344571138826e-18
2022-06-27 00:00:00+00:00,9.64121919867668e-05,2.1436420124240183e-18
2022-06-27 04:00:00+00:00,0.00011473703573067654,2.1398350752087883e-18
2022-06-27 08:00:00+00:00,0.00016717302332782096,2.1537247546967987e-18
2022-06-27 12:00:00+00:00,9.860330445409593e-05,2.1554507850969305e-18
2022-06-27 16:00:00+00:00,0.00010733241833696839,2.143191689989448e-18
2022-06-27 20:00:00+00:00,2.5541382901498267e-05,2.153227771910098e-18
2022-06-28 00:00:00+00:00,-4.3931167434254514e-05,2.154917188805539e-18
2022-06-28 04:00:00+00:00,4.7976855686828715e-05,2.1499684447959557e-18
2022-06-28 08:00:00+00:00,0.00010210103943915476,2.1464023968056147e-18
2022-06-28 12:00:00+00:00,8.240039911164205e-05,1.5024816777639302e-18
2022-06-28 16:00:00+00:00,9.932077967071005e-05,1.4981270692024676e-18
2022-06-28 20:00:00+00:00,5.225786027628737e-05,1.506414595625955e-18
2022-06-29 00:00:00+00:00,9.800579653515613e-05,1.496604503155617e-18
2022-06-29 04:00:00+00:00,0.00010185935085242338,1.5111504929762425e-18
2022-06-29 08:00:00+00:00,5.7458393198446693e-05,1.5236102755748865e-18
2022-06-29 12:00:00+00:00,0.00011937787623589452,1.524614954658014e-18
2022-06-29 16:00:00+00:00,3.183908593554836e-05,1.5230828169710148e-18
2022-06-29 20:00:00+00:00,9.927555339308037e-05,1.5183168865193438e-18
2022-06-30 00:00:00+00:00,0.00015315069975795604,1.5044316564267837e-18
2022-06-30 04:00:00+00:00,6.144318881197783e-05,1.4932152555017426e-18
2022-06-30 08:00:00+00:00,2.5791735644838554e-05,1.5002541251781607e-18
2022-06-30 12:00:00+00:00,-1.784309721100823e-05,1.5029314905390247e-18
2022-06-30 16:00:00+00:00,2.5978459202174598e-05,1.500245061617102e-18
2022-06-30 20:00:00+00:00,1.1730298591287666e-05,1.5031358882180466e-18
2022-07-01 00:00:00+00:00,0.00011577298637175736,1.5143553995742435e-18
2022-07-01 04:00:00+00:00,0.0001118617491669626,1.5170919328948636e-18
2022-07-01 08:00:00+00:00,7.643563504035729e-05,1.5077305397476263e-18
2022-07-01 12:00:00+00:00,5.503314529436407e-05,1.5119761039265684e-18
2022-07-01 16:00:00+00:00,7.191721715765593e-05,1.5078367647312817e-18
2022-07-01 20:00:00+00:00,-6.658625895929195e-05,1.5077395157512275e-18
2022-07-02 00:00:00+00:00,6.858203468112173e-05,1.5184842803423667e-18
2022-07-02 04:00:00+00:00,0.00010697412297081869,1.5148482376036764e-18
2022-07-02 08:00:00+00:00,0.00013127865362796694,1.5203161593080152e-18
2022-07-02 12:00:00+00:00,0.0001022288438738044,1.5179389885258728e-18
2022-07-02 16:00:00+00:00,0.00011349217019151914,1.5047867564698188e-18
2022-07-02 20:00:00+00:00,-4.403499675733917e-07,1.509046835602461e-18
2022-07-03 00:00:00+00:00,8.927682318139243e-05,1.5083191149271023e-18
2022-07-03 04:00:00+00:00,0.00017286127357378245,1.514046015186555e-18
2022-07-03 08:00:00+00:00,0.00017798887754357445,1.5151444136739652e-18
2022-07-03 12:00:00+00:00,0.00014123469742183034,1.5248838792372686e-18
2022-07-03 16:00:00+00:00,0.000169400773462239,1.5266503213738343e-18
2022-07-03 20:00:00+00:00,0.0002218345707837374,1.5290324538003983e-18
2022-07-04 00:00:00+00:00,0.0001276486263074131,1.530331600464275e-18
2022-07-04 04:00:00+00:00,0.0001405149580427736,1.528687072607706e-18
2022-07-04 08:00:00+00:00,0.0002278824125707636,1.5318371444280504e-18
2022-07-04 12:00:00+00:00,0.00015076956924673583,1.529129199301573e-18
2022-07-04 16:00:00+00:00,0.0001227486745433387,1.5247734190889629e-18
2022-07-04 20:00:00+00:00,0.00016660363072539772,1.5202889173066222e-18
2022-07-05 00:00:00+00:00,0.00014961235442260395,1.5272430497108201e-18
2022-07-05 04:00:00+00:00,5.541543595687965e-05,1.5277577806876648e-18
2022-07-05 08:00:00+00:00,0.00010506715977737884,1.0694304464813653e-18
2022-07-05 12:00:00+00:00,0.00020701038958493775,1.0784467654985082e-18
2022-07-05 16:00:00+00:00,0.0001328490694812226,1.084048640001259e-18
2022-07-05 20:00:00+00:00,7.030054514947792e-05,1.0865720257189454e-18
2022-07-06 00:00:00+00:00,6.396097518505866e-05,1.0840630058171572e-18
2022-07-06 04:00:00+00:00,0.00014936417161139732,1.0756820075658116e-18
2022-07-06 08:00:00+00:00,0.00013763675322889205,1.0846356846125516e-18
2022-07-06 12:00:00+00:00,9.61752212313333e-05,1.0893890819024055e-18
2022-07-06 16:00:00+00:00,0.00014157446198819268,1.0888473745976227e-18
2022-07-06 20:00:00+00:00,7.180754213511019e-05,1.0807144575302865e-18
2022-07-07 00:00:00+00:00,4.343640328976413e-05,1.0848211970184806e-18
2022-07-07 04:00:00+00:00,3.9592790580411855e-05,1.0846890198805722e-18
2022-07-07 08:00:00+00:00,9.271829763427172e-05,1.0811570395018786e-18
2022-07-07 12:00:00+00:00,0.00013909248500615945,1.081989002271574e-18
2022-07-07 16:00:00+00:00,0.00017894803929478637,1.0757820072182518e-18
2022-07-07 20:00:00+00:00,0.00018967219478367202,1.0773664654723094e-18
2022-07-08 00:00:00+00:00,7.340936205223524e-05,1.0780588739010957e-18
2022-07-08 04:00:00+00:00,8.9690056231452e-05,1.0824357507196241e-18
2022-07-08 08:00:00+00:00,6.557672099592492e-05,1.0744069572101183e-18
2022-07-08 12:00:00+00:00,5.547352537367446e-05,1.0785203861343653e-18
2022-07-08 16:00:00+00:00,0.00012584818914024472,1.080298964177561e-18
2022-07-08 20:00:00+00:00,6.143201604564159e-05,1.084799835093538e-18
2022-07-09 00:00:00+00:00,0.00010815120331143572,1.0852002974830267e-18
2022-07-09 04:00:00+00:00,0.00017130526144608227,1.0882928573517791e-18
2022-07-09 08:00:00+00:00,0.00011629355724503612,1.0948524382195184e-18
2022-07-09 12:00:00+00:00,5.001059700357789e-05,1.0974512141096725e-18
2022-07-09 16:00:00+00:00,0.00012713915277815324,1.1036825160049387e-18
2022-07-09 20:00:00+00:00,0.00016827945708606807,1.1087891970574901e-18
2022-07-10 00:00:00+00:00,0.00011288522968804144,1.1040871998794593e-18
2022-07-10 04:00:00+00:00,0.00018149523855461082,1.1063626939188768e-18
2022-07-10 08:00:00+00:00,0.00015071443034264762,1.1047062684679633e-18
2022-07-10 12:00:00+00:00,9.933762388126883e-05,1.1068162249513323e-18
2022-07-10 16:00:00+00:00,0.00010840554312379095,1.1085707332445526e-18
2022-07-10 20:00:00+00:00,8.76438774278157e-05,1.1147041048848322e-18
2022-07-11 00:00:00+00:00,8.325508379725503e-06,1.1095017628731198e-18
2022-07-11 04:00:00+00:00,9.251324225845037e-05,1.1125258932000063e-18
2022-07-11 08:00:00+00:00,8.284522885629218e-05,1.1013588380004712e-18
2022-07-11 12:00:00+00:00,0.0001220028379261654,1.0950508428398299e-18
2022-07-11 16:00:00+00:00,6.136391483607032e-05,1.084288115252435e-18
2022-07-11 20:00:00+00:00,-4.4434740251138465e-05,7.590016806767044e-19
2022-07-12 00:00:00+00:00,7.1712962085382844e-06,7.534891057233624e-19
2022-07-12 04:00:00+00:00,8.674092585280641e-06,7.457303055282104e-19
2022-07-12 08:00:00+00:00,4.698017036428334e-06,7.456810266167436e-19
2022-07-12 12:00:00+00:00,5.828085032435425e-05,7.479810864319598e-19
2022-07-12 16:00:00+00:00,2.5049513573760447e-06,7.476570882203851e-19
2022-07-12 20:00:00+00:00,1.012802783587491e-05,7.486367877737245e-19
2022-07-13 00:00:00+00:00,1.6960069156247047e-05,7.469878771443854e-19
2022-07-13 04:00:00+00:00,0.00011373343334826613,7.415309325261516e-19
2022-07-13 08:00:00+00:00,0.00017693241829784033,7.458354573183965e-19
2022-07-13 12:00:00+00:00,0.00017405540461316329,7.518320201801875e-19
2022-07-13 16:00:00+00:00,7.197418065994567e-05,7.546198706491465e-19
2022-07-13 20:00:00+00:00,0.00022873171662524745,7.52701801215439e-19
2022-07-14 00:00:00+00:00,5.0650557803953565e-05,7.544411102562701e-19
2022-07-14 04:00:00+00:00,0.0001510166535924807,7.509422068922143e-19
2022-07-14 08:00:00+00:00,8.807780520178194e-05,7.562878774196994e-19
2022-07-14 12:00:00+00:00,0.00016148838523649702,7.556942678728668e-19
2022-07-14 16:00:00+00:00,9.837967748252047e-05,7.565492877434093e-19
2022-07-14 20:00:00+00:00,0.00019413681189149056,7.5508957079035315e-19
2022-07-15 00:00:00+00:00,0.0001927824182144211,7.489825679101777e-19
2022-07-15 04:00:00+00:00,0.00015802395339383345,7.524092519753374e-19
2022-07-15 08:00:00+00:00,0.00014563759519620748,7.536202461879317e-19
2022-07-15 12:00:00+00:00,0.00012708115005923503,7.582729655547649e-19
2022-07-15 16:00:00+00:00,0.00011619740008399137,7.593588868179717e-19
2022-07-15 20:00:00+00:00,0.0001623947653897779,7.615472163043332e-19
2022-07-16 00:00:00+00:00,0.00019767694744086923,7.59661796952421e-19
2022-07-16 04:00:00+00:00,0.00018690827645996785,7.586493609114775e-19
2022-07-16 08:00:00+00:00,0.00011360006642948875,7.586171651426938e-19
2022-07-16 12:00:00+00:00,9.427624287691196e-05,7.625415341552874e-19
2022-07-16 16:00:00+00:00,0.00013070730035753873,7.58128265254051e-19
2022-07-16 20:00:00+00:00,8.386132600747697e-05,7.635972036618083e-19
2022-07-17 00:00:00+00:00,0.0001472978670756023,7.624489630836745e-19
2022-07-17 04:00:00+00:00,0.00010300786315578517,7.620162645720057e-19
2022-07-17 08:00:00+00:00,0.0001491235649089008,7.642062744259875e-19
2022-07-17 12:00:00+00:00,7.936635301629294e-05,7.679199393807591e-19
2022-07-17 16:00:00+00:00,4.090559651522266e-05,7.681976298867389e-19
2022-07-17 20:00:00+00:00,0.00013797543195244262,7.64777304387149e-19
2022-07-18 00:00:00+00:00,0.00016012005662004218,7.6887552490421025e-19
2022-07-18 04:00:00+00:00,0.00014259343061893116,7.764082862311059e-19
2022-07-18 08:00:00+00:00,8.92645192068473e-05,7.763680932359577e-19
2022-07-18 12:00:00+00:00,0.00022253618911049217,7.8150654394048895e-19
2022-07-18 16:00:00+00:00,9.815465683303526e-05,5.470545807583422e-19
2022-07-18 20:00:00+00:00,0.0001355246223210592,5.4680229357887255e-19
2022-07-19 00:00:00+00:00,0.000106510675120015,5.439555337887215e-19
2022-07-19 04:00:00+00:00,0.0001609953216314774,5.424110005565368e-19
2022-07-19 08:00:00+00:00,0.0001620737550167909,5.443849365836071e-19
2022-07-19 12:00:00+00:00,0.00023022414800230373,5.457859632637072e-19
2022-07-19 16:00:00+00:00,0.00018156233171367673,5.4679948071047935e-19
2022-07-19 20:00:00+00:00,0.00013345478083669836,5.494357372288417e-19
2022-07-20 00:00:00+00:00,0.00018960141271048906,5.507735540114398e-19
2022-07-20 04:00:00+00:00,0.00011878175416252392,5.511478176238611e-19
2022-07-20 08:00:00+00:00,0.0001061053828681967,5.498971328714896e-19
2022-07-20 12:00:00+00:00,0.00010426511277622905,5.544683674784688e-19
2022-07-20 16:00:00+00:00,0.00022179309099218007,5.609651182021792e-19
2022-07-20 20:00:00+00:00,0.00010700236829351112,5.642527355931742e-19
2022-07-21 00:00:00+00:00,0.0001744342707824523,5.646905509363903e-19
2022-07-21 04:00:00+00:00,5.733575123290461e-05,5.637132922410811e-19
2022-07-21 08:00:00+00:00,5.184360424965746e-05,5.659009342661697e-19
2022-07-21 12:00:00+00:00,7.832804732847275e-05,5.673380463969622e-19
2022-07-21 16:00:00+00:00,0.0001160494971735256,5.682742865100467e-19
2022-07-21 20:00:00+00:00,0.0001325880896482183,5.668723095699401e-19
2022-07-22 00:00:00+00:00,9.607840353473148e-05,5.650982340703687e-19
2022-07-22 04:00:00+00:00,0.0001450609356373177,5.650903053110178e-19
2022-07-22 08:00:00+00:00,8.84552375396102e-08,5.701086481521022e-19
2022-07-22 12:00:00+00:00,0.0001249849666111048,3.990760537064715e-19
2022-07-22 16:00:00+00:00,0.00012409360250782388,3.988150642197298e-19
2022-07-22 20:00:00+00:00,0.00013310221471547312,3.9814510388804103e-19
2022-07-23 00:00:00+00:00,0.0001481925593923805,3.987029364866035e-19
2022-07-23 04:00:00+00:00,0.00010740543172985722,3.9679077834320805e-19
2022-07-23 08:00:00+00:00,0.00010335147696723783,3.9600519018853525e-19
2022-07-23 12:00:00+00:00,0.00012250433980108536,3.9856540460250076e-19
2022-07-23 16:00:00+00:00,7.080883669492467e-05,4.030815117711895e-19
2022-07-23 20:00:00+00:00,3.582531488614111e-05,4.0534940624808464e-19
2022-07-24 00:00:00+00:00,9.857805289965795e-05,4.01740406392641e-19
2022-07-24 04:00:00+00:00,0.0001125036032214149,4.0040527872980745e-19
2022-07-24 08:00:00+00:00,0.00014000084742711455,4.009513748062113e-19
2022-07-24 12:00:00+00:00,0.00017506525686302384,3.964870346177469e-19
2022-07-24 16:00:00+00:00,8.697114709736283e-05,3.981178920289117e-19
2022-07-24 20:00:00+00:00,7.475552748075787e-05,3.9856965712467435e-19
2022-07-25 00:00:00+00:00,0.00011630918561243912,2.7899875998727204e-19
2022-07-25 04:00:00+00:00,6.68425695697379e-05,2.78246650876754e-19
2022-07-25 08:00:00+00:00,3.2318967883549354e-05,2.78984486378789e-19
2022-07-25 12:00:00+00:00,1.7036491740862115e-05,2.8031969856973575e-19
2022-07-25 16:00:00+00:00,6.313661367217514e-05,2.827811247217828e-19
2022-07-25 20:00:00+00:00,6.964661596988648e-05,2.818815400355112e-19
2022-07-26 00:00:00+00:00,2.046179251971797e-05,2.823224150389792e-19
2022-07-26 04:00:00+00:00,5.776829492764145e-05,2.86864355463082e-19
2022-07-26 08:00:00+00:00,4.254006821835323e-05,2.8749533595292575e-19
2022-07-26 12:00:00+00:00,7.178404178592875e-06,2.881760247390216e-19
2022-07-26 16:00:00+00:00,7.839457828328475e-05,2.8965816079500776e-19
2022-07-26 20:00:00+00:00,9.318034741511492e-05,2.8876412389986307e-19
2022-07-27 00:00:00+00:00,9.277082603042282e-05,2.8840911387836106e-19
2022-07-27 04:00:00+00:00,5.179970540761201e-05,2.900913276555036e-19
2022-07-27 08:00:00+00:00,0.00012663135957479538,2.9020060218903276e-19
2022-07-27 12:00:00+00:00,3.8115532869088546e-05,2.907802450199132e-19
2022-07-27 16:00:00+00:00,9.872741180745071e-05,2.9186345184071332e-19
2022-07-27 20:00:00+00:00,9.767602549812449e-05,2.9448129577041953e-19
2022-07-28 00:00:00+00:00,0.0001474484988663974,2.9270532537712573e-19
2022-07-28 04:00:00+00:00,0.00014494488833578036,2.93179846321717e-19
2022-07-28 08:00:00+00:00,0.000114743319515139,2.9271990431415296e-19
2022-07-28 12:00:00+00:00,0.00023964959972191518,2.9442560746096965e-19
2022-07-28 16:00:00+00:00,0.00012143926727805319,2.958018570263581e-19
2022-07-28 20:00:00+00:00,0.00012841942538655685,2.991993780913678e-19
2022-07-29 00:00:00+00:00,0.0001792685188262455,2.9858319000938755e-19
2022-07-29 04:00:00+00:00,0.00026287383351071385,2.9805969096617515e-19
2022-07-29 08:00:00+00:00,0.00011567617652667649,2.999414555899052e-19
2022-07-29 12:00:00+00:00,0.00016290152669279833,2.9991167932181618e-19
2022-07-29 16:00:00+00:00,0.00017290861249613486,3.0140493334466044e-19
2022-07-29 20:00:00+00:00,0.0001266620955036944,2.9885673899580746e-19
2022-07-30 00:00:00+00:00,6.410922545969146e-05,3.013454698881251e-19
2022-07-30 04:00:00+00:00,0.00014774459473166013,3.0263540839099515e-19
2022-07-30 08:00:00+00:00,8.042591318861695e-05,3.037930715435701e-19
2022-07-30 12:00:00+00:00,0.00015056481137395498,3.019244478897641e-19
2022-07-30 16:00:00+00:00,0.0001224296538276558,3.034903440223989e-19
2022-07-30 20:00:00+00:00,6.06826986171395e-05,3.018878819798816e-19
2022-07-31 00:00:00+00:00,6.983134621286532e-05,3.0196758493645615e-19
2022-07-31 04:00:00+00:00,0.00013024016970815711,3.0285340983844e-19
2022-07-31 08:00:00+00:00,0.00010119173366415702,3.055252467382582e-19
2022-07-31 12:00:00+00:00,9.702471143061545e-05,3.062305559794829e-19
2022-07-31 16:00:00+00:00,7.427522563498378e-05,3.052135547867577e-19
2022-07-31 20:00:00+00:00,0.00011307931791008211,3.059425075174018e-19
2022-08-01 00:00:00+00:00,6.758047429570823e-05,3.0300276488308886e-19
2022-08-01 04:00:00+00:00,0.00011157892299524018,2.9918275141724655e-19
2022-08-01 08:00:00+00:00,8.838814852383754e-05,3.0120564910353136e-19
2022-08-01 12:00:00+00:00,3.41037504735716e-06,3.022748207076594e-19
2022-08-01 16:00:00+00:00,5.5937075703480204e-05,3.001081552726595e-19
2022-08-01 20:00:00+00:00,0.00010853565389781692,3.0198626674856923e-19
2022-08-02 00:00:00+00:00,7.554188546462712e-05,3.0293911907072033e-19
2022-08-02 04:00:00+00:00,5.803323529721849e-05,3.0360014445159513e-19
2022-08-02 08:00:00+00:00,-2.749913610896772e-05,3.034517735966288e-19
2022-08-02 12:00:00+00:00,1.6342018840478003e-05,3.0468363849290043e-19
2022-08-02 16:00:00+00:00,3.5941362717438665e-05,3.0340587115768303e-19
2022-08-02 20:00:00+00:00,9.016349637516006e-05,3.0231809120079074e-19
2022-08-03 00:00:00+00:00,9.053710223653349e-05,3.055987248862252e-19
2022-08-03 04:00:00+00:00,8.853058528599616e-05,3.0570876675646764e-19
2022-08-03 08:00:00+00:00,3.8614363107925394e-05,3.050142866830284e-19
2022-08-03 12:00:00+00:00,5.833312736135411e-05,3.06128974862039e-19
2022-08-03 16:00:00+00:00,7.178430428436648e-05,3.0682762818971504e-19
2022-08-03 20:00:00+00:00,8.451409278933048e-06,3.083207319017781e-19
2022-08-04 00:00:00+00:00,0.00016883169266011008,3.0837164177913324e-19
2022-08-04 04:00:00+00:00,0.00010645597143698445,3.077744730782824e-19
2022-08-04 08:00:00+00:00,7.895732997322749e-05,3.0762397445368463e-19
2022-08-04 12:00:00+00:00,0.00014491921385337026,3.078816660537114e-19
2022-08-04 16:00:00+00:00,4.046341006969361e-05,3.074043080672616e-19
2022-08-04 20:00:00+00:00,8.032193858831227e-05,3.0755278740566763e-19
2022-08-05 00:00:00+00:00,9.14393005457905e-05,3.0818106765908303e-19
2022-08-05 04:00:00+00:00,0.00013471869730332487,3.0528114676935796e-19
2022-08-05 08:00:00+00:00,0.00013388379412865737,3.0320207336616233e-19
2022-08-05 12:00:00+00:00,0.00011132223449580922,3.0313308013971397e-19
2022-08-05 16:00:00+00:00,8.029755624287698e-05,3.0370530458954024e-19
2022-08-05 20:00:00+00:00,0.00023168645133518439,3.0299494076370824e-19
2022-08-06 00:00:00+00:00,0.00011680235135568684,3.01021503453306e-19
2022-08-06 04:00:00+00:00,7.897061245770913e-05,3.0083442486602178e-19
2022-08-06 08:00:00+00:00,0.00017802258695538177,3.010085730239274e-19
2022-08-06 12:00:00+00:00,0.00014243781847340058,3.031098080111958e-19
2022-08-06 16:00:00+00:00,9.378879852852521e-05,3.0426375707979476e-19
2022-08-06 20:00:00+00:00,0.00014504112471909085,3.049937275621904e-19
2022-08-07 00:00:00+00:00,9.363970897974914e-05,3.031557552476705e-19
2022-08-07 04:00:00+00:00,7.33073552579736e-05,3.0241372548512466e-19
2022-08-07 08:00:00+00:00,9.650952475444375e-05,3.0148343775687215e-19
2022-08-07 12:00:00+00:00,4.9499950846256544e-05,3.00898305544392e-19
2022-08-07 16:00:00+00:00,8.172968904320573e-05,3.0201516067835753e-19
2022-08-07 20:00:00+00:00,0.00018339869639820072,3.0258549887815687e-19
2022-08-08 00:00:00+00:00,0.00012057414417949469,3.0270194652379877e-19
2022-08-08 04:00:00+00:00,2.7268709024634015e-05,3.022538926181744e-19
2022-08-08 08:00:00+00:00,5.1177949198345766e-05,3.0270479781978307e-19
2022-08-08 12:00:00+00:00,0.00016404097871396876,3.0259802611290454e-19
2022-08-08 16:00:00+00:00,5.1081419157686066e-05,3.0169116856672055e-19
2022-08-08 20:00:00+00:00,0.00018893000251152576,3.017590948733883e-19
2022-08-09 00:00:00+00:00,0.00014200377873539009,2.9891758641537134e-19
2022-08-09 04:00:00+00:00,4.596919536861761e-05,2.9769742294946485e-19
2022-08-09 08:00:00+00:00,6.269594335543494e-05,2.974168996842001e-19
2022-08-09 12:00:00+00:00,0.00015617765286119508,2.9944346548155864e-19
2022-08-09 16:00:00+00:00,9.505412602674492e-05,3.0162146413258076e-19
2022-08-09 20:00:00+00:00,0.00015497277250975066,3.0166050761313017e-19
2022-08-10 00:00:00+00:00,5.790138473675831e-05,3.015097155313032e-19
2022-08-10 04:00:00+00:00,2.1239712931915724e-05,3.0450005919003576e-19
2022-08-10 08:00:00+00:00,7.760470790284462e-05,3.040832267294144e-19
2022-08-10 12:00:00+00:00,0.00012446227579270924,3.020619239707904e-19
2022-08-10 16:00:00+00:00,8.102712165609081e-05,3.0444379548392773e-19
2022-08-10 20:00:00+00:00,0.00012372750315156597,3.058941071649495e-19
2022-08-11 00:00:00+00:00,0.00014218771251098898,3.0927786771326407e-19
2022-08-11 04:00:00+00:00,0.00013523919118341466,3.0794463102178184e-19
2022-08-11 08:00:00+00:00,0.0001680487918983072,3.082876267421551e-19
2022-08-11 12:00:00+00:00,0.00014502912389994133,3.0646701319085327e-19
2022-08-11 16:00:00+00:00,0.0001080311061466878,3.073688455657971e-19
2022-08-11 20:00:00+00:00,0.0001605152860955823,3.068240457908195e-19
2022-08-12 00:00:00+00:00,0.00015953174346721837,3.0624503861190104e-19
2022-08-12 04:00:00+00:00,0.00020316902108685,3.085902305639658e-19
2022-08-12 08:00:00+00:00,0.00012149806395404819,3.096632432032883e-19
2022-08-12 12:00:00+00:00,0.00012205036722888841,3.0974995670244586e-19
2022-08-12 16:00:00+00:00,0.00012059065456830774,3.1050414529287644e-19
2022-08-12 20:00:00+00:00,0.0001078867816166076,3.107321717271922e-19
2022-08-13 00:00:00+00:00,1.3030281793071715e-05,3.103468577106119e-19
2022-08-13 04:00:00+00:00,9.572642791841766e-05,3.101947677939977e-19
2022-08-13 08:00:00+00:00,7.835072233050301e-05,3.132032456014721e-19
2022-08-13 12:00:00+00:00,9.272640982713475e-05,3.1160205841865087e-19
2022-08-13 16:00:00+00:00,6.624945048673298e-05,3.131815535608507e-19
2022-08-13 20:00:00+00:00,7.183026596168389e-05,3.132951231781319e-19
2022-08-14 00:00:00+00:00,1.5039615746092971e-05,3.1224054293742326e-19
2022-08-14 04:00:00+00:00,0.00016447981510286417,3.123675251032778e-19
2022-08-14 08:00:00+00:00,0.00017465327301707177,3.1146831458776213e-19
2022-08-14 12:00:00+00:00,0.0001233163550606459,3.1120800479917285e-19
2022-08-14 16:00:00+00:00,0.0001421943085927349,3.130998855708016e-19
2022-08-14 20:00:00+00:00,0.00010780142511301123,3.1311361948792893e-19
2022-08-15 00:00:00+00:00,0.00012025493804148309,3.136779260340111e-19
2022-08-15 04:00:00+00:00,4.3216992787610436e-05,2.1957454822380775e-19
2022-08-15 08:00:00+00:00,0.0001124607450173828,2.1917385534858127e-19
2022-08-15 12:00:00+00:00,3.9463403620716e-06,2.1941422723767356e-19
2022-08-15 16:00:00+00:00,8.867571903172159e-05,2.213799492604278e-19
2022-08-15 20:00:00+00:00,9.062518093676014e-05,2.2287721316591277e-19
2022-08-16 00:00:00+00:00,0.00010526169603046336,2.223858214222106e-19
2022-08-16 04:00:00+00:00,0.0001351771542454731,2.2190178680649995e-19
2022-08-16 08:00:00+00:00,-1.4613431166860028e-05,2.2109064116571465e-19
2022-08-16 12:00:00+00:00,7.355045898555301e-05,2.2061174668969866e-19
2022-08-16 16:00:00+00:00,0.0001035187170808748,2.2175632025875765e-19
2022-08-16 20:00:00+00:00,7.862459437565328e-05,2.2082861859353304e-19
2022-08-17 00:00:00+00:00,3.6387836904316765e-06,2.2074330015857572e-19
2022-08-17 04:00:00+00:00,4.558313373456461e-05,2.21860988553738e-19
2022-08-17 08:00:00+00:00,2.7542712505565e-05,2.21484431452727e-19
2022-08-17 12:00:00+00:00,8.896392178923558e-05,2.230795529958109e-19
2022-08-17 16:00:00+00:00,2.087095363008015e-05,2.2113442704524993e-19
2022-08-17 20:00:00+00:00,5.680756937302011e-05,2.2272293283506415e-19
2022-08-18 00:00:00+00:00,7.599223940428179e-05,2.22562171993286e-19
2022-08-18 04:00:00+00:00,3.06621698720693e-05,2.2196827397178987e-19
2022-08-18 08:00:00+00:00,0.000102435281765834,2.2167778830937036e-19
2022-08-18 12:00:00+00:00,4.1343611137986734e-05,2.2195556020660467e-19
2022-08-18 16:00:00+00:00,6.441062436700912e-05,2.2170585450198875e-19
2022-08-18 20:00:00+00:00,8.167215176302532e-05,2.2265568855869235e-19
2022-08-19 00:00:00+00:00,2.044969923341178e-05,2.2312944099128615e-19
2022-08-19 04:00:00+00:00,0.00010787470687366441,2.2440316363054496e-19
2022-08-19 08:00:00+00:00,-3.6152440684689805e-05,2.246528604197331e-19
2022-08-19 12:00:00+00:00,7.581125067507921e-05,2.2711877360378754e-19
2022-08-19 16:00:00+00:00,0.00011575995689841681,2.2743912148762244e-19
2022-08-19 20:00:00+00:00,4.194582569550431e-05,2.2813383647821306e-19
2022-08-20 00:00:00+00:00,7.360051193704872e-05,2.2753367081885305e-19
2022-08-20 04:00:00+00:00,3.488320301999604e-05,2.274799311074002e-19
2022-08-20 08:00:00+00:00,6.225311161225126e-05,2.2687863548598964e-19
2022-08-20 12:00:00+00:00,6.749143799449925e-05,2.2837640799481394e-19
2022-08-20 16:00:00+00:00,1.7982436653241388e-05,1.5986348559636974e-19
2022-08-20 20:00:00+00:00,3.2964207450668275e-05,1.5963742049081884e-19
2022-08-21 00:00:00+00:00,8.480911159311598e-05,1.599228848010903e-19
2022-08-21 04:00:00+00:00,0.00017822954049574345,1.6060496416821453e-19
2022-08-21 08:00:00+00:00,5.7291694056266294e-05,1.6097637867351127e-19
2022-08-21 12:00:00+00:00,7.04055256519235e-05,1.6070788875563812e-19
2022-08-21 16:00:00+00:00,4.67400624520732e-05,1.6150638862832957e-19
2022-08-21 20:00:00+00:00,4.791269703972748e-05,1.6062052129691115e-19
2022-08-22 00:00:00+00:00,9.236108935476734e-05,1.6150458705232576e-19
2022-08-22 04:00:00+00:00,4.315313090863525e-05,1.6044924635396524e-19
2022-08-22 08:00:00+00:00,4.6204797659951545e-05,1.6163951955718599e-19
2022-08-22 12:00:00+00:00,3.6586000463675564e-05,1.6103512227978368e-19
2022-08-22 16:00:00+00:00,0.00015072447719639815,1.603466282804101e-19
2022-08-22 20:00:00+00:00,-7.732076356187267e-06,1.599084594191744e-19
2022-08-23 00:00:00+00:00,1.4125993645740888e-05,1.5933094236517325e-19
2022-08-23 04:00:00+00:00,0.00010911884127665188,1.5969661463853895e-19
2022-08-23 08:00:00+00:00,0.00010242006157446119,1.5863889300551415e-19
2022-08-23 12:00:00+00:00,7.87875483054836e-05,1.5915515256927295e-19
2022-08-23 16:00:00+00:00,1.0682262776281412e-05,1.5985651408231134e-19
2022-08-23 20:00:00+00:00,9.91711290138306e-05,1.6026255235443398e-19
2022-08-24 00:00:00+00:00,6.987571175479288e-05,1.605264963946707e-19
2022-08-24 04:00:00+00:00,4.90777700798613e-05,1.6128929666046937e-19
2022-08-24 08:00:00+00:00,0.0001228585051114859,1.61226247390764e-19
2022-08-24 12:00:00+00:00,0.00018540466242122444,1.6107325437160807e-19
2022-08-24 16:00:00+00:00,0.00011148426143999462,1.5942347390105568e-19
2022-08-24 20:00:00+00:00,0.0001030188803497837,1.5891113121256215e-19
2022-08-25 00:00:00+00:00,9.156963703343847e-05,1.5944341176240912e-19
2022-08-25 04:00:00+00:00,0.00011405428604605246,1.603138166723111e-19
2022-08-25 08:00:00+00:00,0.00017209526057859308,1.6164037695453497e-19
2022-08-25 12:00:00+00:00,9.117277330917688e-05,1.6291353401962815e-19
2022-08-25 16:00:00+00:00,0.00012074273489577247,1.6286980458104833e-19
2022-08-25 20:00:00+00:00,8.93303670300339e-05,1.6349636227492436e-19
2022-08-26 00:00:00+00:00,0.00016915682930313363,1.637657929385705e-19
2022-08-26 04:00:00+00:00,9.406967537041135e-05,1.6311670141559695e-19
2022-08-26 08:00:00+00:00,8.513039768918229e-05,1.61640993516702e-19
2022-08-26 12:00:00+00:00,0.0001375692104004562,1.6251938029279888e-19
2022-08-26 16:00:00+00:00,6.882781510450574e-05,1.6260944681109518e-19
2022-08-26 20:00:00+00:00,-4.1704583783073856e-05,1.6263229273012403e-19
2022-08-27 00:00:00+00:00,0.00010305869881586477,1.6368795940761707e-19
2022-08-27 04:00:00+00:00,9.327369494900383e-05,1.635216397922821e-19
2022-08-27 08:00:00+00:00,8.5072251652445e-06,1.6372442604736854e-19
2022-08-27 12:00:00+00:00,6.671280470302174e-05,1.653602082555688e-19
2022-08-27 16:00:00+00:00,-4.4386672161362565e-05,1.6499824428835435e-19
2022-08-27 20:00:00+00:00,0.0001400743971200098,1.6503440401216394e-19
2022-08-28 00:00:00+00:00,-3.4581905606163844e-05,1.643384987221829e-19
2022-08-28 04:00:00+00:00,0.00012872597864552795,1.6444618432550101e-19
2022-08-28 08:00:00+00:00,9.657825191974325e-05,1.643425383268046e-19
2022-08-28 12:00:00+00:00,9.947855902430799e-05,1.6387233033894064e-19
2022-08-28 16:00:00+00:00,6.440352199250263e-05,1.6402819424097141e-19
2022-08-28 20:00:00+00:00,0.00012293249038683262,1.6420876167138617e-19
2022-08-29 00:00:00+00:00,0.00012196570369357177,1.6464738780192932e-19
2022-08-29 04:00:00+00:00,3.777666893380925e-05,1.6387053150977099e-19
2022-08-29 08:00:00+00:00,5.6141540702374045e-05,1.6357553735107908e-19
2022-08-29 12:00:00+00:00,7.727367256850746e-05,1.6170697306586027e-19
2022-08-29 16:00:00+00:00,0.0001024290179958274,1.6179095009078136e-19
2022-08-29 20:00:00+00:00,0.0001697590483386377,1.6099125963002512e-19
2022-08-30 00:00:00+00:00,0.0001473563535063857,1.6106327717339824e-19
2022-08-30 04:00:00+00:00,9.11646651323418e-05,1.6176276749567904e-19
2022-08-30 08:00:00+00:00,0.00013577540368283098,1.6260221496894847e-19
2022-08-30 12:00:00+00:00,0.00014229448692941926,1.615350245084824e-19
2022-08-30 16:00:00+00:00,4.853310138889599e-05,1.617932736907548e-19
2022-08-30 20:00:00+00:00,0.00013305002804794814,1.6062892619722776e-19
2022-08-31 00:00:00+00:00,4.4924598482557016e-05,1.6061784323086194e-19
2022-08-31 04:00:00+00:00,0.00021244636429643322,1.6158759783669157e-19
2022-08-31 08:00:00+00:00,0.00016808452809858,1.6164066642957462e-19
2022-08-31 12:00:00+00:00,7.552459006264293e-05,1.6097838580602197e-19
2022-08-31 16:00:00+00:00,1.6611785275091725e-05,1.6095506743626099e-19
2022-08-31 20:00:00+00:00,5.2344333476504534e-05,1.6166113776460658e-19
2022-09-01 00:00:00+00:00,2.52425072633772e-05,1.6229264086137246e-19
2022-09-01 04:00:00+00:00,0.00012162565032810556,1.6249042296641485e-19
2022-09-01 08:00:00+00:00,0.00013739993001079506,1.6356207133871403e-19
2022-09-01 12:00:00+00:00,6.768810851775623e-05,1.6252884950871434e-19
2022-09-01 16:00:00+00:00,0.00018561604287861797,1.6234383388295849e-19
2022-09-01 20:00:00+00:00,8.423311430392264e-05,1.6294550858368116e-19
2022-09-02 00:00:00+00:00,0.000132984776700212,1.62857332678495e-19
2022-09-02 04:00:00+00:00,7.946343247514491e-05,1.6250458569338377e-19
2022-09-02 08:00:00+00:00,9.435602768091122e-05,1.6272471725746621e-19
2022-09-02 12:00:00+00:00,0.00010019133728280613,1.6462021845451983e-19
2022-09-02 16:00:00+00:00,0.00015256859631184076,1.6448226289338703e-19
2022-09-02 20:00:00+00:00,0.00015175779735746906,1.6458222068249798e-19
2022-09-03 00:00:00+00:00,0.0001711910580337866,1.649807116505966e-19
2022-09-03 04:00:00+00:00,0.00016315689258494277,1.6417406665584466e-19
2022-09-03 08:00:00+00:00,0.00013295218807536028,1.630286991413086e-19
2022-09-03 12:00:00+00:00,7.336537424683932e-05,1.614272942470749e-19
2022-09-03 16:00:00+00:00,7.429026611261202e-05,1.6049509539351993e-19
2022-09-03 20:00:00+00:00,0.00010722639122955246,1.6121801586983339e-19
2022-09-04 00:00:00+00:00,2.8572074039993964e-05,1.630762291797516e-19
2022-09-04 04:00:00+00:00,8.779243613929646e-05,1.615708623515301e-19
2022-09-04 08:00:00+00:00,0.00017015044829874314,1.6220325310624542e-19
2022-09-04 12:00:00+00:00,9.237360183020216e-05,1.6333187549591355e-19
2022-09-04 16:00:00+00:00,0.00012922384864839107,1.6422743443223692e-19
2022-09-04 20:00:00+00:00,6.150830427380069e-05,1.6449463371404365e-19
2022-09-05 00:00:00+00:00,6.562063766499199e-05,1.6552501139568052e-19
2022-09-05 04:00:00+00:00,7.276591709190699e-05,1.6437682163949475e-19
2022-09-05 08:00:00+00:00,4.916414265270955e-05,1.6420107647170394e-19
2022-09-05 12:00:00+00:00,0.00015462419263637594,1.647936001794446e-19
2022-09-05 16:00:00+00:00,3.3354842733042854e-05,1.6563575762050158e-19
2022-09-05 20:00:00+00:00,0.00017682701468650592,1.6589845621108778e-19
2022-09-06 00:00:00+00:00,7.466130233688366e-05,1.671443915219021e-19
2022-09-06 04:00:00+00:00,0.00020057372676029572,1.6799846310892978e-19
2022-09-06 08:00:00+00:00,0.00010175295969089213,1.6766923392444887e-19
2022-09-06 12:00:00+00:00,0.0001046092974566844,1.6780818976025452e-19
2022-09-06 16:00:00+00:00,0.00022691742003667933,1.1746573283217816e-19
2022-09-06 20:00:00+00:00,0.00014886089411016824,1.1654264784045612e-19
2022-09-07 00:00:00+00:00,0.00012735687667668995,1.1763711631692754e-19
2022-09-07 04:00:00+00:00,8.233351869613009e-05,1.1848945235024608e-19
2022-09-07 08:00:00+00:00,8.735290307090252e-05,1.1878470631248604e-19
2022-09-07 12:00:00+00:00,0.00011664121508653032,1.1963078246239275e-19
2022-09-07 16:00:00+00:00,0.00015586290461640996,1.1965717689522814e-19
2022-09-07 20:00:00+00:00,0.0001965594034875975,1.188192796385344e-19
2022-09-08 00:00:00+00:00,0.00015151059602786375,1.1963678303382576e-19
2022-09-08 04:00:00+00:00,0.0001288323547111122,1.2006663838805948e-19
2022-09-08 08:00:00+00:00,0.00015822780341897373,1.2038079886610275e-19
2022-09-08 12:00:00+00:00,7.980207245425426e-05,1.2137371139012604e-19
2022-09-08 16:00:00+00:00,0.0001411781598107726,1.2063190227022734e-19
2022-09-08 20:00:00+00:00,9.586198838234949e-05,1.2028972328856067e-19
2022-09-09 00:00:00+00:00,0.0001472551042826544,1.2107457193081618e-19
2022-09-09 04:00:00+00:00,0.0001674499444419041,1.2061440299577707e-19
2022-09-09 08:00:00+00:00,0.00016565661406990167,1.2042414025567519e-19
2022-09-09 12:00:00+00:00,0.00021732290787022758,1.207463455955787e-19
2022-09-09 16:00:00+00:00,0.00010048574436289249,1.2055921158985308e-19
2022-09-09 20:00:00+00:00,0.00011356978000137918,1.2156668429176917e-19
2022-09-10 00:00:00+00:00,0.00013856010393356973,1.2240367869167396e-19
2022-09-10 04:00:00+00:00,0.0001708156475482872,1.2211150260304286e-19
2022-09-10 08:00:00+00:00,0.00016520206862755075,1.2153948726428607e-19
2022-09-10 12:00:00+00:00,8.321825587158564e-05,1.2269683129443486e-19
2022-09-10 16:00:00+00:00,-8.159662584089318e-06,1.2218952078242806e-19
2022-09-10 20:00:00+00:00,0.00015507189747297344,1.2298617345296118e-19
2022-09-11 00:00:00+00:00,5.183115986309125e-05,1.236073943026079e-19
2022-09-11 04:00:00+00:00,6.685342824903654e-05,1.2368021522925096e-19
2022-09-11 08:00:00+00:00,0.000118136562983026,1.2428352602509418e-19
2022-09-11 12:00:00+00:00,0.00010672797212105776,1.2462055433036688e-19
2022-09-11 16:00:00+00:00,0.00013008849991228677,1.244433087098628e-19
2022-09-11 20:00:00+00:00,3.4903120190257155e-05,1.2480532581775324e-19
2022-09-12 00:00:00+00:00,0.00014939878182702263,1.251324200955073e-19
2022-09-12 04:00:00+00:00,1.3767829931845092e-05,1.2565758785086176e-19
2022-09-12 08:00:00+00:00,0.0001043937168614375,1.256239660789645e-19
2022-09-12 12:00:00+00:00,0.00015735877797840047,1.2573037478167512e-19
2022-09-12 16:00:00+00:00,0.00015596569543874716,1.2776526339477097e-19
2022-09-12 20:00:00+00:00,0.00012367783591342636,1.283671634639214e-19
2022-09-13 00:00:00+00:00,0.000151331906335792,1.2838805561830008e-19
2022-09-13 04:00:00+00:00,0.00012381328747006236,1.2793202514812806e-19
2022-09-13 08:00:00+00:00,0.00013008154192050504,1.2797118514296366e-19
2022-09-13 12:00:00+00:00,9.656367257179461e-05,8.957982960007455e-20
2022-09-13 16:00:00+00:00,4.980467283724817e-05,8.951602120113521e-20
2022-09-13 20:00:00+00:00,3.856284301024329e-05,8.922069874163061e-20
2022-09-14 00:00:00+00:00,7.631246511530526e-05,8.890383054111288e-20
2022-09-14 04:00:00+00:00,0.0001449427127992964,8.895388088924044e-20
2022-09-14 08:00:00+00:00,0.00010945856368714821,8.893027669096136e-20
2022-09-14 12:00:00+00:00,0.00012222698487450602,8.902083484127304e-20
2022-09-14 16:00:00+00:00,9.631671986810698e-05,8.886443606352974e-20
2022-09-14 20:00:00+00:00,4.879987239996606e-06,8.917047782584801e-20
2022-09-15 00:00:00+00:00,8.321673740784549e-05,8.902929363354984e-20
2022-09-15 04:00:00+00:00,5.350930977086641e-05,8.946127746504474e-20
2022-09-15 08:00:00+00:00,2.5320514351076333e-05,9.056171587685049e-20
2022-09-15 12:00:00+00:00,0.00010926603487976735,9.102815826218742e-20
2022-09-15 16:00:00+00:00,9.246677653903919e-05,9.07316184635317e-20
2022-09-15 20:00:00+00:00,0.00011015691560378751,9.013660547418178e-20
2022-09-16 00:00:00+00:00,0.00014924747674475774,8.971251870645584e-20
2022-09-16 04:00:00+00:00,0.0001355507384068398,8.943660331649479e-20
2022-09-16 08:00:00+00:00,0.0001664373978005251,8.847010316467757e-20
2022-09-16 12:00:00+00:00,-4.117643740273588e-05,8.872523160480558e-20
2022-09-16 16:00:00+00:00,5.7383299202536e-05,8.909806104123501e-20
2022-09-16 20:00:00+00:00,0.00011841373546383487,8.919265989156573e-20
2022-09-17 00:00:00+00:00,3.423950768885615e-05,8.960422692915493e-20
2022-09-17 04:00:00+00:00,7.322785696012323e-05,8.964044478349372e-20
2022-09-17 08:00:00+00:00,0.00011887395821004766,8.955160344953543e-20
2022-09-17 12:00:00+00:00,5.985828159787339e-05,9.009485295495276e-20
2022-09-17 16:00:00+00:00,-5.024835109215812e-05,8.974253312669042e-20
2022-09-17 20:00:00+00:00,0.00014479871564292512,8.97135978225577e-20
2022-09-18 00:00:00+00:00,9.428631326537135e-05,8.912338711032065e-20
2022-09-18 04:00:00+00:00,0.00016232043128893824,8.930026464412449e-20
2022-09-18 08:00:00+00:00,0.00014970924696884293,8.969850094250322e-20
2022-09-18 12:00:00+00:00,0.00012436813194766013,9.011121522505883e-20
2022-09-18 16:00:00+00:00,0.00016215079801843306,9.05251955990367e-20
2022-09-18 20:00:00+00:00,3.5818737013692726e-05,8.973126102882058e-20
2022-09-19 00:00:00+00:00,7.019370534204043e-05,8.96855569893533e-20
2022-09-19 04:00:00+00:00,7.8575987729554e-05,8.944888857091736e-20
2022-09-19 08:00:00+00:00,6.837481958059262e-05,8.980422440578989e-20
2022-09-19 12:00:00+00:00,0.0001153119206178828,8.991167008170119e-20
2022-09-19 16:00:00+00:00,-5.961995766652926e-06,9.136627554180286e-20
2022-09-19 20:00:00+00:00,3.348182752731953e-05,9.192089284299862e-20
2022-09-20 00:00:00+00:00,0.0001723218756666288,9.200557191516689e-20
2022-09-20 04:00:00+00:00,0.00012083584140058947,9.305251454427318e-20
2022-09-20 08:00:00+00:00,6.380482314733691e-05,9.215285547439727e-20
2022-09-20 12:00:00+00:00,7.353725503716373e-05,9.290034560049156e-20
2022-09-20 16:00:00+00:00,6.657032828632008e-05,9.315766900468598e-20
2022-09-20 20:00:00+00:00,4.156531876205451e-05,9.326399961197285e-20
2022-09-21 00:00:00+00:00,5.526771588879788e-05,9.335971748583377e-20
2022-09-21 04:00:00+00:00,2.6345139846418184e-05,9.319548930485666e-20
2022-09-21 08:00:00+00:00,8.81605976178632e-06,9.285255629762111e-20
2022-09-21 12:00:00+00:00,2.5021291480904368e-05,9.335874806809573e-20
2022-09-21 16:00:00+00:00,6.60229006661126e-05,9.238705102841798e-20
2022-09-21 20:00:00+00:00,2.739561756185095e-05,9.325409376551068e-20
2022-09-22 00:00:00+00:00,0.00018819519769181558,9.33446864233001e-20
2022-09-22 04:00:00+00:00,6.984663018714729e-05,9.384949765144377e-20
2022-09-22 08:00:00+00:00,0.00013225509895569478,9.366718871539358e-20
2022-09-22 12:00:00+00:00,9.463943749685279e-05,9.38579642078235e-20
2022-09-22 16:00:00+00:00,6.260887074949071e-05,9.47848371525423e-20
2022-09-22 20:00:00+00:00,0.0001386873086062379,9.453525121881267e-20
2022-09-23 00:00:00+00:00,0.0001406477269930477,9.336795728704986e-20
2022-09-23 04:00:00+00:00,8.355498189615682e-05,9.401110968260458e-20
2022-09-23 08:00:00+00:00,0.00017795519121434542,9.39279856399584e-20
2022-09-23 12:00:00+00:00,0.000139353757223347,9.400090359377892e-20
2022-09-23 16:00:00+00:00,0.00016336869197798766,9.344290336934222e-20
2022-09-23 20:00:00+00:00,0.00022382273352041586,9.382670429530406e-20
2022-09-24 00:00:00+00:00,0.0001309528981605819,9.393560657815487e-20
2022-09-24 04:00:00+00:00,0.00012408611638728737,9.395632998361434e-20
2022-09-24 08:00:00+00:00,6.262964457149278e-05,9.449395753632281e-20
2022-09-24 12:00:00+00:00,0.00017796687906372497,9.496048267568851e-20
2022-09-24 16:00:00+00:00,9.187660827016613e-05,9.486607804270289e-20
2022-09-24 20:00:00+00:00,0.0001032840044238047,9.491172723659863e-20
2022-09-25 00:00:00+00:00,0.00015742793560780767,9.55309487578758e-20
2022-09-25 04:00:00+00:00,6.123524994848611e-05,9.558592050707395e-20
2022-09-25 08:00:00+00:00,4.608277501774349e-05,9.535811496608883e-20
2022-09-25 12:00:00+00:00,0.00012482539965890253,9.555691080189403e-20
2022-09-25 16:00:00+00:00,0.0001477142203061227,9.498660949447744e-20
2022-09-25 20:00:00+00:00,0.00014978603694535563,9.51998650774253e-20
2022-09-26 00:00:00+00:00,0.00013184152618874232,9.514547636798562e-20
2022-09-26 04:00:00+00:00,0.00013064090980921097,9.502427138366295e-20
2022-09-26 08:00:00+00:00,9.356028089112452e-05,9.469849341553006e-20
2022-09-26 12:00:00+00:00,5.437090630952448e-05,9.554611775341499e-20
2022-09-26 16:00:00+00:00,6.932543517788618e-05,9.496772151887118e-20
2022-09-26 20:00:00+00:00,0.00011796606270832158,9.455095674453173e-20
2022-09-27 00:00:00+00:00,4.2924420271773326e-05,9.403715923020364e-20
2022-09-27 04:00:00+00:00,7.790522519936311e-05,9.413409710767497e-20
2022-09-27 08:00:00+00:00,0.00019643585228002467,9.497230175046347e-20
2022-09-27 12:00:00+00:00,0.00010444716682718496,9.510333491624696e-20
2022-09-27 16:00:00+00:00,0.000177260293515698,6.657233444137287e-20
2022-09-27 20:00:00+00:00,0.0001606460098482243,6.618228568456543e-20
2022-09-28 00:00:00+00:00,0.00018556062842978204,6.644142875247267e-20
2022-09-28 04:00:00+00:00,0.00011378160107921212,6.685724507281793e-20
2022-09-28 08:00:00+00:00,7.652496254793624e-05,6.725514623285912e-20
2022-09-28 12:00:00+00:00,0.00011285758899968103,6.755666300609956e-20
2022-09-28 16:00:00+00:00,0.00016203955890868601,6.752875406477011e-20
2022-09-28 20:00:00+00:00,0.00016036838243563495,6.712003871851828e-20
2022-09-29 00:00:00+00:00,7.493917751243553e-05,6.74469081115737e-20
2022-09-29 04:00:00+00:00,0.00015942883191343794,6.74196174301099e-20
2022-09-29 08:00:00+00:00,8.377538347972115e-05,6.719088978716224e-20
2022-09-29 12:00:00+00:00,5.9918791159508205e-05,6.703507786934199e-20
2022-09-29 16:00:00+00:00,0.00013688178526724022,6.70787574886003e-20
2022-09-29 20:00:00+00:00,0.00012979583836148997,6.723735309261681e-20
2022-09-30 00:00:00+00:00,0.0001151975361951253,6.692501136625776e-20
2022-09-30 04:00:00+00:00,0.00018299910622605797,6.667033451868238e-20
2022-09-30 08:00:00+00:00,5.5511386758670735e-05,6.6960029579852e-20
2022-09-30 12:00:00+00:00,0.00010592684884014702,6.699667713601683e-20
2022-09-30 16:00:00+00:00,8.118130719788118e-05,6.754215069713343e-20
2022-09-30 20:00:00+00:00,9.402340772350421e-05,6.761570718053204e-20
2022-10-01 00:00:00+00:00,0.00011246468619627055,6.732993853357438e-20
2022-10-01 04:00:00+00:00,0.000138548335013769,6.746441371804115e-20
2022-10-01 08:00:00+00:00,0.00012109482944482384,6.764545934603343e-20
2022-10-01 12:00:00+00:00,7.677402257566879e-05,6.791129284236932e-20
2022-10-01 16:00:00+00:00,2.8709830374347596e-05,6.774684739235574e-20
2022-10-01 20:00:00+00:00,8.155963589380297e-05,6.765249600837768e-20
2022-10-02 00:00:00+00:00,4.6952328290361875e-05,6.758079261185734e-20
2022-10-02 04:00:00+00:00,0.00018052829901986592,6.764586492849511e-20
2022-10-02 08:00:00+00:00,0.00010444654418871907,6.7766209704188e-20
2022-10-02 12:00:00+00:00,-6.6291196212128785e-06,6.749825121569519e-20
2022-10-02 16:00:00+00:00,4.552502239694233e-05,6.734653696906098e-20
2022-10-02 20:00:00+00:00,2.575550943214124e-05,6.745409618961663e-20
2022-10-03 00:00:00+00:00,5.017322103536415e-05,6.76172130140582e-20
2022-10-03 04:00:00+00:00,5.21268919455102e-05,6.691530084288883e-20
2022-10-03 08:00:00+00:00,5.1130735346473234e-05,6.722825256547027e-20
2022-10-03 12:00:00+00:00,0.00010538249071938433,6.687514553594737e-20
2022-10-03 16:00:00+00:00,5.3640760217619814e-05,6.712261938787732e-20
2022-10-03 20:00:00+00:00,0.00015100311721833048,6.680818906529049e-20
2022-10-04 00:00:00+00:00,0.00011835298913778114,6.635694623221848e-20
2022-10-04 04:00:00+00:00,0.00011780210308456342,6.681235482481714e-20
2022-10-04 08:00:00+00:00,9.528793086711977e-05,6.713076013018156e-20
2022-10-04 12:00:00+00:00,5.6190613868174814e-05,6.736292885007263e-20
2022-10-04 16:00:00+00:00,4.339898859043181e-05,6.764548152063865e-20
2022-10-04 20:00:00+00:00,0.0001646511348406643,6.83872479155244e-20
2022-10-05 00:00:00+00:00,0.00015023355962863767,6.753916257371863e-20
2022-10-05 04:00:00+00:00,4.900186725087173e-05,6.757275662363824e-20
2022-10-05 08:00:00+00:00,7.2873807236368e-05,6.737937961705365e-20
2022-10-05 12:00:00+00:00,5.683428018063546e-05,6.764814767377322e-20
2022-10-05 16:00:00+00:00,0.00021271604041562796,6.752204577913313e-20
2022-10-05 20:00:00+00:00,0.00021978002147008847,6.755140360655668e-20
2022-10-06 00:00:00+00:00,8.882539448345449e-05,6.775558162174308e-20
2022-10-06 04:00:00+00:00,6.797055849064532e-05,6.805830347447754e-20
2022-10-06 08:00:00+00:00,0.00013370331089624998,6.794792485593435e-20
2022-10-06 12:00:00+00:00,5.78168548768648e-05,6.817462229669074e-20
2022-10-06 16:00:00+00:00,0.00013438554566587638,6.802778392370264e-20
2022-10-06 20:00:00+00:00,6.764480100330305e-05,6.816516206106927e-20
2022-10-07 00:00:00+00:00,0.00011369221949905757,6.837741162124618e-20
2022-10-07 04:00:00+00:00,7.150098153623025e-05,6.853555877828827e-20
2022-10-07 08:00:00+00:00,4.991461139874357e-05,6.894533953919273e-20
2022-10-07 12:00:00+00:00,0.00018446254271047203,6.94955069995962e-20
2022-10-07 16:00:00+00:00,8.66586574319133e-06,6.94227042036504e-20
2022-10-07 20:00:00+00:00,0.00020570172040716302,6.925245158245233e-20
2022-10-08 00:00:00+00:00,9.304665809679038e-05,6.925414904107965e-20
2022-10-08 04:00:00+00:00,0.00011407422438193798,6.921811708025961e-20
2022-10-08 08:00:00+00:00,0.00013721134412163593,6.943791433394254e-20
2022-10-08 12:00:00+00:00,8.171327114785113e-05,7.02412064345334e-20
2022-10-08 16:00:00+00:00,0.00014534914012614703,7.027788331428045e-20
2022-10-08 20:00:00+00:00,-4.681197047183147e-05,7.09610610893735e-20
2022-10-09 00:00:00+00:00,1.9020214526598692e-08,7.067678501410224e-20
2022-10-09 04:00:00+00:00,0.000128013317773751,7.070394031645147e-20
2022-10-09 08:00:00+00:00,7.296495576663298e-05,7.122157725678108e-20
2022-10-09 12:00:00+00:00,0.0001705013908462479,7.119836266922344e-20
2022-10-09 16:00:00+00:00,0.0001894911847674164,7.126391552374035e-20
2022-10-09 20:00:00+00:00,-1.2772490710347276e-05,7.145725618790176e-20
2022-10-10 00:00:00+00:00,0.00010036431386383335,7.160969772560695e-20
2022-10-10 04:00:00+00:00,4.291476645455635e-07,7.164711770394722e-20
2022-10-10 08:00:00+00:00,0.0001301397243348893,7.256387709403069e-20
2022-10-10 12:00:00+00:00,9.287658052542277e-05,7.260266988110783e-20
2022-10-10 16:00:00+00:00,9.166905501743448e-05,7.269289903759385e-20
2022-10-10 20:00:00+00:00,1.2729886973617613e-06,7.223744115599598e-20
2022-10-11 00:00:00+00:00,1.869802203349567e-05,7.245585337696218e-20
2022-10-11 04:00:00+00:00,3.417545230027243e-05,7.290228795401776e-20
2022-10-11 08:00:00+00:00,6.941782483495728e-05,7.287238212629542e-20
2022-10-11 12:00:00+00:00,1.2167775197444563e-05,7.313195214835898e-20
2022-10-11 16:00:00+00:00,5.600784004162931e-05,7.326302105548399e-20
2022-10-11 20:00:00+00:00,5.787475903192258e-05,7.373937797928714e-20
2022-10-12 00:00:00+00:00,0.00011915965929613407,7.328553369845632e-20
2022-10-12 04:00:00+00:00,0.00011243399491887682,7.314250974006715e-20
2022-10-12 08:00:00+00:00,0.00010700983507507425,7.32339491397654e-20
2022-10-12 12:00:00+00:00,0.00011258860244642006,7.344268318068981e-20
2022-10-12 16:00:00+00:00,5.048791773825557e-05,7.32823891961885e-20
2022-10-12 20:00:00+00:00,0.00015815380869962825,7.328819259946751e-20
2022-10-13 00:00:00+00:00,9.20023132901479e-05,7.326655077044669e-20
2022-10-13 04:00:00+00:00,8.406084617430241e-05,7.355242251709413e-20
2022-10-13 08:00:00+00:00,6.188707075159366e-05,7.34122794562625e-20
2022-10-13 12:00:00+00:00,-6.3448548204782255e-06,7.345040074096345e-20
2022-10-13 16:00:00+00:00,0.00014217870695949666,7.349578069434369e-20
2022-10-13 20:00:00+00:00,9.283369664371859e-05,7.407014986315385e-20
2022-10-14 00:00:00+00:00,0.00015380992903703136,7.401021292480359e-20
2022-10-14 04:00:00+00:00,0.0001021757165198264,7.39462494253729e-20
2022-10-14 08:00:00+00:00,0.00010134055806658696,7.356998407056518e-20
2022-10-14 12:00:00+00:00,0.0001410336504514376,7.448454942899938e-20
2022-10-14 16:00:00+00:00,2.5896211257169504e-05,7.4194785554348e-20
2022-10-14 20:00:00+00:00,0.00015928799448576295,7.402635693446711e-20
2022-10-15 00:00:00+00:00,7.043898661568639e-05,7.504130708923482e-20
2022-10-15 04:00:00+00:00,0.00012340501323994559,7.494925626563476e-20
2022-10-15 08:00:00+00:00,0.00015470583101728487,7.495444562092435e-20
2022-10-15 12:00:00+00:00,1.3218142981789175e-05,7.450765951505643e-20
2022-10-15 16:00:00+00:00,0.0001488858260743439,7.44634552440504e-20
2022-10-15 20:00:00+00:00,9.636332134707991e-05,7.40961685960499e-20
2022-10-16 00:00:00+00:00,9.20985140994521e-05,7.424593840423226e-20
2022-10-16 04:00:00+00:00,9.777555926395546e-06,7.381898571035454e-20
2022-10-16 08:00:00+00:00,6.437842897167021e-05,7.373248901472761e-20
2022-10-16 12:00:00+00:00,4.923554982358689e-05,7.380726079214297e-20
2022-10-16 16:00:00+00:00,0.00015694918473463295,7.426022329615914e-20
2022-10-16 20:00:00+00:00,9.418526968176182e-05,7.458429883676169e-20
2022-10-17 00:00:00+00:00,9.352813242239169e-05,7.446902951852512e-20
2022-10-17 04:00:00+00:00,0.0001096778172406969,7.43699362764264e-20
2022-10-17 08:00:00+00:00,0.00015214895941180362,7.503780935099037e-20
2022-10-17 12:00:00+00:00,0.00013294485944903778,7.502959404422613e-20
2022-10-17 16:00:00+00:00,0.00012166976796210751,7.465713340770571e-20
2022-10-17 20:00:00+00:00,0.0002384922597549336,7.463813455584464e-20
2022-10-18 00:00:00+00:00,3.417549924547892e-05,7.417992659855874e-20
2022-10-18 04:00:00+00:00,9.701113863083744e-05,7.431401098280265e-20
2022-10-18 08:00:00+00:00,0.00010096260593112797,7.481950131970584e-20
2022-10-18 12:00:00+00:00,0.00011435893683874278,7.492960983412452e-20
2022-10-18 16:00:00+00:00,0.00013642756004496207,7.449434469191525e-20
2022-10-18 20:00:00+00:00,0.0001558896855522973,7.477004149868176e-20
2022-10-19 00:00:00+00:00,5.067889459907678e-05,7.498212112844879e-20
2022-10-19 04:00:00+00:00,-3.297187382523099e-05,7.466907279238612e-20
2022-10-19 08:00:00+00:00,7.138791119047394e-05,7.431599913766299e-20
2022-10-19 12:00:00+00:00,8.60113857817107e-05,7.466796762969125e-20
2022-10-19 16:00:00+00:00,9.819591496140344e-05,7.470273713205822e-20
2022-10-19 20:00:00+00:00,7.306099757089707e-05,7.523202434695553e-20
2022-10-20 00:00:00+00:00,0.0001111330651736537,7.53670490498851e-20
2022-10-20 04:00:00+00:00,3.409542539231983e-05,7.553154585816503e-20
2022-10-20 08:00:00+00:00,0.00014386398496158754,7.551140046018452e-20
2022-10-20 12:00:00+00:00,7.91445383380427e-05,7.522605909331926e-20
2022-10-20 16:00:00+00:00,5.866309017991666e-05,7.496524252060045e-20
2022-10-20 20:00:00+00:00,3.90123429322658e-05,7.482976254136195e-20
2022-10-21 00:00:00+00:00,0.0001301273792970318,7.494538699500172e-20
2022-10-21 04:00:00+00:00,5.250260870871892e-05,7.544141017008141e-20
2022-10-21 08:00:00+00:00,5.883422154562071e-05,7.510563876274435e-20
2022-10-21 12:00:00+00:00,0.00010346583241275748,7.485146170988891e-20
2022-10-21 16:00:00+00:00,0.00010965118319017204,7.489079762346116e-20
2022-10-21 20:00:00+00:00,0.00013516966283283054,7.51531340597085e-20
2022-10-22 00:00:00+00:00,3.768771647009057e-05,7.464859358986842e-20
2022-10-22 04:00:00+00:00,4.361651011446648e-05,7.52814362898711e-20
2022-10-22 08:00:00+00:00,0.00012385987098745084,7.535245399122523e-20
2022-10-22 12:00:00+00:00,9.555331570217124e-05,7.509309258898016e-20
2022-10-22 16:00:00+00:00,4.2185642667198847e-05,7.534384324170701e-20
2022-10-22 20:00:00+00:00,7.45719294567077e-05,7.608841934454327e-20
2022-10-23 00:00:00+00:00,0.00010958006662537695,7.657516662270628e-20
2022-10-23 04:00:00+00:00,0.0001327293623231298,7.625362383285819e-20
2022-10-23 08:00:00+00:00,0.00010209082750644674,7.626349100495221e-20
2022-10-23 12:00:00+00:00,3.9780398268539074e-05,7.597007194871735e-20
2022-10-23 16:00:00+00:00,0.00010382191506357698,7.616365098611392e-20
2022-10-23 20:00:00+00:00,0.00010076653764013606,7.598485751221708e-20
2022-10-24 00:00:00+00:00,0.00013977783762019654,7.594975548926922e-20
2022-10-24 04:00:00+00:00,0.00011645952127647,7.600386128459949e-20
2022-10-24 08:00:00+00:00,0.0001346838917965404,7.555348939158965e-20
2022-10-24 12:00:00+00:00,0.00017527161050736486,7.502056580930882e-20
2022-10-24 16:00:00+00:00,0.00010922468981780984,7.494053163396791e-20
2022-10-24 20:00:00+00:00,7.04511012071761e-05,7.467529602598064e-20
2022-10-25 00:00:00+00:00,1.5921621121551065e-05,7.512730960832596e-20
2022-10-25 04:00:00+00:00,4.209862454741557e-05,7.54155904318914e-20
2022-10-25 08:00:00+00:00,3.0467484099837838e-05,7.528618896252752e-20
2022-10-25 12:00:00+00:00,0.00010342333096395855,7.528589380721687e-20
2022-10-25 16:00:00+00:00,0.00015485467618306706,7.55068094122925e-20
2022-10-25 20:00:00+00:00,0.00010896826176618278,7.529808179773199e-20
2022-10-26 00:00:00+00:00,8.639681261782381e-05,7.487035818669083e-20
2022-10-26 04:00:00+00:00,0.00010780753235339684,7.523941571152365e-20
2022-10-26 08:00:00+00:00,0.00015739189906309082,7.509090342441079e-20
2022-10-26 12:00:00+00:00,0.00015810784291225114,7.587193765665387e-20
2022-10-26 16:00:00+00:00,0.0001998377355447301,7.636700508738213e-20
2022-10-26 20:00:00+00:00,0.00017639055617146073,7.662809356802947e-20
2022-10-27 00:00:00+00:00,0.00018936312616473495,7.682705437659568e-20
2022-10-27 04:00:00+00:00,0.00010720635045359544,7.699811925290443e-20
2022-10-27 08:00:00+00:00,0.00012052584674030519,7.717960289160848e-20
2022-10-27 12:00:00+00:00,0.00012009199340075526,7.725296836352536e-20
2022-10-27 16:00:00+00:00,0.00010366547218146892,7.730146364446453e-20
2022-10-27 20:00:00+00:00,6.346126656613928e-06,7.688242721726526e-20
2022-10-28 00:00:00+00:00,7.526271553371061e-05,7.672478984012817e-20
2022-10-28 04:00:00+00:00,3.9893098474588515e-05,7.62601995928037e-20
2022-10-28 08:00:00+00:00,0.00010099124094983884,7.64657460676781e-20
2022-10-28 12:00:00+00:00,5.755692784156121e-05,7.74336406800563e-20
2022-10-28 16:00:00+00:00,8.047072652912008e-05,7.776804220691393e-20
2022-10-28 20:00:00+00:00,0.0001194798337267285,7.750904667962341e-20
2022-10-29 00:00:00+00:00,0.00014683997682944614,7.758623817118415e-20
2022-10-29 04:00:00+00:00,0.0001160303516792076,7.806047656356741e-20
2022-10-29 08:00:00+00:00,5.6402606377145415e-05,7.724387181550477e-20
2022-10-29 12:00:00+00:00,8.5027984451748e-05,7.749997299576207e-20
2022-10-29 16:00:00+00:00,7.413211209141226e-05,7.693063750385272e-20
2022-10-29 20:00:00+00:00,0.0001395399235658152,7.733264030124431e-20
2022-10-30 00:00:00+00:00,0.00013085962951539415,7.763967629708681e-20
2022-10-30 04:00:00+00:00,0.00012465842580795832,7.726532609466765e-20
2022-10-30 08:00:00+00:00,0.0001366707325702693,7.69994512239166e-20
2022-10-30 12:00:00+00:00,0.00013540686143107103,7.737402292467735e-20
2022-10-30 16:00:00+00:00,0.00016954252183885426,7.713194868043954e-20
2022-10-30 20:00:00+00:00,0.0001607373557058403,7.706727891735006e-20
2022-10-31 00:00:00+00:00,0.00015733626878264604,7.737525911628052e-20
2022-10-31 04:00:00+00:00,0.00012933023873970732,7.769126768063878e-20
2022-10-31 08:00:00+00:00,7.918353555989125e-05,7.697689217081786e-20
2022-10-31 12:00:00+00:00,0.0001422732292205398,7.698270488601532e-20
2022-10-31 16:00:00+00:00,5.677157574366459e-05,7.697993630164391e-20
2022-10-31 20:00:00+00:00,9.57580979657467e-05,7.711225123462821e-20
2022-11-01 00:00:00+00:00,0.00012208738244584688,7.653192257790581e-20
2022-11-01 04:00:00+00:00,0.00010787715768601867,7.683033743190386e-20
2022-11-01 08:00:00+00:00,0.00011858529257919075,7.676640061736389e-20
2022-11-01 12:00:00+00:00,0.00013150027909690542,7.716262609041041e-20
2022-11-01 16:00:00+00:00,9.981026025993456e-05,7.690621690971521e-20
2022-11-01 20:00:00+00:00,4.5166298816079276e-05,7.684690372036216e-20
2022-11-02 00:00:00+00:00,0.00010082447142623374,7.730820399937439e-20
2022-11-02 04:00:00+00:00,2.5786873800671495e-05,7.630061861541863e-20
2022-11-02 08:00:00+00:00,3.3735268016845467e-06,7.660187263493555e-20
2022-11-02 12:00:00+00:00,1.7372905598650742e-05,7.723864991558458e-20
2022-11-02 16:00:00+00:00,6.465822406589312e-05,7.698478841423161e-20
2022-11-02 20:00:00+00:00,5.8380145548237627e-05,7.73633926424058e-20
2022-11-03 00:00:00+00:00,6.521829235701135e-05,7.76976569576564e-20
2022-11-03 04:00:00+00:00,3.9021284932045695e-05,7.784121252697104e-20
2022-11-03 08:00:00+00:00,7.395123621023357e-05,7.819347464063103e-20
2022-11-03 12:00:00+00:00,9.330811041598784e-05,7.78570803344483e-20
2022-11-03 16:00:00+00:00,7.002659282879331e-05,7.784092024672408e-20
2022-11-03 20:00:00+00:00,7.152214463050199e-05,7.795094047786211e-20
2022-11-04 00:00:00+00:00,5.8279881186795185e-05,7.767930696413316e-20
2022-11-04 04:00:00+00:00,1.029920416887512e-05,7.835398018173088e-20
2022-11-04 08:00:00+00:00,3.934216756538558e-05,7.807541035653836e-20
2022-11-04 12:00:00+00:00,5.2682717751573895e-05,7.807647758676635e-20
2022-11-04 16:00:00+00:00,0.000163877499149431,7.821786181053679e-20
2022-11-04 20:00:00+00:00,8.554926280604318e-05,7.807044203795173e-20
2022-11-05 00:00:00+00:00,0.0001786599005089152,7.878926860545954e-20
2022-11-05 04:00:00+00:00,2.5592265287759955e-05,7.85163138233505e-20
2022-11-05 08:00:00+00:00,0.00010701878849625261,7.932153680737062e-20
2022-11-05 12:00:00+00:00,0.00018609233625126477,7.968917890917127e-20
2022-11-05 16:00:00+00:00,0.00017962135583890536,8.017770538531772e-20
2022-11-05 20:00:00+00:00,0.0001522995176235689,8.103550318512463e-20
2022-11-06 00:00:00+00:00,4.393097433934891e-05,8.143873975890599e-20
2022-11-06 04:00:00+00:00,0.00012899687936501593,8.249129529076095e-20
2022-11-06 08:00:00+00:00,0.00017184092217211854,8.127968931308597e-20
2022-11-06 12:00:00+00:00,0.00018088311001717577,8.233173604822517e-20
2022-11-06 16:00:00+00:00,8.177928841399545e-05,8.229873287278747e-20
2022-11-06 20:00:00+00:00,8.786448666201716e-05,8.281181085843028e-20
2022-11-07 00:00:00+00:00,6.35753222825614e-05,8.2275681086877e-20
2022-11-07 04:00:00+00:00,9.964442025420662e-05,5.759297676081389e-20
2022-11-07 08:00:00+00:00,-4.5838998629734946e-05,5.768326001436542e-20
2022-11-07 12:00:00+00:00,0.0001008809110595451,5.775808865012543e-20
2022-11-07 16:00:00+00:00,-5.304675549303138e-06,5.777732810324738e-20
2022-11-07 20:00:00+00:00,-4.05782751975866e-05,4.0444129672273164e-20
2022-11-08 00:00:00+00:00,1.4528154013901628e-05,2.8310890770591214e-20
2022-11-08 04:00:00+00:00,-2.4352153358944833e-05,2.8260238754373104e-20
2022-11-08 08:00:00+00:00,-6.53128321747621e-05,2.83927014851949e-20
2022-11-08 12:00:00+00:00,1.9271541397039436e-05,2.8141081478375473e-20
2022-11-08 16:00:00+00:00,7.07190133487524e-06,1.969875703486283e-20
2022-11-08 20:00:00+00:00,5.203849226461639e-05,1.99018830986771e-20
2022-11-09 00:00:00+00:00,-6.806636713561917e-05,1.393131816907397e-20
2022-11-09 04:00:00+00:00,-8.627978512858298e-05,9.751922718351778e-21
2022-11-09 08:00:00+00:00,-8.442075496882165e-05,9.821878457973147e-21
2022-11-09 12:00:00+00:00,-0.0001237022499006896,6.875314920581203e-21
2022-11-09 16:00:00+00:00,-0.00025619706830930087,4.812720444406842e-21
2022-11-09 20:00:00+00:00,-0.0001992431568748077,4.853533581669297e-21
2022-11-10 00:00:00+00:00,-7.697542262971187e-05,4.856720322569991e-21
2022-11-10 04:00:00+00:00,-0.0001416422900129351,4.846543644419149e-21
2022-11-10 08:00:00+00:00,-0.00020231436837302754,3.392580551093404e-21
2022-11-10 12:00:00+00:00,1.4781435948527311e-05,3.394077926776033e-21
2022-11-10 16:00:00+00:00,-9.314450308234946e-05,3.3900461781664664e-21
2022-11-10 20:00:00+00:00,7.22559512027757e-05,3.4122892040459944e-21
2022-11-11 00:00:00+00:00,-1.565379192067416e-05,2.388602442832196e-21
2022-11-11 04:00:00+00:00,0.00010307182198152041,2.37766418654927e-21
2022-11-11 08:00:00+00:00,5.9412046135549516e-05,2.3927930357457042e-21
2022-11-11 12:00:00+00:00,0.00013400361726233323,1.6749551250219928e-21
2022-11-11 16:00:00+00:00,0.00014601999546294612,1.668319408343125e-21
2022-11-11 20:00:00+00:00,9.491339044040942e-05,1.6689559219537586e-21
2022-11-12 00:00:00+00:00,0.00015392546457334595,1.669905212179205e-21
2022-11-12 04:00:00+00:00,0.00012395136314682765,1.6505973401947133e-21
2022-11-12 08:00:00+00:00,0.00019679457744206907,1.665893264455284e-21
2022-11-12 12:00:00+00:00,3.003050673386843e-05,1.6733818089591871e-21
2022-11-12 16:00:00+00:00,3.620642748020394e-05,1.6623937198142869e-21
2022-11-12 20:00:00+00:00,7.258729848136643e-06,1.6655431890079288e-21
2022-11-13 00:00:00+00:00,2.8870905562105032e-05,1.6614968522170548e-21
2022-11-13 04:00:00+00:00,1.4625719405049194e-05,1.660401132211219e-21
2022-11-13 08:00:00+00:00,2.3650563172150413e-05,1.6545727884808882e-21
2022-11-13 12:00:00+00:00,-1.7256404820529704e-05,1.6595036201516167e-21
2022-11-13 16:00:00+00:00,6.76472821927557e-05,1.6663015488590211e-21
2022-11-13 20:00:00+00:00,4.622730706838114e-05,1.1664110842013147e-21
2022-11-14 00:00:00+00:00,3.1901277428567103e-05,1.1672750589595984e-21
2022-11-14 04:00:00+00:00,0.00010873199094953146,1.168794293370431e-21
2022-11-14 08:00:00+00:00,0.00011371431428075251,1.1700422697315984e-21
2022-11-14 12:00:00+00:00,3.930489933852034e-05,1.171835172229427e-21
2022-11-14 16:00:00+00:00,9.974551266754603e-05,1.177879838956256e-21
2022-11-14 20:00:00+00:00,5.167870490360157e-05,1.1750448467793592e-21
2022-11-15 00:00:00+00:00,0.00010568299573481328,1.1747049360814778e-21
2022-11-15 04:00:00+00:00,7.14309611150892e-05,1.1801216111506934e-21
2022-11-15 08:00:00+00:00,0.00012410406388369533,1.1778974960263533e-21
2022-11-15 12:00:00+00:00,0.0001924106446461172,1.1789392706877067e-21
2022-11-15 16:00:00+00:00,0.0002248207540524766,1.1757555246008207e-21
2022-11-15 20:00:00+00:00,0.000247921366045622,1.1757785642462845e-21
2022-11-16 00:00:00+00:00,0.00020477699553809458,1.1761457727961368e-21
2022-11-16 04:00:00+00:00,0.00012367019232135384,1.1770278306653306e-21
2022-11-16 08:00:00+00:00,0.00014278052923684525,1.1779677692064913e-21
2022-11-16 12:00:00+00:00,5.961064165313395e-05,1.1788130649659812e-21
2022-11-16 16:00:00+00:00,8.350988433844704e-05,1.1809303890925157e-21
2022-11-16 20:00:00+00:00,0.0001709382244194972,1.1799205652786598e-21
2022-11-17 00:00:00+00:00,8.780819358070566e-05,1.1799171272245113e-21
2022-11-17 04:00:00+00:00,4.130874525120745e-05,1.1942884920271605e-21
2022-11-17 08:00:00+00:00,3.313250285471326e-05,1.2004923845573127e-21
2022-11-17 12:00:00+00:00,0.00019212157206292273,1.1997468931198937e-21
2022-11-17 16:00:00+00:00,0.0001443082767051412,1.1941454200042942e-21
2022-11-17 20:00:00+00:00,3.7872358258153774e-06,1.197438668116861e-21
2022-11-18 00:00:00+00:00,4.886608180540063e-05,1.2010827031800986e-21
2022-11-18 04:00:00+00:00,1.793538985912552e-05,1.1961929556011188e-21
2022-11-18 08:00:00+00:00,5.51505391227719e-05,1.1896506634192248e-21
2022-11-18 12:00:00+00:00,3.578333321739472e-05,1.1944844124466518e-21
2022-11-18 16:00:00+00:00,7.787903894219193e-06,1.1946056233351962e-21
2022-11-18 20:00:00+00:00,0.0001325465878106009,1.1913307460361684e-21
2022-11-19 00:00:00+00:00,0.0001205036293839345,1.1878115666801466e-21
2022-11-19 04:00:00+00:00,4.1237574492791424e-05,1.1817966705987563e-21
2022-11-19 08:00:00+00:00,0.00010045355498056722,1.1750338656103421e-21
2022-11-19 12:00:00+00:00,5.0453885171759566e-05,1.1752438863386502e-21
2022-11-19 16:00:00+00:00,0.00010327411963765573,1.1672653891316851e-21
2022-11-19 20:00:00+00:00,3.3529702174794814e-05,1.1702719479142927e-21
2022-11-20 00:00:00+00:00,3.474267204783466e-05,1.1696437269073526e-21
2022-11-20 04:00:00+00:00,9.08205542080107e-05,1.1632211061711592e-21
2022-11-20 08:00:00+00:00,3.621148666569468e-05,1.156303031784125e-21
2022-11-20 12:00:00+00:00,3.288383553905136e-05,1.1428129944658574e-21
2022-11-20 16:00:00+00:00,4.944693271623152e-05,1.1426036622827384e-21
2022-11-20 20:00:00+00:00,0.00014647997555515449,1.1366511571035539e-21
2022-11-21 00:00:00+00:00,0.00011017316640758535,1.1369019948060817e-21
2022-11-21 04:00:00+00:00,6.025086565013107e-05,1.1420255852087425e-21
2022-11-21 08:00:00+00:00,8.739893096377419e-05,1.1443428518635192e-21
2022-11-21 12:00:00+00:00,8.828133559895174e-05,1.1419727396429839e-21
2022-11-21 16:00:00+00:00,2.854462130117809e-05,1.1403865654828993e-21
2022-11-21 20:00:00+00:00,0.0001710569991908127,1.1493304970123423e-21
2022-11-22 00:00:00+00:00,0.00011259524738394935,1.1504001718446115e-21
2022-11-22 04:00:00+00:00,3.95844293746691e-05,1.1568053218697722e-21
2022-11-22 08:00:00+00:00,9.050242076124842e-05,1.1621574336109825e-21
2022-11-22 12:00:00+00:00,1.8573059644470698e-05,1.1738485220245402e-21
2022-11-22 16:00:00+00:00,5.371556118312126e-05,1.1724608246846472e-21
2022-11-22 20:00:00+00:00,0.00010550348135369862,1.1814092010360476e-21
2022-11-23 00:00:00+00:00,0.00015076730553224257,1.194453333291277e-21
2022-11-23 04:00:00+00:00,0.00014474610418307738,1.2008870380267517e-21
2022-11-23 08:00:00+00:00,0.0001754513607630276,1.1997337076975863e-21
2022-11-23 12:00:00+00:00,0.00015614646514718828,1.20035268041993e-21
2022-11-23 16:00:00+00:00,0.00020872105144605888,1.2050678153350497e-21
2022-11-23 20:00:00+00:00,0.0001380612726535985,1.20374565471723e-21
2022-11-24 00:00:00+00:00,0.00013486829609551655,1.2077730270946033e-21
2022-11-24 04:00:00+00:00,0.00025390315316558827,1.206653915954391e-21
2022-11-24 08:00:00+00:00,0.0002438231376002225,1.2124753992305064e-21
2022-11-24 12:00:00+00:00,0.00022697476057697316,1.2178466270174402e-21
2022-11-24 16:00:00+00:00,0.00014102121613396084,1.2153133211771238e-21
2022-11-24 20:00:00+00:00,0.00022889549010982573,1.2192634017106522e-21
2022-11-25 00:00:00+00:00,0.0001375778655838567,1.2108868805647301e-21
2022-11-25 04:00:00+00:00,0.00010262412751404719,1.2114056437377146e-21
2022-11-25 08:00:00+00:00,6.66910202055426e-05,1.2115966864581708e-21
2022-11-25 12:00:00+00:00,0.00011787556081364591,1.223561960542911e-21
2022-11-25 16:00:00+00:00,9.54398859725868e-05,1.222330576626794e-21
2022-11-25 20:00:00+00:00,3.1540591088924185e-05,1.216445983180107e-21
2022-11-26 00:00:00+00:00,0.00015255010910605256,1.2132803904664442e-21
2022-11-26 04:00:00+00:00,0.00017490184481893593,1.2119679898068052e-21
2022-11-26 08:00:00+00:00,0.00015558402593476948,1.215221605163828e-21
2022-11-26 12:00:00+00:00,0.00013316344668745214,1.22294526311556e-21
2022-11-26 16:00:00+00:00,7.940816855242807e-05,1.228234315869815e-21
2022-11-26 20:00:00+00:00,0.00017651505695866025,1.234141223261477e-21
2022-11-27 00:00:00+00:00,0.00011471123455337876,1.2293723016997883e-21
2022-11-27 04:00:00+00:00,9.050687946864944e-05,1.2269042517529605e-21
2022-11-27 08:00:00+00:00,4.8905345240846016e-05,1.2208066860793304e-21
2022-11-27 12:00:00+00:00,7.279674975605847e-05,1.2166066661310663e-21
2022-11-27 16:00:00+00:00,6.839209504493474e-05,1.2290309588241826e-21
2022-11-27 20:00:00+00:00,0.0002018810138199016,1.229132329183678e-21
2022-11-28 00:00:00+00:00,8.671850143702686e-05,8.603926304285746e-22
2022-11-28 04:00:00+00:00,7.700994170899657e-05,8.632235870846347e-22
2022-11-28 08:00:00+00:00,2.1190910835586708e-05,8.641248313848519e-22
2022-11-28 12:00:00+00:00,0.00016207000378860723,8.686122707123363e-22
2022-11-28 16:00:00+00:00,2.642253434628559e-05,8.71518244300717e-22
2022-11-28 20:00:00+00:00,2.9885103854612772e-05,8.816084275884225e-22
2022-11-29 00:00:00+00:00,0.0001372381487693856,8.852533524647383e-22
2022-11-29 04:00:00+00:00,8.234659765556274e-05,8.92207581565034e-22
2022-11-29 08:00:00+00:00,4.010760970262568e-05,8.900341644162692e-22
2022-11-29 12:00:00+00:00,9.998404942010612e-05,8.91229793667085e-22
2022-11-29 16:00:00+00:00,8.512632454110269e-05,8.94986615778927e-22
2022-11-29 20:00:00+00:00,6.56919950414826e-05,8.931087937904876e-22
2022-11-30 00:00:00+00:00,6.404326966190043e-05,8.941094320888879e-22
2022-11-30 04:00:00+00:00,0.00010088191482633888,8.901364347902903e-22
2022-11-30 08:00:00+00:00,0.0001414770840733319,8.89110177955798e-22
2022-11-30 12:00:00+00:00,0.00010016235116349774,8.91382479360613e-22
2022-11-30 16:00:00+00:00,0.00012153890782248087,8.968572333621194e-22
2022-11-30 20:00:00+00:00,0.00013624595718621658,8.939960865980834e-22
2022-12-01 00:00:00+00:00,0.00012243416919700551,8.943484661682618e-22
2022-12-01 04:00:00+00:00,0.00010364612402398184,8.920920921824484e-22
2022-12-01 08:00:00+00:00,0.000105167561994038,8.931823588282864e-22
2022-12-01 12:00:00+00:00,8.047773581526285e-05,9.017655988625453e-22
2022-12-01 16:00:00+00:00,0.00012845914359478733,9.021680770157239e-22
2022-12-01 20:00:00+00:00,0.00015115405283174245,9.052190068373932e-22
2022-12-02 00:00:00+00:00,0.0001640594263559115,9.039308692621182e-22
2022-12-02 04:00:00+00:00,5.7000134381854924e-05,9.066075952477104e-22
2022-12-02 08:00:00+00:00,9.654386617411881e-05,9.09428201344498e-22
2022-12-02 12:00:00+00:00,0.00011200859398966991,9.0861453412604e-22
2022-12-02 16:00:00+00:00,0.00013597754289324524,9.144663025265151e-22
2022-12-02 20:00:00+00:00,1.2940215023509518e-05,9.160277803201547e-22
2022-12-03 00:00:00+00:00,6.962608959139169e-05,9.230950876585764e-22
2022-12-03 04:00:00+00:00,7.571919574005792e-05,9.280923223209846e-22
2022-12-03 08:00:00+00:00,-2.156354352493518e-05,9.326030656692837e-22
2022-12-03 12:00:00+00:00,5.497074367925784e-05,9.375252811164973e-22
2022-12-03 16:00:00+00:00,0.00014420722674271486,9.41895799986554e-22
2022-12-03 20:00:00+00:00,0.0001321569099239421,9.491858067257965e-22
2022-12-04 00:00:00+00:00,0.00014727108392915674,9.545450833550311e-22
2022-12-04 04:00:00+00:00,0.00011726509041252996,9.567218798428603e-22
2022-12-04 08:00:00+00:00,7.780949432158974e-06,9.600791221061793e-22
2022-12-04 12:00:00+00:00,0.00015062981701396462,9.625365670820575e-22
2022-12-04 16:00:00+00:00,6.45814343041519e-05,9.598691279557046e-22
2022-12-04 20:00:00+00:00,-8.5070407832808e-06,9.551407341923848e-22
2022-12-05 00:00:00+00:00,0.00012574818527914786,9.521094778706876e-22
2022-12-05 04:00:00+00:00,0.00014141841981691664,9.515018735906751e-22
2022-12-05 08:00:00+00:00,8.633098078288475e-05,9.487763869930135e-22
2022-12-05 12:00:00+00:00,0.00010019684188452344,9.583390620893287e-22
2022-12-05 16:00:00+00:00,0.00015225192944218126,9.53150262622989e-22
2022-12-05 20:00:00+00:00,0.00012517592797562337,9.563188148420455e-22
2022-12-06 00:00:00+00:00,0.0001346718567975345,9.55448039950529e-22
2022-12-06 04:00:00+00:00,7.212347996359665e-05,9.546175053439303e-22
2022-12-06 08:00:00+00:00,0.00010736018200890297,9.546951889036409e-22
2022-12-06 12:00:00+00:00,0.00012838679345953899,9.538536225004674e-22
2022-12-06 16:00:00+00:00,2.92129756114852e-06,9.54545913942473e-22
2022-12-06 20:00:00+00:00,0.00019589352112096896,9.572747577998313e-22
2022-12-07 00:00:00+00:00,0.00017722185112428813,9.610563750061987e-22
2022-12-07 04:00:00+00:00,0.00012422955136594743,9.64788562759803e-22
2022-12-07 08:00:00+00:00,0.00012043692790854777,9.625815445580408e-22
2022-12-07 12:00:00+00:00,0.00012485400133636907,9.64293398450423e-22
2022-12-07 16:00:00+00:00,4.222659296182663e-05,9.629041624322743e-22
2022-12-07 20:00:00+00:00,9.901123148391718e-05,9.695658987663791e-22
2022-12-08 00:00:00+00:00,5.347441405833868e-05,9.721117320252276e-22
2022-12-08 04:00:00+00:00,0.00014646981500850376,9.66936158787919e-22
2022-12-08 08:00:00+00:00,1.2841805342523458e-05,9.702708279066059e-22
2022-12-08 12:00:00+00:00,0.00010428327596808568,9.814251067207877e-22
2022-12-08 16:00:00+00:00,-3.383814842685203e-06,9.808722183440615e-22
2022-12-08 20:00:00+00:00,7.092572865637558e-05,9.896841663835335e-22
2022-12-09 00:00:00+00:00,0.00011985529962713789,9.926701561918004e-22
2022-12-09 04:00:00+00:00,6.908985924861361e-05,9.846558476549892e-22
2022-12-09 08:00:00+00:00,6.263651031256063e-05,9.886663626869393e-22
2022-12-09 12:00:00+00:00,0.00011514023441822802,9.875260957968351e-22
2022-12-09 16:00:00+00:00,8.447783907762917e-05,9.81268422506794e-22
2022-12-09 20:00:00+00:00,0.00011414961756378816,9.760689158651622e-22
2022-12-10 00:00:00+00:00,0.00010901800339785786,9.72820329808848e-22
2022-12-10 04:00:00+00:00,5.9958033425658194e-05,9.68369550985187e-22
2022-12-10 08:00:00+00:00,7.127271500815886e-05,9.656421052442101e-22
2022-12-10 12:00:00+00:00,0.00020697880801529635,9.751015684915888e-22
2022-12-10 16:00:00+00:00,0.0001270803081312219,9.789750795603597e-22
2022-12-10 20:00:00+00:00,6.371747197783689e-05,9.7429692382017e-22
2022-12-11 00:00:00+00:00,0.0001450581810134188,9.786942185990052e-22
2022-12-11 04:00:00+00:00,6.62352433628257e-05,9.741439651274823e-22
2022-12-11 08:00:00+00:00,6.775062013405068e-05,9.746599939314157e-22
2022-12-11 12:00:00+00:00,0.00017117342405904214,9.733940111099935e-22
2022-12-11 16:00:00+00:00,7.360197315807383e-05,9.71972929710158e-22
2022-12-11 20:00:00+00:00,0.00019412479736819415,9.737811501533463e-22
2022-12-12 00:00:00+00:00,6.920391147127683e-05,9.795251369722612e-22
2022-12-12 04:00:00+00:00,0.00010987224776153374,9.850813820188148e-22
2022-12-12 08:00:00+00:00,0.00010816981810797182,9.896955757414464e-22
2022-12-12 12:00:00+00:00,0.00011582046326865762,9.900049237394947e-22
2022-12-12 16:00:00+00:00,2.371268857327476e-05,9.837955649174395e-22
2022-12-12 20:00:00+00:00,0.00010154214883849028,9.881116971021892e-22
2022-12-13 00:00:00+00:00,0.00019326984207417217,9.831449841267757e-22
2022-12-13 04:00:00+00:00,5.038817766498852e-05,9.83858890409278e-22
2022-12-13 08:00:00+00:00,0.0001517278667009333,9.76495657851101e-22
2022-12-13 12:00:00+00:00,0.00016778858931803167,9.714770704897148e-22
2022-12-13 16:00:00+00:00,0.0001247171134992267,9.714960144278368e-22
2022-12-13 20:00:00+00:00,9.462504661463787e-05,9.723254639831318e-22
2022-12-14 00:00:00+00:00,0.00010020306528075849,9.749059089673609e-22
2022-12-14 04:00:00+00:00,9.840329624165301e-05,9.833533507425096e-22
2022-12-14 08:00:00+00:00,1.4822955626976214e-05,9.879751412882828e-22
2022-12-14 12:00:00+00:00,0.00021490873141679866,9.870733533822025e-22
2022-12-14 16:00:00+00:00,0.00010353713790601577,9.844229096510472e-22
2022-12-14 20:00:00+00:00,0.0001646650553998976,9.902002784741739e-22
2022-12-15 00:00:00+00:00,0.00013778936574865988,9.871218738552573e-22
2022-12-15 04:00:00+00:00,6.787547156093541e-05,9.894384962151527e-22
2022-12-15 08:00:00+00:00,0.00020458121237577453,9.916086973564019e-22
2022-12-15 12:00:00+00:00,0.00018536509217444386,9.938817431808559e-22
2022-12-15 16:00:00+00:00,0.00023915019871867602,9.968023595807356e-22
2022-12-15 20:00:00+00:00,-2.635934824794294e-05,9.971623146607025e-22
2022-12-16 00:00:00+00:00,0.00015436788517511057,1.0012694113696738e-21
2022-12-16 04:00:00+00:00,0.00013628559438358387,1.0019036596230643e-21
2022-12-16 08:00:00+00:00,0.00012155673332737834,1.0008207289648932e-21
2022-12-16 12:00:00+00:00,4.1482939618897656e-05,9.98766381202608e-22
2022-12-16 16:00:00+00:00,0.0001735157115044251,9.974109027441486e-22
2022-12-16 20:00:00+00:00,4.684041734384003e-05,6.98187631920904e-22
2022-12-17 00:00:00+00:00,0.0001598404794783126,6.906013209000112e-22
2022-12-17 04:00:00+00:00,0.00010548483467674038,6.951553192758905e-22
2022-12-17 08:00:00+00:00,6.906364451104191e-05,6.926895770159461e-22
2022-12-17 12:00:00+00:00,0.0001076999952544707,6.92305920376341e-22
2022-12-17 16:00:00+00:00,2.4760390810988118e-05,6.89726208050321e-22
2022-12-17 20:00:00+00:00,3.6536699011598676e-05,6.900740075471971e-22
2022-12-18 00:00:00+00:00,6.924208742801256e-05,6.912915366053025e-22
2022-12-18 04:00:00+00:00,6.481791889602757e-05,6.948534711275854e-22
2022-12-18 08:00:00+00:00,-3.998491388789102e-05,6.977147082634292e-22
2022-12-18 12:00:00+00:00,0.00014072648571876697,7.0253241846108455e-22
2022-12-18 16:00:00+00:00,8.1430233928373e-05,7.000239924343365e-22
2022-12-18 20:00:00+00:00,6.818872273065217e-05,7.074558990473884e-22
2022-12-19 00:00:00+00:00,4.9861987301719034e-05,7.080254804171816e-22
2022-12-19 04:00:00+00:00,2.407302419594846e-05,7.126128985097687e-22
2022-12-19 08:00:00+00:00,1.131375335663962e-05,7.066654144703559e-22
2022-12-19 12:00:00+00:00,0.000146325408348034,7.14015069344008e-22
2022-12-19 16:00:00+00:00,9.424754067349756e-05,7.10442437793821e-22
2022-12-19 20:00:00+00:00,0.00015457327456810686,7.091792562965922e-22
2022-12-20 00:00:00+00:00,0.00013215743369818765,7.102071172718326e-22
2022-12-20 04:00:00+00:00,6.242528440506126e-05,7.12860393285271e-22
2022-12-20 08:00:00+00:00,0.00013669068793042692,7.157907096520987e-22
2022-12-20 12:00:00+00:00,7.475776531134475e-05,7.18473597961074e-22
2022-12-20 16:00:00+00:00,0.00010498935114399067,7.216985511842229e-22
2022-12-20 20:00:00+00:00,9.587905773592873e-05,7.180291549376031e-22
2022-12-21 00:00:00+00:00,0.00013171036778549628,7.170234501588751e-22
2022-12-21 04:00:00+00:00,6.860947553332416e-05,7.236501749149513e-22
2022-12-21 08:00:00+00:00,0.00012046245835353103,7.273479309083599e-22
2022-12-21 12:00:00+00:00,0.00015028293874737658,7.243900543576191e-22
2022-12-21 16:00:00+00:00,0.00012697176337018754,7.262622821179056e-22
2022-12-21 20:00:00+00:00,1.3142546779705669e-06,7.306086427919273e-22
2022-12-22 00:00:00+00:00,0.0001511347947937235,7.28892196946343e-22
2022-12-22 04:00:00+00:00,7.08338301590025e-05,7.32252626742114e-22
2022-12-22 08:00:00+00:00,5.9112707423571714e-05,7.384265273243602e-22
2022-12-22 12:00:00+00:00,0.00014748145159292048,7.387782054271477e-22
2022-12-22 16:00:00+00:00,0.000202141663017688,7.409219035856594e-22
2022-12-22 20:00:00+00:00,7.511973238016836e-05,7.375916734411241e-22
2022-12-23 00:00:00+00:00,0.00012423904396573877,7.398394900365555e-22
2022-12-23 04:00:00+00:00,0.00016745625444826188,7.451348230837988e-22
2022-12-23 08:00:00+00:00,9.593342112771854e-05,7.492030976928398e-22
2022-12-23 12:00:00+00:00,0.00012241329657620683,7.515064788411862e-22
2022-12-23 16:00:00+00:00,8.138872592439721e-05,7.487332940404141e-22
2022-12-23 20:00:00+00:00,0.00011447889021067544,7.534522294951e-22
2022-12-24 00:00:00+00:00,0.0001401946669160146,7.522365891912199e-22
2022-12-24 04:00:00+00:00,0.00011280362090847178,7.445338327774952e-22
2022-12-24 08:00:00+00:00,0.00010169421167290653,7.46114326980093e-22
2022-12-24 12:00:00+00:00,8.237868450087307e-05,7.418769646074193e-22
2022-12-24 16:00:00+00:00,0.00010246654347263353,7.443077219116129e-22
2022-12-24 20:00:00+00:00,3.4815955880137384e-05,7.495295184910898e-22
2022-12-25 00:00:00+00:00,7.326142469349293e-05,7.453137237897796e-22
2022-12-25 04:00:00+00:00,9.695662812954734e-05,7.387815358369148e-22
2022-12-25 08:00:00+00:00,8.357783472616307e-05,7.411772430142682e-22
2022-12-25 12:00:00+00:00,8.696875750001811e-05,7.341996202899068e-22
2022-12-25 16:00:00+00:00,0.00010294614110828055,7.418191330748014e-22
2022-12-25 20:00:00+00:00,2.7773285002315008e-05,7.480204935676225e-22
2022-12-26 00:00:00+00:00,0.00010787145677905535,7.472237671983915e-22
2022-12-26 04:00:00+00:00,0.00015966727538593845,7.496876278736126e-22
2022-12-26 08:00:00+00:00,0.00014284446208928604,7.514906310043101e-22
2022-12-26 12:00:00+00:00,3.6910411021216876e-05,7.53817925618482e-22
2022-12-26 16:00:00+00:00,5.083852976144392e-05,7.572251738820042e-22
2022-12-26 20:00:00+00:00,0.00012365247372441885,7.612164407365881e-22
2022-12-27 00:00:00+00:00,0.0001948233148262399,7.634046246262259e-22
2022-12-27 04:00:00+00:00,7.590263974204376e-05,7.660380199718148e-22
2022-12-27 08:00:00+00:00,5.276720320694798e-05,7.674488939943369e-22
2022-12-27 12:00:00+00:00,8.27366428523734e-05,7.70875215423168e-22
2022-12-27 16:00:00+00:00,5.307863653704811e-05,7.674921558532039e-22
2022-12-27 20:00:00+00:00,0.00018778854592140561,7.6854329996822905e-22
2022-12-28 00:00:00+00:00,9.597303598109985e-05,7.690883817238055e-22
2022-12-28 04:00:00+00:00,2.6933499638100385e-05,5.383618672066638e-22
2022-12-28 08:00:00+00:00,3.78285012827682e-05,5.373169198211594e-22
2022-12-28 12:00:00+00:00,0.00014258991290171908,5.408823204533574e-22
2022-12-28 16:00:00+00:00,5.6547435145214714e-05,5.40657039188102e-22
2022-12-28 20:00:00+00:00,0.00010752922422552964,5.381695192404154e-22
2022-12-29 00:00:00+00:00,6.25856280167288e-05,5.354513648463005e-22
2022-12-29 04:00:00+00:00,3.366609899853879e-05,5.307018905004463e-22
2022-12-29 08:00:00+00:00,-1.4327458066104247e-05,5.280605987607205e-22
2022-12-29 12:00:00+00:00,8.971283699579012e-05,5.257932115099891e-22
2022-12-29 16:00:00+00:00,4.772361042172504e-05,3.680552480569923e-22
2022-12-29 20:00:00+00:00,6.0187643149846305e-05,3.701683963428221e-22
2022-12-30 00:00:00+00:00,4.127518688094087e-05,3.691256515280841e-22
2022-12-30 04:00:00+00:00,0.00011396290011793995,3.672349871994813e-22
2022-12-30 08:00:00+00:00,-5.604529307585767e-06,3.6662853023783535e-22
2022-12-30 12:00:00+00:00,0.0002051853975490424,3.668653587205438e-22
2022-12-30 16:00:00+00:00,8.290608103916608e-05,3.669205152255582e-22
2022-12-30 20:00:00+00:00,3.891134244716546e-05,3.6603388236546094e-22
2022-12-31 00:00:00+00:00,0.0001040498498049572,3.655448322114947e-22
2022-12-31 04:00:00+00:00,0.00010780081818462567,3.667927508953744e-22
2022-12-31 08:00:00+00:00,0.0001749345705180637,3.6875451881635544e-22
2022-12-31 12:00:00+00:00,0.00018017241222436937,3.69362450780224e-22
2022-12-31 16:00:00+00:00,0.0001506181167409613,3.693636664520092e-22
2022-12-31 20:00:00+00:00,0.00014467866532543434,3.720900300377889e-22
2023-01-01 00:00:00+00:00,9.031126553575397e-05,3.727421369227478e-22
2023-01-01 04:00:00+00:00,0.0001528848871094525,3.733509970581323e-22
2023-01-01 08:00:00+00:00,6.33839126397866e-05,3.7538594965264287e-22
2023-01-01 12:00:00+00:00,0.00013181798471706904,3.7558549918866104e-22
2023-01-01 16:00:00+00:00,0.00012509691865613675,3.7683168588916735e-22
2023-01-01 20:00:00+00:00,6.338383494876554e-05,3.7541977866751256e-22
2023-01-02 00:00:00+00:00,0.00011179567362907451,3.780992522698053e-22
2023-01-02 04:00:00+00:00,0.00012951430546007383,3.796778899693525e-22
2023-01-02 08:00:00+00:00,0.00014412273710463585,3.801214846879438e-22
2023-01-02 12:00:00+00:00,9.026546506384397e-05,3.8026661584304975e-22
2023-01-02 16:00:00+00:00,0.00016255342868363537,3.819721759995735e-22
2023-01-02 20:00:00+00:00,0.0002551454050041118,3.8009814166130694e-22
2023-01-03 00:00:00+00:00,0.00020646025627770587,3.8401596380296187e-22
2023-01-03 04:00:00+00:00,0.0002080587974996031,3.8173286500335816e-22
2023-01-03 08:00:00+00:00,0.00016480743992371938,3.820240110860393e-22
2023-01-03 12:00:00+00:00,0.0002692084234415094,3.8612169666844646e-22
2023-01-03 16:00:00+00:00,0.0002737219544509101,3.8530217816219497e-22
2023-01-03 20:00:00+00:00,0.00023027044161875128,3.83868278390891e-22
2023-01-04 00:00:00+00:00,0.0002519394820392197,3.8214201225271566e-22
2023-01-04 04:00:00+00:00,0.00015831807136689572,3.7934501730102546e-22
2023-01-04 08:00:00+00:00,0.00012592237972018942,3.792082111165852e-22
2023-01-04 12:00:00+00:00,0.00018942541006717017,3.787084078002477e-22
2023-01-04 16:00:00+00:00,0.0001549960791392683,3.7660873161959747e-22
2023-01-04 20:00:00+00:00,0.00018199956786158974,3.76502421071279e-22
2023-01-05 00:00:00+00:00,0.00019832369650791577,3.78378979148646e-22
2023-01-05 04:00:00+00:00,0.00017977179031842112,3.8276632774550587e-22
2023-01-05 08:00:00+00:00,0.00014885629966886416,3.85431683030054e-22
2023-01-05 12:00:00+00:00,6.351170163694843e-05,3.880333276644963e-22
2023-01-05 16:00:00+00:00,0.00023557319738414133,3.8880105424494704e-22
2023-01-05 20:00:00+00:00,0.000164181210167703,3.8935994914374886e-22
2023-01-06 00:00:00+00:00,3.454992883209838e-05,3.8827623933675695e-22
2023-01-06 04:00:00+00:00,2.9632130794665846e-05,3.875995468152481e-22
2023-01-06 08:00:00+00:00,0.00014615960173243426,3.9066788075052007e-22
2023-01-06 12:00:00+00:00,2.4099876249310464e-05,3.909910919941508e-22
2023-01-06 16:00:00+00:00,0.0001428908214806465,3.874773123041362e-22
2023-01-06 20:00:00+00:00,7.675244087783801e-05,3.8623753281077833e-22
2023-01-07 00:00:00+00:00,0.00014754157861210677,3.8501010644773394e-22
2023-01-07 04:00:00+00:00,9.245604077383714e-05,3.8459078469249003e-22
2023-01-07 08:00:00+00:00,0.00013347499691672996,3.8675904464444317e-22
2023-01-07 12:00:00+00:00,6.127620213076861e-05,3.879125858785796e-22
2023-01-07 16:00:00+00:00,5.212119458436312e-05,3.8876883575028215e-22
2023-01-07 20:00:00+00:00,-1.8608022297967972e-05,3.901545928629428e-22
2023-01-08 00:00:00+00:00,0.00011872800960603398,3.889141442474563e-22
2023-01-08 04:00:00+00:00,0.0001626971558074231,3.9019992032257177e-22
2023-01-08 08:00:00+00:00,0.0001683155191700801,3.942450889727478e-22
2023-01-08 12:00:00+00:00,0.00011977374084535759,3.946250469488963e-22
2023-01-08 16:00:00+00:00,0.000108743873619359,3.9242798730741865e-22
2023-01-08 20:00:00+00:00,0.0001863854325617404,3.9078046470890667e-22
2023-01-09 00:00:00+00:00,0.00020800197100795287,3.8951157783257387e-22
2023-01-09 04:00:00+00:00,0.00016473775272837386,3.878959320750769e-22
2023-01-09 08:00:00+00:00,0.00020642748820596317,3.8526852342021745e-22
2023-01-09 12:00:00+00:00,0.00018077974785609164,3.8470770469754406e-22
2023-01-09 16:00:00+00:00,0.00017241620814674918,3.815664301554591e-22
2023-01-09 20:00:00+00:00,0.0001768568291776316,3.8481422204098996e-22
2023-01-10 00:00:00+00:00,0.00013476454139077824,3.8276003596344246e-22
2023-01-10 04:00:00+00:00,0.0002373021111437677,3.8342112709969997e-22
2023-01-10 08:00:00+00:00,0.00016815251592696925,3.8076097614957163e-22
2023-01-10 12:00:00+00:00,0.00010778144347717277,3.7735144546985884e-22
2023-01-10 16:00:00+00:00,0.00020997818325659467,3.7737134864010847e-22
2023-01-10 20:00:00+00:00,6.155701008563218e-05,3.815205065996889e-22
2023-01-11 00:00:00+00:00,8.644227314638462e-05,3.827742640112525e-22
2023-01-11 04:00:00+00:00,-9.763219781326467e-06,3.833803026517246e-22
2023-01-11 08:00:00+00:00,0.00013155107898072863,3.8447856145515483e-22
2023-01-11 12:00:00+00:00,2.9980519912070618e-05,3.8331712938126125e-22
2023-01-11 16:00:00+00:00,9.586842377036542e-05,3.8222923165327374e-22
2023-01-11 20:00:00+00:00,4.362618212081699e-05,3.7981279217205066e-22
2023-01-12 00:00:00+00:00,0.0001391390174029564,3.8310843703862334e-22
2023-01-12 04:00:00+00:00,5.682883550255824e-06,3.8439487232678995e-22
2023-01-12 08:00:00+00:00,5.7680262365717744e-05,3.8505643156543267e-22
2023-01-12 12:00:00+00:00,0.00012274264232335657,3.8516739929465867e-22
2023-01-12 16:00:00+00:00,0.0001033957846503694,3.8355007256419615e-22
2023-01-12 20:00:00+00:00,0.00015797160713508905,3.843361899078893e-22
2023-01-13 00:00:00+00:00,0.00012723995185409933,3.835152040362247e-22
2023-01-13 04:00:00+00:00,0.00026052593280960604,3.8311654854583152e-22
2023-01-13 08:00:00+00:00,0.00014677255674524594,3.8401011002506943e-22
2023-01-13 12:00:00+00:00,0.00018544722376809839,3.872061510019158e-22
2023-01-13 16:00:00+00:00,0.0001736213362712824,3.882114423213779e-22
2023-01-13 20:00:00+00:00,0.00018683212965910214,3.833261808529594e-22
2023-01-14 00:00:00+00:00,0.0003027461291169217,3.8253145904684785e-22
2023-01-14 04:00:00+00:00,0.0003114392777474753,3.8129956351246695e-22
2023-01-14 08:00:00+00:00,0.00032931330636700736,2.6690969445872684e-22
2023-01-14 12:00:00+00:00,0.00030499023192479777,2.6745791021624603e-22
2023-01-14 16:00:00+00:00,0.0001825801370522057,2.66627928646417e-22
2023-01-14 20:00:00+00:00,0.00035881898875020726,2.6937238157914462e-22
2023-01-15 00:00:00+00:00,0.0003259215392111346,2.676481074570264e-22
2023-01-15 04:00:00+00:00,0.0001736419163949026,2.699522289697889e-22
2023-01-15 08:00:00+00:00,0.0002818707649405791,2.6945219668444864e-22
2023-01-15 12:00:00+00:00,0.00025171060722967425,2.7070295774082075e-22
2023-01-15 16:00:00+00:00,0.00025082959991141703,2.7100610767348946e-22
2023-01-15 20:00:00+00:00,0.0002583189931420924,2.7146173989974317e-22
2023-01-16 00:00:00+00:00,6.148067807892918e-05,2.724621333345793e-22
2023-01-16 04:00:00+00:00,9.376021564819038e-05,2.710411529866855e-22
2023-01-16 08:00:00+00:00,0.00010999261094757668,2.7183123301014834e-22
2023-01-16 12:00:00+00:00,9.16399228160031e-05,2.720080911461895e-22
2023-01-16 16:00:00+00:00,0.00012119821506962328,2.762103831963807e-22
2023-01-16 20:00:00+00:00,0.0001274194063583133,2.7674564064149113e-22
2023-01-17 00:00:00+00:00,6.56979503935174e-05,2.762972734584313e-22
2023-01-17 04:00:00+00:00,0.000214703371044466,2.7605382351258585e-22
2023-01-17 08:00:00+00:00,8.258655920957764e-05,2.778131947620724e-22
2023-01-17 12:00:00+00:00,9.518186424650904e-05,2.773295223472788e-22
2023-01-17 16:00:00+00:00,0.00013184794881652276,2.768755886070735e-22
2023-01-17 20:00:00+00:00,8.273627055338399e-05,2.7693887603481666e-22
2023-01-18 00:00:00+00:00,3.49247938471062e-05,2.7875774715029474e-22
2023-01-18 04:00:00+00:00,0.0001067842179620734,2.8073055746817014e-22
2023-01-18 08:00:00+00:00,7.145372930787381e-05,2.7783217531310396e-22
2023-01-18 12:00:00+00:00,0.00010776217643429735,2.7800322498391203e-22
2023-01-18 16:00:00+00:00,0.00010221214729789867,2.784020295902041e-22
2023-01-18 20:00:00+00:00,5.832275096869683e-06,2.7973528034472043e-22
2023-01-19 00:00:00+00:00,7.427391991470458e-05,2.7971300391276207e-22
2023-01-19 04:00:00+00:00,0.00011513536789776755,2.807155958752835e-22
2023-01-19 08:00:00+00:00,2.1151267557921553e-05,2.798318147088286e-22
2023-01-19 12:00:00+00:00,-1.648096188019586e-05,2.8056441186859608e-22
2023-01-19 16:00:00+00:00,8.671444726925581e-05,2.8052853272620503e-22
2023-01-19 20:00:00+00:00,7.680894770255081e-05,2.8326140691757944e-22
2023-01-20 00:00:00+00:00,5.6436598541751406e-05,2.8148261567363074e-22
2023-01-20 04:00:00+00:00,2.569528304103125e-05,2.8222251618625945e-22
2023-01-20 08:00:00+00:00,0.00011539543413892876,2.817316801365995e-22
2023-01-20 12:00:00+00:00,0.00010534485184976043,2.804345308010341e-22
2023-01-20 16:00:00+00:00,0.00015418529810528467,2.8128690354288017e-22
2023-01-20 20:00:00+00:00,0.00019828399031504888,2.8333496882444324e-22
2023-01-21 00:00:00+00:00,0.00011207932732720701,2.830350080145171e-22
2023-01-21 04:00:00+00:00,0.00020474376826503353,2.84821215672065e-22
2023-01-21 08:00:00+00:00,0.00020929939659413752,2.8469762420563064e-22
2023-01-21 12:00:00+00:00,0.00024907729142095546,2.8679957470869686e-22
2023-01-21 16:00:00+00:00,0.00015325606505967553,2.8879575256003354e-22
2023-01-21 20:00:00+00:00,0.000218475783515347,2.9047132095075393e-22
2023-01-22 00:00:00+00:00,0.00013292134714042183,2.894522096877297e-22
2023-01-22 04:00:00+00:00,0.00011703259375091347,2.8921578246812015e-22
2023-01-22 08:00:00+00:00,0.0001606251954459177,2.90725334332376e-22
2023-01-22 12:00:00+00:00,0.0002061072739608847,2.9142070345702024e-22
2023-01-22 16:00:00+00:00,0.0001766617978900554,2.8994073725975908e-22
2023-01-22 20:00:00+00:00,6.444817836730492e-05,2.920137738785434e-22
2023-01-23 00:00:00+00:00,7.597019802787156e-05,2.923656757928688e-22
2023-01-23 04:00:00+00:00,5.461822040190637e-05,2.945524246685799e-22
2023-01-23 08:00:00+00:00,0.00019210604347400816,2.9604392194456748e-22
2023-01-23 12:00:00+00:00,8.147928926948339e-05,2.9553170161858113e-22
2023-01-23 16:00:00+00:00,0.00015272464220926217,2.9424968213818278e-22
2023-01-23 20:00:00+00:00,0.00013901222216577852,2.9309114131599113e-22
2023-01-24 00:00:00+00:00,9.332800721675031e-05,2.892272942498601e-22
2023-01-24 04:00:00+00:00,7.065793719977777e-05,2.894277967910928e-22
2023-01-24 08:00:00+00:00,5.047463301967802e-05,2.8833843039119906e-22
2023-01-24 12:00:00+00:00,7.709455594502803e-05,2.859045891807241e-22
2023-01-24 16:00:00+00:00,5.487833628616818e-05,2.8492127470898725e-22
2023-01-24 20:00:00+00:00,-2.2695853348406026e-05,1.9944489229629106e-22
2023-01-25 00:00:00+00:00,0.00013551577257533807,1.9794717680805776e-22
2023-01-25 04:00:00+00:00,0.0001280915454166238,1.9589345960785128e-22
2023-01-25 08:00:00+00:00,9.520625368099987e-05,1.9504281999332833e-22
2023-01-25 12:00:00+00:00,0.00011344199849538785,1.958044775810072e-22
2023-01-25 16:00:00+00:00,9.455718015171845e-05,1.9513878115348019e-22
2023-01-25 20:00:00+00:00,0.00015578856490767196,1.940285535468724e-22
2023-01-26 00:00:00+00:00,0.00010938537489501264,1.9376179122556566e-22
2023-01-26 04:00:00+00:00,0.00011014067979783646,1.927536487058677e-22
2023-01-26 08:00:00+00:00,3.8359777550452874e-05,1.9340859033759785e-22
2023-01-26 12:00:00+00:00,0.00015218105065849594,1.9406719929982862e-22
2023-01-26 16:00:00+00:00,0.00017254856893419773,1.9535701235999932e-22
2023-01-26 20:00:00+00:00,0.00012405258737119263,1.9620885341504764e-22
2023-01-27 00:00:00+00:00,0.0001320745058434948,1.962917599660385e-22
2023-01-27 04:00:00+00:00,0.00014368671455754507,1.965080159291584e-22
2023-01-27 08:00:00+00:00,0.00010321433682795957,1.9766982879102914e-22
2023-01-27 12:00:00+00:00,9.18172128331536e-05,1.975451158522832e-22
2023-01-27 16:00:00+00:00,0.00012555007710932385,1.9868236068633193e-22
2023-01-27 20:00:00+00:00,0.00012231801047598402,1.9989464909216596e-22
2023-01-28 00:00:00+00:00,9.207173208189488e-05,2.0105707027599164e-22
2023-01-28 04:00:00+00:00,4.432935615628188e-05,2.005770430109463e-22
2023-01-28 08:00:00+00:00,4.874376409981236e-05,2.0035600780214767e-22
2023-01-28 12:00:00+00:00,6.43823793119517e-05,2.0153335981305185e-22
2023-01-28 16:00:00+00:00,4.3436216284569e-05,2.018463342641049e-22
2023-01-28 20:00:00+00:00,0.00010311658990162724,2.0226180638115952e-22
2023-01-29 00:00:00+00:00,9.35961994850782e-05,2.0343294512154864e-22
2023-01-29 04:00:00+00:00,0.0001646069376753461,2.0249189728358162e-22
2023-01-29 08:00:00+00:00,0.00010321650704281908,2.0118204555281921e-22
2023-01-29 12:00:00+00:00,0.00015234871183987772,2.0328422472493255e-22
2023-01-29 16:00:00+00:00,6.990830429940499e-05,2.0457345107554782e-22
2023-01-29 20:00:00+00:00,0.00013193248097787525,2.0530443309323726e-22
2023-01-30 00:00:00+00:00,0.00010546088187392127,2.036807192235965e-22
2023-01-30 04:00:00+00:00,8.123268886075193e-05,2.059836720923684e-22
2023-01-30 08:00:00+00:00,3.252143939040091e-05,1.4418857046465788e-22
2023-01-30 12:00:00+00:00,8.900853454661479e-05,1.447967257114195e-22
2023-01-30 16:00:00+00:00,2.2692452226110873e-05,1.4497561760533785e-22
2023-01-30 20:00:00+00:00,7.624883847736754e-05,1.4515973922795876e-22
2023-01-31 00:00:00+00:00,0.00013303873141941956,1.4566808516731334e-22
2023-01-31 04:00:00+00:00,0.00015408513197959754,1.4701527851636555e-22
2023-01-31 08:00:00+00:00,9.181137047240986e-05,1.4758059965738493e-22
2023-01-31 12:00:00+00:00,7.99588661392228e-05,1.4866689063748127e-22
2023-01-31 16:00:00+00:00,0.0001575023975926359,1.501616799018776e-22
2023-01-31 20:00:00+00:00,5.11625913947916e-05,1.5010381404472865e-22
2023-02-01 00:00:00+00:00,6.455967689695307e-05,1.5088807842683176e-22
2023-02-01 04:00:00+00:00,4.666438880048287e-05,1.504970439492833e-22
2023-02-01 08:00:00+00:00,4.497525859024581e-05,1.5025046294870657e-22
2023-02-01 12:00:00+00:00,0.0001815145567463114,1.504660195678623e-22
2023-02-01 16:00:00+00:00,0.00016124544344287402,1.5037657320566346e-22
2023-02-01 20:00:00+00:00,0.00013204858196622497,1.510119862085545e-22
2023-02-02 00:00:00+00:00,9.774700311315784e-05,1.50107361279712e-22
2023-02-02 04:00:00+00:00,9.356346667281846e-05,1.4911392288907778e-22
2023-02-02 08:00:00+00:00,0.00018099283265693813,1.486170150941896e-22
2023-02-02 12:00:00+00:00,0.00019611019705306914,1.4888188823022146e-22
2023-02-02 16:00:00+00:00,5.3432169094067564e-05,1.5035538454178415e-22
2023-02-02 20:00:00+00:00,3.844144489811602e-05,1.5189093640650467e-22
2023-02-03 00:00:00+00:00,0.00012950444962760355,1.522725342615999e-22
2023-02-03 04:00:00+00:00,0.0001676979698226729,1.5200768593910119e-22
2023-02-03 08:00:00+00:00,0.00016531936524529346,1.5074349474628615e-22
2023-02-03 12:00:00+00:00,5.540683723903024e-05,1.4951547532880963e-22
2023-02-03 16:00:00+00:00,0.00024858894909608596,1.4857008310540876e-22
2023-02-03 20:00:00+00:00,0.00014169165826546243,1.4782755177582545e-22
2023-02-04 00:00:00+00:00,7.605533996415267e-05,1.486133386940912e-22
2023-02-04 04:00:00+00:00,0.00015668389590936836,1.4863180598586802e-22
2023-02-04 08:00:00+00:00,8.026506823748149e-05,1.4880568575331368e-22
2023-02-04 12:00:00+00:00,5.1143434654709355e-05,1.4859523518619559e-22
2023-02-04 16:00:00+00:00,-1.0990540840296357e-05,1.5028967038845448e-22
2023-02-04 20:00:00+00:00,0.00016248435968434737,1.5047690008301412e-22
2023-02-05 00:00:00+00:00,4.784649902426781e-05,1.5070923293682002e-22
2023-02-05 04:00:00+00:00,0.000104710095457049,1.526339268598899e-22
2023-02-05 08:00:00+00:00,2.0698336207483166e-05,1.5210475821387344e-22
2023-02-05 12:00:00+00:00,5.758643812055783e-05,1.5184175413168942e-22
2023-02-05 16:00:00+00:00,0.00011976740799136402,1.5275933722098167e-22
2023-02-05 20:00:00+00:00,3.87591638474413e-05,1.5377262221159802e-22
2023-02-06 00:00:00+00:00,9.31725782273413e-05,1.5335427887759848e-22
2023-02-06 04:00:00+00:00,0.00010029293657371079,1.5253211358512848e-22
2023-02-06 08:00:00+00:00,2.5497948947021863e-05,1.5260451496741393e-22
2023-02-06 12:00:00+00:00,6.16291512299368e-05,1.5354511226076626e-22
2023-02-06 16:00:00+00:00,0.0001535383807809521,1.5385573972761046e-22
2023-02-06 20:00:00+00:00,0.00011781558486172717,1.5315080361710878e-22
2023-02-07 00:00:00+00:00,0.00012934250422613484,1.538496939668804e-22
2023-02-07 04:00:00+00:00,0.00014619179079810676,1.5258797192762073e-22
2023-02-07 08:00:00+00:00,8.686130224225497e-05,1.533419593346617e-22
2023-02-07 12:00:00+00:00,4.4580214113764225e-05,1.5370272822981638e-22
2023-02-07 16:00:00+00:00,0.00011010405469604823,1.542288453876358e-22
2023-02-07 20:00:00+00:00,3.2636473700955466e-05,1.5372258250009742e-22
2023-02-08 00:00:00+00:00,8.633537855004483e-05,1.5373570460272887e-22
2023-02-08 04:00:00+00:00,0.0001099920213847531,1.5381379695046587e-22
2023-02-08 08:00:00+00:00,0.00015274729605278033,1.5528109981875995e-22
2023-02-08 12:00:00+00:00,0.00011187539279653958,1.560259354083104e-22
2023-02-08 16:00:00+00:00,0.00020153717609171486,1.5650543814276237e-22
2023-02-08 20:00:00+00:00,0.00013730325779602042,1.550764522959537e-22
2023-02-09 00:00:00+00:00,4.3227540598424185e-05,1.5563313441960124e-22
2023-02-09 04:00:00+00:00,8.901335188432036e-05,1.5518992909943108e-22
2023-02-09 08:00:00+00:00,0.00013338550910467348,1.5530383254881064e-22
2023-02-09 12:00:00+00:00,0.00012099664904033835,1.5583156963908037e-22
2023-02-09 16:00:00+00:00,5.041082912984886e-05,1.5577843750278912e-22
2023-02-09 20:00:00+00:00,0.00019735080275688633,1.0904490625195237e-22
2023-02-10 00:00:00+00:00,6.3869302544912525e-06,1.090572959689232e-22
2023-02-10 04:00:00+00:00,3.493061314332464e-05,1.094629243413648e-22
2023-02-10 08:00:00+00:00,0.00012021109365807066,1.0924484625141196e-22
2023-02-10 12:00:00+00:00,6.28258277891668e-05,1.0965631643579335e-22
2023-02-10 16:00:00+00:00,0.00010877613383952542,1.0954806411362636e-22
2023-02-10 20:00:00+00:00,2.700345278173095e-05,1.0983307991683988e-22
2023-02-11 00:00:00+00:00,0.00013296748146745036,1.106335910211719e-22
2023-02-11 04:00:00+00:00,6.528543827475836e-05,1.1110594808550937e-22
2023-02-11 08:00:00+00:00,6.708518340797331e-08,1.1116078695757794e-22
2023-02-11 12:00:00+00:00,2.4748621709092784e-05,1.1159865782882575e-22
2023-02-11 16:00:00+00:00,0.00015083696440019735,1.122979672306069e-22
2023-02-11 20:00:00+00:00,0.00016581358301118616,1.1162003052659777e-22
2023-02-12 00:00:00+00:00,5.454571755538688e-05,1.1118737687236973e-22
2023-02-12 04:00:00+00:00,8.929605193649123e-05,1.0992606350437724e-22
2023-02-12 08:00:00+00:00,9.865039672670787e-05,1.1047241739629406e-22
2023-02-12 12:00:00+00:00,0.0001386851093511813,1.1079518906791633e-22
2023-02-12 16:00:00+00:00,0.00010476778445238678,1.1139682061124806e-22
2023-02-12 20:00:00+00:00,0.0001179923587290251,1.1133466634783119e-22
2023-02-13 00:00:00+00:00,0.00014041523314747682,1.1087210112535731e-22
2023-02-13 04:00:00+00:00,0.00012761460343508775,1.108029973247163e-22
2023-02-13 08:00:00+00:00,0.00015030961338516894,1.1159158130405292e-22
2023-02-13 12:00:00+00:00,2.810770991429896e-05,1.1164942054076082e-22
2023-02-13 16:00:00+00:00,6.483746356498204e-05,1.124169187842554e-22
2023-02-13 20:00:00+00:00,1.5753640663302794e-05,1.1189833349463284e-22
2023-02-14 00:00:00+00:00,0.00012015271727554392,1.1267405772598795e-22
2023-02-14 04:00:00+00:00,0.00013695155361192644,1.1326065404820089e-22
2023-02-14 08:00:00+00:00,2.5155526291732307e-05,1.1386392687078122e-22
2023-02-14 12:00:00+00:00,0.0001496051728593672,1.145298133320727e-22
2023-02-14 16:00:00+00:00,7.573664582089173e-05,1.1408620413300174e-22
2023-02-14 20:00:00+00:00,9.240551069655066e-05,1.1375308479152185e-22
2023-02-15 00:00:00+00:00,0.00017952436948167735,1.147052768005215e-22
2023-02-15 04:00:00+00:00,9.558037838283378e-05,1.1560444144746604e-22
2023-02-15 08:00:00+00:00,0.00017418813459954365,1.149494753981767e-22
2023-02-15 12:00:00+00:00,0.00010326685375480333,1.1588787646197574e-22
2023-02-15 16:00:00+00:00,0.00021152446844285017,1.1679531474709868e-22
2023-02-15 20:00:00+00:00,0.0001982294794486706,1.177939510762024e-22
2023-02-16 00:00:00+00:00,0.00018515413583109375,1.1780038194304252e-22
2023-02-16 04:00:00+00:00,0.0001174909829351536,1.188576456597576e-22
2023-02-16 08:00:00+00:00,0.000177164878001051,1.1861588734962202e-22
2023-02-16 12:00:00+00:00,9.158540851224821e-05,1.183540745917642e-22
2023-02-16 16:00:00+00:00,0.0002100735387683591,1.1850498217234515e-22
2023-02-16 20:00:00+00:00,0.00017368289330612293,8.29534875206416e-23
2023-02-17 00:00:00+00:00,0.0002282354593204132,8.228566639120872e-23
2023-02-17 04:00:00+00:00,0.00019227675300901038,8.243074509854935e-23
2023-02-17 08:00:00+00:00,0.00010483336969379247,8.239478622097913e-23
2023-02-17 12:00:00+00:00,0.00012223216660683803,8.194786904006987e-23
2023-02-17 16:00:00+00:00,0.00011392810201161019,8.219964666449829e-23
2023-02-17 20:00:00+00:00,0.00013130752036468143,8.251404184273159e-23
2023-02-18 00:00:00+00:00,7.456748005901391e-05,8.259971686572397e-23
2023-02-18 04:00:00+00:00,0.0001702478676561772,8.265517857500069e-23
2023-02-18 08:00:00+00:00,0.00015190164700322383,8.315897709620052e-23
2023-02-18 12:00:00+00:00,7.793621933063413e-05,8.254472860263712e-23
2023-02-18 16:00:00+00:00,7.917627804660332e-05,8.248896435626937e-23
2023-02-18 20:00:00+00:00,6.536262734873892e-05,8.291911651907683e-23
2023-02-19 00:00:00+00:00,0.00013671148232670183,8.346453361738544e-23
2023-02-19 04:00:00+00:00,0.00018549789472619297,8.336423427801213e-23
2023-02-19 08:00:00+00:00,0.00011251494450252263,8.339057747104488e-23
2023-02-19 12:00:00+00:00,6.908551152081668e-05,8.399022794787477e-23
2023-02-19 16:00:00+00:00,9.680055287164427e-05,8.413698220553304e-23
2023-02-19 20:00:00+00:00,4.4316798680803955e-05,8.465018534217929e-23
2023-02-20 00:00:00+00:00,0.0001935742199579881,8.416162006361274e-23
2023-02-20 04:00:00+00:00,8.187967114842375e-05,8.361422965404325e-23
2023-02-20 08:00:00+00:00,0.00013025479513557894,8.375198683371731e-23
2023-02-20 12:00:00+00:00,0.00017379913316064563,8.350179725109923e-23
2023-02-20 16:00:00+00:00,0.000125973207249676,8.397720446555041e-23
2023-02-20 20:00:00+00:00,0.0002091217655574825,8.435999713388716e-23
2023-02-21 00:00:00+00:00,0.00012076849975537918,8.36533293128178e-23
2023-02-21 04:00:00+00:00,0.00013707767918050295,8.392901870031873e-23
2023-02-21 08:00:00+00:00,0.00013854438333418367,8.399052600613269e-23
2023-02-21 12:00:00+00:00,9.644693946296182e-05,8.474989608801513e-23
2023-02-21 16:00:00+00:00,0.00020243647712319472,8.468212808255933e-23
2023-02-21 20:00:00+00:00,8.364946432056526e-05,8.466168718193854e-23
2023-02-22 00:00:00+00:00,0.00011136937190939317,8.447825168456965e-23
2023-02-22 04:00:00+00:00,8.163469683928286e-05,8.437130849003368e-23
2023-02-22 08:00:00+00:00,4.6787000359082824e-05,8.526659144125852e-23
2023-02-22 12:00:00+00:00,5.738807056139557e-05,8.57629192999078e-23
2023-02-22 16:00:00+00:00,0.0001623257359612717,8.567200915764556e-23
2023-02-22 20:00:00+00:00,8.597082976336115e-05,8.545688798403071e-23
2023-02-23 00:00:00+00:00,2.079315661996211e-05,8.569822708483759e-23
2023-02-23 04:00:00+00:00,0.00012965599333848555,8.622578150748897e-23
2023-02-23 08:00:00+00:00,9.89512205448011e-05,8.580043597202366e-23
2023-02-23 12:00:00+00:00,7.868261172989817e-05,8.575909686054659e-23
2023-02-23 16:00:00+00:00,8.530656081728839e-05,8.648888470893078e-23
2023-02-23 20:00:00+00:00,-2.9345477525270175e-05,8.726355488959869e-23
2023-02-24 00:00:00+00:00,7.475751918381935e-05,8.710482314225084e-23
2023-02-24 04:00:00+00:00,0.00011724159014369609,8.736973617928169e-23
2023-02-24 08:00:00+00:00,0.0001269583638354731,8.786998429837324e-23
2023-02-24 12:00:00+00:00,4.685567725238082e-05,8.809106778251941e-23
2023-02-24 16:00:00+00:00,4.5954961541096725e-05,8.782322953686193e-23
2023-02-24 20:00:00+00:00,4.487233375587274e-05,8.806591521487737e-23
2023-02-25 00:00:00+00:00,5.127394425940329e-05,8.844336420436603e-23
2023-02-25 04:00:00+00:00,-3.0572032026335785e-05,8.913990527740272e-23
2023-02-25 08:00:00+00:00,0.00010986374663019124,8.946163575640298e-23
2023-02-25 12:00:00+00:00,-7.2827509096271005e-06,9.008680497312028e-23
2023-02-25 16:00:00+00:00,3.4797676500268645e-05,8.956054793236929e-23
2023-02-25 20:00:00+00:00,7.201977098276497e-05,8.931865707836809e-23
2023-02-26 00:00:00+00:00,7.081004693300756e-05,8.930165559653285e-23
2023-02-26 04:00:00+00:00,4.56630814920863e-05,8.859337719358019e-23
2023-02-26 08:00:00+00:00,5.0962439285341465e-05,8.887266428428888e-23
2023-02-26 12:00:00+00:00,4.157271042422537e-05,8.896327132288552e-23
2023-02-26 16:00:00+00:00,0.00015106392993618063,8.874282613007574e-23
2023-02-26 20:00:00+00:00,8.095034522220018e-05,8.908791062901983e-23
2023-02-27 00:00:00+00:00,-3.2921019369815734e-05,8.932521613773632e-23
2023-02-27 04:00:00+00:00,7.517593456780807e-05,8.980014909161053e-23
2023-02-27 08:00:00+00:00,9.202219336058294e-05,8.969060325449583e-23
2023-02-27 12:00:00+00:00,0.00014303064558499038,9.011113697581138e-23
2023-02-27 16:00:00+00:00,5.984375069513601e-05,9.01569704645898e-23
2023-02-27 20:00:00+00:00,0.0002202132229499445,8.990815436853314e-23
2023-02-28 00:00:00+00:00,0.00012882270305009233,9.018513717420181e-23
2023-02-28 04:00:00+00:00,9.846988267527935e-05,9.080704091150519e-23
2023-02-28 08:00:00+00:00,3.705024552587149e-05,9.192928180450207e-23
2023-02-28 12:00:00+00:00,6.264951866179699e-05,9.153782325015726e-23
2023-02-28 16:00:00+00:00,8.750569464010413e-05,9.315132911308725e-23
2023-02-28 20:00:00+00:00,5.527425583186931e-05,9.325410970377722e-23
2023-03-01 00:00:00+00:00,0.0001008001824197638,9.325518972454714e-23
2023-03-01 04:00:00+00:00,0.0001155844426502533,9.290518083833266e-23
2023-03-01 08:00:00+00:00,0.00014500485061593523,9.351981949209062e-23
2023-03-01 12:00:00+00:00,4.5472736737396825e-05,9.367750335414409e-23
2023-03-01 16:00:00+00:00,4.6428572916615384e-05,9.370581700458126e-23
2023-03-01 20:00:00+00:00,0.00010143784800443459,9.392292212115515e-23
2023-03-02 00:00:00+00:00,1.8730016515122025e-05,9.37603654473712e-23
2023-03-02 04:00:00+00:00,0.00013344311363707332,9.450853272331718e-23
2023-03-02 08:00:00+00:00,-1.035258274945313e-05,9.428629268114842e-23
2023-03-02 12:00:00+00:00,0.00011578062915276055,9.433023606197663e-23
2023-03-02 16:00:00+00:00,5.7621433662338024e-05,9.49219273048276e-23
2023-03-02 20:00:00+00:00,8.461523186372581e-05,9.563905790486981e-23
2023-03-03 00:00:00+00:00,5.207229709201421e-05,6.694734053340887e-23
2023-03-03 04:00:00+00:00,1.9437318407319774e-05,6.690510143332772e-23
2023-03-03 08:00:00+00:00,4.275669473055521e-05,6.65552880782969e-23
2023-03-03 12:00:00+00:00,0.00010539686431202544,6.711899545610586e-23
2023-03-03 16:00:00+00:00,0.00014044197269311924,6.727216532042218e-23
2023-03-03 20:00:00+00:00,2.068714447111309e-05,6.735801909466625e-23
2023-03-04 00:00:00+00:00,4.269978664319397e-05,6.7393602610938e-23
2023-03-04 04:00:00+00:00,5.974460102159638e-05,6.777132741896304e-23
2023-03-04 08:00:00+00:00,0.00013919413648745584,6.787180721289887e-23
2023-03-04 12:00:00+00:00,0.00010084539009800602,6.832984801164742e-23
2023-03-04 16:00:00+00:00,4.641619396341977e-05,6.840848275711696e-23
2023-03-04 20:00:00+00:00,1.2563294646315035e-05,6.86926724912033e-23
2023-03-05 00:00:00+00:00,0.0001036623637921136,6.866966493104552e-23
2023-03-05 04:00:00+00:00,6.969114481799497e-05,6.899410440560786e-23
2023-03-05 08:00:00+00:00,2.119991617371243e-05,6.949831496852385e-23
2023-03-05 12:00:00+00:00,7.749702499792164e-05,6.946531332457128e-23
2023-03-05 16:00:00+00:00,6.556251813735888e-05,6.936768540428371e-23
2023-03-05 20:00:00+00:00,8.644074279339207e-05,6.955850639322819e-23
2023-03-06 00:00:00+00:00,0.00010584928606224668,6.960748869618852e-23
2023-03-06 04:00:00+00:00,0.00014110135912473288,6.972219485162727e-23
2023-03-06 08:00:00+00:00,0.00013243101275727898,6.960595494684347e-23
2023-03-06 12:00:00+00:00,7.809926687868873e-05,6.998627112293645e-23
2023-03-06 16:00:00+00:00,0.00010267862819301533,7.027485800808288e-23
2023-03-06 20:00:00+00:00,1.9137507528895507e-05,7.06312394614955e-23
2023-03-07 00:00:00+00:00,6.268735693077292e-05,7.050912085751954e-23
2023-03-07 04:00:00+00:00,2.5044854069646056e-05,7.086456411809734e-23
2023-03-07 08:00:00+00:00,8.965444945728413e-05,7.038884658223173e-23
2023-03-07 12:00:00+00:00,0.00014458331616371402,7.018817363566395e-23
2023-03-07 16:00:00+00:00,6.742266406242813e-05,7.040199567668961e-23
2023-03-07 20:00:00+00:00,6.566678791742803e-05,7.003098653650164e-23
2023-03-08 00:00:00+00:00,0.00012886130048837114,7.020814265474227e-23
2023-03-08 04:00:00+00:00,9.50600203617443e-05,7.03938535166483e-23
2023-03-08 08:00:00+00:00,6.10573251090594e-05,7.021704119604412e-23
2023-03-08 12:00:00+00:00,6.470928561126429e-05,7.000342933136827e-23
2023-03-08 16:00:00+00:00,9.906353711205097e-05,7.073802823076481e-23
2023-03-08 20:00:00+00:00,-5.238616111355876e-06,7.063588657705063e-23
2023-03-09 00:00:00+00:00,0.0001264048690231888,7.051306266157137e-23
2023-03-09 04:00:00+00:00,8.551644314196759e-05,7.086913558216448e-23
2023-03-09 08:00:00+00:00,0.0001257006652309821,7.110362704259838e-23
2023-03-09 12:00:00+00:00,-1.2050209122553863e-06,7.115723325278232e-23
2023-03-09 16:00:00+00:00,5.937322270685804e-05,7.132439518382251e-23
2023-03-09 20:00:00+00:00,8.568419640248886e-05,7.090968532408483e-23
2023-03-10 00:00:00+00:00,2.9675236061060364e-05,7.060055856460954e-23
2023-03-10 04:00:00+00:00,7.66443357953803e-05,7.024990364174305e-23
2023-03-10 08:00:00+00:00,7.821194605347952e-05,7.068769049027491e-23
2023-03-10 12:00:00+00:00,7.358727627977855e-05,7.114391640620863e-23
2023-03-10 16:00:00+00:00,0.00014216054878691024,7.120334391548474e-23
2023-03-10 20:00:00+00:00,0.00014085137178602425,7.056615655858342e-23
2023-03-11 00:00:00+00:00,7.559010839748305e-05,7.1003294229849e-23
2023-03-11 04:00:00+00:00,0.00012201931348224754,4.97023059608943e-23
2023-03-11 08:00:00+00:00,9.600321701132376e-05,4.973745435407749e-23
2023-03-11 12:00:00+00:00,6.277847865765742e-05,4.9736772958745634e-23
2023-03-11 16:00:00+00:00,0.00014211135016922374,4.978878420027594e-23
2023-03-11 20:00:00+00:00,7.661483591525932e-05,5.003719376327982e-23
2023-03-12 00:00:00+00:00,0.0001749718504481617,4.9696378931311924e-23
2023-03-12 04:00:00+00:00,0.00012006860978643173,4.985113873190611e-23
2023-03-12 08:00:00+00:00,0.00022232650618392798,4.9932663379557704e-23
2023-03-12 12:00:00+00:00,8.549342141049324e-05,5.0257201391196264e-23
2023-03-12 16:00:00+00:00,0.00012486135657499553,5.0317481108404413e-23
2023-03-12 20:00:00+00:00,0.00016574616943942685,5.07947371098613e-23
2023-03-13 00:00:00+00:00,7.33980533811442e-05,5.0621444748180505e-23
2023-03-13 04:00:00+00:00,0.0001900427133802427,5.0519957985947886e-23
2023-03-13 08:00:00+00:00,6.136257704467119e-05,5.055395470792065e-23
2023-03-13 12:00:00+00:00,0.00021246582404003798,5.0427495873760057e-23
2023-03-13 16:00:00+00:00,0.0002625646816451013,5.050400779765453e-23
2023-03-13 20:00:00+00:00,0.00010246679061952046,5.0499255702531024e-23
2023-03-14 00:00:00+00:00,0.0001856592058914517,5.0555571648673066e-23
2023-03-14 04:00:00+00:00,0.00012402863337629075,5.039856055348501e-23
2023-03-14 08:00:00+00:00,0.000171115006811099,5.042647950473018e-23
2023-03-14 12:00:00+00:00,0.00029460872093652925,5.063587563180445e-23
2023-03-14 16:00:00+00:00,0.00018839072729190306,5.112113784412795e-23
2023-03-14 20:00:00+00:00,0.00012289098339460125,5.121129547136786e-23
2023-03-15 00:00:00+00:00,0.00023543495387544447,5.109563217830247e-23
2023-03-15 04:00:00+00:00,0.0001625596269199136,5.147043562978632e-23
2023-03-15 08:00:00+00:00,9.465983476378994e-05,5.161454388045231e-23
2023-03-15 12:00:00+00:00,7.62354673484913e-05,3.6130180716316616e-23
2023-03-15 16:00:00+00:00,0.00013491780939050107,3.6315060279797544e-23
2023-03-15 20:00:00+00:00,5.141008685163093e-05,3.631970771011605e-23
2023-03-16 00:00:00+00:00,0.0002649633718596586,3.6318860059697466e-23
2023-03-16 04:00:00+00:00,0.00014404422543498672,3.6363796741967266e-23
2023-03-16 08:00:00+00:00,1.5084315576376583e-05,3.687604657974871e-23
2023-03-16 12:00:00+00:00,0.00011722390145917556,3.7334803432228456e-23
2023-03-16 16:00:00+00:00,5.247353308879393e-05,3.728715704711656e-23
2023-03-16 20:00:00+00:00,0.00011061949296772485,3.72914012454736e-23
2023-03-17 00:00:00+00:00,-4.778385927872527e-05,3.744142503979802e-23
2023-03-17 04:00:00+00:00,9.173422188380088e-05,3.763916279275909e-23
2023-03-17 08:00:00+00:00,0.00017369860978071127,3.754978554018768e-23
2023-03-17 12:00:00+00:00,9.420390915766101e-05,3.736764319039217e-23
2023-03-17 16:00:00+00:00,0.00013624514169666523,3.762599435940775e-23
2023-03-17 20:00:00+00:00,9.046881188104432e-05,3.7739978641702715e-23
2023-03-18 00:00:00+00:00,9.26596005096308e-05,3.765076992121627e-23
2023-03-18 04:00:00+00:00,0.00014550364163114574,3.75773579852603e-23
2023-03-18 08:00:00+00:00,0.0001900358989238166,3.7946764760102963e-23
2023-03-18 12:00:00+00:00,0.000228925338062056,3.78937585288926e-23
2023-03-18 16:00:00+00:00,0.00010493667782538276,3.7807537777689333e-23
2023-03-18 20:00:00+00:00,0.00013249583958333384,3.800572642701907e-23
2023-03-19 00:00:00+00:00,9.573772483751703e-05,3.80551185961527e-23
2023-03-19 04:00:00+00:00,0.00010571685882300131,3.7979957287061477e-23
2023-03-19 08:00:00+00:00,0.00010593820516121316,3.796388881943153e-23
2023-03-19 12:00:00+00:00,0.00015432145527449688,3.7735461282646325e-23
2023-03-19 16:00:00+00:00,0.00015351942498762123,3.780460242421659e-23
2023-03-19 20:00:00+00:00,0.00022803413264967613,3.777356346313319e-23
2023-03-20 00:00:00+00:00,1.786369117687896e-05,3.75116335422e-23
2023-03-20 04:00:00+00:00,0.00010433259704474963,3.7537206125617244e-23
2023-03-20 08:00:00+00:00,9.59067751015161e-05,3.746121744711178e-23
2023-03-20 12:00:00+00:00,0.00015070034504800214,3.7596541096766193e-23
2023-03-20 16:00:00+00:00,5.605627284125332e-05,3.743721662270174e-23
2023-03-20 20:00:00+00:00,0.00020674897206483556,3.72706464528979e-23
2023-03-21 00:00:00+00:00,0.00015752130110509944,3.72824780172055e-23
2023-03-21 04:00:00+00:00,6.954478426533846e-05,3.734292706412503e-23
2023-03-21 08:00:00+00:00,0.00017090170824370353,3.710473571429114e-23
2023-03-21 12:00:00+00:00,6.238086029913428e-05,3.711872258142726e-23
2023-03-21 16:00:00+00:00,0.00011025788331117895,3.695233971001592e-23
2023-03-21 20:00:00+00:00,0.0001288605041287041,3.7240725998730375e-23
2023-03-22 00:00:00+00:00,5.839437142068513e-05,3.7386103904367136e-23
2023-03-22 04:00:00+00:00,-4.5716883600061656e-05,3.729307807858586e-23
2023-03-22 08:00:00+00:00,0.00012782577284078795,3.726730303622954e-23
2023-03-22 12:00:00+00:00,6.141680772560353e-05,3.725842174379421e-23
2023-03-22 16:00:00+00:00,0.00010271794085688528,2.6080895220655946e-23
2023-03-22 20:00:00+00:00,0.00012620853124035525,2.6306424199720632e-23
2023-03-23 00:00:00+00:00,8.533515571778407e-05,2.618062127758521e-23
2023-03-23 04:00:00+00:00,8.765540250298774e-05,2.6194104455656925e-23
2023-03-23 08:00:00+00:00,3.9118729197160906e-05,2.6213730346851786e-23
2023-03-23 12:00:00+00:00,1.3909901928079916e-05,2.6075792278272706e-23
2023-03-23 16:00:00+00:00,0.0001428198375082015,2.6153182332053097e-23
2023-03-23 20:00:00+00:00,9.945557487586923e-05,2.609940656553121e-23
2023-03-24 00:00:00+00:00,4.313133284082555e-05,2.6188651068118907e-23
2023-03-24 04:00:00+00:00,7.590562650305134e-06,2.6304074911547258e-23
2023-03-24 08:00:00+00:00,0.0001573387580396082,2.6308509277187872e-23
2023-03-24 12:00:00+00:00,0.00012493789708974628,2.6337242752197492e-23
2023-03-24 16:00:00+00:00,2.5055190717568682e-06,2.635402893107791e-23
2023-03-24 20:00:00+00:00,3.3041626903875834e-05,2.6340568444135763e-23
2023-03-25 00:00:00+00:00,9.665434220947503e-05,2.6289818325056245e-23
2023-03-25 04:00:00+00:00,3.3311242802930546e-05,2.6375987959896676e-23
2023-03-25 08:00:00+00:00,0.0001129158187134959,2.630330759342987e-23
2023-03-25 12:00:00+00:00,-5.6225437514121596e-05,2.6274424306016243e-23
2023-03-25 16:00:00+00:00,1.9038230234526407e-05,2.6544191199146104e-23
2023-03-25 20:00:00+00:00,0.00010262586085932934,2.6266884718441468e-23
2023-03-26 00:00:00+00:00,6.261896803189659e-06,2.648878009380351e-23
2023-03-26 04:00:00+00:00,0.00010673295344772018,2.6567580917125535e-23
2023-03-26 08:00:00+00:00,4.906372492012668e-05,2.6550136601610193e-23
2023-03-26 12:00:00+00:00,6.73406787827456e-05,2.6280463752256807e-23
2023-03-26 16:00:00+00:00,8.985378861752828e-05,2.640133028894298e-23
2023-03-26 20:00:00+00:00,0.00012098971902707643,2.6438630005423172e-23
2023-03-27 00:00:00+00:00,7.3917011626026e-05,2.650074333453457e-23
2023-03-27 04:00:00+00:00,4.627541600523678e-05,2.670792679992003e-23
2023-03-27 08:00:00+00:00,8.924577802221087e-05,2.6900029412706036e-23
2023-03-27 12:00:00+00:00,9.512620700880595e-05,2.7058449377531503e-23
2023-03-27 16:00:00+00:00,0.00013209049588704114,2.721966942184374e-23
2023-03-27 20:00:00+00:00,6.938335187983404e-05,2.73856850559419e-23
2023-03-28 00:00:00+00:00,0.0001293990922080661,2.7462173750241e-23
2023-03-28 04:00:00+00:00,0.0001225023498944815,2.7562074646703054e-23
2023-03-28 08:00:00+00:00,5.155152710140842e-05,2.770746883395208e-23
2023-03-28 12:00:00+00:00,0.0001349403014769526,2.7732915099261916e-23
2023-03-28 16:00:00+00:00,9.405017181090681e-06,2.792360893488036e-23
2023-03-28 20:00:00+00:00,0.00013568997405349767,2.799448481040324e-23
2023-03-29 00:00:00+00:00,0.00011829969653419476,2.798935346871822e-23
2023-03-29 04:00:00+00:00,0.00013185256433598968,2.812420873111634e-23
2023-03-29 08:00:00+00:00,0.000166237615701895,2.788158048272901e-23
2023-03-29 12:00:00+00:00,3.2869550391782416e-05,2.77836222614215e-23
2023-03-29 16:00:00+00:00,0.00010163466509730524,2.762550455972218e-23
2023-03-29 20:00:00+00:00,5.7991689196890666e-05,2.757913991289175e-23
2023-03-30 00:00:00+00:00,0.0001156202344522543,2.7667396350117974e-23
2023-03-30 04:00:00+00:00,0.00013175301194543382,2.78228453512301e-23
2023-03-30 08:00:00+00:00,0.00020856931380471225,2.8049612647047884e-23
2023-03-30 12:00:00+00:00,6.593100545618741e-05,2.8130633910244015e-23
2023-03-30 16:00:00+00:00,8.806343822985537e-05,2.800548669368375e-23
2023-03-30 20:00:00+00:00,3.9730541563385324e-05,2.80505075361801e-23
2023-03-31 00:00:00+00:00,0.000106763925865852,2.806846838866347e-23
2023-03-31 04:00:00+00:00,0.00011136217937054172,2.798419516806481e-23
2023-03-31 08:00:00+00:00,0.00010403696364347096,2.7851256627674954e-23
2023-03-31 12:00:00+00:00,9.054404939055345e-05,2.8005083209991086e-23
2023-03-31 16:00:00+00:00,0.00020884859910041436,2.7964476130473485e-23
2023-03-31 20:00:00+00:00,5.410174129285608e-05,2.8039524160022e-23
2023-04-01 00:00:00+00:00,0.00013663126428338108,2.800071315222027e-23
2023-04-01 04:00:00+00:00,0.00011273236820607483,2.8142191630599005e-23
2023-04-01 08:00:00+00:00,0.00018938220982699121,2.830824180627941e-23
2023-04-01 12:00:00+00:00,8.891018307560439e-05,2.84173272943329e-23
2023-04-01 16:00:00+00:00,0.00014720713760431095,2.842069386926729e-23
2023-04-01 20:00:00+00:00,0.00012455454355085222,2.8410975538741716e-23
2023-04-02 00:00:00+00:00,9.106669735084868e-05,2.843973721704002e-23
2023-04-02 04:00:00+00:00,0.00012532786969913885,2.838735135995008e-23
2023-04-02 08:00:00+00:00,0.00011173893911488198,2.8136010039990653e-23
2023-04-02 12:00:00+00:00,5.50230732944952e-05,2.817476304651114e-23
2023-04-02 16:00:00+00:00,2.9524548236637258e-05,2.820592380006845e-23
2023-04-02 20:00:00+00:00,6.306090599622957e-05,2.8151743157995154e-23
2023-04-03 00:00:00+00:00,0.00012816352330569553,2.845199674688287e-23
2023-04-03 04:00:00+00:00,-3.555049305645371e-05,2.849656489607595e-23
2023-04-03 08:00:00+00:00,0.0001380117265567028,2.8489709014547234e-23
2023-04-03 12:00:00+00:00,6.963210191724399e-05,2.840630608831913e-23
2023-04-03 16:00:00+00:00,0.00012544899997135898,2.8421871947920507e-23
2023-04-03 20:00:00+00:00,8.367949744746695e-05,2.8427576851217794e-23
2023-04-04 00:00:00+00:00,0.00012611383030173754,2.843872433351259e-23
2023-04-04 04:00:00+00:00,3.0146089659372993e-05,2.851913564268571e-23
2023-04-04 08:00:00+00:00,7.899184658871443e-05,2.872199860384064e-23
2023-04-04 12:00:00+00:00,0.00014139475040895455,2.898667772874141e-23
2023-04-04 16:00:00+00:00,6.858898737414164e-05,2.917548491840083e-23
2023-04-04 20:00:00+00:00,0.00011997355217881848,2.919184337737864e-23
2023-04-05 00:00:00+00:00,0.00010258667119078922,2.908150903531466e-23
2023-04-05 04:00:00+00:00,0.0001446326460650643,2.8923912728808675e-23
2023-04-05 08:00:00+00:00,0.0001077540136866177,2.901499083763778e-23
2023-04-05 12:00:00+00:00,0.00010969430980829922,2.9006005903973206e-23
2023-04-05 16:00:00+00:00,0.00020374997035252715,2.887673846217602e-23
2023-04-05 20:00:00+00:00,4.0737898391909835e-05,2.93139488231719e-23
2023-04-06 00:00:00+00:00,0.00015052905105271077,2.923187642179466e-23
2023-04-06 04:00:00+00:00,0.00012089273929986928,2.930461578091883e-23
2023-04-06 08:00:00+00:00,9.906694864168138e-05,2.920491206690994e-23
2023-04-06 12:00:00+00:00,7.384291341818204e-05,2.903309252196195e-23
2023-04-06 16:00:00+00:00,0.00014720107128978767,2.9162209837081094e-23
2023-04-06 20:00:00+00:00,0.00017500133700602843,2.9150995005960013e-23
2023-04-07 00:00:00+00:00,0.0001352238139413947,2.907471847625867e-23
2023-04-07 04:00:00+00:00,0.0001461586604613041,2.914676358561347e-23
2023-04-07 08:00:00+00:00,0.00015111400934322478,2.9201126562518827e-23
2023-04-07 12:00:00+00:00,0.00010389504994523963,2.922775989729245e-23
2023-04-07 16:00:00+00:00,0.00011868914233881971,2.927892702215077e-23
2023-04-07 20:00:00+00:00,9.06156629173229e-05,2.938623951796338e-23
2023-04-08 00:00:00+00:00,8.15040077032874e-05,2.945532067397786e-23
2023-04-08 04:00:00+00:00,4.881088896151154e-05,2.955402787803009e-23
2023-04-08 08:00:00+00:00,4.560339365116151e-05,2.9561427873916393e-23
2023-04-08 12:00:00+00:00,0.00015430817992730442,2.9689050161103505e-23
2023-04-08 16:00:00+00:00,6.685739266370018e-05,2.9799487575234574e-23
2023-04-08 20:00:00+00:00,3.5157074756281625e-05,2.9803443812804605e-23
2023-04-09 00:00:00+00:00,0.00010864258488094238,2.9666280019401e-23
2023-04-09 04:00:00+00:00,5.326077639484435e-05,2.958687983638065e-23
2023-04-09 08:00:00+00:00,7.938672299564816e-05,2.967617362295411e-23
2023-04-09 12:00:00+00:00,9.997225681889426e-05,2.972476296842476e-23
2023-04-09 16:00:00+00:00,8.820727518125665e-06,2.9704608941966446e-23
2023-04-09 20:00:00+00:00,-3.0181237069104664e-05,2.988102763013647e-23
2023-04-10 00:00:00+00:00,9.041743502646393e-05,2.973370704154452e-23
2023-04-10 04:00:00+00:00,-2.872023059760784e-05,2.972168677898483e-23
2023-04-10 08:00:00+00:00,0.00012615612595970316,2.980636079921152e-23
2023-04-10 12:00:00+00:00,0.00013635036906426508,2.9716919425730453e-23
2023-04-10 16:00:00+00:00,0.0001219918762229013,2.999120898111237e-23
2023-04-10 20:00:00+00:00,0.00015805089326853083,3.0030526734103644e-23
2023-04-11 00:00:00+00:00,0.00017785092327755807,3.002142691581139e-23
2023-04-11 04:00:00+00:00,0.0001507028079680407,3.006087529623296e-23
2023-04-11 08:00:00+00:00,0.00014525347276369354,3.0301778847917615e-23
2023-04-11 12:00:00+00:00,0.00018491450910303132,3.044901094073121e-23
2023-04-11 16:00:00+00:00,0.0002278294964295703,3.057524680227859e-23
2023-04-11 20:00:00+00:00,0.00013860201822794794,3.047441928878678e-23
2023-04-12 00:00:00+00:00,7.944593843263337e-05,3.048749625153607e-23
2023-04-12 04:00:00+00:00,0.00016807288641187382,3.0550758199772484e-23
2023-04-12 08:00:00+00:00,7.312653951995641e-05,3.0751017839371456e-23
2023-04-12 12:00:00+00:00,0.0002052683686168586,3.070030059610822e-23
2023-04-12 16:00:00+00:00,0.00021406908237424152,3.094814981152195e-23
2023-04-12 20:00:00+00:00,0.00017045357174138602,3.1019855130432925e-23
2023-04-13 00:00:00+00:00,0.00015837550154121737,3.127315903742278e-23
2023-04-13 04:00:00+00:00,9.228596485749712e-05,3.129754577530053e-23
2023-04-13 08:00:00+00:00,0.0001360872921891239,3.1527758845893954e-23
2023-04-13 12:00:00+00:00,-1.4635095617750457e-05,3.1405659784819563e-23
2023-04-13 16:00:00+00:00,0.00010570927303038503,3.132803370321137e-23
2023-04-13 20:00:00+00:00,5.960131958167937e-05,3.142514884172175e-23
2023-04-14 00:00:00+00:00,0.0001634389951849775,3.1350838441304904e-23
2023-04-14 04:00:00+00:00,0.00012600877538564625,3.134458550059467e-23
2023-04-14 08:00:00+00:00,6.05861496399664e-05,3.14325831621135e-23
2023-04-14 12:00:00+00:00,0.0001491808730226608,3.1372690662010504e-23
2023-04-14 16:00:00+00:00,8.36803716024114e-05,3.1489084522041107e-23
2023-04-14 20:00:00+00:00,0.00016394898247995373,3.179764798494404e-23
2023-04-15 00:00:00+00:00,2.6263603027499916e-05,3.1620781705685824e-23
2023-04-15 04:00:00+00:00,9.164922832681269e-05,3.179441555060565e-23
2023-04-15 08:00:00+00:00,7.83843521082835e-05,3.140294292326467e-23
2023-04-15 12:00:00+00:00,3.992830372089945e-05,3.1378982767684023e-23
2023-04-15 16:00:00+00:00,0.00013250572975559004,3.1333298964990615e-23
2023-04-15 20:00:00+00:00,0.00011154016503841744,3.133807455184755e-23
2023-04-16 00:00:00+00:00,0.00012013819438290615,3.133926816524548e-23
2023-04-16 04:00:00+00:00,0.00018566761906613913,3.1375203102223354e-23
2023-04-16 08:00:00+00:00,0.00010079489478990181,3.138442358203248e-23
2023-04-16 12:00:00+00:00,0.00011439644478337766,3.1524640153497394e-23
2023-04-16 16:00:00+00:00,-1.8306728363201794e-05,3.152662033458214e-23
2023-04-16 20:00:00+00:00,8.146358395029452e-05,3.1459002254683397e-23
2023-04-17 00:00:00+00:00,9.552855785931867e-05,3.1419218247968787e-23
2023-04-17 04:00:00+00:00,4.357106133329635e-05,3.1491221602540247e-23
2023-04-17 08:00:00+00:00,8.771488059863498e-05,3.1568314037076007e-23
2023-04-17 12:00:00+00:00,0.00010796822146547314,3.173407407837893e-23
2023-04-17 16:00:00+00:00,6.910941897934428e-05,3.158224845811601e-23
2023-04-17 20:00:00+00:00,3.618035667052499e-05,3.162496122290753e-23
2023-04-18 00:00:00+00:00,1.3585804019230015e-05,3.152819824622306e-23
2023-04-18 04:00:00+00:00,1.958420925221417e-05,3.172699540758659e-23
2023-04-18 08:00:00+00:00,2.5171908411619653e-05,3.169693796264131e-23
2023-04-18 12:00:00+00:00,3.845861751688706e-05,3.150987058608088e-23
2023-04-18 16:00:00+00:00,5.519774037194769e-05,3.1310297797881705e-23
2023-04-18 20:00:00+00:00,0.0001039884838451205,3.113145037356516e-23
2023-04-19 00:00:00+00:00,5.3872114067878e-05,3.1158142904756674e-23
2023-04-19 04:00:00+00:00,3.0045857197287565e-05,3.136697810283008e-23
2023-04-19 08:00:00+00:00,0.00012740129329777005,3.143296062745009e-23
2023-04-19 12:00:00+00:00,0.00010688574629693414,3.1523835113806367e-23
2023-04-19 16:00:00+00:00,8.125285481744896e-05,3.1189113697117657e-23
2023-04-19 20:00:00+00:00,4.333602104566189e-05,3.111993393009729e-23
2023-04-20 00:00:00+00:00,0.0001273676006840152,3.1223712429685305e-23
2023-04-20 04:00:00+00:00,7.835577972892431e-05,3.1170397310392365e-23
2023-04-20 08:00:00+00:00,9.73054665762977e-07,3.1335149546035376e-23
2023-04-20 12:00:00+00:00,5.213240611043193e-05,3.1409457634536e-23
2023-04-20 16:00:00+00:00,-1.0356946170740438e-05,3.138933889037643e-23
2023-04-20 20:00:00+00:00,2.029670588274494e-05,3.1349477669651745e-23
2023-04-21 00:00:00+00:00,4.835578672020612e-05,3.10564991997316e-23
2023-04-21 04:00:00+00:00,6.459410015563918e-05,3.090309226534724e-23
2023-04-21 08:00:00+00:00,2.938238954948356e-05,3.0827327182163876e-23
2023-04-21 12:00:00+00:00,9.32847430417522e-05,3.0858788105187934e-23
2023-04-21 16:00:00+00:00,0.00019706119821434636,3.087661901318258e-23
2023-04-21 20:00:00+00:00,2.481511804441464e-06,3.070598840865102e-23
2023-04-22 00:00:00+00:00,4.0948770296256077e-05,3.072658411087277e-23
2023-04-22 04:00:00+00:00,6.250838343737589e-05,3.072342695223259e-23
2023-04-22 08:00:00+00:00,7.099086544027448e-05,3.087998151291122e-23
2023-04-22 12:00:00+00:00,0.00010189844446569772,3.1219981231382623e-23
2023-04-22 16:00:00+00:00,9.501183579818372e-05,3.102476441648706e-23
2023-04-22 20:00:00+00:00,0.00020847941318131503,3.100880682714113e-23
2023-04-23 00:00:00+00:00,0.00014686331590009689,3.0876676808192954e-23
2023-04-23 04:00:00+00:00,0.00011092286508019177,3.069190718543577e-23
2023-04-23 08:00:00+00:00,0.00015212875024846976,3.0709109327021924e-23
2023-04-23 12:00:00+00:00,0.00011495934920858309,3.0406425996456874e-23
2023-04-23 16:00:00+00:00,0.00011869018507714091,3.0228285391316655e-23
2023-04-23 20:00:00+00:00,0.00010963241968209646,3.0314533987404136e-23
2023-04-24 00:00:00+00:00,0.00012083520822538854,3.0382300727438984e-23
2023-04-24 04:00:00+00:00,9.512295767974862e-05,3.0300137348308716e-23
2023-04-24 08:00:00+00:00,0.0001300441541260657,3.0283826867344854e-23
2023-04-24 12:00:00+00:00,3.979244581641829e-05,3.0055676321437267e-23
2023-04-24 16:00:00+00:00,0.00011371540470916767,3.003289808337164e-23
2023-04-24 20:00:00+00:00,0.00013233224485374558,3.008940112833624e-23
2023-04-25 00:00:00+00:00,9.950846958041032e-05,3.024947656712682e-23
2023-04-25 04:00:00+00:00,5.0294721923784956e-05,3.023787957881595e-23
2023-04-25 08:00:00+00:00,7.879563048820404e-05,3.046252069168837e-23
2023-04-25 12:00:00+00:00,-7.691378846560384e-05,3.038745495965741e-23
2023-04-25 16:00:00+00:00,8.557553448909062e-05,3.035617587383191e-23
2023-04-25 20:00:00+00:00,8.148836701808184e-05,3.0397926890481336e-23
2023-04-26 00:00:00+00:00,0.00019100540250803003,3.048753852167461e-23
2023-04-26 04:00:00+00:00,3.733433523832438e-05,3.0714046022602857e-23
2023-04-26 08:00:00+00:00,0.0001942562245127518,3.061209357346858e-23
2023-04-26 12:00:00+00:00,3.7937900001274095e-05,3.078093510866146e-23
2023-04-26 16:00:00+00:00,6.799088558136631e-05,2.1546654576063022e-23
2023-04-26 20:00:00+00:00,0.00013341915881490176,2.1447814676523513e-23
2023-04-27 00:00:00+00:00,0.00015989456760665913,2.1725636694525824e-23
2023-04-27 04:00:00+00:00,0.0001656083143711272,2.165219238670035e-23
2023-04-27 08:00:00+00:00,6.913206876924091e-05,2.1759509131222072e-23
2023-04-27 12:00:00+00:00,0.00014688297733732325,2.16391354656377e-23
2023-04-27 16:00:00+00:00,0.00011158945279240804,2.1492256305468293e-23
2023-04-27 20:00:00+00:00,0.00012873936859194673,2.154124677319834e-23
2023-04-28 00:00:00+00:00,0.00016905445606318364,2.1827472623225486e-23
2023-04-28 04:00:00+00:00,0.0001972356869271748,2.1943107701592612e-23
2023-04-28 08:00:00+00:00,0.00015414276390407074,2.192950445211435e-23
2023-04-28 12:00:00+00:00,0.00011803581518962464,2.1892275360413853e-23
2023-04-28 16:00:00+00:00,0.0001483435800200124,2.1933620461142624e-23
2023-04-28 20:00:00+00:00,8.56237635600086e-05,2.1949537095122717e-23
2023-04-29 00:00:00+00:00,0.00020822659864852642,2.2081187537968353e-23
2023-04-29 04:00:00+00:00,9.509116239551614e-05,2.2116860499970476e-23
2023-04-29 08:00:00+00:00,4.715523435034683e-05,2.2080921130438676e-23
2023-04-29 12:00:00+00:00,0.00015644010843348646,2.209805341421016e-23
2023-04-29 16:00:00+00:00,0.0001469026250250512,2.2125476579527088e-23
2023-04-29 20:00:00+00:00,0.00011149703109325692,2.2226320151339708e-23
2023-04-30 00:00:00+00:00,8.809725354717354e-05,2.2306902956492274e-23
2023-04-30 04:00:00+00:00,0.00018463486661541136,2.2321879222122582e-23
2023-04-30 08:00:00+00:00,0.00014450294779156796,2.2320340971246287e-23
2023-04-30 12:00:00+00:00,0.00010196649850937043,2.2490387390911718e-23
2023-04-30 16:00:00+00:00,0.00013172280594097913,2.242657071622249e-23
2023-04-30 20:00:00+00:00,0.00013173961730629936,2.250342858968584e-23
2023-05-01 00:00:00+00:00,4.840969567824571e-06,2.2581999567133414e-23
2023-05-01 04:00:00+00:00,8.37358075659048e-05,2.2488660160411976e-23
2023-05-01 08:00:00+00:00,8.953503197639372e-05,2.2449469568141615e-23
2023-05-01 12:00:00+00:00,-1.3895684492245868e-05,2.2493307169483632e-23
2023-05-01 16:00:00+00:00,4.47631641336576e-05,2.2462257946755042e-23
2023-05-01 20:00:00+00:00,0.00014932184634637146,2.2574596856321995e-23
2023-05-02 00:00:00+00:00,7.4141993229027e-05,2.2671845584936565e-23
2023-05-02 04:00:00+00:00,0.00011397031170055422,2.2764832177897542e-23
2023-05-02 08:00:00+00:00,2.1228351135577148e-05,2.2607480014293515e-23
2023-05-02 12:00:00+00:00,8.539220871729313e-05,2.2712976555729547e-23
2023-05-02 16:00:00+00:00,-5.206226624143416e-06,2.2902271332721548e-23
2023-05-02 20:00:00+00:00,6.373072129661776e-05,2.279521024916755e-23
2023-05-03 00:00:00+00:00,4.9947000247812406e-05,2.272997361361946e-23
2023-05-03 04:00:00+00:00,-8.051236670004156e-07,2.2831695245723258e-23
2023-05-03 08:00:00+00:00,9.323664145850566e-05,2.2824959033470016e-23
2023-05-03 12:00:00+00:00,4.9382335792975114e-05,2.2887631984799883e-23
2023-05-03 16:00:00+00:00,7.850420881073631e-05,2.2989194799535073e-23
2023-05-03 20:00:00+00:00,0.00020350120644732728,2.293384225522941e-23
2023-05-04 00:00:00+00:00,0.00012314659313202364,2.2920848018518725e-23
2023-05-04 04:00:00+00:00,0.00018012340330468218,2.319363415655422e-23
2023-05-04 08:00:00+00:00,7.199576828185559e-05,2.319460686267748e-23
2023-05-04 12:00:00+00:00,0.00011969909001995458,2.3139975081567823e-23
2023-05-04 16:00:00+00:00,0.00010412204590398946,2.3156249500989438e-23
2023-05-04 20:00:00+00:00,6.870413699813447e-05,2.33742183032562e-23
2023-05-05 00:00:00+00:00,0.00010824082435365366,2.3362289649489924e-23
2023-05-05 04:00:00+00:00,2.7972431432268792e-05,2.322920721209016e-23
2023-05-05 08:00:00+00:00,6.287497732773925e-05,2.3197854647751043e-23
2023-05-05 12:00:00+00:00,0.00012383715643278422,2.3410211567003636e-23
2023-05-05 16:00:00+00:00,0.00012665267027948867,2.3556595860199258e-23
2023-05-05 20:00:00+00:00,0.00013061059573698277,2.3479001208426113e-23
2023-05-06 00:00:00+00:00,0.00012668796702482206,2.3642204202277507e-23
2023-05-06 04:00:00+00:00,0.00012882027834850682,2.3813604493738696e-23
2023-05-06 08:00:00+00:00,-4.402046382613787e-05,2.402489981448814e-23
2023-05-06 12:00:00+00:00,0.0001312094491808458,2.3941020904407797e-23
2023-05-06 16:00:00+00:00,0.00014102511581955338,2.404495145990161e-23
2023-05-06 20:00:00+00:00,0.0001350114201113481,2.40291154201073e-23
2023-05-07 00:00:00+00:00,7.221901736977797e-05,2.4246977921710185e-23
2023-05-07 04:00:00+00:00,5.594926835718907e-05,2.4297033856499716e-23
2023-05-07 08:00:00+00:00,9.451237683494932e-05,2.4453215079714162e-23
2023-05-07 12:00:00+00:00,0.00010611859351947082,2.462814543445911e-23
2023-05-07 16:00:00+00:00,2.349717865911983e-05,2.462168680481342e-23
2023-05-07 20:00:00+00:00,0.00012487100065586258,2.4560750010869037e-23
2023-05-08 00:00:00+00:00,8.322328408863794e-05,2.4281882753772496e-23
2023-05-08 04:00:00+00:00,7.743236561030105e-05,2.439820934902601e-23
2023-05-08 08:00:00+00:00,0.00010542692970515876,2.450836431135987e-23
2023-05-08 12:00:00+00:00,9.46172880784036e-05,2.4534780025062937e-23
2023-05-08 16:00:00+00:00,2.5334685688291145e-05,2.4500830546447702e-23
2023-05-08 20:00:00+00:00,8.901914393334996e-05,2.4503510511980614e-23
2023-05-09 00:00:00+00:00,0.00012747773731558174,2.457862991311668e-23
2023-05-09 04:00:00+00:00,8.822925067034437e-05,2.4831157985918602e-23
2023-05-09 08:00:00+00:00,8.716373754939614e-05,2.4843707133169697e-23
2023-05-09 12:00:00+00:00,9.20664448010083e-05,2.4942219481833983e-23
2023-05-09 16:00:00+00:00,0.00013606408690993127,2.5067838746872164e-23
2023-05-09 20:00:00+00:00,0.00017472195303098624,2.5106475726857597e-23
2023-05-10 00:00:00+00:00,9.487921715691408e-05,2.510702400252657e-23
2023-05-10 04:00:00+00:00,7.79013481848029e-05,2.5202295419157015e-23
2023-05-10 08:00:00+00:00,5.1580723056985777e-05,2.5174427832061712e-23
2023-05-10 12:00:00+00:00,0.0001566589549304287,2.5243626846827208e-23
2023-05-10 16:00:00+00:00,9.086504923699268e-05,2.5304553567218618e-23
2023-05-10 20:00:00+00:00,0.00010154360819107208,2.5167588153495624e-23
2023-05-11 00:00:00+00:00,5.727641285041232e-05,2.5072954355525514e-23
2023-05-11 04:00:00+00:00,7.279015632413173e-05,2.520097439083229e-23
2023-05-11 08:00:00+00:00,9.83842414709088e-05,2.5080572674823235e-23
2023-05-11 12:00:00+00:00,-1.1423269915201442e-05,2.5344758188739003e-23
2023-05-11 16:00:00+00:00,8.915628947092774e-05,2.5342530394248384e-23
2023-05-11 20:00:00+00:00,3.625143733231501e-05,2.548102607780768e-23
2023-05-12 00:00:00+00:00,0.00012706637570562756,2.5658920771458128e-23
2023-05-12 04:00:00+00:00,8.558679839123994e-05,2.5652381385977416e-23
2023-05-12 08:00:00+00:00,8.025852006839337e-05,2.5629961148711232e-23
2023-05-12 12:00:00+00:00,0.00012953150637648174,2.569437678031152e-23
2023-05-12 16:00:00+00:00,0.00017059975954272652,2.5581969803898216e-23
2023-05-12 20:00:00+00:00,0.00014848731623761182,2.5669868978282073e-23
2023-05-13 00:00:00+00:00,0.00010680783779290728,2.586661190345563e-23
2023-05-13 04:00:00+00:00,0.00016736221183066472,2.6011420560583857e-23
2023-05-13 08:00:00+00:00,4.324454571707347e-05,2.609273165259449e-23
2023-05-13 12:00:00+00:00,7.790878444893711e-05,2.5992562336699012e-23
2023-05-13 16:00:00+00:00,0.0001537285666168894,2.62107379209121e-23
2023-05-13 20:00:00+00:00,4.6195261703328707e-05,2.6413400300399562e-23
2023-05-14 00:00:00+00:00,0.0001839887368282156,2.661770262369908e-23
2023-05-14 04:00:00+00:00,0.00011118420138066549,2.664720698030375e-23
2023-05-14 08:00:00+00:00,7.776348520007273e-05,2.67545987546488e-23
2023-05-14 12:00:00+00:00,0.00015759315917850052,2.707539702462777e-23
2023-05-14 16:00:00+00:00,0.0001594316817394451,2.717201649170404e-23
2023-05-14 20:00:00+00:00,5.61441729738477e-05,2.7182195150948677e-23
2023-05-15 00:00:00+00:00,0.00014186294058163217,2.742531599955678e-23
2023-05-15 04:00:00+00:00,5.454118900690373e-05,2.73911769735378e-23
2023-05-15 08:00:00+00:00,0.00016524336742802765,2.7190831246386213e-23
2023-05-15 12:00:00+00:00,4.29136883177993e-05,2.727755009908193e-23
2023-05-15 16:00:00+00:00,0.0001125997709805551,2.739203658363271e-23
2023-05-15 20:00:00+00:00,0.00015053427513341317,2.752356274245934e-23
2023-05-16 00:00:00+00:00,7.533672646850446e-05,2.7672472832270954e-23
2023-05-16 04:00:00+00:00,0.00013020891221853878,2.776235296653215e-23
2023-05-16 08:00:00+00:00,0.00015518773963204747,2.775046216816882e-23
2023-05-16 12:00:00+00:00,7.455006253548045e-05,2.774149412693388e-23
2023-05-16 16:00:00+00:00,5.351484529264746e-05,2.774924336883826e-23
2023-05-16 20:00:00+00:00,0.00023619876673031584,2.7768512534393124e-23
2023-05-17 00:00:00+00:00,0.00014192314723230183,2.7487934558775214e-23
2023-05-17 04:00:00+00:00,0.0001668007871046569,2.7602112671288217e-23
2023-05-17 08:00:00+00:00,0.00016618352072648128,2.758899947361058e-23
2023-05-17 12:00:00+00:00,0.00013291770742295594,2.795053929025332e-23
2023-05-17 16:00:00+00:00,9.048995298464277e-05,2.7807654757129416e-23
2023-05-17 20:00:00+00:00,5.174717208234789e-05,2.7883193042939607e-23
2023-05-18 00:00:00+00:00,0.00016666281001354345,2.7745016182720287e-23
2023-05-18 04:00:00+00:00,0.00012753158759194657,2.7417106322875985e-23
2023-05-18 08:00:00+00:00,0.00012602244225092088,2.7494128059462006e-23
2023-05-18 12:00:00+00:00,0.00010684391356636906,2.743976890471308e-23
2023-05-18 16:00:00+00:00,0.00013249446501255018,2.724503458752372e-23
2023-05-18 20:00:00+00:00,0.0001037368153065227,2.714733949548854e-23
2023-05-19 00:00:00+00:00,9.074915242597194e-05,2.721639324936254e-23
2023-05-19 04:00:00+00:00,0.00016310810670999056,2.731216683234346e-23
2023-05-19 08:00:00+00:00,0.00014413484637190228,2.759730291910514e-23
2023-05-19 12:00:00+00:00,0.00014608543752749824,2.78244862474811e-23
2023-05-19 16:00:00+00:00,9.848482558337746e-05,2.781766492278749e-23
2023-05-19 20:00:00+00:00,1.742417934387519e-05,2.770676021748265e-23
2023-05-20 00:00:00+00:00,7.848289449548258e-05,2.760407108191697e-23
2023-05-20 04:00:00+00:00,0.00010172490664082514,2.748605511309293e-23
2023-05-20 08:00:00+00:00,0.00011727579855177995,2.7546385116978546e-23
2023-05-20 12:00:00+00:00,8.009278613263322e-05,2.755256787106467e-23
2023-05-20 16:00:00+00:00,3.8629266827839973e-05,2.747291932525e-23
2023-05-20 20:00:00+00:00,4.4458968624727905e-05,2.708906704314576e-23
2023-05-21 00:00:00+00:00,9.10623765887426e-05,2.7024530630314085e-23
2023-05-21 04:00:00+00:00,0.00014107673039687592,2.71628421735502e-23
2023-05-21 08:00:00+00:00,3.3213176018409e-05,2.7140937794408496e-23
2023-05-21 12:00:00+00:00,8.682665298073318e-06,2.7462592587015256e-23
2023-05-21 16:00:00+00:00,0.00017642904800291222,2.749847819069193e-23
2023-05-21 20:00:00+00:00,4.4628283026903706e-05,2.752775042486377e-23
2023-05-22 00:00:00+00:00,7.907400700505127e-05,2.774223276953293e-23
2023-05-22 04:00:00+00:00,0.0001151673643326373,2.7550315843062295e-23
2023-05-22 08:00:00+00:00,8.425709500915047e-05,2.7694285735381595e-23
2023-05-22 12:00:00+00:00,0.0001262192937605014,2.784293549678883e-23
2023-05-22 16:00:00+00:00,0.000101395240904634,2.782832911682391e-23
2023-05-22 20:00:00+00:00,1.601091596895037e-06,2.772338835852941e-23
2023-05-23 00:00:00+00:00,4.04556149119245e-05,2.779334900332871e-23
2023-05-23 04:00:00+00:00,0.00011301659830269722,2.769733860680468e-23
2023-05-23 08:00:00+00:00,3.969471368190426e-05,2.764844741456399e-23
2023-05-23 12:00:00+00:00,-6.029323200650522e-06,2.753964390829487e-23
2023-05-23 16:00:00+00:00,0.00016275612342667438,2.763218885031108e-23
2023-05-23 20:00:00+00:00,0.00017560253072217572,2.78185699557422e-23
2023-05-24 00:00:00+00:00,7.432422566917042e-05,2.785183325582119e-23
2023-05-24 04:00:00+00:00,0.000135206919746279,2.78797604944871e-23
2023-05-24 08:00:00+00:00,8.300416949321057e-05,2.8051872790616806e-23
2023-05-24 12:00:00+00:00,0.0001253880705111206,2.806733561412062e-23
2023-05-24 16:00:00+00:00,0.00013787243529623486,2.800929695954602e-23
2023-05-24 20:00:00+00:00,7.124347195691617e-05,2.807303905495186e-23
2023-05-25 00:00:00+00:00,8.997777369211687e-05,2.805772436179142e-23
2023-05-25 04:00:00+00:00,0.0001400451634981561,2.8077775088711235e-23
2023-05-25 08:00:00+00:00,9.632251634157035e-05,2.811951439123957e-23
2023-05-25 12:00:00+00:00,0.0001142501388683968,2.814820193072689e-23
2023-05-25 16:00:00+00:00,5.35447700841697e-05,2.8324626425036224e-23
2023-05-25 20:00:00+00:00,3.2714812820738897e-05,2.8223553503458995e-23
2023-05-26 00:00:00+00:00,0.00012555713028934156,2.831647476181233e-23
2023-05-26 04:00:00+00:00,0.0001536941625657964,2.8483840859449653e-23
2023-05-26 08:00:00+00:00,4.067468133046893e-05,2.8343520881804447e-23
2023-05-26 12:00:00+00:00,0.00017979752445795313,2.827170016640429e-23
2023-05-26 16:00:00+00:00,1.7090211182471217e-05,2.810612882140691e-23
2023-05-26 20:00:00+00:00,8.811882557628884e-05,2.814719568131666e-23
2023-05-27 00:00:00+00:00,0.00016188644478966612,2.808021624214128e-23
2023-05-27 04:00:00+00:00,0.0001592880634319742,2.8151454587145443e-23
2023-05-27 08:00:00+00:00,5.118753082725395e-05,2.81037428241406e-23
2023-05-27 12:00:00+00:00,-5.8928160792791525e-06,2.810158799151733e-23
2023-05-27 16:00:00+00:00,4.152410820842773e-05,2.795324026172568e-23
2023-05-27 20:00:00+00:00,0.00015206058424651662,2.807148669134967e-23
2023-05-28 00:00:00+00:00,9.745666422098187e-05,2.812843374438151e-23
2023-05-28 04:00:00+00:00,0.00017648507927221427,2.811237236604191e-23
2023-05-28 08:00:00+00:00,0.00012176792303918876,2.836957728644158e-23
2023-05-28 12:00:00+00:00,0.00011397264408029042,2.8410575157362667e-23
2023-05-28 16:00:00+00:00,0.0001184432900508145,2.830332783292146e-23
2023-05-28 20:00:00+00:00,7.726939661902864e-05,2.8432745169102796e-23
2023-05-29 00:00:00+00:00,8.186333100352995e-05,2.860893792649311e-23
2023-05-29 04:00:00+00:00,7.071597392920207e-05,2.869826705324506e-23
2023-05-29 08:00:00+00:00,0.000129564842451089,2.8835122803664097e-23
2023-05-29 12:00:00+00:00,0.00015823270995388248,2.8912380504437725e-23
2023-05-29 16:00:00+00:00,8.119214179180173e-05,2.891805384407105e-23
2023-05-29 20:00:00+00:00,2.027012988495724e-05,2.882839059946866e-23
2023-05-30 00:00:00+00:00,0.00011657755240652453,2.876955327777949e-23
2023-05-30 04:00:00+00:00,0.00013529027402183147,2.8840130088354825e-23
2023-05-30 08:00:00+00:00,0.0001541527062141543,2.878775621726188e-23
2023-05-30 12:00:00+00:00,7.879990073191565e-05,2.859849367257877e-23
2023-05-30 16:00:00+00:00,0.00011953309205067484,2.848145058712238e-23
2023-05-30 20:00:00+00:00,9.916348236160976e-05,2.849179763005254e-23
2023-05-31 00:00:00+00:00,0.0001232038508673407,2.857984961206462e-23
2023-05-31 04:00:00+00:00,0.00010812463742309042,2.859215555234207e-23
2023-05-31 08:00:00+00:00,4.3691315719935654e-05,2.852520506522354e-23
2023-05-31 12:00:00+00:00,9.931363693213802e-05,2.8458586191504127e-23
2023-05-31 16:00:00+00:00,0.0001755727511071017,2.833305508105296e-23
2023-05-31 20:00:00+00:00,0.00010328582970043943,2.8278120165724966e-23
2023-06-01 00:00:00+00:00,0.00016193500894480344,2.8426053552589957e-23
2023-06-01 04:00:00+00:00,4.1174730426876856e-05,2.84307956290938e-23
2023-06-01 08:00:00+00:00,4.313270017038952e-05,2.84577972932644e-23
2023-06-01 12:00:00+00:00,0.00010325944965023653,2.852405437947265e-23
2023-06-01 16:00:00+00:00,1.6937434913103e-05,2.8620447264181146e-23
2023-06-01 20:00:00+00:00,0.00010046571009468572,2.880597808734553e-23
2023-06-02 00:00:00+00:00,7.630491365420017e-05,2.900449580783036e-23
2023-06-02 04:00:00+00:00,0.00012067370170513833,2.903786125971393e-23
2023-06-02 08:00:00+00:00,5.6654815155077665e-05,2.9098657935353684e-23
2023-06-02 12:00:00+00:00,0.00010528025460640553,2.9045168887883085e-23
2023-06-02 16:00:00+00:00,4.566918098000315e-05,2.9139823475814006e-23
2023-06-02 20:00:00+00:00,0.00012264009748052336,2.910280866904041e-23
2023-06-03 00:00:00+00:00,5.884639979845233e-05,2.906465972601711e-23
2023-06-03 04:00:00+00:00,0.0002618320857234279,2.8818936173028623e-23
2023-06-03 08:00:00+00:00,3.7540482083999656e-05,2.908098775064231e-23
2023-06-03 12:00:00+00:00,8.291034855084773e-05,2.9134487451413253e-23
2023-06-03 16:00:00+00:00,6.20906743116172e-05,2.9175825004471976e-23
2023-06-03 20:00:00+00:00,6.912801672074785e-05,2.911264489393388e-23
2023-06-04 00:00:00+00:00,9.365927921589782e-05,2.9263028925612334e-23
2023-06-04 04:00:00+00:00,0.0001251811185385474,2.939250050866271e-23
2023-06-04 08:00:00+00:00,6.0787684657823016e-05,2.944540389405436e-23
2023-06-04 12:00:00+00:00,5.535233641614193e-05,2.922865319909071e-23
2023-06-04 16:00:00+00:00,9.911601196691176e-05,2.894182104412423e-23
2023-06-04 20:00:00+00:00,0.0001474445583135817,2.892402873746147e-23
2023-06-05 00:00:00+00:00,7.074987466622023e-05,2.894535278682796e-23
2023-06-05 04:00:00+00:00,8.134749780204006e-05,2.8754357348587944e-23
2023-06-05 08:00:00+00:00,0.0001698598466418606,2.889813015698101e-23
2023-06-05 12:00:00+00:00,6.9314374042122e-05,2.022869110988671e-23
2023-06-05 16:00:00+00:00,0.00011998674749560346,2.023982660158452e-23
2023-06-05 20:00:00+00:00,0.00010725429310730146,2.0319634454091765e-23
2023-06-06 00:00:00+00:00,0.00019348318700465925,2.021974468632135e-23
2023-06-06 04:00:00+00:00,7.580763468356253e-05,2.0166268494007482e-23
2023-06-06 08:00:00+00:00,9.694702836446204e-05,2.0266003261581154e-23
2023-06-06 12:00:00+00:00,8.448329037808483e-05,2.0224316702150016e-23
2023-06-06 16:00:00+00:00,5.169849530996503e-05,2.039782305326022e-23
2023-06-06 20:00:00+00:00,7.782798151819461e-05,2.0427568387093067e-23
2023-06-07 00:00:00+00:00,5.363243696853922e-05,2.0437643252452448e-23
2023-06-07 04:00:00+00:00,7.21077565319428e-05,2.0645727104077094e-23
2023-06-07 08:00:00+00:00,5.823123364139729e-05,2.052262229213226e-23
2023-06-07 12:00:00+00:00,7.668792340156218e-05,2.0647021763224288e-23
2023-06-07 16:00:00+00:00,0.000107197595786475,2.0650964437095999e-23
2023-06-07 20:00:00+00:00,2.9282155883980632e-05,2.059608755872098e-23
2023-06-08 00:00:00+00:00,3.3653201448793246e-05,2.074394175344957e-23
2023-06-08 04:00:00+00:00,7.948898759421299e-05,2.0816742619713885e-23
2023-06-08 08:00:00+00:00,8.023042847394568e-05,2.0718838468167615e-23
2023-06-08 12:00:00+00:00,0.0001192035048813986,2.0555473665264837e-23
2023-06-08 16:00:00+00:00,2.6157065607843337e-05,2.040592974685407e-23
2023-06-08 20:00:00+00:00,4.632889966285917e-05,2.036151154780499e-23
2023-06-09 00:00:00+00:00,-6.884068278357574e-05,2.0305209559395598e-23
2023-06-09 04:00:00+00:00,7.772410271404987e-05,2.0401703010147114e-23
2023-06-09 08:00:00+00:00,2.9695999118703203e-05,2.060740357535612e-23
2023-06-09 12:00:00+00:00,9.400339046892812e-05,2.0806809769625296e-23
2023-06-09 16:00:00+00:00,8.720805187706464e-05,1.4564766838737706e-23
2023-06-09 20:00:00+00:00,8.066985618215855e-05,1.4542979773651908e-23
2023-06-10 00:00:00+00:00,9.050568485787292e-05,1.0180085841556335e-23
2023-06-10 04:00:00+00:00,7.385329023014935e-05,7.126060089089435e-24
2023-06-10 08:00:00+00:00,2.47575418326252e-05,7.112279304589217e-24
2023-06-10 12:00:00+00:00,8.95932588393983e-05,7.079727971915548e-24
2023-06-10 16:00:00+00:00,7.812204275644088e-05,7.115454457360482e-24
2023-06-10 20:00:00+00:00,-4.8146011342130315e-05,7.105471461768899e-24
2023-06-11 00:00:00+00:00,-8.19969487062112e-06,7.099528196352793e-24
2023-06-11 04:00:00+00:00,2.7098134246991877e-05,7.102626509073291e-24
2023-06-11 08:00:00+00:00,1.6896941500262527e-05,7.158829594459874e-24
2023-06-11 12:00:00+00:00,6.351760699140634e-05,7.148042755574895e-24
2023-06-11 16:00:00+00:00,3.517337563998683e-05,7.11615199387284e-24
2023-06-11 20:00:00+00:00,3.170125924381631e-05,7.186420963915527e-24
2023-06-12 00:00:00+00:00,0.00010208499912780928,7.200822973905865e-24
2023-06-12 04:00:00+00:00,0.00016446978244544246,7.22173259233926e-24
2023-06-12 08:00:00+00:00,9.192848894579965e-05,7.233240414351426e-24
2023-06-12 12:00:00+00:00,0.00015544211096264412,7.212521806117056e-24
2023-06-12 16:00:00+00:00,0.00018658951835220277,7.198024683823411e-24
2023-06-12 20:00:00+00:00,0.00011140533350469762,7.258459321602488e-24
2023-06-13 00:00:00+00:00,8.405463382134913e-05,7.285394904679592e-24
2023-06-13 04:00:00+00:00,4.655643266424314e-05,7.220321294382668e-24
2023-06-13 08:00:00+00:00,0.00010533363259497539,7.269522524807051e-24
2023-06-13 12:00:00+00:00,0.0001044427600673654,5.088665767364936e-24
2023-06-13 16:00:00+00:00,3.422675556959541e-05,5.0779295196516065e-24
2023-06-13 20:00:00+00:00,9.967765935954159e-05,5.087827687844455e-24
2023-06-14 00:00:00+00:00,0.00012965901172148296,5.124966851837764e-24
2023-06-14 04:00:00+00:00,4.894566575427441e-05,5.113786753569031e-24
2023-06-14 08:00:00+00:00,0.00016700012698077718,5.1168400622091255e-24
2023-06-14 12:00:00+00:00,2.9639524399834427e-05,5.0932534606406455e-24
2023-06-14 16:00:00+00:00,0.0001286552050269474,5.092663852686318e-24
2023-06-14 20:00:00+00:00,0.0001122421084692907,5.100034355256677e-24
2023-06-15 00:00:00+00:00,5.6205305635269915e-05,5.0782399434491435e-24
2023-06-15 04:00:00+00:00,7.272159489330414e-05,5.0640304220766074e-24
2023-06-15 08:00:00+00:00,5.241320247980119e-05,5.092338345691381e-24
2023-06-15 12:00:00+00:00,0.00010554547930279216,5.110828131120534e-24
2023-06-15 16:00:00+00:00,0.00010646766753554765,5.1273860296808526e-24
2023-06-15 20:00:00+00:00,4.303136623401755e-05,5.115055971168892e-24
2023-06-16 00:00:00+00:00,0.00010574801788927024,5.136507624420809e-24
2023-06-16 04:00:00+00:00,3.320212389167481e-05,5.1815246074420734e-24
2023-06-16 08:00:00+00:00,4.6674158712877145e-05,5.2208560623738686e-24
2023-06-16 12:00:00+00:00,0.00016538038542320127,5.252861760210025e-24
2023-06-16 16:00:00+00:00,0.00014072786138394849,5.255396092448072e-24
2023-06-16 20:00:00+00:00,0.00011865952443287992,5.233097787436849e-24
2023-06-17 00:00:00+00:00,4.3401975257253387e-05,5.287708840968154e-24
2023-06-17 04:00:00+00:00,0.00010515367887812578,5.22021634251093e-24
2023-06-17 08:00:00+00:00,0.000122994076666941,5.299192794259112e-24
2023-06-17 12:00:00+00:00,0.00014705566651986626,5.278686325594945e-24
2023-06-17 16:00:00+00:00,0.00016431302098220864,5.288523925189127e-24
2023-06-17 20:00:00+00:00,0.0001444818899373262,5.34679926095295e-24
2023-06-18 00:00:00+00:00,0.00010339652956847434,5.347703949365179e-24
2023-06-18 04:00:00+00:00,6.288501572567661e-05,5.364118646707236e-24
2023-06-18 08:00:00+00:00,0.0001637876378393539,5.391259529627056e-24
2023-06-18 12:00:00+00:00,6.867352834083804e-05,5.3695227527494885e-24
2023-06-18 16:00:00+00:00,8.950274671590279e-05,5.381050381164788e-24
2023-06-18 20:00:00+00:00,0.00017274006270976783,5.339425350201543e-24
2023-06-19 00:00:00+00:00,0.00011980600188309391,5.3166911568218374e-24
2023-06-19 04:00:00+00:00,3.859158857545003e-05,5.37010280220222e-24
2023-06-19 08:00:00+00:00,5.54672623410044e-05,5.345484615989022e-24
2023-06-19 12:00:00+00:00,0.00011325687772703046,5.371447591328903e-24
2023-06-19 16:00:00+00:00,0.0001734980674517439,5.388735647755963e-24
2023-06-19 20:00:00+00:00,8.375423165602914e-05,5.3995739420962066e-24
2023-06-20 00:00:00+00:00,5.381267277044334e-05,5.366281250710171e-24
2023-06-20 04:00:00+00:00,9.782299274193611e-05,5.389254254948441e-24
2023-06-20 08:00:00+00:00,0.00011766912286551053,5.397803300365995e-24
2023-06-20 12:00:00+00:00,-1.3512743067253387e-06,5.382713156351789e-24
2023-06-20 16:00:00+00:00,5.5688678564600715e-05,5.3524074976137775e-24
2023-06-20 20:00:00+00:00,0.00011327603249589376,5.36510206317706e-24
2023-06-21 00:00:00+00:00,0.00011309959062980718,5.3687660510204725e-24
2023-06-21 04:00:00+00:00,0.0001032209127414748,5.356803182956917e-24
2023-06-21 08:00:00+00:00,0.0002163420000378367,5.367183022525255e-24
2023-06-21 12:00:00+00:00,5.574193826999632e-05,5.34581190137538e-24
2023-06-21 16:00:00+00:00,0.00011600802863380555,5.343105610987056e-24
2023-06-21 20:00:00+00:00,8.42365948851377e-05,5.379179181549787e-24
2023-06-22 00:00:00+00:00,0.0001577371819292093,5.355362079729855e-24
2023-06-22 04:00:00+00:00,0.00017493326481890007,5.339744854882168e-24
2023-06-22 08:00:00+00:00,8.206734686320817e-05,5.339183563204463e-24
2023-06-22 12:00:00+00:00,0.0001646143275852875,5.362555586277948e-24
2023-06-22 16:00:00+00:00,0.000108050380712226,5.345099841278044e-24
2023-06-22 20:00:00+00:00,3.3908765772576495e-05,5.3474290660765305e-24
2023-06-23 00:00:00+00:00,0.00011130220975321154,5.3833297989646274e-24
2023-06-23 04:00:00+00:00,9.25218913466463e-05,5.350255609523634e-24
2023-06-23 08:00:00+00:00,2.2007686266738696e-05,5.360733447484836e-24
2023-06-23 12:00:00+00:00,0.00016738021456685987,5.364616879719213e-24
2023-06-23 16:00:00+00:00,0.00010517026347197229,5.391349462223172e-24
2023-06-23 20:00:00+00:00,7.172704603631121e-05,5.394150763459375e-24
2023-06-24 00:00:00+00:00,3.736113163232509e-05,5.392284184335499e-24
2023-06-24 04:00:00+00:00,0.00013217318408285464,5.398529985713365e-24
2023-06-24 08:00:00+00:00,3.216600002356484e-05,5.4249130454698655e-24
2023-06-24 12:00:00+00:00,6.289234536985046e-05,5.409890409592335e-24
2023-06-24 16:00:00+00:00,0.0001887038724339468,5.4175504052412966e-24
2023-06-24 20:00:00+00:00,0.00010537877987716584,5.462930686637428e-24
2023-06-25 00:00:00+00:00,0.00011060630308289794,5.467855468419984e-24
2023-06-25 04:00:00+00:00,3.412468034310239e-05,5.469623321995204e-24
2023-06-25 08:00:00+00:00,0.00015988840852475928,5.467582090458384e-24
2023-06-25 12:00:00+00:00,8.18280423633778e-05,5.489465576021746e-24
2023-06-25 16:00:00+00:00,1.8799102677674625e-05,5.513902887652369e-24
2023-06-25 20:00:00+00:00,0.00010982800391964122,5.528320242275322e-24
2023-06-26 00:00:00+00:00,8.737838486771745e-05,5.5058211941168265e-24
2023-06-26 04:00:00+00:00,0.00011769901827136942,5.494557949120091e-24
2023-06-26 08:00:00+00:00,8.355647528102477e-05,5.420677327837623e-24
2023-06-26 12:00:00+00:00,5.6712007298809535e-05,5.461302349231169e-24
2023-06-26 16:00:00+00:00,0.00010346276879168578,5.409252880045402e-24
2023-06-26 20:00:00+00:00,5.94571182192458e-06,5.4407406662829074e-24
2023-06-27 00:00:00+00:00,-3.2450239040784016e-05,5.48438696711503e-24
2023-06-27 04:00:00+00:00,7.538127667497009e-05,5.497783401122957e-24
2023-06-27 08:00:00+00:00,0.00014695416257663683,5.479485511952635e-24
2023-06-27 12:00:00+00:00,8.352401584331999e-05,5.501417460531481e-24
2023-06-27 16:00:00+00:00,0.00014757741187672728,5.4814683219746266e-24
2023-06-27 20:00:00+00:00,0.00013329656286580237,5.488066122445515e-24
2023-06-28 00:00:00+00:00,0.00012984500034737598,5.426960320506489e-24
2023-06-28 04:00:00+00:00,6.511135463543223e-05,5.464199040556769e-24
2023-06-28 08:00:00+00:00,0.00013731118947814936,5.454676583518123e-24
2023-06-28 12:00:00+00:00,0.0001361502586843884,5.506165906631642e-24
2023-06-28 16:00:00+00:00,0.00010543572505058292,5.520585127799917e-24
2023-06-28 20:00:00+00:00,9.527867282273148e-05,5.510486302500012e-24
2023-06-29 00:00:00+00:00,8.978937884631907e-05,5.517336821038044e-24
2023-06-29 04:00:00+00:00,2.221804213433615e-05,5.504852493570081e-24
2023-06-29 08:00:00+00:00,0.00016244741106872094,5.5787767333522425e-24
2023-06-29 12:00:00+00:00,0.0001486234111796673,5.643650914117245e-24
2023-06-29 16:00:00+00:00,9.303655938911811e-05,5.589901977348272e-24
2023-06-29 20:00:00+00:00,0.00017420857561441184,5.588056296301993e-24
2023-06-30 00:00:00+00:00,0.0001258224326240093,5.600865724930684e-24
2023-06-30 04:00:00+00:00,0.00023086031432280622,5.590198284270424e-24
2023-06-30 08:00:00+00:00,0.00014826854098738473,5.549696915750362e-24
2023-06-30 12:00:00+00:00,0.00018042121967707959,5.535544558066628e-24
2023-06-30 16:00:00+00:00,0.00012443178834888302,5.543219645195004e-24
2023-06-30 20:00:00+00:00,0.00019342092737414227,5.500771668546658e-24
2023-07-01 00:00:00+00:00,0.0002648957644445687,5.5347995464319754e-24
2023-07-01 04:00:00+00:00,0.00011855572691235864,5.563045372964847e-24
2023-07-01 08:00:00+00:00,0.00011691619471474737,5.5570681862744694e-24
2023-07-01 12:00:00+00:00,7.136084986522043e-05,5.496091864326375e-24
2023-07-01 16:00:00+00:00,0.0001579693561112328,5.459115375537535e-24
2023-07-01 20:00:00+00:00,9.425086117323709e-05,5.456654536716999e-24
2023-07-02 00:00:00+00:00,7.205902538422694e-05,5.4488244986814706e-24
2023-07-02 04:00:00+00:00,0.00010925029869654773,5.4727212019469664e-24
2023-07-02 08:00:00+00:00,4.1075693023873466e-05,5.4456896046673955e-24
2023-07-02 12:00:00+00:00,0.00018034871408319098,5.436417231253822e-24
2023-07-02 16:00:00+00:00,0.00012369291608597304,5.4764553372015416e-24
2023-07-02 20:00:00+00:00,5.493296676311201e-05,5.495116984466308e-24
2023-07-03 00:00:00+00:00,0.00013287456669888574,5.5134001126864925e-24
2023-07-03 04:00:00+00:00,7.56886184453311e-05,5.478984162225769e-24
2023-07-03 08:00:00+00:00,6.744708667281603e-05,5.512928441198158e-24
2023-07-03 12:00:00+00:00,8.988876977364803e-05,5.494441825111444e-24
2023-07-03 16:00:00+00:00,6.801846232244894e-05,5.489785960114592e-24
2023-07-03 20:00:00+00:00,0.00015365361625917047,5.519459079019328e-24
2023-07-04 00:00:00+00:00,0.00013281201913320725,5.555753815283428e-24
2023-07-04 04:00:00+00:00,0.00011372344483103963,5.5597896400532025e-24
2023-07-04 08:00:00+00:00,0.00018429294180064164,5.608916648750145e-24
2023-07-04 12:00:00+00:00,0.00015410037467296518,5.5562494310869034e-24
2023-07-04 16:00:00+00:00,0.00012157093629104535,5.5446372355916624e-24
2023-07-04 20:00:00+00:00,3.890375641435092e-05,5.5572169454205626e-24
2023-07-05 00:00:00+00:00,0.00010866922217410465,5.541919322798345e-24
2023-07-05 04:00:00+00:00,6.0331980301416474e-05,5.554671431799683e-24
2023-07-05 08:00:00+00:00,7.430398710991084e-05,5.5890233301741154e-24
2023-07-05 12:00:00+00:00,7.254256652404912e-06,5.6755003241641985e-24
2023-07-05 16:00:00+00:00,6.473151780269838e-05,5.681581191077338e-24
2023-07-05 20:00:00+00:00,9.50092805188985e-05,5.716868988715536e-24
2023-07-06 00:00:00+00:00,0.0001974916456968018,5.730079958935258e-24
2023-07-06 04:00:00+00:00,7.233476611950424e-05,5.7161388119766715e-24
2023-07-06 08:00:00+00:00,8.370408508167408e-05,5.736560452493432e-24
2023-07-06 12:00:00+00:00,7.339109752585526e-05,5.784083436849312e-24
2023-07-06 16:00:00+00:00,8.930045152066483e-05,5.7989458908993515e-24
2023-07-06 20:00:00+00:00,0.00012029319952870627,4.059262123629546e-24
2023-07-07 00:00:00+00:00,9.2446988335672e-05,4.063880613920706e-24
2023-07-07 04:00:00+00:00,2.61600144270767e-05,4.0767081097591785e-24
2023-07-07 08:00:00+00:00,0.00023095738803159406,4.073943889011456e-24
2023-07-07 12:00:00+00:00,0.00013470185852652904,4.1327927270985355e-24
2023-07-07 16:00:00+00:00,0.0001720121554250994,4.116431072266105e-24
2023-07-07 20:00:00+00:00,0.00023327149125405657,4.107396187657189e-24
2023-07-08 00:00:00+00:00,0.00010387564051233392,4.104338572445643e-24
2023-07-08 04:00:00+00:00,0.00014308749509249626,4.0987366316106196e-24
2023-07-08 08:00:00+00:00,0.00013547724967123053,4.083524049925563e-24
2023-07-08 12:00:00+00:00,0.00014002172236105684,4.0863444661891456e-24
2023-07-08 16:00:00+00:00,0.00014402846318276735,4.080306295822121e-24
2023-07-08 20:00:00+00:00,0.00012726504314501956,4.1175654284559536e-24
2023-07-09 00:00:00+00:00,0.00010488699451930447,4.15204255990096e-24
2023-07-09 04:00:00+00:00,0.00018109764691652037,4.170879115846278e-24
2023-07-09 08:00:00+00:00,0.00023200779794550264,4.170951165815279e-24
2023-07-09 12:00:00+00:00,3.7202021785196e-05,4.166382946688001e-24
2023-07-09 16:00:00+00:00,0.00012621210691200565,4.1436950130533134e-24
2023-07-09 20:00:00+00:00,6.85176371628367e-05,4.157050516683964e-24
2023-07-10 00:00:00+00:00,-1.0157219241471789e-05,4.185493204689785e-24
2023-07-10 04:00:00+00:00,8.274507433206663e-05,4.1862924720120495e-24
2023-07-10 08:00:00+00:00,-7.061191934471096e-05,4.1718026009953665e-24
2023-07-10 12:00:00+00:00,7.444588796492052e-05,4.184684518570706e-24
2023-07-10 16:00:00+00:00,4.80048435966746e-05,4.171270169090752e-24
2023-07-10 20:00:00+00:00,0.00016036258577080872,4.185975160227289e-24
2023-07-11 00:00:00+00:00,0.00010901238344612501,4.200737455804388e-24
2023-07-11 04:00:00+00:00,7.946441859579623e-05,4.249529301009566e-24
2023-07-11 08:00:00+00:00,0.00017239483214835075,4.2538983330958734e-24
2023-07-11 12:00:00+00:00,0.00019297174975819553,4.217079046933578e-24
2023-07-11 16:00:00+00:00,8.91125864147977e-05,4.2038231623008796e-24
2023-07-11 20:00:00+00:00,7.778929927600914e-05,4.239405572689658e-24
2023-07-12 00:00:00+00:00,0.00016004728533143564,4.235090354354995e-24
2023-07-12 04:00:00+00:00,0.0001211183146598445,4.259980679115558e-24
2023-07-12 08:00:00+00:00,0.00013838678256204362,4.233718644355704e-24
2023-07-12 12:00:00+00:00,0.0002071266804249425,4.242043742075235e-24
2023-07-12 16:00:00+00:00,0.00013408159454242113,4.1916568594512534e-24
2023-07-12 20:00:00+00:00,8.365796738348785e-05,4.197068764515147e-24
2023-07-13 00:00:00+00:00,0.00010257817338244575,4.2156670028138245e-24
2023-07-13 04:00:00+00:00,0.00014782772798222805,4.2578189643348305e-24
2023-07-13 08:00:00+00:00,0.00013093352061354721,4.2402133938632935e-24
2023-07-13 12:00:00+00:00,0.00015578659411676955,4.242234966297061e-24
2023-07-13 16:00:00+00:00,0.00023601444965114967,4.2320509806919475e-24
2023-07-13 20:00:00+00:00,0.00014008842611756416,4.263837982862292e-24
2023-07-14 00:00:00+00:00,0.0002223674665555422,4.260307829024507e-24
2023-07-14 04:00:00+00:00,0.00011777106516042649,4.256699831759646e-24
2023-07-14 08:00:00+00:00,0.00023343111703351621,4.267338584181788e-24
2023-07-14 12:00:00+00:00,0.00012318979185145623,4.283471092163178e-24
2023-07-14 16:00:00+00:00,0.00018010697419561114,2.9984297645142243e-24
2023-07-14 20:00:00+00:00,0.00019913542916148242,3.003471641746394e-24
2023-07-15 00:00:00+00:00,0.00015798517302204314,2.9896318740823897e-24
2023-07-15 04:00:00+00:00,0.00016709061390086065,2.9694067150604746e-24
2023-07-15 08:00:00+00:00,0.0002483290448190818,2.999080144837335e-24
2023-07-15 12:00:00+00:00,0.00011403310764490601,2.999124545385018e-24
2023-07-15 16:00:00+00:00,0.00022150097207597762,2.9994131717846122e-24
2023-07-15 20:00:00+00:00,0.00011478500973929049,3.0005441795418436e-24
2023-07-16 00:00:00+00:00,0.00013703583104200106,3.007574680761276e-24
2023-07-16 04:00:00+00:00,6.862719052250656e-05,2.9959153640204138e-24
2023-07-16 08:00:00+00:00,0.00010616420846609463,3.009409872746752e-24
2023-07-16 12:00:00+00:00,0.00013644592385477966,3.0216493405048806e-24
2023-07-16 16:00:00+00:00,9.775882454865114e-05,3.0208288781162135e-24
2023-07-16 20:00:00+00:00,0.00020233882001486933,3.051406029718607e-24
2023-07-17 00:00:00+00:00,3.3639177180034636e-05,3.048996318353958e-24
2023-07-17 04:00:00+00:00,-1.7380965943622607e-05,3.052125532598752e-24
2023-07-17 08:00:00+00:00,0.00013197781683697938,3.0311146787895443e-24
2023-07-17 12:00:00+00:00,0.00014611768537432082,3.0365692733567736e-24
2023-07-17 16:00:00+00:00,5.96303420969257e-05,3.037064572058126e-24
2023-07-17 20:00:00+00:00,5.064264015794071e-05,3.0388849196303302e-24
2023-07-18 00:00:00+00:00,0.00013580223634820527,3.056275160253931e-24
2023-07-18 04:00:00+00:00,6.399945302389213e-05,3.038452943020885e-24
2023-07-18 08:00:00+00:00,4.528959674749046e-05,3.019818794876477e-24
2023-07-18 12:00:00+00:00,0.0001310061066506071,3.013488924242497e-24
2023-07-18 16:00:00+00:00,0.00011500636570232796,3.0392623042787036e-24
2023-07-18 20:00:00+00:00,4.9777307833286756e-05,3.041432336884367e-24
2023-07-19 00:00:00+00:00,0.00011353505581746675,3.036530934159356e-24
2023-07-19 04:00:00+00:00,7.749145348270976e-05,3.0298085662385404e-24
2023-07-19 08:00:00+00:00,0.00013469028466625132,3.0083797528494597e-24
2023-07-19 12:00:00+00:00,6.0156354238435546e-05,3.0065260616304384e-24
2023-07-19 16:00:00+00:00,0.00012873781141079605,3.008632515591558e-24
2023-07-19 20:00:00+00:00,9.302652474660604e-05,2.9886867088759643e-24
2023-07-20 00:00:00+00:00,0.0001705199358732682,2.9916734642699898e-24
2023-07-20 04:00:00+00:00,0.00017082742028091459,2.997097423938117e-24
2023-07-20 08:00:00+00:00,0.00012198618427215605,3.002598885356383e-24
2023-07-20 12:00:00+00:00,0.0001747679011421994,2.1018192197494682e-24
2023-07-20 16:00:00+00:00,8.914880315016132e-05,2.0951385464143165e-24
2023-07-20 20:00:00+00:00,0.0001692446087589518,2.087680595435718e-24
2023-07-21 00:00:00+00:00,0.00012997780835027228,2.0939389565239845e-24
2023-07-21 04:00:00+00:00,0.00016126679401178896,2.07363803805675e-24
2023-07-21 08:00:00+00:00,8.472958820769625e-05,2.086024446158684e-24
2023-07-21 12:00:00+00:00,0.00012152495188444735,2.0881993747516838e-24
2023-07-21 16:00:00+00:00,0.0001648912986279213,2.085604208748177e-24
2023-07-21 20:00:00+00:00,2.825321835030223e-05,2.0795328380743266e-24
2023-07-22 00:00:00+00:00,0.00011317208791919716,2.074479153845024e-24
2023-07-22 04:00:00+00:00,6.098700490202438e-05,2.077407450413326e-24
2023-07-22 08:00:00+00:00,7.253220337764093e-05,2.0687711957819033e-24
2023-07-22 12:00:00+00:00,0.0001358359811027161,2.0714246404834188e-24
2023-07-22 16:00:00+00:00,7.84172645371761e-05,2.0518525694263365e-24
2023-07-22 20:00:00+00:00,8.108022607597087e-06,2.0501179448957264e-24
2023-07-23 00:00:00+00:00,7.602406470076615e-05,2.0498558820583965e-24
2023-07-23 04:00:00+00:00,8.880181221847525e-05,2.0458380698697634e-24
2023-07-23 08:00:00+00:00,6.62152706764972e-05,2.0372876096821363e-24
2023-07-23 12:00:00+00:00,9.873915669062829e-05,2.048814386881348e-24
2023-07-23 16:00:00+00:00,0.00023674260156330147,2.0589010209888414e-24
2023-07-23 20:00:00+00:00,7.17662088099184e-05,2.0667223676122913e-24
2023-07-24 00:00:00+00:00,0.00014401524879953625,2.0520755373847497e-24
2023-07-24 04:00:00+00:00,5.9193915626865005e-05,2.0389802243408613e-24
2023-07-24 08:00:00+00:00,8.017860637728419e-05,2.038944284981442e-24
2023-07-24 12:00:00+00:00,6.665558217745812e-05,2.0549544272468157e-24
2023-07-24 16:00:00+00:00,4.458903935686267e-05,2.0582398873223325e-24
2023-07-24 20:00:00+00:00,-5.794641137091631e-06,2.0700118407280297e-24
2023-07-25 00:00:00+00:00,0.0001163084923251541,2.076045942387278e-24
2023-07-25 04:00:00+00:00,5.827892667840352e-05,2.0784378414858214e-24
2023-07-25 08:00:00+00:00,3.923026767984128e-05,2.080468129419113e-24
2023-07-25 12:00:00+00:00,8.73496117197499e-05,2.08623024044279e-24
2023-07-25 16:00:00+00:00,3.2889686946613745e-05,2.0768023155630407e-24
2023-07-25 20:00:00+00:00,7.242379688253157e-05,2.072643524093749e-24
2023-07-26 00:00:00+00:00,5.614817118090095e-05,2.04517235228372e-24
2023-07-26 04:00:00+00:00,0.0001359160068882624,2.0421818010921692e-24
2023-07-26 08:00:00+00:00,0.00011614379697625362,2.0477836169841396e-24
2023-07-26 12:00:00+00:00,0.00017892885378726085,2.0483960122668734e-24
2023-07-26 16:00:00+00:00,7.958200668777723e-05,2.049011954873752e-24
2023-07-26 20:00:00+00:00,8.616716648019323e-05,2.0579705218172907e-24
2023-07-27 00:00:00+00:00,9.884334877826816e-05,2.0531780273390383e-24
2023-07-27 04:00:00+00:00,0.0001921092643711191,2.0422761758713036e-24
2023-07-27 08:00:00+00:00,0.0001551215043798295,2.052775274744612e-24
2023-07-27 12:00:00+00:00,0.00018404325972433451,2.0714353085426326e-24
2023-07-27 16:00:00+00:00,0.0001342958895425634,2.079226286867349e-24
2023-07-27 20:00:00+00:00,0.00013935867032421943,2.0942137912218322e-24
2023-07-28 00:00:00+00:00,0.0001510194159284468,2.1009929492850025e-24
2023-07-28 04:00:00+00:00,7.994813530618759e-05,2.0988442489713972e-24
2023-07-28 08:00:00+00:00,7.580537602010702e-05,2.091591116112231e-24
2023-07-28 12:00:00+00:00,3.8331037148755015e-05,2.1047145954690306e-24
2023-07-28 16:00:00+00:00,4.398406953241486e-05,2.1088075609932613e-24
2023-07-28 20:00:00+00:00,4.903492456532213e-05,2.1190615056931888e-24
2023-07-29 00:00:00+00:00,0.00012559273166512811,2.1422452156054616e-24
2023-07-29 04:00:00+00:00,4.712036889817494e-05,2.1451348374776147e-24
2023-07-29 08:00:00+00:00,9.736538807808463e-05,2.141867714723844e-24
2023-07-29 12:00:00+00:00,-0.00010679003602893834,2.1308273876452985e-24
2023-07-29 16:00:00+00:00,0.0001570269510273092,2.1462418973754833e-24
2023-07-29 20:00:00+00:00,0.0001317700184240739,2.1548922599834617e-24
2023-07-30 00:00:00+00:00,9.644609791741558e-05,2.1572636891036983e-24
2023-07-30 04:00:00+00:00,0.00020300662296090076,2.1431022006203566e-24
2023-07-30 08:00:00+00:00,9.407023808284506e-05,2.1268095012816002e-24
2023-07-30 12:00:00+00:00,6.0221637738698315e-05,2.1074413133649078e-24
2023-07-30 16:00:00+00:00,0.0001416412451659216,2.0781435159448435e-24
2023-07-30 20:00:00+00:00,-2.323021771093856e-05,2.0773769185487945e-24
2023-07-31 00:00:00+00:00,0.00013657014088148137,2.085975974811294e-24
2023-07-31 04:00:00+00:00,1.1568069861864583e-05,2.0931588498827243e-24
2023-07-31 08:00:00+00:00,7.384871234420508e-05,2.0885114722872448e-24
2023-07-31 12:00:00+00:00,1.669923733658163e-05,2.084618586005637e-24
2023-07-31 16:00:00+00:00,7.773310921507189e-05,2.0690890801151676e-24
2023-07-31 20:00:00+00:00,3.303900605504601e-05,2.049803043265755e-24
2023-08-01 00:00:00+00:00,2.2142564665130313e-05,2.043336127804064e-24
2023-08-01 04:00:00+00:00,-2.250705035851335e-05,2.0503738810877635e-24
2023-08-01 08:00:00+00:00,7.295336954208552e-05,2.044225141152277e-24
2023-08-01 12:00:00+00:00,8.047337789611277e-05,2.0627260260641148e-24
2023-08-01 16:00:00+00:00,0.000128831406566211,2.0675793447370475e-24
2023-08-01 20:00:00+00:00,9.347666866248761e-05,2.0470299914710195e-24
2023-08-02 00:00:00+00:00,7.973874144954992e-05,2.0583896043963852e-24
2023-08-02 04:00:00+00:00,1.590881011913002e-05,2.0668633649533988e-24
2023-08-02 08:00:00+00:00,0.00011570695449221506,2.075709271845702e-24
2023-08-02 12:00:00+00:00,8.772199818481677e-05,2.0682987087413594e-24
2023-08-02 16:00:00+00:00,6.23524556638168e-05,2.0778696544934833e-24
2023-08-02 20:00:00+00:00,0.00011047791991326018,2.0837599312789116e-24
2023-08-03 00:00:00+00:00,6.282449603536138e-05,2.081899784653455e-24
2023-08-03 04:00:00+00:00,3.6737040901023946e-05,2.090121142479661e-24
2023-08-03 08:00:00+00:00,-2.2247905193385843e-05,2.0776747921120782e-24
2023-08-03 12:00:00+00:00,8.232897785683191e-05,2.077093056479562e-24
2023-08-03 16:00:00+00:00,3.1866656054825926e-05,2.0903992618745954e-24
2023-08-03 20:00:00+00:00,0.00011134205679738619,2.098716408319911e-24
2023-08-04 00:00:00+00:00,5.02603031569356e-05,2.111328924703164e-24
2023-08-04 04:00:00+00:00,0.0001201482653975339,2.1113461912420377e-24
2023-08-04 08:00:00+00:00,9.719327048985465e-05,2.100928227967055e-24
2023-08-04 12:00:00+00:00,6.372383804115108e-05,2.1221101250537492e-24
2023-08-04 16:00:00+00:00,0.00013564347211909297,2.143603825144963e-24
2023-08-04 20:00:00+00:00,3.086397367388294e-05,2.1382020801491946e-24
2023-08-05 00:00:00+00:00,6.027315337156459e-05,2.1241271390200418e-24
2023-08-05 04:00:00+00:00,1.4779938393681379e-05,2.114986834633852e-24
2023-08-05 08:00:00+00:00,0.0001481336687001436,2.122488963129282e-24
2023-08-05 12:00:00+00:00,7.930644553062987e-06,2.133037213927158e-24
2023-08-05 16:00:00+00:00,5.287935163327104e-05,2.151295812797023e-24
2023-08-05 20:00:00+00:00,3.984348137740023e-05,2.1615499329452096e-24
2023-08-06 00:00:00+00:00,0.00014099746433377674,2.1797363348624414e-24
2023-08-06 04:00:00+00:00,9.49642249537125e-05,2.1909024475546113e-24
2023-08-06 08:00:00+00:00,4.486188216903459e-05,2.18839257781417e-24
2023-08-06 12:00:00+00:00,0.00010878328900508324,2.1905926837229308e-24
2023-08-06 16:00:00+00:00,5.4272870450988535e-05,2.1961534224850413e-24
2023-08-06 20:00:00+00:00,0.00012854975684109722,2.1831756266263636e-24
2023-08-07 00:00:00+00:00,0.00010946538787704665,2.1865149358062384e-24
2023-08-07 04:00:00+00:00,1.4942405792861167e-05,2.202035288794322e-24
2023-08-07 08:00:00+00:00,9.97357047157871e-05,2.212032173936877e-24
2023-08-07 12:00:00+00:00,4.840940752632599e-05,2.216776744983326e-24
2023-08-07 16:00:00+00:00,5.391592041517912e-05,2.228164236373996e-24
2023-08-07 20:00:00+00:00,0.00012276327397655346,2.226546183785769e-24
2023-08-08 00:00:00+00:00,0.0001012109223639777,2.2307023475372903e-24
2023-08-08 04:00:00+00:00,0.0001486252317078825,2.211648525525875e-24
2023-08-08 08:00:00+00:00,7.996559572894268e-05,2.198461336405643e-24
2023-08-08 12:00:00+00:00,3.548452496406631e-05,2.1824497066287377e-24
2023-08-08 16:00:00+00:00,0.00013504566593519274,2.170078528301103e-24
2023-08-08 20:00:00+00:00,9.143938029092015e-05,2.169215912965989e-24
2023-08-09 00:00:00+00:00,7.186478180194628e-05,2.171893230643917e-24
2023-08-09 04:00:00+00:00,0.00011842692641086277,2.1698498523481208e-24
2023-08-09 08:00:00+00:00,6.761673216955564e-05,2.1717050655547525e-24
2023-08-09 12:00:00+00:00,0.00012189929879028297,2.171884803428497e-24
2023-08-09 16:00:00+00:00,2.274835516219605e-05,2.1900914912461692e-24
2023-08-09 20:00:00+00:00,0.0001193678785348849,2.1880262983380637e-24
2023-08-10 00:00:00+00:00,0.00011707114539414937,2.1771701917762746e-24
2023-08-10 04:00:00+00:00,6.435941315658685e-05,2.1640782547070893e-24
2023-08-10 08:00:00+00:00,0.00019580190942328636,2.1682309901081465e-24
2023-08-10 12:00:00+00:00,0.000137806058769391,2.1667420694784633e-24
2023-08-10 16:00:00+00:00,0.00014480466988342537,2.1775792683637877e-24
2023-08-10 20:00:00+00:00,0.00011988930177938664,2.1845742258348264e-24
2023-08-11 00:00:00+00:00,0.0001002936332914826,2.18119751416236e-24
2023-08-11 04:00:00+00:00,6.993467293909475e-05,2.182155422818228e-24
2023-08-11 08:00:00+00:00,0.00015046030614731393,2.1999863487745967e-24
2023-08-11 12:00:00+00:00,4.401559667378101e-05,2.202774134945755e-24
2023-08-11 16:00:00+00:00,9.09949155260581e-05,2.1953043125784123e-24
2023-08-11 20:00:00+00:00,0.00017234804157478854,2.19700703697879e-24
2023-08-12 00:00:00+00:00,6.930331476717829e-05,2.210852532497703e-24
2023-08-12 04:00:00+00:00,5.451782003125956e-05,2.2306584558430926e-24
2023-08-12 08:00:00+00:00,0.00012072196096516321,2.2327380909769943e-24
2023-08-12 12:00:00+00:00,3.714502928654534e-05,2.2349649729885802e-24
2023-08-12 16:00:00+00:00,6.815645078866624e-05,2.234439223127489e-24
2023-08-12 20:00:00+00:00,5.2043439323202975e-05,2.2450174571631948e-24
2023-08-13 00:00:00+00:00,0.0002108889838216078,2.2601756445532174e-24
2023-08-13 04:00:00+00:00,0.00012422371434150546,2.2610294323483513e-24
2023-08-13 08:00:00+00:00,7.990529250516923e-05,2.2644962128290964e-24
2023-08-13 12:00:00+00:00,7.164367127713328e-05,2.262857447796405e-24
2023-08-13 16:00:00+00:00,0.00013046563761608162,2.266677489032342e-24
2023-08-13 20:00:00+00:00,0.00010414951515428298,2.2694921253116196e-24
2023-08-14 00:00:00+00:00,8.515535483395088e-05,2.2687027024145314e-24
2023-08-14 04:00:00+00:00,7.185391630452721e-05,2.272304937791518e-24
2023-08-14 08:00:00+00:00,6.931273551411553e-05,2.277616964719552e-24
2023-08-14 12:00:00+00:00,0.0001281131768666557,2.2570509732305863e-24
2023-08-14 16:00:00+00:00,5.7135946619826106e-05,2.238306304631231e-24
2023-08-14 20:00:00+00:00,0.00013662346369336376,2.2398069586233823e-24
2023-08-15 00:00:00+00:00,6.859523314185477e-05,2.2530024924480585e-24
2023-08-15 04:00:00+00:00,7.985480147973649e-05,2.27288601232424e-24
2023-08-15 08:00:00+00:00,7.834933172387824e-05,2.2730043386423593e-24
2023-08-15 12:00:00+00:00,0.00019010147451642884,2.2774851239665042e-24
2023-08-15 16:00:00+00:00,0.000152480522208297,2.294513320153738e-24
2023-08-15 20:00:00+00:00,5.7039149414938505e-05,2.2954999741707488e-24
2023-08-16 00:00:00+00:00,2.6971131661304373e-05,2.294054337118196e-24
2023-08-16 04:00:00+00:00,5.4012796494834853e-05,2.297048998288654e-24
2023-08-16 08:00:00+00:00,0.0001396527902727824,2.291207570414715e-24
2023-08-16 12:00:00+00:00,5.642115280597135e-05,2.2861408116133727e-24
2023-08-16 16:00:00+00:00,3.398176776341022e-05,2.2827594587012202e-24
2023-08-16 20:00:00+00:00,9.727541041466613e-05,2.27638992055505e-24
2023-08-17 00:00:00+00:00,0.0002148534720907448,2.2870262849180525e-24
2023-08-17 04:00:00+00:00,-2.7194471925580307e-05,2.2898162710576556e-24
2023-08-17 08:00:00+00:00,5.2470597443008745e-05,2.2728289797698454e-24
2023-08-17 12:00:00+00:00,-2.745738318595638e-05,2.2719955714526032e-24
2023-08-17 16:00:00+00:00,6.961058657636726e-05,2.2781917989419974e-24
2023-08-17 20:00:00+00:00,0.00018966052865764332,1.594734259259398e-24
2023-08-18 00:00:00+00:00,1.905214564974922e-05,1.611200013399874e-24
2023-08-18 04:00:00+00:00,8.430767628091468e-05,1.6071192949608345e-24
2023-08-18 08:00:00+00:00,5.075364934853381e-05,1.6074295051442738e-24
2023-08-18 12:00:00+00:00,5.999014918401051e-05,1.6146566441992829e-24
2023-08-18 16:00:00+00:00,4.158772597939326e-05,1.6193695054323371e-24
2023-08-18 20:00:00+00:00,0.00015548845548749235,1.6215668944074055e-24
2023-08-19 00:00:00+00:00,0.0001013564327506884,1.6401355431663535e-24
2023-08-19 04:00:00+00:00,3.8959434393165065e-05,1.6335870427273097e-24
2023-08-19 08:00:00+00:00,0.0001312798342961635,1.6482863253259535e-24
2023-08-19 12:00:00+00:00,9.722157491387586e-05,1.6493712622371963e-24
2023-08-19 16:00:00+00:00,4.026545899369355e-05,1.6486202087292497e-24
2023-08-19 20:00:00+00:00,7.082360783302418e-05,1.6631043612357332e-24
2023-08-20 00:00:00+00:00,3.498128557279364e-05,1.6765173967431346e-24
2023-08-20 04:00:00+00:00,0.00018210566534743378,1.6836135119887628e-24
2023-08-20 08:00:00+00:00,8.271560751725793e-05,1.6723961472342603e-24
2023-08-20 12:00:00+00:00,0.00011720009614373673,1.655240759378326e-24
2023-08-20 16:00:00+00:00,0.00020087720005469503,1.6527682309049128e-24
2023-08-20 20:00:00+00:00,0.00010842237687749674,1.6533936807757079e-24
2023-08-21 00:00:00+00:00,0.00017426968317828,1.662925365889206e-24
2023-08-21 04:00:00+00:00,5.938919597796077e-05,1.6667015728794173e-24
2023-08-21 08:00:00+00:00,0.00010969475564857961,1.662400951360557e-24
2023-08-21 12:00:00+00:00,6.55248716013283e-05,1.683980718792722e-24
2023-08-21 16:00:00+00:00,2.5135683744677568e-05,1.698364844019141e-24
2023-08-21 20:00:00+00:00,0.00014997594163321357,1.7080367071907105e-24
2023-08-22 00:00:00+00:00,3.540543329853035e-05,1.7144127389755376e-24
2023-08-22 04:00:00+00:00,5.556770025234015e-06,1.707784446411e-24
2023-08-22 08:00:00+00:00,0.0001264160337865637,1.7134412378662293e-24
2023-08-22 12:00:00+00:00,0.00011365117051260477,1.7055143140962538e-24
2023-08-22 16:00:00+00:00,0.00012813894003917787,1.7088701116398e-24
2023-08-22 20:00:00+00:00,2.9264004193274942e-05,1.7001893234439814e-24
2023-08-23 00:00:00+00:00,9.74534718764925e-05,1.70311090970176e-24
2023-08-23 04:00:00+00:00,8.053912359259541e-05,1.6998624540543556e-24
2023-08-23 08:00:00+00:00,3.818584425646864e-05,1.7244649566204292e-24
2023-08-23 12:00:00+00:00,0.00015201337293302503,1.709173241813382e-24
2023-08-23 16:00:00+00:00,0.00017798648658410242,1.7163839471009427e-24
2023-08-23 20:00:00+00:00,0.00013270670072916188,1.7272768722878577e-24
2023-08-24 00:00:00+00:00,0.00017962887322086783,1.7287066599004433e-24
2023-08-24 04:00:00+00:00,0.00014638663120157034,1.7136202633063105e-24
2023-08-24 08:00:00+00:00,0.0001839099122426384,1.7190298581588306e-24
2023-08-24 12:00:00+00:00,0.00010046437530958852,1.7130209493127573e-24
2023-08-24 16:00:00+00:00,0.00013932896104068692,1.7178406653869593e-24
2023-08-24 20:00:00+00:00,0.0001349587603768209,1.7196599539365596e-24
2023-08-25 00:00:00+00:00,0.00018924744046904546,1.7174097432826693e-24
2023-08-25 04:00:00+00:00,0.00010289761314612196,1.7215709885699927e-24
2023-08-25 08:00:00+00:00,3.168884816342679e-05,1.713846866959724e-24
2023-08-25 12:00:00+00:00,2.6167546625207265e-05,1.69928542693663e-24
2023-08-25 16:00:00+00:00,6.439636497104155e-05,1.6982992673976952e-24
2023-08-25 20:00:00+00:00,0.00011037977682452442,1.6964436493120027e-24
2023-08-26 00:00:00+00:00,2.921236500063014e-05,1.6948398667224752e-24
2023-08-26 04:00:00+00:00,5.4904219613917155e-05,1.6928417503813794e-24
2023-08-26 08:00:00+00:00,8.000170771869963e-05,1.684580329843746e-24
2023-08-26 12:00:00+00:00,0.00017478157544949068,1.6940984304549757e-24
2023-08-26 16:00:00+00:00,0.00011434471550871013,1.6951128290744862e-24
2023-08-26 20:00:00+00:00,0.00015148605470605375,1.699625062845411e-24
2023-08-27 00:00:00+00:00,0.00012097302978028992,1.7000790404321644e-24
2023-08-27 04:00:00+00:00,0.00012408034372332085,1.6971149124577865e-24
2023-08-27 08:00:00+00:00,5.357727235165717e-05,1.7006520680880896e-24
2023-08-27 12:00:00+00:00,8.296486937802602e-05,1.693314847804195e-24
2023-08-27 16:00:00+00:00,5.566088838583702e-05,1.708068555644939e-24
2023-08-27 20:00:00+00:00,8.420328675280647e-05,1.7167713268324856e-24
2023-08-28 00:00:00+00:00,2.6415305576224094e-05,1.7365878547638546e-24
2023-08-28 04:00:00+00:00,0.00011002869650699157,1.7424372258041217e-24
2023-08-28 08:00:00+00:00,1.890147044722037e-05,1.727331294862645e-24
2023-08-28 12:00:00+00:00,0.00011222401048343931,1.7332085364938378e-24
2023-08-28 16:00:00+00:00,0.00013053897426962047,1.7305538946531547e-24
2023-08-28 20:00:00+00:00,4.822742588195132e-05,1.735908316560032e-24
2023-08-29 00:00:00+00:00,0.00013960770037361022,1.7403081736153113e-24
2023-08-29 04:00:00+00:00,0.00012372824348447093,1.737744289799489e-24
2023-08-29 08:00:00+00:00,2.3061129531478003e-05,1.7394248103529005e-24
2023-08-29 12:00:00+00:00,5.183418217295992e-05,1.718491993388309e-24
2023-08-29 16:00:00+00:00,0.00018911665010314005,1.72421906391075e-24
2023-08-29 20:00:00+00:00,0.00010998908818711685,1.71506441450316e-24
2023-08-30 00:00:00+00:00,0.00015625102039198123,1.7232564695721375e-24
2023-08-30 04:00:00+00:00,6.61202745427753e-05,1.7243898326643808e-24
2023-08-30 08:00:00+00:00,0.0001350808703730223,1.725866915758592e-24
2023-08-30 12:00:00+00:00,4.7237812876522816e-05,1.7209504924505682e-24
2023-08-30 16:00:00+00:00,0.0001297271199646722,1.7107430141166012e-24
2023-08-30 20:00:00+00:00,5.590193219507292e-05,1.710685107479181e-24
2023-08-31 00:00:00+00:00,0.00013751747661786234,1.7063576533276594e-24
2023-08-31 04:00:00+00:00,0.00015093630321949092,1.713453433345084e-24
2023-08-31 08:00:00+00:00,0.00015891163759181476,1.7240127392709357e-24
2023-08-31 12:00:00+00:00,8.212153987482153e-05,1.735516823511999e-24
2023-08-31 16:00:00+00:00,6.248635307329532e-05,1.7330100215777547e-24
2023-08-31 20:00:00+00:00,0.00011755497129455979,1.749045389680396e-24
2023-09-01 00:00:00+00:00,3.7294127022964574e-05,1.754784837815189e-24
2023-09-01 04:00:00+00:00,0.00011582227776294886,1.773180854558752e-24
2023-09-01 08:00:00+00:00,0.00010442629841636929,1.7713926370351366e-24
2023-09-01 12:00:00+00:00,9.909334417784379e-05,1.7556535337951626e-24
2023-09-01 16:00:00+00:00,9.518079020241669e-05,1.7532391492239665e-24
2023-09-01 20:00:00+00:00,1.0001450332552374e-05,1.7442162540289045e-24
2023-09-02 00:00:00+00:00,2.039456287669497e-05,1.736801496000191e-24
2023-09-02 04:00:00+00:00,0.00011329248134667893,1.7310795563754588e-24
2023-09-02 08:00:00+00:00,9.945495559591415e-05,1.725080232164283e-24
2023-09-02 12:00:00+00:00,3.099606095146533e-06,1.7251201975598802e-24
2023-09-02 16:00:00+00:00,0.00011195273002408742,1.7327421497831895e-24
2023-09-02 20:00:00+00:00,9.385992600802881e-05,1.7455481543760287e-24
2023-09-03 00:00:00+00:00,0.0001463482599534058,1.757551965433646e-24
2023-09-03 04:00:00+00:00,0.000139424153577895,1.751656502773243e-24
2023-09-03 08:00:00+00:00,9.234595162937334e-05,1.7430900378852745e-24
2023-09-03 12:00:00+00:00,0.00014704933534967347,1.739582540234289e-24
2023-09-03 16:00:00+00:00,5.439598896732769e-05,1.7421518954214757e-24
2023-09-03 20:00:00+00:00,0.00014681719464388737,1.744428553303337e-24
2023-09-04 00:00:00+00:00,0.0001444542092368852,1.74001780810004e-24
2023-09-04 04:00:00+00:00,9.020646845417757e-05,1.735770853199119e-24
2023-09-04 08:00:00+00:00,1.263562671616683e-05,1.761100089331893e-24
2023-09-04 12:00:00+00:00,0.00013949111153348755,1.7616846118039478e-24
2023-09-04 16:00:00+00:00,0.00015973960566825754,1.765305832199237e-24
2023-09-04 20:00:00+00:00,9.674571294992987e-05,1.7789398007977496e-24
2023-09-05 00:00:00+00:00,0.00011304067042099802,1.7900737802999633e-24
2023-09-05 04:00:00+00:00,0.00012956126231570566,1.775272386169826e-24
2023-09-05 08:00:00+00:00,8.866457289273494e-05,1.7749744450656966e-24
2023-09-05 12:00:00+00:00,9.923331152401685e-05,1.777717474161655e-24
2023-09-05 16:00:00+00:00,0.00010637923696295846,1.7725284216487765e-24
2023-09-05 20:00:00+00:00,5.971133207646154e-05,1.7755085901893913e-24
2023-09-06 00:00:00+00:00,7.514589557757143e-05,1.768294615018682e-24
2023-09-06 04:00:00+00:00,5.9031779418471805e-05,1.7540634012357337e-24
2023-09-06 08:00:00+00:00,0.00012161660226745778,1.753418538616213e-24
2023-09-06 12:00:00+00:00,0.00016443837107930347,1.758609418336162e-24
2023-09-06 16:00:00+00:00,0.00014167542592780639,1.7717224617956485e-24
2023-09-06 20:00:00+00:00,0.00015247897205493204,1.7737041313969026e-24
2023-09-07 00:00:00+00:00,0.00010857538757623919,1.77747218223532e-24
2023-09-07 04:00:00+00:00,-1.8549818003732243e-05,1.783497344235198e-24
2023-09-07 08:00:00+00:00,9.842166432915238e-05,1.7931283767612696e-24
2023-09-07 12:00:00+00:00,4.717477531308445e-05,1.804979366560076e-24
2023-09-07 16:00:00+00:00,5.645040790086757e-05,1.8031300027088514e-24
2023-09-07 20:00:00+00:00,0.00010801104192298302,1.812016531666874e-24
2023-09-08 00:00:00+00:00,3.045930071601038e-05,1.8066566381343044e-24
2023-09-08 04:00:00+00:00,0.00011359094723576495,1.8030070225176276e-24
2023-09-08 08:00:00+00:00,0.00010542657535776782,1.8066790240921474e-24
2023-09-08 12:00:00+00:00,9.973446043959687e-05,1.812619187561768e-24
2023-09-08 16:00:00+00:00,6.728095448754404e-05,1.803872897092346e-24
2023-09-08 20:00:00+00:00,3.8848019739057826e-05,1.794280312412338e-24
2023-09-09 00:00:00+00:00,3.3729871228478556e-05,1.801658963648129e-24
2023-09-09 04:00:00+00:00,7.191489969041198e-05,1.8012302739549065e-24
2023-09-09 08:00:00+00:00,5.274727844004737e-05,1.799266307149536e-24
2023-09-09 12:00:00+00:00,0.00012726214682218118,1.8191766875090946e-24
2023-09-09 16:00:00+00:00,0.00020484295556490254,1.818824681163832e-24
2023-09-09 20:00:00+00:00,0.00016404197496180622,1.8218872291730553e-24
2023-09-10 00:00:00+00:00,0.00013786657506189025,1.8153877159918948e-24
2023-09-10 04:00:00+00:00,4.723788678587849e-05,1.808816676812226e-24
2023-09-10 08:00:00+00:00,0.00012002582999738461,1.7983686142426325e-24
2023-09-10 12:00:00+00:00,0.00011022840697524084,1.806222176759516e-24
2023-09-10 16:00:00+00:00,-1.2421623285777328e-05,1.796846662713418e-24
2023-09-10 20:00:00+00:00,9.693840349081586e-05,1.792327586387272e-24
2023-09-11 00:00:00+00:00,0.00011991169540057672,1.7973882041843198e-24
2023-09-11 04:00:00+00:00,7.659027206548499e-05,1.806177643090612e-24
2023-09-11 08:00:00+00:00,7.216525904658805e-05,1.808121425628034e-24
2023-09-11 12:00:00+00:00,4.889373386687591e-05,1.7933177433818418e-24
2023-09-11 16:00:00+00:00,2.1341901267822876e-05,1.808548374325717e-24
2023-09-11 20:00:00+00:00,-9.706293068469596e-06,1.7968083730145274e-24
2023-09-12 00:00:00+00:00,4.3968619502864084e-05,1.7917191103312523e-24
2023-09-12 04:00:00+00:00,9.793452918246712e-05,1.7958588764661357e-24
2023-09-12 08:00:00+00:00,8.994058322671755e-05,1.7987123643482927e-24
2023-09-12 12:00:00+00:00,1.380295802701829e-05,1.804721806920196e-24
2023-09-12 16:00:00+00:00,0.00011073806836364487,1.8010242209746094e-24
2023-09-12 20:00:00+00:00,0.00018439342711083174,1.80029309686941e-24
2023-09-13 00:00:00+00:00,8.006655892536148e-05,1.8118138035881783e-24
2023-09-13 04:00:00+00:00,9.196963461589774e-05,1.8006140940677215e-24
2023-09-13 08:00:00+00:00,9.068696875322078e-05,1.818249265413606e-24
2023-09-13 12:00:00+00:00,7.86196349952855e-05,1.8171528570820697e-24
2023-09-13 16:00:00+00:00,0.00010431953251180208,1.8203432125199405e-24
2023-09-13 20:00:00+00:00,0.0001175914932995674,1.842031503533841e-24
2023-09-14 00:00:00+00:00,7.453183952441214e-05,1.848320355844289e-24
2023-09-14 04:00:00+00:00,0.00013605203685412945,1.848800181522248e-24
2023-09-14 08:00:00+00:00,0.00011137688358745124,1.843451726269517e-24
2023-09-14 12:00:00+00:00,0.00010132465167059343,1.8595291669017087e-24
2023-09-14 16:00:00+00:00,0.00013636970402163242,1.8707210758590698e-24
2023-09-14 20:00:00+00:00,0.00014645521499743037,1.8827282900524468e-24
2023-09-15 00:00:00+00:00,0.0001000949298286652,1.8795360615329493e-24
2023-09-15 04:00:00+00:00,0.0001618952760798699,1.874327826817769e-24
2023-09-15 08:00:00+00:00,5.6760360855549576e-05,1.858134207101644e-24
2023-09-15 12:00:00+00:00,0.00012985308658467482,1.856601576578343e-24
2023-09-15 16:00:00+00:00,0.00017699546670476142,1.8546164372398554e-24
2023-09-15 20:00:00+00:00,7.251886218272785e-05,1.8646407501762587e-24
2023-09-16 00:00:00+00:00,0.00016167917491346598,1.87723936049754e-24
2023-09-16 04:00:00+00:00,0.0002496194419681788,1.889409874056667e-24
2023-09-16 08:00:00+00:00,7.695848527415448e-05,1.891257770956758e-24
2023-09-16 12:00:00+00:00,0.0001320544535134163,1.8923758817780335e-24
2023-09-16 16:00:00+00:00,0.00012525514966953933,1.894297407110406e-24
2023-09-16 20:00:00+00:00,0.00010515106223602121,1.8927028591224123e-24
2023-09-17 00:00:00+00:00,0.00014748944615764414,1.9092567778590696e-24
2023-09-17 04:00:00+00:00,0.0001006574514039742,1.8844506587872413e-24
2023-09-17 08:00:00+00:00,0.0001258365272309166,1.8812818215393795e-24
2023-09-17 12:00:00+00:00,0.0001047630421022387,1.8825033491684815e-24
2023-09-17 16:00:00+00:00,0.0001814861393751583,1.873842211850027e-24
2023-09-17 20:00:00+00:00,7.293455180014647e-05,1.885961041693167e-24
2023-09-18 00:00:00+00:00,0.00016319896948083825,1.893810102118714e-24
2023-09-18 04:00:00+00:00,9.925125172119536e-05,1.9069347874580446e-24
2023-09-18 08:00:00+00:00,8.872793581760125e-05,1.9111217853025333e-24
2023-09-18 12:00:00+00:00,6.629793868485931e-05,1.91119915127056e-24
2023-09-18 16:00:00+00:00,0.00010242968187935191,1.9042698229948207e-24
2023-09-18 20:00:00+00:00,0.00010707485166095321,1.92431537949914e-24
2023-09-19 00:00:00+00:00,0.0002003590571828974,1.9095356817471928e-24
2023-09-19 04:00:00+00:00,0.00010023765237772936,1.9180943760515226e-24
2023-09-19 08:00:00+00:00,0.00012922210293322593,1.9153739545923358e-24
2023-09-19 12:00:00+00:00,-3.2402795178558706e-05,1.9131204703157988e-24
2023-09-19 16:00:00+00:00,0.00018474883433745862,1.927272071643454e-24
2023-09-19 20:00:00+00:00,0.00014070675552782177,1.930993192249325e-24
2023-09-20 00:00:00+00:00,7.72093773744558e-05,1.9294571256763544e-24
2023-09-20 04:00:00+00:00,9.7562275257343e-05,1.9356524128383213e-24
2023-09-20 08:00:00+00:00,0.00013771721698182247,1.9227796803659615e-24
2023-09-20 12:00:00+00:00,0.00012458689192694833,1.9149866405814275e-24
2023-09-20 16:00:00+00:00,0.00013318905607810465,1.9232724584834372e-24
2023-09-20 20:00:00+00:00,6.014885041335951e-05,1.93198384981661e-24
2023-09-21 00:00:00+00:00,0.00013291461559629864,1.9424993945900846e-24
2023-09-21 04:00:00+00:00,0.00011630211607087859,1.9528634503984194e-24
2023-09-21 08:00:00+00:00,9.307404378001993e-05,1.9639418806212317e-24
2023-09-21 12:00:00+00:00,0.00017724550620566685,1.967168493166048e-24
2023-09-21 16:00:00+00:00,7.419816274164447e-05,1.9703490112031487e-24
2023-09-21 20:00:00+00:00,7.79135000795773e-05,1.9784368311064213e-24
2023-09-22 00:00:00+00:00,9.102159445260316e-05,1.9845120437035056e-24
2023-09-22 04:00:00+00:00,7.465506593980407e-05,2.0026785325492412e-24
2023-09-22 08:00:00+00:00,0.0001363432249895829,1.993374272778151e-24
2023-09-22 12:00:00+00:00,9.706981457569723e-05,2.016959053340104e-24
2023-09-22 16:00:00+00:00,5.612423198345223e-05,2.032465460386526e-24
2023-09-22 20:00:00+00:00,0.0001249233532341455,2.0354567937387756e-24
2023-09-23 00:00:00+00:00,0.0001060689135608737,2.0467585520199383e-24
2023-09-23 04:00:00+00:00,7.430664447609759e-05,2.037860666382593e-24
2023-09-23 08:00:00+00:00,0.00010433177494799946,2.047953165278506e-24
2023-09-23 12:00:00+00:00,0.00016179587372902582,2.036390528699018e-24
2023-09-23 16:00:00+00:00,4.5769851246217966e-05,2.0488445278169513e-24
2023-09-23 20:00:00+00:00,0.00013426357927527897,2.0372194489985837e-24
2023-09-24 00:00:00+00:00,9.980524962672992e-05,2.0264128298953258e-24
2023-09-24 04:00:00+00:00,0.00019265751708476823,2.0065929615205868e-24
2023-09-24 08:00:00+00:00,0.00010683589265970627,2.0200228055799365e-24
2023-09-24 12:00:00+00:00,0.00018163489286421967,2.027855213650542e-24
2023-09-24 16:00:00+00:00,8.626492617041506e-05,2.0400536497890656e-24
2023-09-24 20:00:00+00:00,0.0001698870988158694,2.0273786434436766e-24
2023-09-25 00:00:00+00:00,0.00011525999140426697,2.025045297259212e-24
2023-09-25 04:00:00+00:00,5.359087400464624e-05,2.0347221101417573e-24
2023-09-25 08:00:00+00:00,0.00018785299800078349,2.0321331449506207e-24
2023-09-25 12:00:00+00:00,9.466495873989506e-05,2.0396991449647125e-24
2023-09-25 16:00:00+00:00,0.0001618645846991184,2.0477254582162343e-24
2023-09-25 20:00:00+00:00,0.000165826261113883,2.0627101228239918e-24
2023-09-26 00:00:00+00:00,0.0001510358451238847,2.0728600510402964e-24
2023-09-26 04:00:00+00:00,5.820400672929878e-05,2.0873069620249183e-24
2023-09-26 08:00:00+00:00,1.868966045915321e-05,2.0839018806828664e-24
2023-09-26 12:00:00+00:00,0.00011852611261203077,2.083299327547333e-24
2023-09-26 16:00:00+00:00,3.334443898364276e-05,2.0910515036632467e-24
2023-09-26 20:00:00+00:00,9.37596809479209e-05,2.1032792085633675e-24
2023-09-27 00:00:00+00:00,8.569107979963278e-05,2.0953915300901758e-24
2023-09-27 04:00:00+00:00,0.00015537591696632738,2.0931795490760475e-24
2023-09-27 08:00:00+00:00,0.000160696971192245,2.1087569313254812e-24
2023-09-27 12:00:00+00:00,7.538768912649567e-05,2.112357886548273e-24
2023-09-27 16:00:00+00:00,2.4763920325825667e-05,2.1115172643356776e-24
2023-09-27 20:00:00+00:00,0.00010719515665461108,2.107867310525823e-24
2023-09-28 00:00:00+00:00,0.0001223785848513329,2.1196844710629592e-24
2023-09-28 04:00:00+00:00,-1.3663782573854963e-05,2.124035013522135e-24
2023-09-28 08:00:00+00:00,0.00015206127561300767,2.113795505176644e-24
2023-09-28 12:00:00+00:00,2.5245886683034687e-05,2.1299148264285998e-24
2023-09-28 16:00:00+00:00,8.559941986220817e-05,2.1319749965480384e-24
2023-09-28 20:00:00+00:00,7.580529787500919e-05,2.1390084492856914e-24
2023-09-29 00:00:00+00:00,0.00022035705406782248,2.1411372976535113e-24
2023-09-29 04:00:00+00:00,7.731055986475735e-05,2.1470936765892042e-24
2023-09-29 08:00:00+00:00,4.4243023049746055e-06,2.1576769017812867e-24
2023-09-29 12:00:00+00:00,0.0002025336314119124,2.1544487674559138e-24
2023-09-29 16:00:00+00:00,6.533153107950473e-05,2.1556383476556466e-24
2023-09-29 20:00:00+00:00,6.994668497306438e-05,2.155899722765627e-24
2023-09-30 00:00:00+00:00,0.0001452042024109583,2.134505008647303e-24
2023-09-30 04:00:00+00:00,0.00018236387828197176,2.1323870038652224e-24
2023-09-30 08:00:00+00:00,5.148543044041062e-05,2.131829295186696e-24
2023-09-30 12:00:00+00:00,0.0001499170939965574,2.118795463108828e-24
2023-09-30 16:00:00+00:00,0.0001850013076251947,2.10559184071186e-24
2023-09-30 20:00:00+00:00,0.0001817318080993193,2.1014166493101282e-24
2023-10-01 00:00:00+00:00,0.00017274554887036775,2.0972132755489143e-24
2023-10-01 04:00:00+00:00,0.00015700338988696783,2.1057882036875253e-24
2023-10-01 08:00:00+00:00,0.0001447365734227317,2.0992107680334045e-24
2023-10-01 12:00:00+00:00,0.00017074744537604698,2.0946592023816906e-24
2023-10-01 16:00:00+00:00,2.8303521869449473e-05,2.072508377140674e-24
2023-10-01 20:00:00+00:00,0.0002091165723925628,2.0621702637592083e-24
2023-10-02 00:00:00+00:00,0.00021020307819075948,2.0674577809056758e-24
2023-10-02 04:00:00+00:00,0.00021933479739373357,2.0663803409368276e-24
2023-10-02 08:00:00+00:00,0.0001906480296098832,2.0678693595727987e-24
2023-10-02 12:00:00+00:00,0.00014827178371849093,2.071440747225023e-24
2023-10-02 16:00:00+00:00,0.00011508685533635467,2.0639151226294593e-24
2023-10-02 20:00:00+00:00,0.00014199749087655784,2.0836252060237333e-24
2023-10-03 00:00:00+00:00,0.00013541717454748002,2.07235282949706e-24
2023-10-03 04:00:00+00:00,0.0001951685945864754,2.0693458801805007e-24
2023-10-03 08:00:00+00:00,0.0001460366715679976,2.0687065227259652e-24
2023-10-03 12:00:00+00:00,0.00012205080000425601,2.085373046794004e-24
2023-10-03 16:00:00+00:00,0.00013206173476269442,2.0793101908328597e-24
2023-10-03 20:00:00+00:00,0.0001714650429671537,2.0809558691931606e-24
2023-10-04 00:00:00+00:00,1.3859420958874059e-05,2.0808765806216086e-24
2023-10-04 04:00:00+00:00,0.00011217349871824145,2.1028114562778186e-24
2023-10-04 08:00:00+00:00,6.795034582166916e-05,2.1169542177640912e-24
2023-10-04 12:00:00+00:00,-3.584641230776514e-05,2.1189799849239836e-24
2023-10-04 16:00:00+00:00,6.062407071004078e-05,2.1262973498534387e-24
2023-10-04 20:00:00+00:00,0.00017199036135431072,2.124994562150718e-24
2023-10-05 00:00:00+00:00,0.00020901707947511706,2.1237153046251837e-24
2023-10-05 04:00:00+00:00,4.7701516375297586e-05,2.122141263098121e-24
2023-10-05 08:00:00+00:00,4.885609294175217e-05,2.1492718002811507e-24
2023-10-05 12:00:00+00:00,9.898609570542418e-05,2.1365530222504228e-24
2023-10-05 16:00:00+00:00,9.827678897333501e-05,2.1169934993453845e-24
2023-10-05 20:00:00+00:00,-3.505795632089673e-05,2.1149200818890113e-24
2023-10-06 00:00:00+00:00,1.0553807478130723e-05,2.1201638446038894e-24
2023-10-06 04:00:00+00:00,1.7376761178049164e-05,2.1318894606222527e-24
2023-10-06 08:00:00+00:00,7.467633037242977e-05,2.1311384182587742e-24
2023-10-06 12:00:00+00:00,9.504300821564575e-05,2.1211317945730852e-24
2023-10-06 16:00:00+00:00,4.824324798206433e-05,2.107522631447158e-24
2023-10-06 20:00:00+00:00,0.00016910557806847136,2.1077047561830026e-24
2023-10-07 00:00:00+00:00,9.172480966955305e-05,2.1103213015437136e-24
2023-10-07 04:00:00+00:00,9.036866582231249e-05,2.1091970415185398e-24
2023-10-07 08:00:00+00:00,0.00016482063994444334,2.1010502701400063e-24
2023-10-07 12:00:00+00:00,9.633345085572508e-05,2.092832223837703e-24
2023-10-07 16:00:00+00:00,0.00012017191937940264,2.0931740199830823e-24
2023-10-07 20:00:00+00:00,0.00015816806303953332,2.0770228235164647e-24
2023-10-08 00:00:00+00:00,2.895794084779996e-05,2.0787826918666873e-24
2023-10-08 04:00:00+00:00,0.00012095161112581606,2.0900817043917547e-24
2023-10-08 08:00:00+00:00,9.56552134675351e-05,2.093073577846408e-24
2023-10-08 12:00:00+00:00,2.0869137425794414e-05,2.1056284378565716e-24
2023-10-08 16:00:00+00:00,5.273911711520541e-05,2.112140533719032e-24
2023-10-08 20:00:00+00:00,-2.5137656396741133e-05,2.1140822316459035e-24
2023-10-09 00:00:00+00:00,0.00016827635393143665,2.1082960570315152e-24
2023-10-09 04:00:00+00:00,8.698199088368336e-05,2.1315932854158203e-24
2023-10-09 08:00:00+00:00,5.698852719593195e-05,2.146795440688497e-24
2023-10-09 12:00:00+00:00,0.00010483274292946034,2.164031248600071e-24
2023-10-09 16:00:00+00:00,5.753777821413482e-05,2.1894856045897563e-24
2023-10-09 20:00:00+00:00,-5.482559100982496e-05,2.1953741031073317e-24
2023-10-10 00:00:00+00:00,0.00011961859663109481,2.2096695077722845e-24
2023-10-10 04:00:00+00:00,0.00016649274809450682,2.1928838380915298e-24
2023-10-10 08:00:00+00:00,2.5479307489832836e-05,2.1767063879125053e-24
2023-10-10 12:00:00+00:00,6.423458995220288e-05,2.1790247488375523e-24
2023-10-10 16:00:00+00:00,4.5326677367484795e-05,2.1651353916902093e-24
2023-10-10 20:00:00+00:00,6.374416684066808e-06,2.170601508965313e-24
2023-10-11 00:00:00+00:00,4.859739545451063e-05,2.1908058211853256e-24
2023-10-11 04:00:00+00:00,2.0479079696985886e-05,2.1926567957265446e-24
2023-10-11 08:00:00+00:00,0.00011485437528491809,2.19209669873841e-24
2023-10-11 12:00:00+00:00,0.00017377545549278613,2.198970530592264e-24
2023-10-11 16:00:00+00:00,0.00013500587883895023,2.20123251574205e-24
2023-10-11 20:00:00+00:00,8.78743491446569e-05,2.2066437636119745e-24
2023-10-12 00:00:00+00:00,0.00011774325798357523,2.2034811947783875e-24
2023-10-12 04:00:00+00:00,8.888488736665459e-05,2.1953726929104353e-24
2023-10-12 08:00:00+00:00,0.00019682074389386242,2.1931733215285183e-24
2023-10-12 12:00:00+00:00,0.00011151199426742975,2.207102127224288e-24
2023-10-12 16:00:00+00:00,-3.1256520062456526e-05,2.2156408470350393e-24
2023-10-12 20:00:00+00:00,7.679577750124606e-05,2.2303678652887183e-24
2023-10-13 00:00:00+00:00,-6.724348547504917e-08,2.2377711831009583e-24
2023-10-13 04:00:00+00:00,8.221924525517243e-05,2.2419971214252765e-24
2023-10-13 08:00:00+00:00,3.346310439994716e-05,2.2606983470208377e-24
2023-10-13 12:00:00+00:00,1.6087341508299515e-05,2.2609484464640282e-24
2023-10-13 16:00:00+00:00,6.195769458349401e-05,2.2685714597818875e-24
2023-10-13 20:00:00+00:00,5.116350664624451e-05,2.261465280880644e-24
2023-10-14 00:00:00+00:00,0.00012045831470878744,2.2510634334274366e-24
2023-10-14 04:00:00+00:00,0.00010969610763333057,2.266337117897026e-24
2023-10-14 08:00:00+00:00,0.0002127990270837366,2.2795580500429045e-24
2023-10-14 12:00:00+00:00,4.850889787149115e-06,2.276368709168018e-24
2023-10-14 16:00:00+00:00,0.00010071716425032558,2.2911664506660152e-24
2023-10-14 20:00:00+00:00,0.0001019136608812326,2.2863486460422327e-24
2023-10-15 00:00:00+00:00,0.00018970183276057823,2.291758860351476e-24
2023-10-15 04:00:00+00:00,8.005839858898666e-05,2.293865778053691e-24
2023-10-15 08:00:00+00:00,0.00021331992164740516,2.3110299998863197e-24
2023-10-15 12:00:00+00:00,5.918740377812669e-05,2.317781101097842e-24
2023-10-15 16:00:00+00:00,0.00016383188986812943,2.3346704182457987e-24
2023-10-15 20:00:00+00:00,3.357791002403944e-05,2.336419626377472e-24
2023-10-16 00:00:00+00:00,9.690395487418895e-05,2.329249952225759e-24
2023-10-16 04:00:00+00:00,8.481129533140165e-05,2.3263615238870568e-24
2023-10-16 08:00:00+00:00,0.00017231973236914503,2.3353213622315327e-24
2023-10-16 12:00:00+00:00,0.00014507648445440168,2.338537936048527e-24
2023-10-16 16:00:00+00:00,0.00010467068335367222,2.330629553905697e-24
2023-10-16 20:00:00+00:00,0.00011569563119329375,2.3307435245148705e-24
2023-10-17 00:00:00+00:00,0.00011170722621813638,2.343588992560935e-24
2023-10-17 04:00:00+00:00,0.00011507038041698778,2.3356269220239485e-24
2023-10-17 08:00:00+00:00,0.00016982494726136853,2.337557260724256e-24
2023-10-17 12:00:00+00:00,0.00021916128796278475,2.3404445450376103e-24
2023-10-17 16:00:00+00:00,0.00014638866337909561,2.33040953712938e-24
2023-10-17 20:00:00+00:00,0.00015080792326505212,2.3227075263712183e-24
2023-10-18 00:00:00+00:00,0.00012279705151095713,2.3299006979631574e-24
2023-10-18 04:00:00+00:00,4.575901238426643e-05,2.3312153377860367e-24
2023-10-18 08:00:00+00:00,0.00011333208829422304,2.3445401447863715e-24
2023-10-18 12:00:00+00:00,0.00014024436073183493,2.3511343602512852e-24
2023-10-18 16:00:00+00:00,4.5602997531606526e-05,2.3603262051436933e-24
2023-10-18 20:00:00+00:00,0.00013552954312910404,2.3577998098591802e-24
2023-10-19 00:00:00+00:00,2.8119787460611562e-05,2.374225897248764e-24
2023-10-19 04:00:00+00:00,0.00011156520957634329,2.3980511567927603e-24
2023-10-19 08:00:00+00:00,4.433642710886221e-06,2.397666230475674e-24
2023-10-19 12:00:00+00:00,7.56289543786487e-05,2.433487749959145e-24
2023-10-19 16:00:00+00:00,3.568923019353362e-05,2.431631298915029e-24
2023-10-19 20:00:00+00:00,0.00012694774779440905,2.4231015870398128e-24
2023-10-20 00:00:00+00:00,1.0683071417739597e-05,2.4219400838418805e-24
2023-10-20 04:00:00+00:00,0.00012775784674275815,2.431449521189219e-24
2023-10-20 08:00:00+00:00,0.0001814570867380461,2.4104301980772345e-24
2023-10-20 12:00:00+00:00,0.000254350177681162,2.4171750338773415e-24
2023-10-20 16:00:00+00:00,0.00019399066713685163,2.430497610389479e-24
2023-10-20 20:00:00+00:00,8.317825555591169e-05,2.4483009643090254e-24
2023-10-21 00:00:00+00:00,8.923557808258806e-05,2.4804515322444402e-24
2023-10-21 04:00:00+00:00,0.00010517811677333207,2.4907890131659977e-24
2023-10-21 08:00:00+00:00,0.00018231673569921023,2.4703387156677127e-24
2023-10-21 12:00:00+00:00,0.00019648910475959086,2.477054279149908e-24
2023-10-21 16:00:00+00:00,0.0001377165759376262,2.4775112773201887e-24
2023-10-21 20:00:00+00:00,0.0001939345800809073,2.492589631950277e-24
2023-10-22 00:00:00+00:00,0.00016640986525495748,2.4999780651438647e-24
2023-10-22 04:00:00+00:00,0.00015578286820464515,2.5127496276780916e-24
2023-10-22 08:00:00+00:00,0.00010952212959967433,2.4922621341246274e-24
2023-10-22 12:00:00+00:00,0.00012106836885055637,2.4964713905518093e-24
2023-10-22 16:00:00+00:00,0.00013792208350562436,2.505801900037951e-24
2023-10-22 20:00:00+00:00,6.667872684152943e-05,2.5192883630543334e-24
2023-10-23 00:00:00+00:00,0.0002049579253667962,2.5072431810046092e-24
2023-10-23 04:00:00+00:00,0.0001826291336066218,2.491263865340046e-24
2023-10-23 08:00:00+00:00,0.00019490340500015872,2.4967604754188603e-24
2023-10-23 12:00:00+00:00,0.0001387453439436036,2.5113376779482555e-24
2023-10-23 16:00:00+00:00,8.108034164808667e-05,2.5088666298886473e-24
2023-10-23 20:00:00+00:00,0.00013011216333273331,2.515282315289437e-24
2023-10-24 00:00:00+00:00,0.00015405788398959396,2.502618652238544e-24
2023-10-24 04:00:00+00:00,0.000161938187457337,2.4944669440262343e-24
2023-10-24 08:00:00+00:00,6.592739043496917e-05,2.4948781325556755e-24
2023-10-24 12:00:00+00:00,0.00017111120439506982,2.508841641525178e-24
2023-10-24 16:00:00+00:00,3.541233110986632e-05,2.5020444419174484e-24
2023-10-24 20:00:00+00:00,0.00011401390747540002,2.5017626966764144e-24
2023-10-25 00:00:00+00:00,0.00024065297824503858,2.4964140551262757e-24
2023-10-25 04:00:00+00:00,6.853158181855129e-06,2.4951695884273033e-24
2023-10-25 08:00:00+00:00,0.00015797176991824856,2.511395694293951e-24
2023-10-25 12:00:00+00:00,0.0001917161899644537,2.5039752864288142e-24
2023-10-25 16:00:00+00:00,0.00016917921546962412,2.5030324642372693e-24
2023-10-25 20:00:00+00:00,3.242902796119618e-05,2.5100721626551337e-24
2023-10-26 00:00:00+00:00,0.00014126874248539785,2.526922947899463e-24
2023-10-26 04:00:00+00:00,7.985356942054852e-05,2.5253644049358645e-24
2023-10-26 08:00:00+00:00,0.00012029392308553559,2.5131109169821e-24
2023-10-26 12:00:00+00:00,9.555447458712959e-05,2.52753189664311e-24
2023-10-26 16:00:00+00:00,0.00016608872032091132,2.5300689298141865e-24
2023-10-26 20:00:00+00:00,4.455963685242971e-05,2.5310783453611863e-24
2023-10-27 00:00:00+00:00,3.923746263732388e-05,2.5338692695847577e-24
2023-10-27 04:00:00+00:00,0.00010252734636686876,2.5263473284847335e-24
2023-10-27 08:00:00+00:00,0.00014546749163117496,2.5238940502429312e-24
2023-10-27 12:00:00+00:00,5.048641979421298e-05,2.5223827874966243e-24
2023-10-27 16:00:00+00:00,7.015783360314632e-05,2.5332986817693774e-24
2023-10-27 20:00:00+00:00,5.368771648966903e-05,2.5506683236378786e-24
2023-10-28 00:00:00+00:00,5.689675768261986e-05,2.5348292219695985e-24
2023-10-28 04:00:00+00:00,0.00010468689942341676,2.5622491925716624e-24
2023-10-28 08:00:00+00:00,0.00010033603176878179,2.5625390369824398e-24
2023-10-28 12:00:00+00:00,0.00010599970373831861,2.5625566782014444e-24
2023-10-28 16:00:00+00:00,0.00010466950333832016,2.5299160160269704e-24
2023-10-28 20:00:00+00:00,5.623007935734659e-05,2.5457914989272183e-24
2023-10-29 00:00:00+00:00,3.197814841223751e-05,2.5440332928484432e-24
2023-10-29 04:00:00+00:00,0.00011112071094323689,2.5496592655616846e-24
2023-10-29 08:00:00+00:00,7.61613125832411e-05,2.5523367713437857e-24
2023-10-29 12:00:00+00:00,0.00013348277971053987,2.574686045385013e-24
2023-10-29 16:00:00+00:00,0.0001208310517500905,2.579425258105103e-24
2023-10-29 20:00:00+00:00,0.00015355776205820543,2.5834558071941246e-24
2023-10-30 00:00:00+00:00,4.928399453542583e-05,2.5870069966777628e-24
2023-10-30 04:00:00+00:00,9.737684900775227e-05,2.591450776525094e-24
2023-10-30 08:00:00+00:00,0.00013128503185243356,2.6085026928684887e-24
2023-10-30 12:00:00+00:00,8.444955104054677e-05,2.615770169074561e-24
2023-10-30 16:00:00+00:00,0.0001038877125820894,2.602281859383036e-24
2023-10-30 20:00:00+00:00,0.00011889039820060798,2.6062476301567466e-24
2023-10-31 00:00:00+00:00,0.00013779781156329966,2.632357410414554e-24
2023-10-31 04:00:00+00:00,0.0001767661336326521,2.6268230086960028e-24
2023-10-31 08:00:00+00:00,0.00016089159175477195,2.6357779894691775e-24
2023-10-31 12:00:00+00:00,0.0002341681901868973,2.6398171169882754e-24
2023-10-31 16:00:00+00:00,0.00012336611692628113,2.6328509404105958e-24
2023-10-31 20:00:00+00:00,0.0002018779083015112,2.6635914105243242e-24
2023-11-01 00:00:00+00:00,0.00010771960900584807,2.6801919352324597e-24
2023-11-01 04:00:00+00:00,0.00025625784368635697,2.680144191159169e-24
2023-11-01 08:00:00+00:00,0.00016792492358486927,2.6666453477610873e-24
2023-11-01 12:00:00+00:00,0.00016999950422366542,2.6554885765600624e-24
2023-11-01 16:00:00+00:00,0.00016232683110273336,2.6712496470295054e-24
2023-11-01 20:00:00+00:00,0.00016520855094189683,2.6661541150582936e-24
2023-11-02 00:00:00+00:00,0.00016977683475802394,2.6723374808645848e-24
2023-11-02 04:00:00+00:00,0.00024066944905781946,2.678379873429191e-24
2023-11-02 08:00:00+00:00,0.00020892587236777553,2.684227165177442e-24
2023-11-02 12:00:00+00:00,0.00013798536276183284,1.8789590156242096e-24
2023-11-02 16:00:00+00:00,0.00017796509774505313,1.882438256554332e-24
2023-11-02 20:00:00+00:00,0.00012929576571807787,1.8807499783738294e-24
2023-11-03 00:00:00+00:00,0.00011770364454652265,1.893615551055566e-24
2023-11-03 04:00:00+00:00,0.00012739320585130698,1.874781165623835e-24
2023-11-03 08:00:00+00:00,0.00010363792688758441,1.878720019506353e-24
2023-11-03 12:00:00+00:00,0.00013177699793207512,1.8978822173615923e-24
2023-11-03 16:00:00+00:00,6.482428394178214e-05,1.889096357268505e-24
2023-11-03 20:00:00+00:00,0.00011325826166454411,1.8872493964928988e-24
2023-11-04 00:00:00+00:00,-1.4369242707305785e-06,1.897366510016604e-24
2023-11-04 04:00:00+00:00,7.990169546533558e-05,1.89435997229172e-24
2023-11-04 08:00:00+00:00,-1.6476498297424742e-05,1.8989206821732537e-24
2023-11-04 12:00:00+00:00,3.182057057774699e-05,1.892189274892572e-24
2023-11-04 16:00:00+00:00,0.0001680520024116053,1.894098775226804e-24
2023-11-04 20:00:00+00:00,8.832885737834783e-05,1.909203175875406e-24
2023-11-05 00:00:00+00:00,6.65259790443736e-05,1.9076809933780104e-24
2023-11-05 04:00:00+00:00,7.543796957693144e-05,1.9171535289712322e-24
2023-11-05 08:00:00+00:00,0.0001852120724187487,1.9046898749244872e-24
2023-11-05 12:00:00+00:00,0.00011121791609476366,1.9032198008170608e-24
2023-11-05 16:00:00+00:00,7.19836477536489e-05,1.908375448985861e-24
2023-11-05 20:00:00+00:00,0.00016849432553915926,1.9281244149817058e-24
2023-11-06 00:00:00+00:00,6.399616050454932e-05,1.942763501657756e-24
2023-11-06 04:00:00+00:00,8.103389543823395e-05,1.9619154800490156e-24
2023-11-06 08:00:00+00:00,5.014060958762655e-05,1.9684496799695667e-24
2023-11-06 12:00:00+00:00,7.16894247436731e-05,1.9602844390785292e-24
2023-11-06 16:00:00+00:00,0.00013862704508101515,1.975127269070456e-24
2023-11-06 20:00:00+00:00,3.0412472075745665e-05,1.982969848455816e-24
2023-11-07 00:00:00+00:00,9.855489603055537e-05,1.9765864469140458e-24
2023-11-07 04:00:00+00:00,0.0001299626488330812,1.970128413398929e-24
2023-11-07 08:00:00+00:00,0.0001889305122161727,1.9534982725008664e-24
2023-11-07 12:00:00+00:00,7.320429485627667e-05,1.9515471105937303e-24
2023-11-07 16:00:00+00:00,0.000189860280385186,1.9607614540825625e-24
2023-11-07 20:00:00+00:00,0.00013276112233860792,1.9439256009832534e-24
2023-11-08 00:00:00+00:00,0.00015883874014447087,1.9420781517920423e-24
2023-11-08 04:00:00+00:00,0.00013268446307333553,1.9501437563958706e-24
2023-11-08 08:00:00+00:00,0.00015726164320978682,1.965048861291853e-24
2023-11-08 12:00:00+00:00,0.0001675245633093853,1.9630591876142552e-24
2023-11-08 16:00:00+00:00,0.00013243089230889786,1.9519539569273875e-24
2023-11-08 20:00:00+00:00,0.0001538638010734972,1.9678632654769926e-24
2023-11-09 00:00:00+00:00,7.322331934369366e-05,1.9642293671991043e-24
2023-11-09 04:00:00+00:00,0.00013542997504081025,1.9550106256094013e-24
2023-11-09 08:00:00+00:00,-4.0218886075899624e-05,1.940128939441467e-24
2023-11-09 12:00:00+00:00,0.00019898515261795158,1.9483115307719743e-24
2023-11-09 16:00:00+00:00,0.0001378639324652111,1.9425354817387113e-24
2023-11-09 20:00:00+00:00,2.1966970020694004e-05,1.946149929883235e-24
2023-11-10 00:00:00+00:00,0.0002211005769685592,1.9430283862176182e-24
2023-11-10 04:00:00+00:00,0.00027083520382974896,1.966195528149543e-24
2023-11-10 08:00:00+00:00,0.0002470221940049627,1.9728265317160254e-24
2023-11-10 12:00:00+00:00,0.00018139667746727985,1.9760402002086973e-24
2023-11-10 16:00:00+00:00,0.0002389660822889664,1.9722701568820063e-24
2023-11-10 20:00:00+00:00,0.00015024254941183458,1.9751042054003298e-24
2023-11-11 00:00:00+00:00,0.00023971154818157732,1.9515346988295935e-24
2023-11-11 04:00:00+00:00,0.00016078379459282893,1.947587950023065e-24
2023-11-11 08:00:00+00:00,8.617807169218162e-05,1.9452720932368763e-24
2023-11-11 12:00:00+00:00,0.0002638450246151738,1.939562876143037e-24
2023-11-11 16:00:00+00:00,0.0001881674140415618,1.924925040844389e-24
2023-11-11 20:00:00+00:00,0.00022372523416435525,1.3474475285910723e-24
2023-11-12 00:00:00+00:00,0.0002423466557770538,1.3474820397687928e-24
2023-11-12 04:00:00+00:00,0.00020579658088206592,1.3421608236337261e-24
2023-11-12 08:00:00+00:00,0.00020649036688397333,1.3382106311985988e-24
2023-11-12 12:00:00+00:00,0.0001268130346840651,1.3381945250708042e-24
2023-11-12 16:00:00+00:00,0.00010687877311533986,1.3383326199762079e-24
2023-11-12 20:00:00+00:00,2.4260294720693405e-05,1.3219106517918495e-24
2023-11-13 00:00:00+00:00,8.197594376208156e-05,1.330698243134496e-24
2023-11-13 04:00:00+00:00,0.00010763633437919841,1.3306145905777627e-24
2023-11-13 08:00:00+00:00,3.649857582600162e-05,1.3259427343156427e-24
2023-11-13 12:00:00+00:00,5.701389112961846e-05,1.325931775290775e-24
2023-11-13 16:00:00+00:00,5.85069235686452e-05,1.3121487773112346e-24
2023-11-13 20:00:00+00:00,2.677861746715675e-05,9.185041441178642e-25
2023-11-14 00:00:00+00:00,7.529294694155032e-05,9.19795826143886e-25
2023-11-14 04:00:00+00:00,0.00012807491983429312,9.314227590182186e-25
2023-11-14 08:00:00+00:00,9.688331604549381e-05,9.357388693553588e-25
2023-11-14 12:00:00+00:00,0.00011133257034324107,9.359445903249318e-25
2023-11-14 16:00:00+00:00,7.23779099190799e-05,9.387083578653944e-25
2023-11-14 20:00:00+00:00,0.00014089927510881796,9.29183358509461e-25
2023-11-15 00:00:00+00:00,0.00013791153596448536,9.193261770710715e-25
2023-11-15 04:00:00+00:00,5.003502325311447e-05,9.175122256954578e-25
2023-11-15 08:00:00+00:00,0.00012065353444042955,9.129414434071096e-25
2023-11-15 12:00:00+00:00,0.0002645898921688404,9.108580505459712e-25
2023-11-15 16:00:00+00:00,0.00018713506849875856,9.167379822439331e-25
2023-11-15 20:00:00+00:00,0.00022326654955940852,9.181655026863788e-25
2023-11-16 00:00:00+00:00,0.00015555755680671113,9.100634459486451e-25
2023-11-16 04:00:00+00:00,9.781159749807512e-05,9.1089263385424e-25
2023-11-16 08:00:00+00:00,0.0001378305232180487,9.098419797143597e-25
2023-11-16 12:00:00+00:00,0.00010048993257929143,9.142118362874497e-25
2023-11-16 16:00:00+00:00,0.00018737923329542917,9.2068610066394e-25
2023-11-16 20:00:00+00:00,7.9597399345517e-05,6.44480270464758e-25
2023-11-17 00:00:00+00:00,0.00011291467221246501,6.49029796863131e-25
2023-11-17 04:00:00+00:00,2.4031268549269276e-05,6.515707493016404e-25
2023-11-17 08:00:00+00:00,0.0001324956140840374,6.5074372073042995e-25
2023-11-17 12:00:00+00:00,-4.124405517828685e-05,4.555206045113009e-25
2023-11-17 16:00:00+00:00,0.00014344493455432418,4.540804887419709e-25
2023-11-17 20:00:00+00:00,0.00010581819547539039,4.551659488477618e-25
2023-11-18 00:00:00+00:00,4.877569046201518e-05,4.534947320535183e-25
2023-11-18 04:00:00+00:00,5.694828215222278e-06,4.491356544697486e-25
2023-11-18 08:00:00+00:00,0.00016264185445942996,4.478014309256597e-25
2023-11-18 12:00:00+00:00,9.577157822347858e-05,4.489231818873553e-25
2023-11-18 16:00:00+00:00,7.190716577089879e-05,4.495726063419344e-25
2023-11-18 20:00:00+00:00,0.00010418972636139696,4.526048669453323e-25
2023-11-19 00:00:00+00:00,6.386933289881612e-05,4.513060758987128e-25
2023-11-19 04:00:00+00:00,0.00017330099370637523,4.498733503014125e-25
2023-11-19 08:00:00+00:00,0.00010388415946772959,4.522705363517457e-25
2023-11-19 12:00:00+00:00,0.00012198793846315644,4.50867123594724e-25
2023-11-19 16:00:00+00:00,0.00020034860006168742,4.515681714973181e-25
2023-11-19 20:00:00+00:00,6.807725914140803e-05,4.531560340919027e-25
2023-11-20 00:00:00+00:00,8.182599967020169e-05,4.51772597505749e-25
2023-11-20 04:00:00+00:00,-1.3555449449394878e-06,4.486188310536632e-25
2023-11-20 08:00:00+00:00,0.00013927938099465403,4.511201759436031e-25
2023-11-20 12:00:00+00:00,6.867267910504208e-05,4.514100526313383e-25
2023-11-20 16:00:00+00:00,0.00011818545420303518,4.536263255866224e-25
2023-11-20 20:00:00+00:00,4.432135666373454e-05,4.536160868512846e-25
2023-11-21 00:00:00+00:00,8.044928480810374e-05,4.535224805282361e-25
2023-11-21 04:00:00+00:00,0.00012169058099324243,4.505274584908545e-25
2023-11-21 08:00:00+00:00,7.424858173162244e-05,4.481912045060882e-25
2023-11-21 12:00:00+00:00,9.014648421258825e-05,4.486683693508364e-25
2023-11-21 16:00:00+00:00,3.5393984897942815e-05,4.491022383563837e-25
2023-11-21 20:00:00+00:00,2.9804191072803034e-05,3.143715668494686e-25
2023-11-22 00:00:00+00:00,8.966385053944309e-05,3.115837805453563e-25
2023-11-22 04:00:00+00:00,-8.806984717701962e-06,3.1139469883280544e-25
2023-11-22 08:00:00+00:00,8.61610785443968e-05,3.0959285218084967e-25
2023-11-22 12:00:00+00:00,6.839831337768795e-05,3.1281702937046534e-25
2023-11-22 16:00:00+00:00,2.582655031058783e-07,3.124463151607173e-25
2023-11-22 20:00:00+00:00,3.208529000849099e-05,3.1318557686700347e-25
2023-11-23 00:00:00+00:00,0.00015245075761979415,3.1130409908558137e-25
2023-11-23 04:00:00+00:00,5.1122914112360286e-05,3.122750111970346e-25
2023-11-23 08:00:00+00:00,8.922757361086053e-05,3.125179582095195e-25
2023-11-23 12:00:00+00:00,8.504073711353945e-05,3.1435243389196817e-25
2023-11-23 16:00:00+00:00,9.14594742742993e-05,3.1499810147957064e-25
2023-11-23 20:00:00+00:00,0.00013283387035800006,3.1653039041530307e-25
2023-11-24 00:00:00+00:00,0.0001614054061305226,3.157724637013168e-25
2023-11-24 04:00:00+00:00,9.492306033674776e-05,3.147138197679204e-25
2023-11-24 08:00:00+00:00,0.00014594540487009597,3.1398779958650864e-25
2023-11-24 12:00:00+00:00,0.0001481072188386668,3.1627840550221676e-25
2023-11-24 16:00:00+00:00,5.955694749921952e-05,3.1696535897616396e-25
2023-11-24 20:00:00+00:00,7.619415885998822e-05,3.188580730231272e-25
2023-11-25 00:00:00+00:00,0.00013688259490566375,3.2017243998915363e-25
2023-11-25 04:00:00+00:00,0.00013265397882645556,3.1802248880856544e-25
2023-11-25 08:00:00+00:00,0.00010584844857345905,3.1667949195923756e-25
2023-11-25 12:00:00+00:00,0.00013784588655709517,3.179013563694131e-25
2023-11-25 16:00:00+00:00,2.3146607033987304e-05,3.1614508441671314e-25
2023-11-25 20:00:00+00:00,0.00011486152685794027,3.1481774519935814e-25
2023-11-26 00:00:00+00:00,-3.895250541737332e-05,3.1504769028396725e-25
2023-11-26 04:00:00+00:00,0.00015671982758301204,3.132811201202296e-25
2023-11-26 08:00:00+00:00,0.00010632001596433143,3.1329396522668647e-25
2023-11-26 12:00:00+00:00,9.542714526234513e-05,3.1505791079204692e-25
2023-11-26 16:00:00+00:00,0.00010707282803573516,3.1322039941761274e-25
2023-11-26 20:00:00+00:00,0.00010921385296560121,3.1154256352881705e-25
2023-11-27 00:00:00+00:00,0.0001438571879593825,3.1291955623941497e-25
2023-11-27 04:00:00+00:00,7.602390319221874e-05,3.1326801672969593e-25
2023-11-27 08:00:00+00:00,7.369759857966336e-05,3.1339850899882527e-25
2023-11-27 12:00:00+00:00,8.03825111188756e-05,3.152751356126225e-25
2023-11-27 16:00:00+00:00,-1.9393616531165302e-05,3.1367891316173624e-25
2023-11-27 20:00:00+00:00,0.00016727835517952824,3.1590747303609647e-25
2023-11-28 00:00:00+00:00,3.521282356453485e-05,3.169841445867545e-25
2023-11-28 04:00:00+00:00,0.00010222752102058656,3.1823404776034987e-25
2023-11-28 08:00:00+00:00,3.3436822132086126e-05,3.1660836606647435e-25
2023-11-28 12:00:00+00:00,0.00021474508834988868,3.155757696753956e-25
2023-11-28 16:00:00+00:00,0.00011753333768212758,3.1679869830985917e-25
2023-11-28 20:00:00+00:00,5.930456909495379e-05,3.181429289195744e-25
2023-11-29 00:00:00+00:00,0.00013327039888971073,3.178092377518913e-25
2023-11-29 04:00:00+00:00,7.645880891552257e-05,3.1675356000170925e-25
2023-11-29 08:00:00+00:00,0.0001220167789023307,3.154433388977476e-25
2023-11-29 12:00:00+00:00,0.00019808555765857922,3.1770917323772042e-25
2023-11-29 16:00:00+00:00,0.00014504125760309442,3.1756497503861413e-25
2023-11-29 20:00:00+00:00,9.575286466577247e-05,3.154183708448568e-25
2023-11-30 00:00:00+00:00,0.00010783615601154135,3.1698640857348745e-25
2023-11-30 04:00:00+00:00,0.00021493050186785565,3.172967949960334e-25
2023-11-30 08:00:00+00:00,0.0002524429187076583,3.168392835496805e-25
2023-11-30 12:00:00+00:00,0.00020703446067278143,3.1806489697956265e-25
2023-11-30 16:00:00+00:00,0.00013708942968823835,3.1879643480248825e-25
2023-11-30 20:00:00+00:00,0.00015204197304358373,3.213803384623398e-25
2023-12-01 00:00:00+00:00,0.00010536513346146348,3.2320705787560664e-25
2023-12-01 04:00:00+00:00,8.345641300778682e-05,3.2602857412296123e-25
2023-12-01 08:00:00+00:00,9.117627740503125e-05,3.2385783014465903e-25
2023-12-01 12:00:00+00:00,0.00018610336942219695,3.250109183630274e-25
2023-12-01 16:00:00+00:00,0.00014100079773069358,3.2714066039245906e-25
2023-12-01 20:00:00+00:00,5.6704259977200776e-05,3.2583343943946613e-25
2023-12-02 00:00:00+00:00,0.00015453457206642785,3.2619393749781235e-25
2023-12-02 04:00:00+00:00,0.00012950858700870919,3.2464474281384237e-25
2023-12-02 08:00:00+00:00,0.00010566094600996222,3.2670481003483715e-25
2023-12-02 12:00:00+00:00,0.0002638504841461625,3.273779722181706e-25
2023-12-02 16:00:00+00:00,0.0001059057273012089,3.289846971182875e-25
2023-12-02 20:00:00+00:00,0.0001632001484646006,3.290020193035744e-25
2023-12-03 00:00:00+00:00,0.00015958402783207177,3.2792154402948803e-25
2023-12-03 04:00:00+00:00,0.00012206749185819673,3.2944070736073197e-25
2023-12-03 08:00:00+00:00,0.00011879807987295682,3.3029719253323775e-25
2023-12-03 12:00:00+00:00,0.00014807818647028857,3.291193220516298e-25
2023-12-03 16:00:00+00:00,0.00014492357920855594,3.2909034281093672e-25
2023-12-03 20:00:00+00:00,0.00016259992954692148,3.2416088030600467e-25
2023-12-04 00:00:00+00:00,0.00017047005090669825,3.2368041489302494e-25
2023-12-04 04:00:00+00:00,9.845337943293576e-05,3.221828946796218e-25
2023-12-04 08:00:00+00:00,0.00010921113585199684,3.2217556404447755e-25
2023-12-04 12:00:00+00:00,0.00010651878247024486,3.202299642220926e-25
2023-12-04 16:00:00+00:00,0.0001076261602157455,3.197386732122395e-25
2023-12-04 20:00:00+00:00,0.0001902594915314959,3.199823314812713e-25
2023-12-05 00:00:00+00:00,-3.432924465323736e-05,3.202518331159971e-25
2023-12-05 04:00:00+00:00,0.00013388006372701717,3.193815053144734e-25
2023-12-05 08:00:00+00:00,5.070991125777459e-05,3.1800957366215593e-25
2023-12-05 12:00:00+00:00,0.00012195973981149134,3.193496001220448e-25
2023-12-05 16:00:00+00:00,0.00010934772134575419,3.205849662211361e-25
2023-12-05 20:00:00+00:00,0.00014300389175982882,3.2116102798955313e-25
2023-12-06 00:00:00+00:00,5.275707366948807e-06,3.231493653201451e-25
2023-12-06 04:00:00+00:00,8.62092630332638e-05,3.2515890939768615e-25
2023-12-06 08:00:00+00:00,0.0001686385389330098,3.256685897886462e-25
2023-12-06 12:00:00+00:00,0.00015722200129865245,3.272774533514838e-25
2023-12-06 16:00:00+00:00,0.00019120008661671295,3.279898830703828e-25
2023-12-06 20:00:00+00:00,9.082218172665023e-05,3.2825111515472482e-25
2023-12-07 00:00:00+00:00,0.00014138556600667691,3.278158322619743e-25
2023-12-07 04:00:00+00:00,9.186760661379805e-05,3.2809410525001166e-25
2023-12-07 08:00:00+00:00,0.0001043192112978518,3.3038439730497553e-25
2023-12-07 12:00:00+00:00,9.88332888799972e-05,3.304992578800398e-25
2023-12-07 16:00:00+00:00,0.00012091978838910407,3.3070899443852827e-25
2023-12-07 20:00:00+00:00,0.0001858202890463749,3.2892107318394203e-25
2023-12-08 00:00:00+00:00,0.00012307441321922393,3.30551180999901e-25
2023-12-08 04:00:00+00:00,0.00017974184211033467,3.30912754431675e-25
2023-12-08 08:00:00+00:00,0.00011272641413134519,3.307992525469345e-25
2023-12-08 12:00:00+00:00,5.771485088515413e-05,3.2960787970078536e-25
2023-12-08 16:00:00+00:00,0.0001428234625757894,3.3065484723635604e-25
2023-12-08 20:00:00+00:00,0.00019620260469405118,3.3196368430144033e-25
2023-12-09 00:00:00+00:00,0.0001288578295249473,3.3401925011547505e-25
2023-12-09 04:00:00+00:00,0.00014697206902157759,3.3357409135358603e-25
2023-12-09 08:00:00+00:00,0.00015243538919511946,3.338787802506496e-25
2023-12-09 12:00:00+00:00,0.00012635149036505,3.359717683611289e-25
2023-12-09 16:00:00+00:00,0.0001748169244846163,3.355332333109795e-25
2023-12-09 20:00:00+00:00,8.409659650665302e-05,3.3377491621116757e-25
2023-12-10 00:00:00+00:00,7.269579527831424e-05,3.350737748759418e-25
2023-12-10 04:00:00+00:00,5.177887266957903e-05,3.3727719171561573e-25
2023-12-10 08:00:00+00:00,0.00013990438460277844,3.3783606927688163e-25
2023-12-10 12:00:00+00:00,0.00017090056500608763,3.3984760496041416e-25
2023-12-10 16:00:00+00:00,0.00011914385954259255,3.3921554153827235e-25
2023-12-10 20:00:00+00:00,5.773243404949688e-05,3.395345943282365e-25
2023-12-11 00:00:00+00:00,0.00010589617432821422,2.3767421602976556e-25
2023-12-11 04:00:00+00:00,2.983852842294827e-06,2.3917347205244186e-25
2023-12-11 08:00:00+00:00,6.991677444470474e-05,2.4201294195864293e-25
2023-12-11 12:00:00+00:00,-3.561969099266935e-05,2.4277548795425536e-25
2023-12-11 16:00:00+00:00,1.5347651730285618e-05,2.430803605432397e-25
2023-12-11 20:00:00+00:00,1.9848377945279216e-05,2.439822561668599e-25
2023-12-12 00:00:00+00:00,6.89481743008989e-05,2.434827020439752e-25
2023-12-12 04:00:00+00:00,8.576935092874312e-05,2.421276358661422e-25
2023-12-12 08:00:00+00:00,9.146355714451247e-05,2.4289410357526645e-25
2023-12-12 12:00:00+00:00,7.732690440780953e-05,2.444064300451894e-25
2023-12-12 16:00:00+00:00,0.00010016067864792783,2.4240956174855405e-25
2023-12-12 20:00:00+00:00,3.238671658667078e-05,2.428101965171654e-25
2023-12-13 00:00:00+00:00,8.70697863878471e-05,2.4361735016134624e-25
2023-12-13 04:00:00+00:00,0.00013133225796741382,2.429661022628445e-25
2023-12-13 08:00:00+00:00,8.653414545866013e-05,2.455123750205528e-25
2023-12-13 12:00:00+00:00,0.00013312792808065863,2.4596817427532098e-25
2023-12-13 16:00:00+00:00,0.00012495496653045578,2.469713845416935e-25
2023-12-13 20:00:00+00:00,2.3615615187465524e-05,2.477558413239864e-25
2023-12-14 00:00:00+00:00,3.538201115588925e-05,2.4803346837469983e-25
2023-12-14 04:00:00+00:00,9.263144872607506e-05,2.489233760601667e-25
2023-12-14 08:00:00+00:00,7.397908080363912e-05,2.5091980642231914e-25
2023-12-14 12:00:00+00:00,0.000208478111069379,2.513773737174625e-25
2023-12-14 16:00:00+00:00,0.00013174314843243198,2.530294274865067e-25
2023-12-14 20:00:00+00:00,0.00015618614306761927,2.573647766283677e-25
2023-12-15 00:00:00+00:00,8.293123937975268e-05,2.5536319876231036e-25
2023-12-15 04:00:00+00:00,0.00014312340502694036,2.5552014065255635e-25
2023-12-15 08:00:00+00:00,0.00014248611802717502,2.5534855059788735e-25
2023-12-15 12:00:00+00:00,0.00016481826340061304,2.562146604590723e-25
2023-12-15 16:00:00+00:00,0.00011188620143725065,2.563677866136606e-25
2023-12-15 20:00:00+00:00,0.00014114030411474412,1.7945745062956243e-25
2023-12-16 00:00:00+00:00,0.00014678532043176432,1.7982182967628988e-25
2023-12-16 04:00:00+00:00,3.40279709571271e-05,1.8086560645384774e-25
2023-12-16 08:00:00+00:00,0.00011556498618226537,1.8113338949698296e-25
2023-12-16 12:00:00+00:00,5.400634031843853e-05,1.8218832732390458e-25
2023-12-16 16:00:00+00:00,0.00013418838174916904,1.8135227564451532e-25
2023-12-16 20:00:00+00:00,6.0594507245984476e-05,1.8209503826373516e-25
2023-12-17 00:00:00+00:00,1.537775539577475e-05,1.8310164939934171e-25
2023-12-17 04:00:00+00:00,0.00010372061477182325,1.8185534207753023e-25
2023-12-17 08:00:00+00:00,8.894433488202904e-05,1.8178838879965488e-25
2023-12-17 12:00:00+00:00,4.065657272224496e-05,1.8063495476714355e-25
2023-12-17 16:00:00+00:00,5.373952742487042e-05,1.8077414782034862e-25
2023-12-17 20:00:00+00:00,1.5834849089463586e-06,1.8116321215095709e-25
2023-12-18 00:00:00+00:00,2.7879654126265705e-05,1.8298934732922336e-25
2023-12-18 04:00:00+00:00,4.790509613553337e-05,1.832591015425663e-25
2023-12-18 08:00:00+00:00,9.824339299491615e-05,1.8273507964662287e-25
2023-12-18 12:00:00+00:00,5.4328146232506165e-05,1.8119246875205527e-25
2023-12-18 16:00:00+00:00,9.110214604970369e-05,1.811548556411517e-25
2023-12-18 20:00:00+00:00,9.390200308776656e-05,1.8159657691728983e-25
2023-12-19 00:00:00+00:00,2.8644232631840646e-05,1.8079737972477245e-25
2023-12-19 04:00:00+00:00,0.0002168187352834592,1.8107582260108026e-25
2023-12-19 08:00:00+00:00,0.0001333038834879465,1.8070246267850296e-25
2023-12-19 12:00:00+00:00,6.8918993923374e-05,1.8308975041564104e-25
2023-12-19 16:00:00+00:00,0.00015821087909696947,1.8512446045110543e-25
2023-12-19 20:00:00+00:00,0.00016873317272399332,1.840658347032146e-25
2023-12-20 00:00:00+00:00,6.515793852375868e-05,1.824146321929985e-25
2023-12-20 04:00:00+00:00,0.00012662706364295232,1.8331843273290418e-25
2023-12-20 08:00:00+00:00,0.00016420145243688832,1.8373713766713851e-25
2023-12-20 12:00:00+00:00,0.00022026426785061738,1.836924740704926e-25
2023-12-20 16:00:00+00:00,0.00010629678300464299,1.8398423918750936e-25
2023-12-20 20:00:00+00:00,0.00012917924969988557,1.8500170386151823e-25
2023-12-21 00:00:00+00:00,8.535824996709445e-05,1.8712958602933626e-25
2023-12-21 04:00:00+00:00,0.00017088501841778833,1.8640052972260336e-25
2023-12-21 08:00:00+00:00,0.00012635394888454863,1.877441164316741e-25
2023-12-21 12:00:00+00:00,0.000189696614376956,1.8824014307570256e-25
2023-12-21 16:00:00+00:00,0.00016969380356237073,1.8775863017433167e-25
2023-12-21 20:00:00+00:00,0.00013540111559933563,1.8704461204051984e-25
2023-12-22 00:00:00+00:00,0.0002282176791964786,1.8895063344045267e-25
2023-12-22 04:00:00+00:00,0.00019913838794003764,1.8863841855693583e-25
2023-12-22 08:00:00+00:00,9.247402731659551e-05,1.8888403877036913e-25
2023-12-22 12:00:00+00:00,0.00012908952835293154,1.8887146473476623e-25
2023-12-22 16:00:00+00:00,5.479195925925532e-05,1.8891566224840228e-25
2023-12-22 20:00:00+00:00,0.00013937184748612365,1.864369029290303e-25
2023-12-23 00:00:00+00:00,0.00012078374423531815,1.8667908084527049e-25
2023-12-23 04:00:00+00:00,0.00010027032008158636,1.8757613702091082e-25
2023-12-23 08:00:00+00:00,0.00011674230764236726,1.8629512856819218e-25
2023-12-23 12:00:00+00:00,0.00022190092094505047,1.8694082835908506e-25
2023-12-23 16:00:00+00:00,0.00012034482070709137,1.8713619445475112e-25
2023-12-23 20:00:00+00:00,0.00016240056123030498,1.8808251604640765e-25
2023-12-24 00:00:00+00:00,0.0002328756385049967,1.877926925407264e-25
2023-12-24 04:00:00+00:00,0.0001227229656309294,1.8920625329558995e-25
2023-12-24 08:00:00+00:00,0.00018556260961155908,1.8912612409861167e-25
2023-12-24 12:00:00+00:00,0.00015923769672641648,1.8952993653607892e-25
2023-12-24 16:00:00+00:00,0.00016171436796709354,1.914597637778398e-25
2023-12-24 20:00:00+00:00,0.00017903886755986785,1.9124565036968446e-25
2023-12-25 00:00:00+00:00,0.0001285155647662006,1.9234076496742648e-25
2023-12-25 04:00:00+00:00,0.0002801228226581165,1.9280152350793704e-25
2023-12-25 08:00:00+00:00,0.00020622309290369936,1.9376899115197847e-25
2023-12-25 12:00:00+00:00,0.00019512963180873358,1.9448352394924036e-25
2023-12-25 16:00:00+00:00,0.0001726660544677349,1.9350940464511709e-25
2023-12-25 20:00:00+00:00,0.0001255733215162808,1.9364378616819754e-25
2023-12-26 00:00:00+00:00,0.00011268223105458687,1.9470070961131628e-25
2023-12-26 04:00:00+00:00,4.993062845600444e-05,1.3629049672792139e-25
2023-12-26 08:00:00+00:00,0.00010729624479825365,1.3640033427626453e-25
2023-12-26 12:00:00+00:00,0.0001105049360277205,1.3648143274031405e-25
2023-12-26 16:00:00+00:00,-2.991462078318343e-06,1.3650227521904533e-25
2023-12-26 20:00:00+00:00,0.00014647885447378935,1.3681325886910424e-25
2023-12-27 00:00:00+00:00,8.973633269183481e-05,1.3768430794915302e-25
2023-12-27 04:00:00+00:00,0.00011322545386125437,1.3795553654414836e-25
2023-12-27 08:00:00+00:00,8.153499058066061e-05,1.3800189493356537e-25
2023-12-27 12:00:00+00:00,-1.5073192154783888e-05,1.3763981166199267e-25
2023-12-27 16:00:00+00:00,2.5061129042531905e-05,1.3758327280741388e-25
2023-12-27 20:00:00+00:00,4.082259432912804e-05,1.3857392986652368e-25
2023-12-28 00:00:00+00:00,0.00011245811272236184,1.3888780282134345e-25
2023-12-28 04:00:00+00:00,0.00010082411491186676,1.3921284700492728e-25
2023-12-28 08:00:00+00:00,-1.6640368451814757e-05,1.395976803657013e-25
2023-12-28 12:00:00+00:00,6.666318859589881e-05,1.3951403821240875e-25
2023-12-28 16:00:00+00:00,6.682398971881179e-06,1.399042877707489e-25
2023-12-28 20:00:00+00:00,-2.6685930970807768e-05,1.3946995123856918e-25
2023-12-29 00:00:00+00:00,0.00024343722597415388,1.4043477058397754e-25
2023-12-29 04:00:00+00:00,8.572464232592858e-05,1.402966422510361e-25
2023-12-29 08:00:00+00:00,0.0001469367655096739,1.4009371235359757e-25
2023-12-29 12:00:00+00:00,9.586686654563702e-05,1.4039981746491257e-25
2023-12-29 16:00:00+00:00,5.504312613827644e-05,1.405073955785718e-25
2023-12-29 20:00:00+00:00,0.00011509453859269282,1.3984331145355413e-25
2023-12-30 00:00:00+00:00,9.214595934937513e-05,1.402075854757051e-25
2023-12-30 04:00:00+00:00,0.00010867137180163548,1.4035731693853472e-25
2023-12-30 08:00:00+00:00,7.217289088013884e-05,1.4058991741051843e-25
2023-12-30 12:00:00+00:00,0.00012836634516576322,1.4109253601450105e-25
2023-12-30 16:00:00+00:00,0.00019660033016991803,1.4064596854785473e-25
2023-12-30 20:00:00+00:00,2.2095137448120818e-05,1.3981217028047963e-25
2023-12-31 00:00:00+00:00,9.547679458149739e-05,1.395757637225113e-25
2023-12-31 04:00:00+00:00,0.00011359312500566781,1.3964227917812168e-25
2023-12-31 08:00:00+00:00,0.00012960608802634315,1.396477132339054e-25
2023-12-31 12:00:00+00:00,0.00010596463840785294,1.4002402836720213e-25
2023-12-31 16:00:00+00:00,8.583175466468869e-05,1.412185242907045e-25
2023-12-31 20:00:00+00:00,-1.0703866114833881e-05,1.4051845724786652e-25
2024-01-01 00:00:00+00:00,0.00015626252056878762,1.4150042704531115e-25
2024-01-01 04:00:00+00:00,6.490068516995138e-05,1.4125757018548375e-25
2024-01-01 08:00:00+00:00,0.00016367995304074855,1.4237285515053549e-25
2024-01-01 12:00:00+00:00,9.479067379815644e-06,1.42650249629129e-25
2024-01-01 16:00:00+00:00,0.00013342116653463916,1.4222513527525638e-25
2024-01-01 20:00:00+00:00,0.00015880392546955906,1.4228701327165418e-25
2024-01-02 00:00:00+00:00,3.901380146028314e-05,1.4265203688398456e-25
2024-01-02 04:00:00+00:00,0.00011991142355798606,1.439525970082442e-25
2024-01-02 08:00:00+00:00,5.293230339976716e-05,1.4338525194214217e-25
2024-01-02 12:00:00+00:00,0.00018773427398787587,1.431561790798691e-25
2024-01-02 16:00:00+00:00,7.398242855650651e-05,1.442039598638331e-25
2024-01-02 20:00:00+00:00,0.0001911777232843939,1.4495413639290773e-25
2024-01-03 00:00:00+00:00,5.13066267721252e-05,1.45630583105748e-25
2024-01-03 04:00:00+00:00,0.0001194167567040302,1.453869084213271e-25
2024-01-03 08:00:00+00:00,0.0001169620803771529,1.4518304123859536e-25
2024-01-03 12:00:00+00:00,9.138839785060186e-05,1.4675063738028215e-25
2024-01-03 16:00:00+00:00,4.333388134955185e-05,1.4772311036189587e-25
2024-01-03 20:00:00+00:00,-5.914779716871545e-06,1.4700868126451702e-25
2024-01-04 00:00:00+00:00,0.00013981317994424028,1.4760525155761726e-25
2024-01-04 04:00:00+00:00,7.48606631784957e-05,1.491765515029539e-25
2024-01-04 08:00:00+00:00,-1.788696334911768e-05,1.495810111817829e-25
2024-01-04 12:00:00+00:00,8.572322643682364e-05,1.5161731139656601e-25
2024-01-04 16:00:00+00:00,5.9849598511020444e-05,1.5144390614939705e-25
2024-01-04 20:00:00+00:00,8.307872684337465e-05,1.5188135899319697e-25
2024-01-05 00:00:00+00:00,0.00012996676206510882,1.5154631548174581e-25
2024-01-05 04:00:00+00:00,4.8019454598490927e-05,1.504387836317716e-25
2024-01-05 08:00:00+00:00,8.976863178251721e-05,1.5019757313702606e-25
2024-01-05 12:00:00+00:00,5.7971980140506454e-05,1.5097999037508203e-25
2024-01-05 16:00:00+00:00,8.038289217567739e-05,1.521441174373938e-25
2024-01-05 20:00:00+00:00,9.770200030225671e-05,1.5238044480610579e-25
2024-01-06 00:00:00+00:00,0.00014568399478176545,1.5217632995608205e-25
2024-01-06 04:00:00+00:00,0.00012290588111161987,1.5139757157950649e-25
2024-01-06 08:00:00+00:00,4.501631456454594e-05,1.5110591283360157e-25
2024-01-06 12:00:00+00:00,0.00010142850407847959,1.5032584045510125e-25
2024-01-06 16:00:00+00:00,6.599204014304602e-05,1.5017101917000462e-25
2024-01-06 20:00:00+00:00,8.698281136033629e-05,1.4959959224308972e-25
2024-01-07 00:00:00+00:00,0.00012175603569648404,1.5040675477497443e-25
2024-01-07 04:00:00+00:00,-8.656989496215921e-07,1.5104784610286703e-25
2024-01-07 08:00:00+00:00,0.00017795830899408084,1.5132744617615223e-25
2024-01-07 12:00:00+00:00,9.610589461548247e-05,1.527790503735478e-25
2024-01-07 16:00:00+00:00,0.00015791641094617382,1.5276218617382512e-25
2024-01-07 20:00:00+00:00,0.00010674549112631366,1.0693353032167758e-25
2024-01-08 00:00:00+00:00,9.536446516135601e-05,1.0760839542984679e-25
2024-01-08 04:00:00+00:00,0.00010307372291112286,1.0733418299536766e-25
2024-01-08 08:00:00+00:00,2.7362963291444092e-05,1.0798805471498712e-25
2024-01-08 12:00:00+00:00,5.454506601065194e-05,1.08447480555668e-25
2024-01-08 16:00:00+00:00,7.198987637828138e-05,1.1021136358990777e-25
2024-01-08 20:00:00+00:00,7.759437029692697e-05,1.1086639789972884e-25
2024-01-09 00:00:00+00:00,0.00012861867076098077,1.1206625570698374e-25
2024-01-09 04:00:00+00:00,0.00012887063400173637,1.1165600673737535e-25
2024-01-09 08:00:00+00:00,0.00015240243037334576,1.120311661234978e-25
2024-01-09 12:00:00+00:00,0.00017781836777884698,1.1207294098536356e-25
2024-01-09 16:00:00+00:00,0.0001731401524836305,1.1199766863489852e-25
2024-01-09 20:00:00+00:00,0.0002157394702938224,1.121070563711399e-25
2024-01-10 00:00:00+00:00,0.0001612400161463772,1.1226166970043016e-25
2024-01-10 04:00:00+00:00,8.356311370192808e-05,1.1183503357109654e-25
2024-01-10 08:00:00+00:00,5.9393040815184584e-05,1.1234868131200722e-25
2024-01-10 12:00:00+00:00,0.00010950855291271603,1.1338939674883587e-25
2024-01-10 16:00:00+00:00,0.00010753111906523139,1.127024702152326e-25
2024-01-10 20:00:00+00:00,9.568061342252372e-05,1.1213686063827391e-25
2024-01-11 00:00:00+00:00,0.0001091201250275427,1.1281964331359407e-25
2024-01-11 04:00:00+00:00,0.0001194422737522535,1.1339674618876658e-25
2024-01-11 08:00:00+00:00,0.00011276493321752385,1.1399801753502973e-25
2024-01-11 12:00:00+00:00,7.694726549644638e-05,1.1416198256855114e-25
2024-01-11 16:00:00+00:00,9.132690296626975e-05,1.1458524142618708e-25
2024-01-11 20:00:00+00:00,0.00011551948579971156,1.1501419781282092e-25
2024-01-12 00:00:00+00:00,9.944360377641991e-05,1.1515494958889591e-25
2024-01-12 04:00:00+00:00,0.00014874414566630231,1.1628380736025679e-25
2024-01-12 08:00:00+00:00,0.00010240436483204765,1.1626376981630062e-25
2024-01-12 12:00:00+00:00,0.00010173138248492495,1.1667455277089301e-25
2024-01-12 16:00:00+00:00,0.000107312791778609,1.1622265363102435e-25
2024-01-12 20:00:00+00:00,0.00010866579362620575,1.161823032283708e-25
2024-01-13 00:00:00+00:00,8.470339956543834e-05,1.165472882952521e-25
2024-01-13 04:00:00+00:00,0.0001532137320994856,1.160324778729369e-25
2024-01-13 08:00:00+00:00,7.013712568659515e-05,1.158172068200967e-25
2024-01-13 12:00:00+00:00,1.3978856927449878e-05,1.1652508669583697e-25
2024-01-13 16:00:00+00:00,4.0253629221681746e-05,1.175773571558212e-25
2024-01-13 20:00:00+00:00,1.676289884940799e-05,1.172508625691166e-25
2024-01-14 00:00:00+00:00,6.790224384727134e-05,1.172414500615933e-25
2024-01-14 04:00:00+00:00,0.0001016577630388367,1.1847612412938826e-25
2024-01-14 08:00:00+00:00,0.00011246450073335445,1.1902428509252849e-25
2024-01-14 12:00:00+00:00,0.00017148756962765855,1.1978017496099147e-25
2024-01-14 16:00:00+00:00,0.00014509736792986104,1.1897931855078558e-25
2024-01-14 20:00:00+00:00,6.391878985652351e-05,1.195060870039846e-25
2024-01-15 00:00:00+00:00,0.00017178813960983864,1.2082132290494984e-25
2024-01-15 04:00:00+00:00,4.3253186830271944e-05,1.2049535443784126e-25
2024-01-15 08:00:00+00:00,0.00020401926593449066,1.2111315930449345e-25
2024-01-15 12:00:00+00:00,0.00012917624247852483,1.199535157568455e-25
2024-01-15 16:00:00+00:00,7.097657564390055e-05,1.2004884396357813e-25
2024-01-15 20:00:00+00:00,9.725522466662088e-05,1.2030619659694424e-25
2024-01-16 00:00:00+00:00,0.0001860206540743795,1.2151574213378735e-25
2024-01-16 04:00:00+00:00,0.00019476072106239953,1.215734374272145e-25
2024-01-16 08:00:00+00:00,0.0001060916520934317,1.2133503196384302e-25
2024-01-16 12:00:00+00:00,0.00014505037203523113,1.2201586933161886e-25
2024-01-16 16:00:00+00:00,9.313145342862103e-05,1.2214706542273453e-25
2024-01-16 20:00:00+00:00,0.00014166503413328056,1.2279390766530932e-25
2024-01-17 00:00:00+00:00,4.162053716316383e-05,1.2269705701413046e-25
2024-01-17 04:00:00+00:00,6.054642076108333e-05,1.2358349120935076e-25
2024-01-17 08:00:00+00:00,5.350906892353308e-05,1.2339997527551712e-25
2024-01-17 12:00:00+00:00,0.00014753612879708197,1.2323940032099135e-25
2024-01-17 16:00:00+00:00,0.00012307664281788718,1.221423625314865e-25
2024-01-17 20:00:00+00:00,1.3863953253854087e-05,1.2289389473507506e-25
2024-01-18 00:00:00+00:00,0.00011357689852037709,1.2321041775088059e-25
2024-01-18 04:00:00+00:00,8.59900675770923e-05,1.2363038371642497e-25
2024-01-18 08:00:00+00:00,5.034412744096347e-05,1.2418891062836887e-25
2024-01-18 12:00:00+00:00,4.312198294942049e-05,1.2411991394059552e-25
2024-01-18 16:00:00+00:00,0.00010786022018343264,8.688393975841686e-26
2024-01-18 20:00:00+00:00,0.00012195192727791129,8.68523496559445e-26
2024-01-19 00:00:00+00:00,0.0001717782940848212,8.710272961090921e-26
2024-01-19 04:00:00+00:00,3.285870242126546e-05,8.677027675190509e-26
2024-01-19 08:00:00+00:00,4.435114351298633e-05,8.694518378445204e-26
2024-01-19 12:00:00+00:00,0.0001211969011683625,8.697916432242872e-26
2024-01-19 16:00:00+00:00,2.4206766138595387e-05,8.69694192826751e-26
2024-01-19 20:00:00+00:00,4.8142453038981723e-05,8.617559331356221e-26
2024-01-20 00:00:00+00:00,0.00016701773576278383,8.637944904444448e-26
2024-01-20 04:00:00+00:00,0.00010094574387241952,8.702259039940627e-26
2024-01-20 08:00:00+00:00,0.00012097224176662539,8.696399829304004e-26
2024-01-20 12:00:00+00:00,0.00013817962385310198,8.70950360442918e-26
2024-01-20 16:00:00+00:00,8.450142004109256e-05,8.731775687040574e-26
2024-01-20 20:00:00+00:00,2.3703314458948833e-05,8.743727380843034e-26
2024-01-21 00:00:00+00:00,7.987733854877539e-05,8.659414164452564e-26
2024-01-21 04:00:00+00:00,9.052658944738112e-05,8.755657825188663e-26
2024-01-21 08:00:00+00:00,0.00011216458590440345,8.800494183619491e-26
2024-01-21 12:00:00+00:00,7.35670550804658e-05,8.762897249765347e-26
2024-01-21 16:00:00+00:00,0.00012424952022775456,8.718537307716764e-26
2024-01-21 20:00:00+00:00,0.0001567876052024359,8.687760477157144e-26
2024-01-22 00:00:00+00:00,6.676496659445739e-05,8.720203541923639e-26
2024-01-22 04:00:00+00:00,8.437446238859096e-05,8.711997445686588e-26
2024-01-22 08:00:00+00:00,7.038485033130634e-05,8.808518143203439e-26
2024-01-22 12:00:00+00:00,9.161604127038195e-05,8.754829249973675e-26
2024-01-22 16:00:00+00:00,0.00012840438648845028,8.677822392168937e-26
2024-01-22 20:00:00+00:00,0.00013247569296145754,8.626550473837351e-26
2024-01-23 00:00:00+00:00,9.17422036358212e-05,8.656081339843432e-26
2024-01-23 04:00:00+00:00,0.00012619197914323738,8.669948767865057e-26
2024-01-23 08:00:00+00:00,0.0001091275893463964,8.714911937263202e-26
2024-01-23 12:00:00+00:00,-2.1015475590499072e-05,8.707169764807536e-26
2024-01-23 16:00:00+00:00,1.4677894096769138e-06,8.704125810044575e-26
2024-01-23 20:00:00+00:00,6.200760013256721e-05,8.706527703793864e-26
2024-01-24 00:00:00+00:00,8.899574465246813e-05,8.659569512834831e-26
2024-01-24 04:00:00+00:00,0.00010064979819239658,8.674375180923082e-26
2024-01-24 08:00:00+00:00,7.283858658256935e-05,8.731978856300741e-26
2024-01-24 12:00:00+00:00,5.9945762749081035e-05,8.702143235101539e-26
2024-01-24 16:00:00+00:00,-7.788675293517186e-06,8.639386200113905e-26
2024-01-24 20:00:00+00:00,0.0001173318563690391,8.626120156788799e-26
2024-01-25 00:00:00+00:00,0.00012113334059513296,8.609407863970913e-26
2024-01-25 04:00:00+00:00,0.00023078323074016577,8.63723334649432e-26
2024-01-25 08:00:00+00:00,0.00013381985372765636,8.601954119434223e-26
2024-01-25 12:00:00+00:00,0.0002273146929831443,8.605242339286767e-26
2024-01-25 16:00:00+00:00,5.464502792996604e-05,8.63860553780658e-26
2024-01-25 20:00:00+00:00,8.919475098571379e-05,8.651971215905025e-26
2024-01-26 00:00:00+00:00,0.00013583639750569662,8.666302282450863e-26
2024-01-26 04:00:00+00:00,7.265315760557743e-05,8.635813450676342e-26
2024-01-26 08:00:00+00:00,0.0001394113616253168,8.690309327966804e-26
2024-01-26 12:00:00+00:00,0.00020816436556635488,8.683818415987565e-26
2024-01-26 16:00:00+00:00,0.00015797642990026252,8.662748230595997e-26
2024-01-26 20:00:00+00:00,0.00015805545041694673,8.708304365403116e-26
2024-01-27 00:00:00+00:00,6.55222987531321e-05,8.745640563287137e-26
2024-01-27 04:00:00+00:00,0.00013726580299285753,8.77656402909092e-26
2024-01-27 08:00:00+00:00,5.182260968849197e-05,8.734535099289237e-26
2024-01-27 12:00:00+00:00,0.0001305464442632776,8.672679065666564e-26
2024-01-27 16:00:00+00:00,0.00020379086155955124,8.731858366371985e-26
2024-01-27 20:00:00+00:00,0.00011921550005164071,8.759338403666166e-26
2024-01-28 00:00:00+00:00,9.494796087417908e-05,8.739607692288872e-26
2024-01-28 04:00:00+00:00,0.0001243941473977612,8.669689665096394e-26
2024-01-28 08:00:00+00:00,8.396733389641971e-05,8.641739720739536e-26
2024-01-28 12:00:00+00:00,7.913922002635786e-06,8.639854458583136e-26
2024-01-28 16:00:00+00:00,0.0001198268330595253,8.648117079276308e-26
2024-01-28 20:00:00+00:00,0.00013389388976049355,8.643542588271226e-26
2024-01-29 00:00:00+00:00,0.00017770366818565343,8.653319482720421e-26
2024-01-29 04:00:00+00:00,0.00011827007998682809,8.684191085956689e-26
2024-01-29 08:00:00+00:00,0.0001119153210848285,8.710432278468784e-26
2024-01-29 12:00:00+00:00,0.00014938093434040603,8.756282835817961e-26
2024-01-29 16:00:00+00:00,0.00012161925824081212,8.848434762677825e-26
2024-01-29 20:00:00+00:00,0.00013843416222841852,8.875107992257148e-26
2024-01-30 00:00:00+00:00,0.00011426696379981076,8.880858773819545e-26
2024-01-30 04:00:00+00:00,0.00016056200465984315,8.886508237703843e-26
2024-01-30 08:00:00+00:00,9.015503930227418e-05,8.935829863453204e-26
2024-01-30 12:00:00+00:00,0.00012393306160347875,8.901088681022223e-26
2024-01-30 16:00:00+00:00,8.611577961020105e-05,8.883466914562473e-26
2024-01-30 20:00:00+00:00,0.00017407619127682481,8.906790569697635e-26
2024-01-31 00:00:00+00:00,6.732586407791206e-05,8.901708872001583e-26
2024-01-31 04:00:00+00:00,0.00021624262912588166,8.916325325225829e-26
2024-01-31 08:00:00+00:00,0.00016009134417642546,8.97475740298143e-26
2024-01-31 12:00:00+00:00,0.00011503015342211376,9.07116160527061e-26
2024-01-31 16:00:00+00:00,6.660079627405158e-05,9.125759844804593e-26
2024-01-31 20:00:00+00:00,6.068838998564122e-05,9.146905299156302e-26
2024-02-01 00:00:00+00:00,3.4906175415020055e-05,9.110413007460359e-26
2024-02-01 04:00:00+00:00,0.00011280606512889719,9.111492686992393e-26
2024-02-01 08:00:00+00:00,-5.816849208462149e-06,9.174971050487278e-26
2024-02-01 12:00:00+00:00,5.359839582472095e-06,9.07080253270936e-26
2024-02-01 16:00:00+00:00,3.59139849076633e-05,8.980665178539875e-26
2024-02-01 20:00:00+00:00,9.251520574711598e-05,8.99381914467766e-26
2024-02-02 00:00:00+00:00,0.00011151915527331927,9.035669687138096e-26
2024-02-02 04:00:00+00:00,0.00016735364047411596,9.078122055633013e-26
2024-02-02 08:00:00+00:00,0.00012001954463192176,9.087830629015467e-26
2024-02-02 12:00:00+00:00,7.411537534782241e-05,9.109955143055143e-26
2024-02-02 16:00:00+00:00,3.798609024046893e-05,9.138792015176136e-26
2024-02-02 20:00:00+00:00,0.00010504935083652047,9.181682475745748e-26
2024-02-03 00:00:00+00:00,5.592820924916175e-05,9.150532186363629e-26
2024-02-03 04:00:00+00:00,8.536892472384956e-05,9.151976332678081e-26
2024-02-03 08:00:00+00:00,0.00012842779309431084,9.108139796576699e-26
2024-02-03 12:00:00+00:00,0.00010668471646422448,9.111473302460746e-26
2024-02-03 16:00:00+00:00,9.321313365022167e-05,9.109240165912024e-26
2024-02-03 20:00:00+00:00,0.00010405127668891825,9.059717101518159e-26
2024-02-04 00:00:00+00:00,8.461275960956806e-05,9.107398065624321e-26
2024-02-04 04:00:00+00:00,9.436839660635967e-05,9.193284631231879e-26
2024-02-04 08:00:00+00:00,0.00017571407757564653,9.213409734539593e-26
2024-02-04 12:00:00+00:00,9.088553859604685e-05,9.276788738175516e-26
2024-02-04 16:00:00+00:00,0.00013723891209608348,9.242655349727537e-26
2024-02-04 20:00:00+00:00,5.440035999805359e-05,9.223308019742673e-26
2024-02-05 00:00:00+00:00,3.866868332151112e-05,9.176282264755283e-26
2024-02-05 04:00:00+00:00,6.672960282560239e-05,9.187619325099558e-26
2024-02-05 08:00:00+00:00,0.00010796304460415857,9.208703012999374e-26
2024-02-05 12:00:00+00:00,3.0474948054227754e-05,9.267759870824219e-26
2024-02-05 16:00:00+00:00,8.310969524362905e-05,9.263680016771534e-26
2024-02-05 20:00:00+00:00,7.545098554225499e-05,9.262673681498452e-26
2024-02-06 00:00:00+00:00,0.00013099860569424238,9.291773202877336e-26
2024-02-06 04:00:00+00:00,0.0001918463839883747,9.236054054573349e-26
2024-02-06 08:00:00+00:00,8.46534705221864e-05,9.174228254177367e-26
2024-02-06 12:00:00+00:00,0.00012204842212124746,9.160417906739181e-26
2024-02-06 16:00:00+00:00,9.581135191275073e-05,9.212924878817941e-26
2024-02-06 20:00:00+00:00,0.0001281342498467227,9.223389034767662e-26
2024-02-07 00:00:00+00:00,5.427050794506932e-06,9.184102582234274e-26
2024-02-07 04:00:00+00:00,1.9535261889196617e-05,9.179808583052522e-26
2024-02-07 08:00:00+00:00,8.96882648651154e-05,9.120208823484405e-26
2024-02-07 12:00:00+00:00,7.29504350794644e-05,9.107135056437296e-26
2024-02-07 16:00:00+00:00,5.56673856912919e-05,9.075795250533146e-26
2024-02-07 20:00:00+00:00,0.0001834889843051601,9.04917570264576e-26
2024-02-08 00:00:00+00:00,0.00020385626122723644,8.977541552829724e-26
2024-02-08 04:00:00+00:00,6.993325372437781e-05,8.995360313141528e-26
2024-02-08 08:00:00+00:00,8.574700545960845e-05,8.914664034571776e-26
2024-02-08 12:00:00+00:00,0.00012114020092971922,8.97240324923441e-26
2024-02-08 16:00:00+00:00,7.66532541595921e-05,8.948003333519493e-26
2024-02-08 20:00:00+00:00,0.00012288235636415812,8.905579138894876e-26
2024-02-09 00:00:00+00:00,0.00010764055615382499,8.94885071782834e-26
2024-02-09 04:00:00+00:00,0.0001715616303488325,9.019378911571256e-26
2024-02-09 08:00:00+00:00,0.00016825517574083553,9.08231501592699e-26
2024-02-09 12:00:00+00:00,0.00011149302396435155,9.127155970351864e-26
2024-02-09 16:00:00+00:00,0.00012014895361516763,9.171188628669987e-26
2024-02-09 20:00:00+00:00,0.00013202483882654003,9.136794300555803e-26
2024-02-10 00:00:00+00:00,0.0002088165414119504,9.191123262772448e-26
2024-02-10 04:00:00+00:00,0.00013162215238727253,9.239853968291089e-26
2024-02-10 08:00:00+00:00,0.00010267445304453932,9.272982357847127e-26
2024-02-10 12:00:00+00:00,0.00011530146444364477,9.292859651548724e-26
2024-02-10 16:00:00+00:00,6.975261502346455e-05,9.313736621384068e-26
2024-02-10 20:00:00+00:00,0.00025862030792018315,9.327266588417499e-26
2024-02-11 00:00:00+00:00,0.00012957914726000532,9.334506653074709e-26
2024-02-11 04:00:00+00:00,0.00015135841040965506,9.352533014445067e-26
2024-02-11 08:00:00+00:00,0.00019906328926380684,9.478324797306891e-26
2024-02-11 12:00:00+00:00,0.0001899006607697755,9.485811012728605e-26
2024-02-11 16:00:00+00:00,0.00011998856801407914,9.525160059702109e-26
2024-02-11 20:00:00+00:00,0.00018919936895152396,9.46389688796018e-26
2024-02-12 00:00:00+00:00,6.179563027580384e-05,9.456321657004912e-26
2024-02-12 04:00:00+00:00,-2.0527072431323626e-05,9.442415710830003e-26
2024-02-12 08:00:00+00:00,0.00012423993287918303,9.390776428094588e-26
2024-02-12 12:00:00+00:00,7.956522188385969e-05,9.447146076619312e-26
2024-02-12 16:00:00+00:00,8.001521863639707e-05,9.433325717876279e-26
2024-02-12 20:00:00+00:00,0.00015964732244094822,9.405906627853131e-26
2024-02-13 00:00:00+00:00,9.795615514169282e-05,9.355990742947325e-26
2024-02-13 04:00:00+00:00,0.00014229089147675602,9.388424417414983e-26
2024-02-13 08:00:00+00:00,0.00010030498948015366,9.378013652558121e-26
2024-02-13 12:00:00+00:00,6.391806755124352e-05,9.377093492749142e-26
2024-02-13 16:00:00+00:00,0.0001244028597283265,9.450532988539367e-26
2024-02-13 20:00:00+00:00,0.00011229932591426509,9.464706637987563e-26
2024-02-14 00:00:00+00:00,0.00011455371059480495,9.457169786095446e-26
2024-02-14 04:00:00+00:00,0.00010209565026318557,9.476172201960698e-26
2024-02-14 08:00:00+00:00,8.404291855331673e-05,9.495159157636452e-26
2024-02-14 12:00:00+00:00,0.00012037105807366541,9.490460979823082e-26
2024-02-14 16:00:00+00:00,0.00010332389846517429,9.462872967758984e-26
2024-02-14 20:00:00+00:00,0.00017514576001081327,9.541759778403624e-26
2024-02-15 00:00:00+00:00,4.754746163057483e-05,9.541029992056836e-26
2024-02-15 04:00:00+00:00,0.0001166277125076278,9.559222923357611e-26
2024-02-15 08:00:00+00:00,5.282361368781826e-05,9.592771329328402e-26
2024-02-15 12:00:00+00:00,0.0001296159315610491,9.564062504294804e-26
2024-02-15 16:00:00+00:00,0.00013229899040040553,9.557598423587947e-26
2024-02-15 20:00:00+00:00,0.0001709686848217943,9.562343271293029e-26
2024-02-16 00:00:00+00:00,3.0022333154718417e-05,9.534724261769526e-26
2024-02-16 04:00:00+00:00,0.00011964718654902841,9.501509080649808e-26
2024-02-16 08:00:00+00:00,0.00013210910018997106,9.613223662286885e-26
2024-02-16 12:00:00+00:00,0.00015124072967200665,9.613275790728212e-26
2024-02-16 16:00:00+00:00,0.0001448819854990672,9.604292304976215e-26
2024-02-16 20:00:00+00:00,4.2514663647471924e-05,9.579576210339634e-26
2024-02-17 00:00:00+00:00,3.58782148210867e-05,9.678401302257698e-26
2024-02-17 04:00:00+00:00,9.46662234266894e-05,9.703864790934628e-26
2024-02-17 08:00:00+00:00,0.0001543873713025843,9.711351159334642e-26
2024-02-17 12:00:00+00:00,6.862644488853032e-05,9.673838497267526e-26
2024-02-17 16:00:00+00:00,1.6236709056704717e-05,9.681474559289348e-26
2024-02-17 20:00:00+00:00,0.0001576918550441461,9.655223866065267e-26
2024-02-18 00:00:00+00:00,2.3816298835071902e-05,9.729410704152667e-26
2024-02-18 04:00:00+00:00,8.124595509938852e-05,9.844302692553341e-26
2024-02-18 08:00:00+00:00,0.00022284060039841474,9.855221796167114e-26
2024-02-18 12:00:00+00:00,0.00014489930412773903,1.0031568043923627e-25
2024-02-18 16:00:00+00:00,0.00022430315082885963,1.0052033569201714e-25
2024-02-18 20:00:00+00:00,9.728622125274401e-05,9.988528549957762e-26
2024-02-19 00:00:00+00:00,0.000204005828182729,9.927964749085871e-26
2024-02-19 04:00:00+00:00,4.472053848818247e-05,9.968434799930285e-26
2024-02-19 08:00:00+00:00,6.052117390722033e-05,9.885373833316809e-26
2024-02-19 12:00:00+00:00,0.0001213194778495757,9.932743338090663e-26
2024-02-19 16:00:00+00:00,3.585722569401433e-05,9.879782058679149e-26
2024-02-19 20:00:00+00:00,6.46262390461911e-05,9.89434884608866e-26
2024-02-20 00:00:00+00:00,0.00012237479781148882,9.844403727864285e-26
2024-02-20 04:00:00+00:00,9.197630289474935e-05,9.76562874261837e-26
2024-02-20 08:00:00+00:00,0.0001552775811508539,9.799442832559486e-26
2024-02-20 12:00:00+00:00,0.00017688257014015636,9.77692597206288e-26
2024-02-20 16:00:00+00:00,0.00012831937726713127,9.755197466104995e-26
2024-02-20 20:00:00+00:00,4.584838865825368e-05,9.736362861758602e-26
2024-02-21 00:00:00+00:00,0.00013648258733806596,9.678288687451742e-26
2024-02-21 04:00:00+00:00,4.159002424317547e-05,9.701195575884926e-26
2024-02-21 08:00:00+00:00,5.846071983962334e-05,9.618256855417412e-26
2024-02-21 12:00:00+00:00,0.0001507844840691062,9.599835040196464e-26
2024-02-21 16:00:00+00:00,6.373840590741793e-05,9.571302333966731e-26
2024-02-21 20:00:00+00:00,0.00011742523029948751,9.627410485681357e-26
2024-02-22 00:00:00+00:00,6.470508677080985e-05,9.624278319720574e-26
2024-02-22 04:00:00+00:00,-7.866930469161137e-06,9.636432191842816e-26
2024-02-22 08:00:00+00:00,0.00022734466503693612,9.584624448620644e-26
2024-02-22 12:00:00+00:00,0.00011379966071425689,9.612885981386867e-26
2024-02-22 16:00:00+00:00,0.00015693230656991733,9.655666054927382e-26
2024-02-22 20:00:00+00:00,9.130414222014986e-05,9.605918896597826e-26
2024-02-23 00:00:00+00:00,3.364083665795181e-05,9.601733014554111e-26
2024-02-23 04:00:00+00:00,-8.327380056393949e-07,9.611712695691546e-26
2024-02-23 08:00:00+00:00,4.35045282907693e-05,9.470980501509563e-26
2024-02-23 12:00:00+00:00,4.631915098486446e-05,9.409926626250086e-26
2024-02-23 16:00:00+00:00,7.403486504386739e-05,9.463091176432871e-26
2024-02-23 20:00:00+00:00,-1.2362730500003886e-05,9.48938513736556e-26
2024-02-24 00:00:00+00:00,0.00013833264503849708,9.578741966848258e-26
2024-02-24 04:00:00+00:00,0.00015402905837546925,9.575524825879967e-26
2024-02-24 08:00:00+00:00,5.7607074400124813e-05,9.587550746489503e-26
2024-02-24 12:00:00+00:00,8.82150760315236e-05,9.62945466089045e-26
2024-02-24 16:00:00+00:00,0.00017485582025745985,9.586415074669114e-26
2024-02-24 20:00:00+00:00,5.028896991147164e-05,9.554510430711805e-26
2024-02-25 00:00:00+00:00,8.656661564697926e-05,9.588748767728953e-26
2024-02-25 04:00:00+00:00,0.0001450947676629546,9.638819094447508e-26
2024-02-25 08:00:00+00:00,7.542841892180345e-05,9.66090120082264e-26
2024-02-25 12:00:00+00:00,9.77333947630244e-05,9.576574980557238e-26
2024-02-25 16:00:00+00:00,0.00016935942971289653,9.682997662001097e-26
2024-02-25 20:00:00+00:00,7.995292093785883e-05,9.716066087656121e-26
2024-02-26 00:00:00+00:00,0.00013383193146977065,9.752495356637921e-26
2024-02-26 04:00:00+00:00,8.8460849245805e-05,9.714198712194631e-26
2024-02-26 08:00:00+00:00,8.866678686326356e-05,9.720288371883376e-26
2024-02-26 12:00:00+00:00,-1.6529701425100616e-05,9.6930013331112e-26
2024-02-26 16:00:00+00:00,0.00011404742565810036,9.637103521634435e-26
2024-02-26 20:00:00+00:00,0.00016134049940317856,9.586724047945352e-26
2024-02-27 00:00:00+00:00,0.00021423296222613226,9.650100285619474e-26
2024-02-27 04:00:00+00:00,9.775268248915259e-05,9.641267904756839e-26
2024-02-27 08:00:00+00:00,0.00015000641728222104,9.63929631095625e-26
2024-02-27 12:00:00+00:00,0.00011155384338141482,9.632701143556035e-26
2024-02-27 16:00:00+00:00,0.0001957675098631462,9.595244688284379e-26
2024-02-27 20:00:00+00:00,8.327897924046839e-05,9.639447996958006e-26
2024-02-28 00:00:00+00:00,5.695789160700043e-05,9.573062984122877e-26
2024-02-28 04:00:00+00:00,0.00013051842836165952,9.532185744987619e-26
2024-02-28 08:00:00+00:00,0.00017076308645091928,9.528163807108135e-26
2024-02-28 12:00:00+00:00,0.0002045361384534573,9.61583832272671e-26
2024-02-28 16:00:00+00:00,0.00015553044120238173,9.745617015832084e-26
2024-02-28 20:00:00+00:00,0.00014662004886405996,9.836473481760495e-26
2024-02-29 00:00:00+00:00,0.0001589522919553804,9.891863916943081e-26
2024-02-29 04:00:00+00:00,2.8370756354631603e-05,1.0019791506233473e-25
2024-02-29 08:00:00+00:00,0.00019547924821096242,1.0109777619666178e-25
2024-02-29 12:00:00+00:00,0.00016427569496063938,1.00790069742801e-25
2024-02-29 16:00:00+00:00,0.00022081789941377715,1.0146450376772564e-25
2024-02-29 20:00:00+00:00,0.00015918206161602663,1.0188081385792223e-25
2024-03-01 00:00:00+00:00,0.0001674026125593916,1.0075253699559833e-25
2024-03-01 04:00:00+00:00,0.00019326135820620837,1.0000748719873949e-25
2024-03-01 08:00:00+00:00,0.00015749171469573017,1.0045280748031855e-25
2024-03-01 12:00:00+00:00,0.00013687444454215582,1.0097979416010874e-25
2024-03-01 16:00:00+00:00,0.00018927366968893669,1.0023649876950834e-25
2024-03-01 20:00:00+00:00,0.00013679975212822917,1.0046685032768546e-25
2024-03-02 00:00:00+00:00,0.00019204108074222522,1.00422003859935e-25
2024-03-02 04:00:00+00:00,0.00013581782727963875,1.013643769949654e-25
2024-03-02 08:00:00+00:00,4.4422986683535585e-05,1.0036666216664849e-25
2024-03-02 12:00:00+00:00,4.370057694638319e-05,1.0146735481871661e-25
2024-03-02 16:00:00+00:00,9.491322103677751e-05,1.0155002820721163e-25
2024-03-02 20:00:00+00:00,1.5800386060936926e-06,1.0102515609708719e-25
2024-03-03 00:00:00+00:00,2.1275801584290164e-05,1.0049019150136727e-25
2024-03-03 04:00:00+00:00,8.650614998589922e-05,9.985459677092965e-26
2024-03-03 08:00:00+00:00,9.903409432216279e-05,9.89686351041075e-26
2024-03-03 12:00:00+00:00,9.101192263999996e-05,9.879510167888198e-26
2024-03-03 16:00:00+00:00,7.109627509019892e-05,9.932311747742038e-26
2024-03-03 20:00:00+00:00,0.00011982287771055864,9.933792675413497e-26
2024-03-04 00:00:00+00:00,6.632282891038682e-05,9.971958515160527e-26
2024-03-04 04:00:00+00:00,0.000122884466672146,1.0016687802389249e-25
2024-03-04 08:00:00+00:00,0.00013482321682816836,1.0029884122043558e-25
2024-03-04 12:00:00+00:00,0.00017085205878920442,1.0005674473801285e-25
2024-03-04 16:00:00+00:00,0.00016132608615577942,1.0076390667326631e-25
2024-03-04 20:00:00+00:00,7.803716601152496e-05,1.0109638952687169e-25
2024-03-05 00:00:00+00:00,5.296961255997507e-05,1.0011238868853166e-25
2024-03-05 04:00:00+00:00,6.257561420916553e-05,9.963267444024326e-26
2024-03-05 08:00:00+00:00,8.92974098521149e-05,9.972619886080992e-26
2024-03-05 12:00:00+00:00,7.57357196428828e-05,9.879736666339728e-26
2024-03-05 16:00:00+00:00,5.133657895337211e-05,6.915815666437809e-26
2024-03-05 20:00:00+00:00,4.1602717439706885e-05,6.962687739611873e-26
2024-03-06 00:00:00+00:00,2.688112237555909e-05,6.970069013053726e-26
2024-03-06 04:00:00+00:00,0.00010823188162530187,6.937636899954347e-26
2024-03-06 08:00:00+00:00,5.859625274041928e-05,7.015489691542201e-26
2024-03-06 12:00:00+00:00,5.8673322155372175e-05,6.955275024868914e-26
2024-03-06 16:00:00+00:00,-2.9989871897215024e-05,6.939373231307276e-26
2024-03-06 20:00:00+00:00,0.0001162151643403739,6.929718415658235e-26
2024-03-07 00:00:00+00:00,0.00013910823440859842,6.9334834590582e-26
2024-03-07 04:00:00+00:00,0.0001420321460433628,6.921591645759927e-26
2024-03-07 08:00:00+00:00,0.00016450304462561604,6.921087900685758e-26
2024-03-07 12:00:00+00:00,0.0001974180684901104,6.897844471592331e-26
2024-03-07 16:00:00+00:00,0.0001514950025527268,6.900060510646655e-26
2024-03-07 20:00:00+00:00,0.00032010366401822123,6.95115296167479e-26
2024-03-08 00:00:00+00:00,0.00022978897306297528,6.991266946045332e-26
2024-03-08 04:00:00+00:00,0.00010036279203524693,6.96008233654453e-26
2024-03-08 08:00:00+00:00,0.0001449314539325233,6.958546138058049e-26
2024-03-08 12:00:00+00:00,0.00018747352644618662,6.957743005793772e-26
2024-03-08 16:00:00+00:00,0.0002195857772221476,6.951145156633875e-26
2024-03-08 20:00:00+00:00,0.0001961679405660585,6.970206507285416e-26
2024-03-09 00:00:00+00:00,0.00015339844063268625,7.004281589320357e-26
2024-03-09 04:00:00+00:00,0.00019545062274647175,7.046962550482773e-26
2024-03-09 08:00:00+00:00,0.00013441233817902568,7.08421152697255e-26
2024-03-09 12:00:00+00:00,9.769730257102136e-05,7.041160207763332e-26
2024-03-09 16:00:00+00:00,0.00013215819547565663,7.06115027554036e-26
2024-03-09 20:00:00+00:00,9.641502115630498e-05,7.005476539155969e-26
2024-03-10 00:00:00+00:00,0.0001123984289690769,7.03255938567296e-26
2024-03-10 04:00:00+00:00,0.00010471018793447432,7.050852396697832e-26
2024-03-10 08:00:00+00:00,0.00012905660250610426,7.049919396113156e-26
2024-03-10 12:00:00+00:00,8.82205403823601e-05,6.979161619271866e-26
2024-03-10 16:00:00+00:00,8.116865306494208e-05,6.96903504744223e-26
2024-03-10 20:00:00+00:00,0.0001893265965425388,6.979122264530795e-26
2024-03-11 00:00:00+00:00,0.00015905201614386177,7.010870786695569e-26
2024-03-11 04:00:00+00:00,4.393602333891852e-05,6.991575643683963e-26
2024-03-11 08:00:00+00:00,8.50287711440877e-05,6.968946965702022e-26
2024-03-11 12:00:00+00:00,0.00011699548743063466,7.008998860990858e-26
2024-03-11 16:00:00+00:00,6.807583058784548e-05,7.076900172989557e-26
2024-03-11 20:00:00+00:00,7.762163301952494e-05,7.037371183571073e-26
2024-03-12 00:00:00+00:00,0.00014819668543854077,7.058801398182518e-26
2024-03-12 04:00:00+00:00,0.00019122503957104506,7.111336219590974e-26
2024-03-12 08:00:00+00:00,7.874711190708956e-05,7.142796530807706e-26
2024-03-12 12:00:00+00:00,0.00012044740154609434,7.111781792637363e-26
2024-03-12 16:00:00+00:00,0.00018379177956463465,7.096264072838035e-26
2024-03-12 20:00:00+00:00,0.00010668669531634137,7.143524078819348e-26
2024-03-13 00:00:00+00:00,7.697681244306606e-05,7.186567040526723e-26
2024-03-13 04:00:00+00:00,5.123288894848958e-05,7.186769711175638e-26
2024-03-13 08:00:00+00:00,7.967435739870312e-05,7.195081003730934e-26
2024-03-13 12:00:00+00:00,0.00014404224641302645,7.221595001933292e-26
2024-03-13 16:00:00+00:00,0.00012416841939718288,7.15253319142687e-26
2024-03-13 20:00:00+00:00,5.73866712229458e-05,7.124721133634399e-26
2024-03-14 00:00:00+00:00,0.00011084162135252352,7.081271488188332e-26
2024-03-14 04:00:00+00:00,0.00016570712719855447,7.068377062806266e-26
2024-03-14 08:00:00+00:00,0.00022699581562834277,7.054250593627322e-26
2024-03-14 12:00:00+00:00,0.00013032342855683038,7.052820016575836e-26
2024-03-14 16:00:00+00:00,0.0001963843486960537,7.008935922260944e-26
2024-03-14 20:00:00+00:00,0.00015978734611348146,7.020801382352088e-26
2024-03-15 00:00:00+00:00,0.0001250525949875652,6.98646704794824e-26
2024-03-15 04:00:00+00:00,0.00018716481347811446,6.96599266764342e-26
2024-03-15 08:00:00+00:00,0.00011135615505940063,6.983292387312626e-26
2024-03-15 12:00:00+00:00,0.00017480799628960436,7.010480072154409e-26
2024-03-15 16:00:00+00:00,0.0001732800441613908,6.983326760168923e-26
2024-03-15 20:00:00+00:00,0.00014363020653316533,6.950902953595311e-26
2024-03-16 00:00:00+00:00,4.5650869746701924e-05,6.890281144569998e-26
2024-03-16 04:00:00+00:00,0.00016126848603680241,6.866879124875246e-26
2024-03-16 08:00:00+00:00,0.00021344392868231156,6.899308639400083e-26
2024-03-16 12:00:00+00:00,4.6898251762438016e-05,6.978551593417498e-26
2024-03-16 16:00:00+00:00,9.057521647271748e-05,4.8849861153922484e-26
2024-03-16 20:00:00+00:00,0.0001620064668988405,4.875284215772758e-26
2024-03-17 00:00:00+00:00,0.00012432782716507383,4.885236876418023e-26
2024-03-17 04:00:00+00:00,0.0001646607054042293,4.8997718078974884e-26
2024-03-17 08:00:00+00:00,0.00016382882883708239,4.907201273825748e-26
2024-03-17 12:00:00+00:00,8.793924570780608e-05,4.8898480282329134e-26
2024-03-17 16:00:00+00:00,0.00017246632595456022,4.9071863298910654e-26
2024-03-17 20:00:00+00:00,6.909153698743628e-05,4.933494277521648e-26
2024-03-18 00:00:00+00:00,0.00012193325010005318,4.957359349068956e-26
2024-03-18 04:00:00+00:00,0.0001250797106006305,4.9362348083603993e-26
2024-03-18 08:00:00+00:00,8.200255151946639e-05,4.9308116320374117e-26
2024-03-18 12:00:00+00:00,0.00018786460871125416,4.914855360635863e-26
2024-03-18 16:00:00+00:00,0.00014787994873374904,4.885694045219542e-26
2024-03-18 20:00:00+00:00,0.00014227733886550335,4.9168653090192746e-26
2024-03-19 00:00:00+00:00,1.289743004613562e-05,3.441805716313492e-26
2024-03-19 04:00:00+00:00,0.00015179501481315524,3.452188941022427e-26
2024-03-19 08:00:00+00:00,0.00012473846403195503,3.467643582742411e-26
2024-03-19 12:00:00+00:00,0.00018680563705695923,3.481865912823844e-26
2024-03-19 16:00:00+00:00,0.00011087102537417069,3.48124432373249e-26
2024-03-19 20:00:00+00:00,-6.400123735596465e-05,2.4368710266127427e-26
2024-03-20 00:00:00+00:00,-1.2272544931974199e-05,2.438934419353423e-26
2024-03-20 04:00:00+00:00,2.3680488837333707e-05,2.439092209145825e-26
2024-03-20 08:00:00+00:00,9.42936306792198e-06,2.4539376035597174e-26
2024-03-20 12:00:00+00:00,5.4501343049270196e-05,2.4697993331812392e-26
2024-03-20 16:00:00+00:00,4.807716402083788e-05,2.4466538806725616e-26
2024-03-20 20:00:00+00:00,0.00014138356220306942,2.4528214293188745e-26
2024-03-21 00:00:00+00:00,7.840253289980699e-05,2.473196064581701e-26
2024-03-21 04:00:00+00:00,0.00010353909263408726,2.4657161124409137e-26
2024-03-21 08:00:00+00:00,0.00012274848003440868,2.4797999707721516e-26
2024-03-21 12:00:00+00:00,9.491232877414372e-05,2.4805481956742545e-26
2024-03-21 16:00:00+00:00,0.00015903364848769257,2.4666380484890656e-26
2024-03-21 20:00:00+00:00,0.00019254218376019838,2.4748687495257633e-26
2024-03-22 00:00:00+00:00,0.0002034393444836527,2.4922695056909315e-26
2024-03-22 04:00:00+00:00,0.00016338102883500764,2.499828898035287e-26
2024-03-22 08:00:00+00:00,0.0001824065341984193,2.505475490122712e-26
2024-03-22 12:00:00+00:00,0.00013887099503893195,2.5130351041926092e-26
2024-03-22 16:00:00+00:00,9.100454042124829e-05,2.5364064184133174e-26
2024-03-22 20:00:00+00:00,1.847509409769871e-06,2.530627548743462e-26
2024-03-23 00:00:00+00:00,4.1493829458052445e-06,2.5354998784762354e-26
2024-03-23 04:00:00+00:00,7.221532373778377e-05,2.5381673479726096e-26
2024-03-23 08:00:00+00:00,6.02915765019537e-05,2.5470121029483933e-26
2024-03-23 12:00:00+00:00,0.00010830859328863027,2.5622323031668532e-26
2024-03-23 16:00:00+00:00,0.00011570130534103822,2.593773717110801e-26
2024-03-23 20:00:00+00:00,1.9647820573334247e-05,2.606150803442415e-26
2024-03-24 00:00:00+00:00,0.0001505749412139336,2.584833932174394e-26
2024-03-24 04:00:00+00:00,1.456704749596388e-05,2.5713986646357184e-26
2024-03-24 08:00:00+00:00,0.00014241177937143092,2.5894814997905155e-26
2024-03-24 12:00:00+00:00,0.00012122226142729805,2.5796145698618744e-26
2024-03-24 16:00:00+00:00,0.0001143599779509441,2.5709652146592756e-26
2024-03-24 20:00:00+00:00,0.00010589609545993319,2.575007587108387e-26
2024-03-25 00:00:00+00:00,5.744427483303793e-05,2.5841491986594015e-26
2024-03-25 04:00:00+00:00,0.00013840696627824697,2.586145037291778e-26
2024-03-25 08:00:00+00:00,0.00016092676353003475,2.5739123027387485e-26
2024-03-25 12:00:00+00:00,0.00014600349627548055,2.5665677607716494e-26
2024-03-25 16:00:00+00:00,8.484921039675654e-05,2.5797536184984633e-26
2024-03-25 20:00:00+00:00,0.00023545557983634555,2.5948334411800374e-26
2024-03-26 00:00:00+00:00,0.0001504859239545856,2.580557299130876e-26
2024-03-26 04:00:00+00:00,0.00017807096554623333,2.588736789232159e-26
2024-03-26 08:00:00+00:00,0.0001010157988662692,2.589130532219528e-26
2024-03-26 12:00:00+00:00,0.00011815099000234516,2.5668055253587534e-26
2024-03-26 16:00:00+00:00,0.0001653253458933346,2.562384774975974e-26
2024-03-26 20:00:00+00:00,5.425016350882576e-05,2.5814021290694414e-26
2024-03-27 00:00:00+00:00,7.139114872946922e-05,2.5661802065206428e-26
2024-03-27 04:00:00+00:00,6.534764329249117e-05,2.556277915279405e-26
2024-03-27 08:00:00+00:00,5.2481821609799815e-05,2.560408851540909e-26
2024-03-27 12:00:00+00:00,2.4882738265556713e-05,2.5888184263661555e-26
2024-03-27 16:00:00+00:00,7.876523860517973e-05,2.610832130584092e-26
2024-03-27 20:00:00+00:00,4.263803186211399e-05,2.630268831793777e-26
2024-03-28 00:00:00+00:00,3.0320612817542464e-05,2.633168747226817e-26
2024-03-28 04:00:00+00:00,4.80886892565251e-05,2.652770746655273e-26
2024-03-28 08:00:00+00:00,-2.1980974150543817e-05,2.659488807005971e-26
2024-03-28 12:00:00+00:00,0.0001073141791506732,2.675940743013414e-26
2024-03-28 16:00:00+00:00,0.00012883777324168688,2.6770021510125124e-26
2024-03-28 20:00:00+00:00,0.00012131406319904158,2.6987205555642223e-26
2024-03-29 00:00:00+00:00,0.0001253654267689267,2.703307655996435e-26
2024-03-29 04:00:00+00:00,1.940684156982527e-05,2.7176976745739105e-26
2024-03-29 08:00:00+00:00,0.00014320577004622926,2.7249175826384737e-26
2024-03-29 12:00:00+00:00,0.00011740693830276251,2.736587803853917e-26
2024-03-29 16:00:00+00:00,0.00016913456584253142,2.727517984665962e-26
2024-03-29 20:00:00+00:00,0.00013282885162988414,2.7088254205320835e-26
2024-03-30 00:00:00+00:00,0.00011973777375078284,2.697215944548954e-26
2024-03-30 04:00:00+00:00,0.00017741990606268506,2.678842120027935e-26
2024-03-30 08:00:00+00:00,0.0001322157729771071,2.678666705931869e-26
2024-03-30 12:00:00+00:00,0.0001658728786641772,2.670123147632611e-26
2024-03-30 16:00:00+00:00,8.699950764338138e-05,2.6676783024250117e-26
2024-03-30 20:00:00+00:00,0.00012849423440207408,2.668379615297917e-26
2024-03-31 00:00:00+00:00,7.719069842960886e-05,2.6466553294074955e-26
2024-03-31 04:00:00+00:00,0.0001607293103948467,2.6728035411874274e-26
2024-03-31 08:00:00+00:00,7.978486282031564e-05,2.664376475447209e-26
2024-03-31 12:00:00+00:00,0.00012469888865481634,2.6655394662757175e-26
2024-03-31 16:00:00+00:00,6.172476119367617e-05,2.6615055258039294e-26
2024-03-31 20:00:00+00:00,0.00012123535763720281,2.648911379128512e-26
2024-04-01 00:00:00+00:00,8.778822649043132e-05,2.6480181618478633e-26
2024-04-01 04:00:00+00:00,8.74686339116727e-05,2.637166665048058e-26
2024-04-01 08:00:00+00:00,0.00012686088176056622,2.641884935255077e-26
2024-04-01 12:00:00+00:00,0.00010259475289612201,2.652890243185578e-26
2024-04-01 16:00:00+00:00,2.6983213978422735e-05,2.6653188499946276e-26
2024-04-01 20:00:00+00:00,9.784056517592762e-05,2.684026987159591e-26
2024-04-02 00:00:00+00:00,7.680388758245083e-05,2.6975282791041273e-26
2024-04-02 04:00:00+00:00,-1.3475451103383095e-05,2.70254929156949e-26
2024-04-02 08:00:00+00:00,7.440041548427195e-05,2.6992981275308777e-26
2024-04-02 12:00:00+00:00,0.00016967218579497866,2.6989805545574153e-26
2024-04-02 16:00:00+00:00,1.056524735444423e-05,2.71800590674676e-26
2024-04-02 20:00:00+00:00,-2.4576131391755457e-05,2.7216445063038387e-26
2024-04-03 00:00:00+00:00,0.0001508476766718017,2.7231236269118817e-26
2024-04-03 04:00:00+00:00,9.062299876732972e-05,2.7149960826424474e-26
2024-04-03 08:00:00+00:00,2.164278202641866e-05,2.727417619680684e-26
2024-04-03 12:00:00+00:00,3.191235239746095e-05,2.727448647274078e-26
2024-04-03 16:00:00+00:00,0.00014272679463703895,2.7332063376212785e-26
2024-04-03 20:00:00+00:00,7.600566366973991e-05,2.7074502243874576e-26
2024-04-04 00:00:00+00:00,0.00011312506651340803,2.7118255842841274e-26
2024-04-04 04:00:00+00:00,0.00019974550207162278,2.71188829590042e-26
2024-04-04 08:00:00+00:00,0.00010068480390072358,2.7343338929406986e-26
2024-04-04 12:00:00+00:00,8.298561306238557e-05,2.743914235910518e-26
2024-04-04 16:00:00+00:00,8.99084828867432e-05,2.764545888504331e-26
2024-04-04 20:00:00+00:00,0.00010886411153302814,2.8019407722420153e-26
2024-04-05 00:00:00+00:00,5.020187147086685e-05,2.8175190541022394e-26
2024-04-05 04:00:00+00:00,5.406171804173115e-05,2.8121676276182085e-26
2024-04-05 08:00:00+00:00,-1.7894614344307483e-05,2.795885563858994e-26
2024-04-05 12:00:00+00:00,8.454669696580522e-05,2.8090097634461284e-26
2024-04-05 16:00:00+00:00,0.00010551500092189625,2.8040319502713125e-26
2024-04-05 20:00:00+00:00,-6.440188543695964e-05,2.838876509023956e-26
2024-04-06 00:00:00+00:00,9.888349752792418e-05,2.848561525290115e-26
2024-04-06 04:00:00+00:00,9.139261043840423e-05,2.8513446694296125e-26
2024-04-06 08:00:00+00:00,8.957096921661227e-05,2.861945884165301e-26
2024-04-06 12:00:00+00:00,8.29581323621584e-05,2.839065721209848e-26
2024-04-06 16:00:00+00:00,9.056299707706908e-05,2.822844112272818e-26
2024-04-06 20:00:00+00:00,7.810654239446624e-05,2.835194501033468e-26
2024-04-07 00:00:00+00:00,4.1742003936092766e-05,2.858049168215035e-26
2024-04-07 04:00:00+00:00,0.0001814934085882305,2.875561697058038e-26
2024-04-07 08:00:00+00:00,-3.503923507166129e-05,2.89134546692402e-26
2024-04-07 12:00:00+00:00,2.7897889672540758e-05,2.885478641602063e-26
2024-04-07 16:00:00+00:00,0.00017355658272755813,2.905483502182604e-26
2024-04-07 20:00:00+00:00,0.00010345894701802166,2.9106815777167264e-26
2024-04-08 00:00:00+00:00,8.445511886556094e-05,2.9276665332270754e-26
2024-04-08 04:00:00+00:00,0.0001622353321690339,2.9314569635626506e-26
2024-04-08 08:00:00+00:00,0.0001022521909983268,2.946393604446654e-26
2024-04-08 12:00:00+00:00,1.5392614359497314e-05,2.92822795580786e-26
2024-04-08 16:00:00+00:00,0.00013993735235168263,2.927118958179519e-26
2024-04-08 20:00:00+00:00,0.00012605354797767964,2.900874306871379e-26
2024-04-09 00:00:00+00:00,9.750512792037566e-05,2.8873855933269015e-26
2024-04-09 04:00:00+00:00,0.00017223539744883545,2.8737832766006016e-26
2024-04-09 08:00:00+00:00,0.00015901159582941692,2.873481546146753e-26
2024-04-09 12:00:00+00:00,0.0001047805245240424,2.890081016404002e-26
2024-04-09 16:00:00+00:00,9.396603253322288e-05,2.8984160059192884e-26
2024-04-09 20:00:00+00:00,0.0001315812352182212,2.8856823458364174e-26
2024-04-10 00:00:00+00:00,0.00013614516425696204,2.883291804184496e-26
2024-04-10 04:00:00+00:00,0.00011189588117893159,2.885387837104785e-26
2024-04-10 08:00:00+00:00,2.3784023505597426e-05,2.897870243858467e-26
2024-04-10 12:00:00+00:00,0.00010539107741804629,2.912754272243899e-26
2024-04-10 16:00:00+00:00,0.00012950298026844954,2.942827351872596e-26
2024-04-10 20:00:00+00:00,0.0001253418894749223,2.94437850790258e-26
2024-04-11 00:00:00+00:00,3.252256653520719e-05,2.974729760988553e-26
2024-04-11 04:00:00+00:00,0.00015027652338214323,2.9636278493307716e-26
2024-04-11 08:00:00+00:00,6.992116837496051e-05,2.9712935793771804e-26
2024-04-11 12:00:00+00:00,1.4495721884541552e-05,2.9648587869529366e-26
2024-04-11 16:00:00+00:00,7.65840270931752e-05,2.950077055810218e-26
2024-04-11 20:00:00+00:00,0.0001421949802079601,2.92839307562185e-26
2024-04-12 00:00:00+00:00,0.00013235153104013781,2.9476589257251275e-26
2024-04-12 04:00:00+00:00,5.3818182412959173e-05,2.9519597093237136e-26
2024-04-12 08:00:00+00:00,8.628256444815678e-05,2.9337473544682893e-26
2024-04-12 12:00:00+00:00,7.6069424498753e-05,2.9128381885109594e-26
2024-04-12 16:00:00+00:00,0.00010390996292353812,2.0389867319576716e-26
2024-04-12 20:00:00+00:00,-1.1781463507146192e-05,2.0493440889350328e-26
2024-04-13 00:00:00+00:00,6.218164246672543e-05,2.050979355794882e-26
2024-04-13 04:00:00+00:00,6.988788254215403e-05,2.051668948939186e-26
2024-04-13 08:00:00+00:00,1.8384332465437524e-05,2.0416503406832914e-26
2024-04-13 12:00:00+00:00,3.203520925125295e-05,2.0163469736791621e-26
2024-04-13 16:00:00+00:00,4.8783172930533266e-05,1.4114428815754134e-26
2024-04-13 20:00:00+00:00,-1.6254859386695877e-05,1.417812821590294e-26
2024-04-14 00:00:00+00:00,2.3539599467779744e-06,1.415354199149949e-26
2024-04-14 04:00:00+00:00,0.00013056262059800856,1.4090314525883523e-26
2024-04-14 08:00:00+00:00,-2.4403632016047614e-06,1.4083162630767347e-26
2024-04-14 12:00:00+00:00,6.242802225334189e-06,1.4102665591481742e-26
2024-04-14 16:00:00+00:00,7.006097247377073e-05,1.4075386541883813e-26
2024-04-14 20:00:00+00:00,0.00020780779952154493,1.406675979884915e-26
2024-04-15 00:00:00+00:00,5.096368007275687e-05,1.4118488365372528e-26
2024-04-15 04:00:00+00:00,0.00019326497459676135,1.415501085871673e-26
2024-04-15 08:00:00+00:00,0.0001444600533768094,1.410615245025407e-26
2024-04-15 12:00:00+00:00,0.00018270049075216565,9.874306715177848e-27
2024-04-15 16:00:00+00:00,0.00017118718146670277,9.81726082904223e-27
2024-04-15 20:00:00+00:00,4.4875502117827304e-05,9.783184861838586e-27
2024-04-16 00:00:00+00:00,9.653194145567739e-05,9.758358388130662e-27
2024-04-16 04:00:00+00:00,0.0001005397792656082,9.713393671962531e-27
2024-04-16 08:00:00+00:00,8.39222035364766e-05,9.647039394786817e-27
2024-04-16 12:00:00+00:00,5.70379064979164e-05,6.752927576350771e-27
2024-04-16 16:00:00+00:00,8.345438652855198e-05,6.768456748484247e-27
2024-04-16 20:00:00+00:00,8.898902096371466e-05,6.747033247495498e-27
2024-04-17 00:00:00+00:00,0.000154751063121552,6.750628776916964e-27
2024-04-17 04:00:00+00:00,-3.063330613204024e-06,6.799479378689988e-27
2024-04-17 08:00:00+00:00,-4.560105191262863e-06,6.793854980689796e-27
2024-04-17 12:00:00+00:00,-5.508964589625705e-07,6.764120245624312e-27
2024-04-17 16:00:00+00:00,7.647596158925706e-05,6.783192649508987e-27
2024-04-17 20:00:00+00:00,5.3690161235998114e-05,6.787163084201944e-27
2024-04-18 00:00:00+00:00,0.00013542746385288015,6.76953732476977e-27
2024-04-18 04:00:00+00:00,2.099166545450491e-05,6.75432125653221e-27
2024-04-18 08:00:00+00:00,0.0001317120136215597,6.75299619551421e-27
2024-04-18 12:00:00+00:00,0.0001525668150132677,6.772664853805893e-27
2024-04-18 16:00:00+00:00,0.00012106201784018509,6.831404001736993e-27
2024-04-18 20:00:00+00:00,0.00015554547879684905,6.87111399705628e-27
2024-04-19 00:00:00+00:00,0.00013075466041692535,6.814744297279416e-27
2024-04-19 04:00:00+00:00,3.7462010693668215e-05,6.879118065356822e-27
2024-04-19 08:00:00+00:00,6.65283199750908e-05,6.840718300699975e-27
2024-04-19 12:00:00+00:00,0.00025718417599973083,6.859714603168392e-27
2024-04-19 16:00:00+00:00,0.00014213946757324017,6.803816938577211e-27
2024-04-19 20:00:00+00:00,0.00018393839681583396,6.772190207030652e-27
2024-04-20 00:00:00+00:00,0.0001152036615900057,6.758961119392464e-27
2024-04-20 04:00:00+00:00,1.4920269837921795e-05,6.794559482129806e-27
2024-04-20 08:00:00+00:00,0.00010961828137464195,6.824543834472432e-27
2024-04-20 12:00:00+00:00,0.00016135462047569662,6.808624309036026e-27
2024-04-20 16:00:00+00:00,0.00013244285575907236,6.820392830468489e-27
2024-04-20 20:00:00+00:00,0.00013214332445313955,6.853634024238087e-27
2024-04-21 00:00:00+00:00,0.00019706958279121765,6.843920185991324e-27
2024-04-21 04:00:00+00:00,4.8677862852963736e-05,6.895711616685354e-27
2024-04-21 08:00:00+00:00,8.530921354303106e-05,6.877346815395916e-27
2024-04-21 12:00:00+00:00,7.453880082468831e-05,6.94254287499173e-27
2024-04-21 16:00:00+00:00,0.00010834167234711608,6.916891019864277e-27
2024-04-21 20:00:00+00:00,8.717168099137105e-05,6.920573807051033e-27
2024-04-22 00:00:00+00:00,0.0001644435272039586,6.960514755658782e-27
2024-04-22 04:00:00+00:00,0.00011478154610457208,6.999524037307506e-27
2024-04-22 08:00:00+00:00,0.00019194658786511953,6.974802624006529e-27
2024-04-22 12:00:00+00:00,0.00016213577914919015,6.965577487368674e-27
2024-04-22 16:00:00+00:00,0.0001756580306405678,6.970182844728042e-27
2024-04-22 20:00:00+00:00,7.527124727974386e-05,7.000157320229975e-27
2024-04-23 00:00:00+00:00,0.00011680216325084334,7.009984913133341e-27
2024-04-23 04:00:00+00:00,7.280683714983796e-05,7.010106912124351e-27
2024-04-23 08:00:00+00:00,0.00013223844994336782,7.025479019175656e-27
2024-04-23 12:00:00+00:00,0.00016191494646068484,7.076756474702452e-27
2024-04-23 16:00:00+00:00,9.868997828034516e-05,7.092839945756588e-27
2024-04-23 20:00:00+00:00,-5.484554387683979e-05,7.0558249592374e-27
2024-04-24 00:00:00+00:00,5.479760206188254e-05,7.108270099063444e-27
2024-04-24 04:00:00+00:00,0.00012651021761410895,7.09292707140523e-27
2024-04-24 08:00:00+00:00,0.00012442174058888595,7.112875519449352e-27
2024-04-24 12:00:00+00:00,7.633871271301259e-05,7.04735779806545e-27
2024-04-24 16:00:00+00:00,4.4396499492549054e-05,7.007893444867965e-27
2024-04-24 20:00:00+00:00,4.5124976852606546e-05,7.04893030920434e-27
2024-04-25 00:00:00+00:00,9.072641510714637e-05,7.094216961002698e-27
2024-04-25 04:00:00+00:00,7.134017146177448e-05,7.120766174753599e-27
2024-04-25 08:00:00+00:00,5.056526358002777e-05,7.11700404814978e-27
2024-04-25 12:00:00+00:00,2.6524741933697028e-05,7.165196385402895e-27
2024-04-25 16:00:00+00:00,8.145248904538267e-05,7.240483504645152e-27
2024-04-25 20:00:00+00:00,0.00013338108346751002,7.20878485520782e-27
2024-04-26 00:00:00+00:00,-3.0580375596036385e-05,7.186046056215697e-27
2024-04-26 04:00:00+00:00,0.00010244017037215573,7.213847406543424e-27
2024-04-26 08:00:00+00:00,1.3803361356198656e-05,7.239959331619113e-27
2024-04-26 12:00:00+00:00,7.386130398707408e-05,7.202593177365385e-27
2024-04-26 16:00:00+00:00,6.765221527310747e-05,7.16103687036585e-27
2024-04-26 20:00:00+00:00,4.6029090690558175e-05,7.128287103899548e-27
2024-04-27 00:00:00+00:00,4.178571740893652e-05,7.120036051771572e-27
2024-04-27 04:00:00+00:00,3.75663003960719e-05,7.099154702467635e-27
2024-04-27 08:00:00+00:00,9.878116870553339e-05,7.061879572654095e-27
2024-04-27 12:00:00+00:00,8.366134445847109e-06,7.099657861487026e-27
2024-04-27 16:00:00+00:00,-1.962194640443325e-05,7.06148195022805e-27
2024-04-27 20:00:00+00:00,6.544150971126611e-05,7.021018326105943e-27
2024-04-28 00:00:00+00:00,7.83763692624804e-05,7.05796875640879e-27
2024-04-28 04:00:00+00:00,0.0001475193638264118,7.047771901462303e-27
2024-04-28 08:00:00+00:00,0.00012350957106964402,7.086250460467809e-27
2024-04-28 12:00:00+00:00,0.00010365193154701227,7.122988174966713e-27
2024-04-28 16:00:00+00:00,0.00013797831805653822,7.153007758119209e-27
2024-04-28 20:00:00+00:00,4.5995408091192e-05,7.167181660354677e-27
2024-04-29 00:00:00+00:00,0.00010835709706649759,7.154328179416203e-27
2024-04-29 04:00:00+00:00,6.78251890316826e-05,7.208453702126194e-27
2024-04-29 08:00:00+00:00,0.00010678387315096228,7.175402219767948e-27
2024-04-29 12:00:00+00:00,6.538942526485989e-05,7.138068571613754e-27
2024-04-29 16:00:00+00:00,5.871905188331327e-05,7.151674017482813e-27
2024-04-29 20:00:00+00:00,9.726600370362497e-05,7.226503698955859e-27
2024-04-30 00:00:00+00:00,4.451039440222603e-05,7.2388028039007e-27
2024-04-30 04:00:00+00:00,0.00014235851181400013,7.241102650699039e-27
2024-04-30 08:00:00+00:00,0.00010133134882472136,7.294156391235389e-27
2024-04-30 12:00:00+00:00,3.127390642359416e-05,7.318025978324972e-27
2024-04-30 16:00:00+00:00,8.245389548752161e-05,7.256373052889428e-27
2024-04-30 20:00:00+00:00,2.9866462825159994e-05,7.260739708994506e-27
2024-05-01 00:00:00+00:00,0.0001268763381505793,7.240874058058425e-27
2024-05-01 04:00:00+00:00,4.749737239518351e-05,7.266298312784439e-27
2024-05-01 08:00:00+00:00,9.18685018088525e-05,7.313527799727484e-27
2024-05-01 12:00:00+00:00,0.00014042696248781517,7.40504849008084e-27
2024-05-01 16:00:00+00:00,0.00015395014309778997,7.401918422447022e-27
2024-05-01 20:00:00+00:00,-1.058549214304567e-05,7.452434504375501e-27
2024-05-02 00:00:00+00:00,2.6131315306982693e-05,7.465789389080944e-27
2024-05-02 04:00:00+00:00,0.0001306307493613285,7.46575131932164e-27
2024-05-02 08:00:00+00:00,9.160628421373923e-05,7.43002645785693e-27
2024-05-02 12:00:00+00:00,7.184996071160612e-05,7.416881427687383e-27
2024-05-02 16:00:00+00:00,0.00018458712450822185,7.437758035726263e-27
2024-05-02 20:00:00+00:00,3.645399461105038e-05,7.450063337114808e-27
2024-05-03 00:00:00+00:00,0.00015854771834645452,7.493477879351975e-27
2024-05-03 04:00:00+00:00,0.0001419466883070813,7.559453756558762e-27
2024-05-03 08:00:00+00:00,0.0001793650012222015,7.576806224939281e-27
2024-05-03 12:00:00+00:00,0.00018583303043716564,7.563682346056071e-27
2024-05-03 16:00:00+00:00,8.24673785762222e-05,7.633023710342414e-27
2024-05-03 20:00:00+00:00,3.276264466458655e-05,7.61978470875755e-27
2024-05-04 00:00:00+00:00,0.00015352988442882205,7.629282423918913e-27
2024-05-04 04:00:00+00:00,0.00017909899103380568,7.610987246242524e-27
2024-05-04 08:00:00+00:00,0.00011292853676022359,7.590508940874865e-27
2024-05-04 12:00:00+00:00,0.00011028244005144693,7.593931449256492e-27
2024-05-04 16:00:00+00:00,0.00019888704973007525,7.54754023521807e-27
2024-05-04 20:00:00+00:00,0.0001023504286131103,7.554007484955946e-27
2024-05-05 00:00:00+00:00,0.00012716937277398654,7.588618246621024e-27
2024-05-05 04:00:00+00:00,0.00010747010509530607,7.592495547690122e-27
2024-05-05 08:00:00+00:00,0.00016712505179930154,7.586511209826398e-27
2024-05-05 12:00:00+00:00,0.0002675108285182662,7.647853383959168e-27
2024-05-05 16:00:00+00:00,0.00011514088504167874,7.660345608704982e-27
2024-05-05 20:00:00+00:00,1.956528758037119e-05,7.65424144775999e-27
2024-05-06 00:00:00+00:00,0.00013500957949938927,7.65452061834965e-27
2024-05-06 04:00:00+00:00,2.4810511879205934e-06,7.788920353237906e-27
2024-05-06 08:00:00+00:00,0.00010593978962882025,7.846343973539157e-27
2024-05-06 12:00:00+00:00,0.0001873513200657225,7.84638257777659e-27
2024-05-06 16:00:00+00:00,3.588848614869928e-05,7.876039833409522e-27
2024-05-06 20:00:00+00:00,0.00010657969863751916,7.866886893078501e-27
2024-05-07 00:00:00+00:00,6.024042020421075e-05,7.89423023400576e-27
2024-05-07 04:00:00+00:00,6.927840055687635e-05,7.91293600358143e-27
2024-05-07 08:00:00+00:00,5.424333743666252e-05,7.947361602197708e-27
2024-05-07 12:00:00+00:00,0.0001301284592436941,7.965753217378579e-27
2024-05-07 16:00:00+00:00,0.00014201713239432912,7.982976786487154e-27
2024-05-07 20:00:00+00:00,0.0002473705646565854,8.01160002224288e-27
2024-05-08 00:00:00+00:00,0.00017176242546038567,8.043331897576841e-27
2024-05-08 04:00:00+00:00,0.0001314962777200601,8.060294930308766e-27
2024-05-08 08:00:00+00:00,0.00011783320168420492,8.095135707551196e-27
2024-05-08 12:00:00+00:00,3.541748003052096e-05,8.178944462669151e-27
2024-05-08 16:00:00+00:00,4.7269612590959293e-05,8.174336297779343e-27
2024-05-08 20:00:00+00:00,-2.386731238801146e-05,8.192800165598922e-27
2024-05-09 00:00:00+00:00,5.807058720500961e-05,8.26879454933073e-27
2024-05-09 04:00:00+00:00,8.334625948291031e-05,8.258596210995666e-27
2024-05-09 08:00:00+00:00,8.22908663424934e-06,8.256862487369286e-27
2024-05-09 12:00:00+00:00,6.799288370110635e-05,8.324788482001496e-27
2024-05-09 16:00:00+00:00,0.0001288330980822351,8.351298561131553e-27
2024-05-09 20:00:00+00:00,0.00014365819005167385,8.420182018136328e-27
2024-05-10 00:00:00+00:00,7.327479845705016e-05,8.442128892630987e-27
2024-05-10 04:00:00+00:00,0.00010702767220255495,8.353781594509361e-27
2024-05-10 08:00:00+00:00,0.00016753725385798508,8.394758379658119e-27
2024-05-10 12:00:00+00:00,7.805690665453658e-05,5.8763308657606825e-27
2024-05-10 16:00:00+00:00,0.00011410675190214394,5.8753048251605115e-27
2024-05-10 20:00:00+00:00,0.00010993186463862573,5.8216702273538685e-27
2024-05-11 00:00:00+00:00,9.225312220660661e-05,5.850980323642342e-27
2024-05-11 04:00:00+00:00,0.00011589676541048536,5.837202294358388e-27
2024-05-11 08:00:00+00:00,5.576914134506301e-05,5.840328369971967e-27
2024-05-11 12:00:00+00:00,8.893122585539518e-05,5.862053837601936e-27
2024-05-11 16:00:00+00:00,7.560179045587489e-05,5.86474172064409e-27
2024-05-11 20:00:00+00:00,5.480569914621636e-05,5.830570573936861e-27
2024-05-12 00:00:00+00:00,0.00011317343401223476,5.8569306018041725e-27
2024-05-12 04:00:00+00:00,9.957931808494539e-05,5.811860347709145e-27
2024-05-12 08:00:00+00:00,3.5361446383403943e-05,5.8673087402909635e-27
2024-05-12 12:00:00+00:00,0.00012696961102245632,5.906925791818356e-27
2024-05-12 16:00:00+00:00,0.00015371113844592885,5.917560758577896e-27
2024-05-12 20:00:00+00:00,7.33821933365772e-05,5.8634500424212214e-27
2024-05-13 00:00:00+00:00,0.00010997887686929363,5.823971418415333e-27
2024-05-13 04:00:00+00:00,7.824089035937994e-05,5.878039876310494e-27
2024-05-13 08:00:00+00:00,5.96577164142422e-05,5.888779603517901e-27
2024-05-13 12:00:00+00:00,8.749873932067137e-06,5.882126132432524e-27
2024-05-13 16:00:00+00:00,0.00010537737495655084,5.8717682169682165e-27
2024-05-13 20:00:00+00:00,5.8530290196909956e-05,5.824370301681679e-27
2024-05-14 00:00:00+00:00,5.8205661969973204e-05,5.812626845841296e-27
2024-05-14 04:00:00+00:00,0.00011131453750694292,5.782346172320312e-27
2024-05-14 08:00:00+00:00,0.00012354671874598394,5.773476713928057e-27
2024-05-14 12:00:00+00:00,8.479744947659508e-05,5.754037030957068e-27
2024-05-14 16:00:00+00:00,0.00011167158032513012,5.781892274754289e-27
2024-05-14 20:00:00+00:00,4.879715208428262e-05,5.788530539503846e-27
2024-05-15 00:00:00+00:00,0.00010335978545279319,5.778981640417417e-27
2024-05-15 04:00:00+00:00,7.677511388959288e-05,5.797901650210264e-27
2024-05-15 08:00:00+00:00,5.0702200210475846e-05,5.8390764034104164e-27
2024-05-15 12:00:00+00:00,0.00010243710421776867,5.8434682816468516e-27
2024-05-15 16:00:00+00:00,0.00013456991894832723,5.8256970762210605e-27
2024-05-15 20:00:00+00:00,8.376639766882472e-05,5.875838990385602e-27
2024-05-16 00:00:00+00:00,0.0001623758700686312,5.8602783523337786e-27
2024-05-16 04:00:00+00:00,0.000222680596618395,5.80818286142537e-27
2024-05-16 08:00:00+00:00,0.00018432581313184,5.802815818506627e-27
2024-05-16 12:00:00+00:00,0.00020330640456982322,5.8224530615332694e-27
2024-05-16 16:00:00+00:00,0.00018648067357564444,5.817430991852712e-27
2024-05-16 20:00:00+00:00,0.0001511177366792971,5.780653809866185e-27
2024-05-17 00:00:00+00:00,0.0001536256930614405,5.809150335511361e-27
2024-05-17 04:00:00+00:00,0.00012696196038648714,5.840750829846789e-27
2024-05-17 08:00:00+00:00,0.00018484626560914965,5.914397983933926e-27
2024-05-17 12:00:00+00:00,0.00013742449028563997,5.962054459086343e-27
2024-05-17 16:00:00+00:00,0.00017707616474906283,5.9820537879859e-27
2024-05-17 20:00:00+00:00,9.515084215261076e-05,6.101226503192333e-27
2024-05-18 00:00:00+00:00,9.190571002657524e-05,6.174050873791613e-27
2024-05-18 04:00:00+00:00,4.826100637019929e-05,6.1806846047168524e-27
2024-05-18 08:00:00+00:00,0.000155148163547675,6.15557520595134e-27
2024-05-18 12:00:00+00:00,0.00016587735741911745,6.204294530304426e-27
2024-05-18 16:00:00+00:00,0.0001188444410139835,6.23164077636129e-27
2024-05-18 20:00:00+00:00,0.00011104610251055832,6.255423097549527e-27
2024-05-19 00:00:00+00:00,0.00010504876224591605,6.229951542629484e-27
2024-05-19 04:00:00+00:00,0.0001349015613829,6.239320967331629e-27
2024-05-19 08:00:00+00:00,9.057709175450196e-05,6.297967057249988e-27
2024-05-19 12:00:00+00:00,0.0001272140312804937,6.353278277742936e-27
2024-05-19 16:00:00+00:00,7.66732447989196e-05,6.3733420106227744e-27
2024-05-19 20:00:00+00:00,7.608865572535358e-05,6.3744461263551074e-27
2024-05-20 00:00:00+00:00,0.00015932390168091332,6.335787476293253e-27
2024-05-20 04:00:00+00:00,0.00010032862953788145,6.301750975020144e-27
2024-05-20 08:00:00+00:00,0.00012238854758945367,6.335967181791649e-27
2024-05-20 12:00:00+00:00,0.00012572691277447186,6.369939956955954e-27
2024-05-20 16:00:00+00:00,0.00018349149565984648,6.337482725523343e-27
2024-05-20 20:00:00+00:00,0.00015646819322611915,6.3353465640737525e-27
2024-05-21 00:00:00+00:00,0.00013620128847929445,6.3260446633017404e-27
2024-05-21 04:00:00+00:00,8.867903718813229e-05,6.347195150349175e-27
2024-05-21 08:00:00+00:00,0.00011700268852568994,6.3438841553674985e-27
2024-05-21 12:00:00+00:00,0.0001303530044579888,6.333278124168227e-27
2024-05-21 16:00:00+00:00,7.673755842825707e-05,6.351802918283664e-27
2024-05-21 20:00:00+00:00,0.00012713731412286735,6.3554992801523436e-27
2024-05-22 00:00:00+00:00,0.00013488511205225393,6.351495708576427e-27
2024-05-22 04:00:00+00:00,-9.231002332717753e-06,6.351987568179053e-27
2024-05-22 08:00:00+00:00,4.021057346869735e-06,6.384247376134382e-27
2024-05-22 12:00:00+00:00,7.505339761943324e-05,6.388359701699821e-27
2024-05-22 16:00:00+00:00,3.440365236187279e-05,6.3911121130495514e-27
2024-05-22 20:00:00+00:00,3.262630358638141e-05,6.39894941345005e-27
2024-05-23 00:00:00+00:00,6.603356747093118e-05,6.421625347623221e-27
2024-05-23 04:00:00+00:00,5.856151429203122e-06,6.452175457322882e-27
2024-05-23 08:00:00+00:00,8.669260054378284e-05,6.4326458583011655e-27
2024-05-23 12:00:00+00:00,5.185822129253505e-05,6.432321185610698e-27
2024-05-23 16:00:00+00:00,0.00012471656914517834,6.470775596145831e-27
2024-05-23 20:00:00+00:00,0.00010869991748408859,6.43626192878209e-27
2024-05-24 00:00:00+00:00,8.55110928636604e-05,6.462866514467654e-27
2024-05-24 04:00:00+00:00,4.6830935417423164e-05,6.478710319539868e-27
2024-05-24 08:00:00+00:00,4.776602008676366e-05,6.513045242802664e-27
2024-05-24 12:00:00+00:00,9.193076595355378e-05,6.48715350042464e-27
2024-05-24 16:00:00+00:00,5.516888370611192e-05,6.491848290402705e-27
2024-05-24 20:00:00+00:00,-1.655157715070094e-05,6.53244435207782e-27
2024-05-25 00:00:00+00:00,3.062382992255624e-05,6.558603910538206e-27
2024-05-25 04:00:00+00:00,7.052817033898e-05,6.516917467196342e-27
2024-05-25 08:00:00+00:00,4.722852048276708e-05,6.50053266453596e-27
2024-05-25 12:00:00+00:00,0.0001557062924121686,6.461729234532361e-27
2024-05-25 16:00:00+00:00,4.174278371137311e-05,6.508442725806745e-27
2024-05-25 20:00:00+00:00,0.00012546993941406383,6.567893725603511e-27
2024-05-26 00:00:00+00:00,7.896256302193054e-05,6.573336928833926e-27
2024-05-26 04:00:00+00:00,7.527319591223096e-05,6.578690614500651e-27
2024-05-26 08:00:00+00:00,5.4333641876708235e-05,6.618820427611628e-27
2024-05-26 12:00:00+00:00,1.58173056933626e-05,6.641382606757032e-27
2024-05-26 16:00:00+00:00,0.00010980187303085518,6.67234547164727e-27
2024-05-26 20:00:00+00:00,9.773901061102747e-05,6.625910037539881e-27
2024-05-27 00:00:00+00:00,9.595897769568318e-05,6.639897453840308e-27
2024-05-27 04:00:00+00:00,8.279920614799247e-05,6.597230093671549e-27
2024-05-27 08:00:00+00:00,0.0001412378675115665,6.580107129688169e-27
2024-05-27 12:00:00+00:00,0.0001660985141589525,6.540704375929208e-27
2024-05-27 16:00:00+00:00,1.933794741577061e-05,6.565132049520081e-27
2024-05-27 20:00:00+00:00,4.462186188473106e-05,6.517737630097775e-27
2024-05-28 00:00:00+00:00,1.7309882154861786e-05,6.496242960825819e-27
2024-05-28 04:00:00+00:00,5.9006003457305945e-05,6.486180375675886e-27
2024-05-28 08:00:00+00:00,6.229049274988633e-05,6.451939800292375e-27
2024-05-28 12:00:00+00:00,7.236771811235901e-05,6.458516896262168e-27
2024-05-28 16:00:00+00:00,2.0717712867119337e-05,6.3915433577493926e-27
2024-05-28 20:00:00+00:00,8.008802322267938e-05,6.403276147297863e-27
2024-05-29 00:00:00+00:00,0.00019667546809806657,6.384160870923434e-27
2024-05-29 04:00:00+00:00,8.181723240781368e-05,6.387018652891997e-27
2024-05-29 08:00:00+00:00,0.00010862730956738143,6.403692262534436e-27
2024-05-29 12:00:00+00:00,0.00011657933181940844,6.481540113541429e-27
2024-05-29 16:00:00+00:00,0.00015225554653988262,6.428552048307765e-27
2024-05-29 20:00:00+00:00,0.00018704921436142147,6.439025388407156e-27
2024-05-30 00:00:00+00:00,0.00015692076989426676,6.4096630247785744e-27
2024-05-30 04:00:00+00:00,8.624453589749807e-05,6.3913952104282905e-27
2024-05-30 08:00:00+00:00,0.00011836288156121249,6.4224285399823446e-27
2024-05-30 12:00:00+00:00,7.356446627115452e-05,6.431599264256188e-27
2024-05-30 16:00:00+00:00,0.00013038606968237675,6.4234252135271864e-27
2024-05-30 20:00:00+00:00,9.307838982799041e-05,6.436212229620676e-27
2024-05-31 00:00:00+00:00,1.6455799659030464e-05,6.449629695758545e-27
2024-05-31 04:00:00+00:00,7.115969309559722e-05,6.420864037989084e-27
2024-05-31 08:00:00+00:00,8.152607273908505e-05,6.459125453773843e-27
2024-05-31 12:00:00+00:00,0.0001494255182785893,6.490674062947755e-27
2024-05-31 16:00:00+00:00,6.704272797290544e-05,6.503709976740312e-27
2024-05-31 20:00:00+00:00,3.7076918452163555e-05,6.534294018832725e-27
2024-06-01 00:00:00+00:00,0.00011409743914840505,6.539256339368365e-27
2024-06-01 04:00:00+00:00,0.00015256111204499986,6.609962356865502e-27
2024-06-01 08:00:00+00:00,0.00013083072000680845,6.69211582306731e-27
2024-06-01 12:00:00+00:00,0.00015591218034751068,6.676064276941474e-27
2024-06-01 16:00:00+00:00,0.00020568880178942203,6.662913251491947e-27
2024-06-01 20:00:00+00:00,-4.684001491707711e-06,6.636408546208855e-27
2024-06-02 00:00:00+00:00,9.575585601312377e-05,6.64302807117564e-27
2024-06-02 04:00:00+00:00,9.263281194047452e-05,6.730172912956384e-27
2024-06-02 08:00:00+00:00,8.815875229857965e-05,6.725781999467003e-27
2024-06-02 12:00:00+00:00,0.00014858025749660674,6.756553809388821e-27
2024-06-02 16:00:00+00:00,4.795656114893021e-05,6.790240279619795e-27
2024-06-02 20:00:00+00:00,0.0001402230591030371,6.799232963729262e-27
2024-06-03 00:00:00+00:00,0.00016578266768160123,6.800001722326752e-27
2024-06-03 04:00:00+00:00,5.493943537789846e-05,6.779851842637879e-27
2024-06-03 08:00:00+00:00,0.00012178734422963642,6.790783176690633e-27
2024-06-03 12:00:00+00:00,4.0721127375181825e-05,6.83246598868475e-27
2024-06-03 16:00:00+00:00,1.1694586576024195e-05,6.847136365465583e-27
2024-06-03 20:00:00+00:00,0.00011060892255257936,6.860369480334837e-27
2024-06-04 00:00:00+00:00,6.842867475174694e-05,6.833335025239036e-27
2024-06-04 04:00:00+00:00,7.580626319177343e-05,6.865975597342456e-27
2024-06-04 08:00:00+00:00,0.00013841089838270422,6.91626066800914e-27
2024-06-04 12:00:00+00:00,8.573843446068401e-05,6.902540587262732e-27
2024-06-04 16:00:00+00:00,0.000105441071258036,6.964802437965217e-27
2024-06-04 20:00:00+00:00,0.00012394970575596066,6.953294929688166e-27
2024-06-05 00:00:00+00:00,0.00018637133543597127,6.964904673079896e-27
2024-06-05 04:00:00+00:00,0.0001496530054535212,6.94034298835537e-27
2024-06-05 08:00:00+00:00,0.00011418504882413493,6.982558418665746e-27
2024-06-05 12:00:00+00:00,8.227098161903479e-05,7.011064440036147e-27
2024-06-05 16:00:00+00:00,8.027455083663302e-05,7.027160178509369e-27
2024-06-05 20:00:00+00:00,0.0001032703014579392,7.038871487899607e-27
2024-06-06 00:00:00+00:00,9.746015897546953e-05,7.050301935558556e-27
2024-06-06 04:00:00+00:00,0.00012500841623377089,7.023862602164557e-27
2024-06-06 08:00:00+00:00,5.366384438123651e-05,6.988630957821306e-27
2024-06-06 12:00:00+00:00,8.34973545142622e-05,7.014607284067286e-27
2024-06-06 16:00:00+00:00,5.564136839301001e-05,7.058596238204148e-27
2024-06-06 20:00:00+00:00,0.00011762774087200295,7.093088221035978e-27
2024-06-07 00:00:00+00:00,0.00010508812997255557,7.059691353436332e-27
2024-06-07 04:00:00+00:00,0.0001240082710115959,7.080599887626783e-27
2024-06-07 08:00:00+00:00,6.910802332305042e-05,7.150911393198516e-27
2024-06-07 12:00:00+00:00,7.302242757258818e-05,7.136423834654803e-27
2024-06-07 16:00:00+00:00,1.858133405594296e-05,7.1863810993756e-27
2024-06-07 20:00:00+00:00,3.413150369597809e-05,7.155801138944333e-27
2024-06-08 00:00:00+00:00,7.103098343692693e-06,7.210417637930257e-27
2024-06-08 04:00:00+00:00,6.587829948844669e-05,7.197052639211584e-27
2024-06-08 08:00:00+00:00,0.00014364034550778634,7.204852616457327e-27
2024-06-08 12:00:00+00:00,1.0632392100488135e-05,7.200246625511994e-27
2024-06-08 16:00:00+00:00,9.538224564280131e-05,7.224908037212876e-27
2024-06-08 20:00:00+00:00,8.86544804148446e-05,7.231139565537972e-27
2024-06-09 00:00:00+00:00,0.00019351474528177848,7.284386540091863e-27
2024-06-09 04:00:00+00:00,0.0001137665533086359,7.249722792670437e-27
2024-06-09 08:00:00+00:00,7.13350564602307e-05,7.250566716984832e-27
2024-06-09 12:00:00+00:00,7.931231961947638e-05,7.219838815338282e-27
2024-06-09 16:00:00+00:00,0.00010507367966608073,7.198760057522916e-27
2024-06-09 20:00:00+00:00,7.272803096528605e-05,7.15808126212505e-27
2024-06-10 00:00:00+00:00,7.191245722851735e-05,7.15668686097579e-27
2024-06-10 04:00:00+00:00,3.757815136831905e-05,7.165029834936458e-27
2024-06-10 08:00:00+00:00,0.00011294737871587192,7.192789353322325e-27
2024-06-10 12:00:00+00:00,0.00017381680397813174,7.154986559671143e-27
2024-06-10 16:00:00+00:00,6.389850453053247e-05,7.142997894022085e-27
2024-06-10 20:00:00+00:00,8.37414465577343e-05,7.10151530791894e-27
2024-06-11 00:00:00+00:00,0.00017301427538003017,7.12739874263954e-27
2024-06-11 04:00:00+00:00,0.00012269529953422487,7.131272531160212e-27
2024-06-11 08:00:00+00:00,0.00011130363835009997,7.123629191245675e-27
2024-06-11 12:00:00+00:00,6.286797298757113e-05,7.1142234471878e-27
2024-06-11 16:00:00+00:00,0.00010815070919630953,7.09117932533955e-27
2024-06-11 20:00:00+00:00,4.2441073501089156e-05,7.046941063237343e-27
2024-06-12 00:00:00+00:00,2.6580118776616404e-05,7.002097342491543e-27
2024-06-12 04:00:00+00:00,2.411141638635146e-06,6.981662354142519e-27
2024-06-12 08:00:00+00:00,4.8175152911826734e-05,7.037184059827014e-27
2024-06-12 12:00:00+00:00,0.00014680798494907742,7.032505533820834e-27
2024-06-12 16:00:00+00:00,0.00011674249456687983,7.00460428107518e-27
2024-06-12 20:00:00+00:00,0.00011625124415084046,6.930249399674091e-27
2024-06-13 00:00:00+00:00,0.00010055498297982414,6.886835964312959e-27
2024-06-13 04:00:00+00:00,0.00012773415036680192,6.918702416629954e-27
2024-06-13 08:00:00+00:00,-7.073131537908234e-06,6.937081508859808e-27
2024-06-13 12:00:00+00:00,3.335195497080523e-05,6.939454145026844e-27
2024-06-13 16:00:00+00:00,0.0001314465801430785,6.970473374000685e-27
2024-06-13 20:00:00+00:00,0.00010672786523740219,6.972233384920234e-27
2024-06-14 00:00:00+00:00,-1.110275189797727e-06,7.017617795080581e-27
2024-06-14 04:00:00+00:00,0.00014351800172503364,7.040793109115584e-27
2024-06-14 08:00:00+00:00,4.934746561875587e-05,7.066185786016992e-27
2024-06-14 12:00:00+00:00,6.623481791156446e-05,7.037398244924554e-27
2024-06-14 16:00:00+00:00,3.739246691815682e-05,6.979572291710559e-27
2024-06-14 20:00:00+00:00,0.00017625628479305526,6.900787534475172e-27
2024-06-15 00:00:00+00:00,2.518671979473596e-05,6.89588553367244e-27
2024-06-15 04:00:00+00:00,5.500641007803589e-05,6.944519781880974e-27
2024-06-15 08:00:00+00:00,8.873913855908638e-05,6.907228951404966e-27
2024-06-15 12:00:00+00:00,0.00010297335369277506,6.998707969611915e-27
2024-06-15 16:00:00+00:00,0.00011603291711461972,6.955929856736799e-27
2024-06-15 20:00:00+00:00,7.13323378452479e-05,6.960065881209871e-27
2024-06-16 00:00:00+00:00,6.954532991237854e-05,6.952569711516227e-27
2024-06-16 04:00:00+00:00,-4.281616872909858e-05,6.900521501559882e-27
2024-06-16 08:00:00+00:00,6.541038279824991e-05,6.86239074745357e-27
2024-06-16 12:00:00+00:00,0.00010889370124269075,6.857898609923237e-27
2024-06-16 16:00:00+00:00,0.00010621946619431417,6.85591991013333e-27
2024-06-16 20:00:00+00:00,0.00012787771752680648,6.863123582409409e-27
2024-06-17 00:00:00+00:00,0.0001787918308972154,6.851045322321798e-27
2024-06-17 04:00:00+00:00,0.00014924391535936607,6.829229425212598e-27
2024-06-17 08:00:00+00:00,5.7252902380862565e-05,6.862555856848954e-27
2024-06-17 12:00:00+00:00,0.00011615586157967736,6.896556125698026e-27
2024-06-17 16:00:00+00:00,3.435336510678631e-05,6.893997050640716e-27
2024-06-17 20:00:00+00:00,0.00016234322931445616,6.930899640793752e-27
2024-06-18 00:00:00+00:00,6.519355774992286e-05,4.8516297485556266e-27
2024-06-18 04:00:00+00:00,4.020505973548755e-05,4.841275031768769e-27
2024-06-18 08:00:00+00:00,5.362628973968098e-05,4.8201258488302974e-27
2024-06-18 12:00:00+00:00,7.57314768428727e-05,4.8282553317543236e-27
2024-06-18 16:00:00+00:00,-1.3890558414746854e-05,4.835184252585544e-27
2024-06-18 20:00:00+00:00,0.00013732910903723275,4.81637256768909e-27
2024-06-19 00:00:00+00:00,8.265936222928485e-05,4.833648896381847e-27
2024-06-19 04:00:00+00:00,-1.3023474753852283e-05,4.820948778051325e-27
2024-06-19 08:00:00+00:00,4.080184890011443e-05,4.79989502894609e-27
2024-06-19 12:00:00+00:00,6.222620960174251e-05,4.8154654142834734e-27
2024-06-19 16:00:00+00:00,0.00010441796362056993,4.758879931225195e-27
2024-06-19 20:00:00+00:00,6.850579007934664e-05,4.813755380554272e-27
2024-06-20 00:00:00+00:00,0.00019254288551679127,4.845199983918572e-27
2024-06-20 04:00:00+00:00,8.005381018129663e-05,4.847867799118499e-27
2024-06-20 08:00:00+00:00,0.0001622462628129234,4.866938524373342e-27
2024-06-20 12:00:00+00:00,8.667326775384557e-05,4.861542445425916e-27
2024-06-20 16:00:00+00:00,5.424758789645721e-05,4.86854935501956e-27
2024-06-20 20:00:00+00:00,-2.727101102761817e-05,4.901814046679707e-27
2024-06-21 00:00:00+00:00,4.9946823868412103e-05,4.9178725325979116e-27
2024-06-21 04:00:00+00:00,6.85918612334067e-05,4.944205010367091e-27
2024-06-21 08:00:00+00:00,0.00018005509645967687,4.95515464446571e-27
2024-06-21 12:00:00+00:00,3.61132064084658e-05,4.978936527177794e-27
2024-06-21 16:00:00+00:00,0.0001011579216509063,5.033364891850352e-27
2024-06-21 20:00:00+00:00,6.33522285918632e-05,5.0314415517252184e-27
2024-06-22 00:00:00+00:00,9.792622257555163e-05,5.047794929028981e-27
2024-06-22 04:00:00+00:00,8.93752531465143e-05,5.071202342613982e-27
2024-06-22 08:00:00+00:00,0.00012707989670245577,5.0730717238031654e-27
2024-06-22 12:00:00+00:00,7.423286088587134e-05,5.035686303157405e-27
2024-06-22 16:00:00+00:00,2.8200207204225746e-05,4.99955863482886e-27
2024-06-22 20:00:00+00:00,0.00013326286525169645,5.052734146308163e-27
2024-06-23 00:00:00+00:00,3.867866208253265e-05,5.031940102645186e-27
2024-06-23 04:00:00+00:00,0.00013842411906361154,5.0366714612326516e-27
2024-06-23 08:00:00+00:00,0.00014793746409872915,5.0814334441613194e-27
2024-06-23 12:00:00+00:00,0.0001228782277150036,5.106477853861786e-27
2024-06-23 16:00:00+00:00,0.00017973786467180377,5.124422606344057e-27
2024-06-23 20:00:00+00:00,9.029539183996895e-05,5.114855614664495e-27
2024-06-24 00:00:00+00:00,0.0001237394475577432,5.09978616340508e-27
2024-06-24 04:00:00+00:00,8.746625402688874e-05,5.110203331440868e-27
2024-06-24 08:00:00+00:00,8.646846606657688e-05,5.119191549904773e-27
2024-06-24 12:00:00+00:00,-3.280382115166765e-05,5.111173412757107e-27
2024-06-24 16:00:00+00:00,-1.4353190062776711e-05,5.144009335210468e-27
2024-06-24 20:00:00+00:00,7.261537332031156e-05,5.1836661529016976e-27
2024-06-25 00:00:00+00:00,5.373832046492966e-05,5.204902390083369e-27
2024-06-25 04:00:00+00:00,0.00021044612670714696,5.230014495346728e-27
2024-06-25 08:00:00+00:00,0.00013910072505867862,5.211231797966268e-27
2024-06-25 12:00:00+00:00,0.00012002104186078897,5.210360734321932e-27
2024-06-25 16:00:00+00:00,9.089313038703717e-06,5.235238481568551e-27
2024-06-25 20:00:00+00:00,0.0002067273622551126,5.22454695398437e-27
2024-06-26 00:00:00+00:00,9.864269450103892e-05,5.19680792843647e-27
2024-06-26 04:00:00+00:00,0.00012684419276219513,5.206668731594024e-27
2024-06-26 08:00:00+00:00,0.00015246419396935018,5.1967675500549136e-27
2024-06-26 12:00:00+00:00,8.554269344560904e-05,5.202967840548697e-27
2024-06-26 16:00:00+00:00,0.0001460386940185891,5.25032670944469e-27
2024-06-26 20:00:00+00:00,0.00013826260935422284,5.2844716208600915e-27
2024-06-27 00:00:00+00:00,0.00014221323818824994,5.277064017647718e-27
2024-06-27 04:00:00+00:00,6.242381320651853e-05,5.272538630261311e-27
2024-06-27 08:00:00+00:00,8.862174825277429e-05,5.248738594917956e-27
2024-06-27 12:00:00+00:00,0.00015587018283168605,5.273710183506315e-27
2024-06-27 16:00:00+00:00,2.7999745743975433e-05,5.257396039013854e-27
2024-06-27 20:00:00+00:00,0.00015092198155476264,5.249589689709006e-27
2024-06-28 00:00:00+00:00,9.780363729552287e-05,5.233964150573372e-27
2024-06-28 04:00:00+00:00,5.657354617076878e-05,5.2236106118512874e-27
2024-06-28 08:00:00+00:00,0.00011272601179826822,5.239775738828951e-27
2024-06-28 12:00:00+00:00,0.00010667046217937267,5.245498517754643e-27
2024-06-28 16:00:00+00:00,0.00010057649312939346,5.269658248054537e-27
2024-06-28 20:00:00+00:00,6.132333795187415e-05,5.246336208302124e-27
2024-06-29 00:00:00+00:00,0.00011517254594431416,5.210362799454165e-27
2024-06-29 04:00:00+00:00,0.00015163840943339382,5.1987583845470186e-27
2024-06-29 08:00:00+00:00,0.00020119679940780534,5.2107292465637174e-27
2024-06-29 12:00:00+00:00,3.7063258877323143e-05,5.2126205156561505e-27
2024-06-29 16:00:00+00:00,3.323319749766003e-05,5.277355609032805e-27
2024-06-29 20:00:00+00:00,0.00012578542461766845,5.291934306734992e-27
2024-06-30 00:00:00+00:00,6.039301572804895e-05,5.306209887915899e-27
2024-06-30 04:00:00+00:00,9.812222419893464e-05,5.301559809481829e-27
2024-06-30 08:00:00+00:00,0.00012986259289896165,5.3149543637645855e-27
2024-06-30 12:00:00+00:00,0.0002095981537698269,5.327720270573418e-27
2024-06-30 16:00:00+00:00,7.891255201819317e-05,5.368892914390121e-27
2024-06-30 20:00:00+00:00,0.00020063151478992184,5.323282907516209e-27
2024-07-01 00:00:00+00:00,0.00014947559998287636,5.355699798380707e-27
2024-07-01 04:00:00+00:00,8.625095557312491e-05,5.361025504870435e-27
2024-07-01 08:00:00+00:00,0.0001389040333335968,5.3765526691109536e-27
2024-07-01 12:00:00+00:00,6.48700861786872e-05,5.366039454308851e-27
2024-07-01 16:00:00+00:00,8.047027662714263e-05,5.400576843845747e-27
2024-07-01 20:00:00+00:00,6.614823972161707e-05,5.395318735115199e-27
2024-07-02 00:00:00+00:00,0.00016359576369142297,5.420171296392684e-27
2024-07-02 04:00:00+00:00,1.915788948267404e-05,5.384431655105845e-27
2024-07-02 08:00:00+00:00,7.80225105463818e-05,5.339595298771002e-27
2024-07-02 12:00:00+00:00,9.355508924328835e-05,5.381157064557539e-27
2024-07-02 16:00:00+00:00,6.69625359147372e-05,5.4078146867886495e-27
2024-07-02 20:00:00+00:00,0.00014084202736320054,5.4321736075626096e-27
2024-07-03 00:00:00+00:00,0.00015982063984313797,5.439131383434482e-27
2024-07-03 04:00:00+00:00,7.175608500346352e-05,5.435307698747923e-27
2024-07-03 08:00:00+00:00,8.897702117770496e-05,5.457677160180122e-27
2024-07-03 12:00:00+00:00,9.494294575309087e-05,5.517600287331727e-27
2024-07-03 16:00:00+00:00,0.00014340061916587327,5.5217056548369554e-27
2024-07-03 20:00:00+00:00,2.4465460396647398e-05,5.5144701077503445e-27
2024-07-04 00:00:00+00:00,7.03667090825148e-05,5.49938063048646e-27
2024-07-04 04:00:00+00:00,5.251111942678243e-05,5.500969039417817e-27
2024-07-04 08:00:00+00:00,5.466966168526738e-05,5.509948061229032e-27
2024-07-04 12:00:00+00:00,0.00015268015358916708,5.5104455156092026e-27
2024-07-04 16:00:00+00:00,1.3389886029103375e-05,5.500900071141301e-27
2024-07-04 20:00:00+00:00,1.7895535910401346e-05,5.540240425757782e-27
2024-07-05 00:00:00+00:00,2.5499663246158672e-05,5.582751451919214e-27
2024-07-05 04:00:00+00:00,9.184101705468399e-05,5.572206508696533e-27
2024-07-05 08:00:00+00:00,0.00011734486047277476,5.5838496768733965e-27
2024-07-05 12:00:00+00:00,0.00014666075416643902,5.5754508490803555e-27
2024-07-05 16:00:00+00:00,1.5554886975277995e-06,5.576501757151174e-27
2024-07-05 20:00:00+00:00,0.00011865559827615332,5.590060928190605e-27
2024-07-06 00:00:00+00:00,0.00014343923300547562,5.599303762027496e-27
2024-07-06 04:00:00+00:00,0.0001453642899151696,5.575038854685759e-27
2024-07-06 08:00:00+00:00,0.0002058880602024016,5.6163348737623896e-27
2024-07-06 12:00:00+00:00,0.00017641331580342689,5.6195821241319726e-27
2024-07-06 16:00:00+00:00,8.834763759564982e-05,5.681388830604125e-27
2024-07-06 20:00:00+00:00,0.00015932681294519364,5.6654686672586215e-27
2024-07-07 00:00:00+00:00,8.695372578307454e-05,5.730128129021735e-27
2024-07-07 04:00:00+00:00,0.0002146011092867228,5.688849435739713e-27
2024-07-07 08:00:00+00:00,8.88620551986904e-05,5.688976927325702e-27
2024-07-07 12:00:00+00:00,0.00016925650662276182,5.66176951489273e-27
2024-07-07 16:00:00+00:00,4.195406389638071e-05,5.6448043430196925e-27
2024-07-07 20:00:00+00:00,5.257642220335758e-05,5.676538895535027e-27
2024-07-08 00:00:00+00:00,-3.5452288873027345e-05,5.666489278164704e-27
2024-07-08 04:00:00+00:00,6.796476874941043e-05,5.645854667251619e-27
2024-07-08 08:00:00+00:00,0.00011760148361478441,5.6127018834949866e-27
2024-07-08 12:00:00+00:00,8.008667726533274e-05,5.603648834920398e-27
2024-07-08 16:00:00+00:00,6.874705982875505e-05,5.524983959191153e-27
2024-07-08 20:00:00+00:00,0.00017022504247708517,5.524644140347044e-27
2024-07-09 00:00:00+00:00,-2.3837842086489015e-05,5.521423553252086e-27
2024-07-09 04:00:00+00:00,0.00011420500025687198,5.514193754858207e-27
2024-07-09 08:00:00+00:00,0.0001522413511631637,5.521902765983197e-27
2024-07-09 12:00:00+00:00,0.0001780681291178143,5.5292387576462924e-27
2024-07-09 16:00:00+00:00,2.501992327150265e-05,5.530004743182191e-27
2024-07-09 20:00:00+00:00,0.0001087786640621053,5.5619718048861446e-27
2024-07-10 00:00:00+00:00,0.00017190660624693012,5.5575770108177924e-27
2024-07-10 04:00:00+00:00,0.00016683484061463108,5.6152956917630405e-27
2024-07-10 08:00:00+00:00,2.7971449091721988e-05,5.610211628121991e-27
2024-07-10 12:00:00+00:00,0.0001704013515917832,5.5931875934657454e-27
2024-07-10 16:00:00+00:00,0.0001428180720246789,5.593879291357613e-27
2024-07-10 20:00:00+00:00,7.083034903219756e-05,5.618680100933057e-27
2024-07-11 00:00:00+00:00,0.00012080478645291946,5.6593240636899886e-27
2024-07-11 04:00:00+00:00,7.103385761368644e-05,5.64026366072489e-27
2024-07-11 08:00:00+00:00,0.00012585114845087918,5.6834501134267665e-27
2024-07-11 12:00:00+00:00,-4.683428099495705e-08,5.6938600783250724e-27
2024-07-11 16:00:00+00:00,7.263655819103631e-05,5.680572624939e-27
2024-07-11 20:00:00+00:00,5.10517557316009e-05,5.679277133979167e-27
2024-07-12 00:00:00+00:00,-1.029834907634799e-05,5.687829005884454e-27
2024-07-12 04:00:00+00:00,1.1187522226666817e-05,5.696773090514116e-27
2024-07-12 08:00:00+00:00,5.1732304884084794e-05,5.714693020501597e-27
2024-07-12 12:00:00+00:00,0.00012270195584111445,5.723907191152019e-27
2024-07-12 16:00:00+00:00,0.00010263943462008189,5.73597534977225e-27
2024-07-12 20:00:00+00:00,3.309926575449259e-05,5.7339532334962824e-27
2024-07-13 00:00:00+00:00,3.8182080341431744e-05,5.694868729794298e-27
2024-07-13 04:00:00+00:00,0.00012724889591326515,5.672721481418163e-27
2024-07-13 08:00:00+00:00,0.00017018884589901212,5.6475662802532595e-27
2024-07-13 12:00:00+00:00,9.090151648668184e-05,5.638295520482022e-27
2024-07-13 16:00:00+00:00,0.0001435417478565431,5.6925910614953435e-27
2024-07-13 20:00:00+00:00,0.0001483653444563337,5.663255309330298e-27
2024-07-14 00:00:00+00:00,0.00012321927316625517,5.659408329472271e-27
2024-07-14 04:00:00+00:00,0.00018102267540628323,5.6040998907495575e-27
2024-07-14 08:00:00+00:00,7.010347114462195e-05,5.618450474349149e-27
2024-07-14 12:00:00+00:00,0.00012101891666977337,5.663418567546426e-27
2024-07-14 16:00:00+00:00,0.00013324824859192405,5.6706149823741344e-27
2024-07-14 20:00:00+00:00,7.546451441409613e-05,5.702736237762981e-27
2024-07-15 00:00:00+00:00,0.00010392860727450744,5.716446467940224e-27
2024-07-15 04:00:00+00:00,0.00010488561765169555,5.761426193183685e-27
2024-07-15 08:00:00+00:00,0.00018145185694039935,5.7665933262467324e-27
2024-07-15 12:00:00+00:00,7.974241267736424e-05,5.8030677662471095e-27
2024-07-15 16:00:00+00:00,9.839032712232596e-05,5.78298659882703e-27
2024-07-15 20:00:00+00:00,0.00021009500163640416,5.791797877975266e-27
2024-07-16 00:00:00+00:00,9.563779070544245e-05,5.782949405877958e-27
2024-07-16 04:00:00+00:00,0.000104438279848303,5.7939561830191325e-27
2024-07-16 08:00:00+00:00,0.00016334406475200958,5.83184142638728e-27
2024-07-16 12:00:00+00:00,0.00011462863636622732,5.834688584338467e-27
2024-07-16 16:00:00+00:00,0.00015375487278211856,5.852436233546683e-27
2024-07-16 20:00:00+00:00,2.3293690450031257e-05,5.842734300991561e-27
2024-07-17 00:00:00+00:00,0.00012677165253811772,5.886031222080856e-27
2024-07-17 04:00:00+00:00,0.0001394863824933646,5.841142632706893e-27
2024-07-17 08:00:00+00:00,0.00017310005021226155,5.863471439635589e-27
2024-07-17 12:00:00+00:00,0.00030673242368513774,5.878413766380872e-27
2024-07-17 16:00:00+00:00,0.00014051323153032005,5.851370280795082e-27
2024-07-17 20:00:00+00:00,0.0001736805864794814,5.897425801077425e-27
2024-07-18 00:00:00+00:00,0.00015697962300104324,5.904245526964244e-27
2024-07-18 04:00:00+00:00,0.00011947591729758045,5.910413937094e-27
2024-07-18 08:00:00+00:00,7.056395808425648e-05,5.936002294078874e-27
2024-07-18 12:00:00+00:00,8.902573258649067e-05,5.904463710894212e-27
2024-07-18 16:00:00+00:00,0.00016708496033578373,5.9146584559381514e-27
2024-07-18 20:00:00+00:00,9.034136908042918e-05,5.908832931640972e-27
2024-07-19 00:00:00+00:00,7.60610313722605e-05,5.9424461490768915e-27
2024-07-19 04:00:00+00:00,0.00015815075165189152,5.931755380582659e-27
2024-07-19 08:00:00+00:00,0.0002639710066626574,5.922292858986553e-27
2024-07-19 12:00:00+00:00,0.00012668663549507704,5.951445715040561e-27
2024-07-19 16:00:00+00:00,6.277066214303984e-05,5.946181598696229e-27
2024-07-19 20:00:00+00:00,0.00013963165858804386,5.965004690664427e-27
2024-07-20 00:00:00+00:00,8.869636737846774e-05,6.007912099914707e-27
2024-07-20 04:00:00+00:00,7.282092336442748e-05,6.0082331481131035e-27
2024-07-20 08:00:00+00:00,0.00012304063901309132,5.999586584257263e-27
2024-07-20 12:00:00+00:00,7.421195028493387e-05,6.053823350140299e-27
2024-07-20 16:00:00+00:00,0.00013660795251518108,6.057459846887037e-27
2024-07-20 20:00:00+00:00,0.00017008078382888857,6.041940985720914e-27
2024-07-21 00:00:00+00:00,0.00011034886750176024,6.086384221923652e-27
2024-07-21 04:00:00+00:00,0.00021973320473106704,6.082999287051858e-27
2024-07-21 08:00:00+00:00,0.00012458971867115404,6.042578848178508e-27
2024-07-21 12:00:00+00:00,-3.8780133841927834e-05,6.0676463043407304e-27
2024-07-21 16:00:00+00:00,7.568483510458621e-05,6.062254012237747e-27
2024-07-21 20:00:00+00:00,6.332578388725958e-05,6.087371384569912e-27
2024-07-22 00:00:00+00:00,0.00016849212892051964,6.100399205617694e-27
2024-07-22 04:00:00+00:00,9.024996544516665e-05,6.097588059713646e-27
2024-07-22 08:00:00+00:00,7.94513442961894e-05,6.1068955468642016e-27
2024-07-22 12:00:00+00:00,0.00016068303206907272,6.073171808243389e-27
2024-07-22 16:00:00+00:00,0.0001296921144264471,6.0330937580525175e-27
2024-07-22 20:00:00+00:00,0.00018202107420617884,6.0549787029357296e-27
2024-07-23 00:00:00+00:00,9.089217288856694e-05,6.0674019293457406e-27
2024-07-23 04:00:00+00:00,8.775214983459114e-05,6.092309027288065e-27
2024-07-23 08:00:00+00:00,0.00018302196715811218,6.080623839447497e-27
2024-07-23 12:00:00+00:00,0.00014375691520028764,6.1377681176942686e-27
2024-07-23 16:00:00+00:00,0.00014884400354724353,6.207998819799663e-27
2024-07-23 20:00:00+00:00,3.67912853506163e-05,6.189979666470998e-27
2024-07-24 00:00:00+00:00,0.00010739171884873412,6.179884386582861e-27
2024-07-24 04:00:00+00:00,6.674575640058813e-05,6.2077904175809716e-27
2024-07-24 08:00:00+00:00,5.068245704298991e-05,6.232796627037402e-27
2024-07-24 12:00:00+00:00,9.642717393304309e-05,6.2306575270798115e-27
2024-07-24 16:00:00+00:00,0.00013812515698323068,6.278526772202251e-27
2024-07-24 20:00:00+00:00,6.990621612953964e-05,6.321375492288625e-27
2024-07-25 00:00:00+00:00,0.00013125068824150545,6.3178944475591745e-27
2024-07-25 04:00:00+00:00,7.774790607805945e-05,6.353223594914806e-27
2024-07-25 08:00:00+00:00,0.0001936514239193507,6.39071914469593e-27
2024-07-25 12:00:00+00:00,1.166712033206589e-05,6.387991538783633e-27
2024-07-25 16:00:00+00:00,-1.0360140818846383e-05,6.408095555995882e-27
2024-07-25 20:00:00+00:00,0.00017711673485306187,6.42917660192559e-27
2024-07-26 00:00:00+00:00,8.950945364477454e-05,6.409449598662627e-27
2024-07-26 04:00:00+00:00,0.00011393208255236514,6.4562477606978696e-27
2024-07-26 08:00:00+00:00,0.0001730318136775283,6.493852223410456e-27
2024-07-26 12:00:00+00:00,0.000127176537575091,6.518018212745249e-27
2024-07-26 16:00:00+00:00,0.00016153406692563744,6.515555450357198e-27
2024-07-26 20:00:00+00:00,8.654396854323163e-05,6.540796213731977e-27
2024-07-27 00:00:00+00:00,9.597120283288214e-05,6.528859743831787e-27
2024-07-27 04:00:00+00:00,0.0002306034282077035,6.53022717809713e-27
2024-07-27 08:00:00+00:00,0.00011148524496564982,6.525442016483476e-27
2024-07-27 12:00:00+00:00,9.130282649279094e-05,6.527349019384362e-27
2024-07-27 16:00:00+00:00,0.00013996669941967083,6.489802961940854e-27
2024-07-27 20:00:00+00:00,0.00011301927921988854,6.462843612648915e-27
2024-07-28 00:00:00+00:00,4.609129583681638e-05,6.4261105196658376e-27
2024-07-28 04:00:00+00:00,0.0001065673210990075,6.407854098983034e-27
2024-07-28 08:00:00+00:00,8.999967765656228e-05,6.403548876660301e-27
2024-07-28 12:00:00+00:00,0.0001583429194063626,6.417301140283995e-27
2024-07-28 16:00:00+00:00,1.275022562836637e-05,6.46881993261785e-27
2024-07-28 20:00:00+00:00,0.0001687069708792955,6.476386605498414e-27
2024-07-29 00:00:00+00:00,0.0001383206712298101,6.464621629390715e-27
2024-07-29 04:00:00+00:00,0.00017542391796476355,6.483692601013304e-27
2024-07-29 08:00:00+00:00,0.00017753348256097318,6.490473852262682e-27
2024-07-29 12:00:00+00:00,0.00015326803065826485,6.553053788148e-27
2024-07-29 16:00:00+00:00,0.00016065704128589815,6.540778081229608e-27
2024-07-29 20:00:00+00:00,0.00011562531255552147,6.558381181328523e-27
2024-07-30 00:00:00+00:00,0.00012736403668731853,6.583174507125138e-27
2024-07-30 04:00:00+00:00,0.0001314041803093349,6.568153750007163e-27
2024-07-30 08:00:00+00:00,5.296600599339657e-05,6.568527921124739e-27
2024-07-30 12:00:00+00:00,3.4357228147392454e-05,6.582143338068404e-27
2024-07-30 16:00:00+00:00,-2.6031288657792505e-05,6.619937020855822e-27
2024-07-30 20:00:00+00:00,9.121100684640789e-05,6.692739150514307e-27
2024-07-31 00:00:00+00:00,7.981367786393228e-05,6.7193017710592e-27
2024-07-31 04:00:00+00:00,7.366301690652502e-05,6.704234030237348e-27
2024-07-31 08:00:00+00:00,5.8601284204296236e-05,6.679985155473548e-27
2024-07-31 12:00:00+00:00,0.00010874309456006537,6.674799383879586e-27
2024-07-31 16:00:00+00:00,9.668880442749877e-05,6.696383713781675e-27
2024-07-31 20:00:00+00:00,4.174595814334903e-05,6.678275843642348e-27
2024-08-01 00:00:00+00:00,1.2242012231571166e-05,6.696455654304123e-27
2024-08-01 04:00:00+00:00,0.00019042900033778589,6.691881778799477e-27
2024-08-01 08:00:00+00:00,9.072911441096519e-05,6.741491916964072e-27
2024-08-01 12:00:00+00:00,-6.03235273801065e-05,6.769748095292775e-27
2024-08-01 16:00:00+00:00,-3.121259726472215e-06,6.805486113219319e-27
2024-08-01 20:00:00+00:00,0.00013290944752442595,6.84840771499268e-27
2024-08-02 00:00:00+00:00,9.299943859761308e-05,6.849972510250122e-27
2024-08-02 04:00:00+00:00,-3.0490214240501168e-05,6.876063356744716e-27
2024-08-02 08:00:00+00:00,5.468136857128306e-05,6.953383707760883e-27
2024-08-02 12:00:00+00:00,3.920939171116975e-05,6.923742277949675e-27
2024-08-02 16:00:00+00:00,6.251179808895993e-05,6.930851950940563e-27
2024-08-02 20:00:00+00:00,-1.3008602969115638e-05,6.944580884388965e-27
2024-08-03 00:00:00+00:00,4.348323389614975e-05,6.906632794490037e-27
2024-08-03 04:00:00+00:00,2.3425276607002e-05,6.900119930286412e-27
2024-08-03 08:00:00+00:00,4.515972776070526e-05,6.920314707742417e-27
2024-08-03 12:00:00+00:00,-2.6197895200134297e-05,6.925065919384981e-27
2024-08-03 16:00:00+00:00,6.112888704596864e-05,6.915043858345026e-27
2024-08-03 20:00:00+00:00,0.00010304398854559664,6.836784683968129e-27
2024-08-04 00:00:00+00:00,2.41560409471514e-05,6.880864511596876e-27
2024-08-04 04:00:00+00:00,1.1933987149605767e-05,6.824132433542804e-27
2024-08-04 08:00:00+00:00,0.0001033323713647342,6.763659033182312e-27
2024-08-04 12:00:00+00:00,-3.591506601879744e-05,4.7345613232276184e-27
2024-08-04 16:00:00+00:00,-7.605590871463471e-06,4.740312604152647e-27
2024-08-04 20:00:00+00:00,1.8328789336421344e-05,4.7896079124075934e-27
2024-08-05 00:00:00+00:00,2.4592878322079128e-05,3.352725538685315e-27
2024-08-05 04:00:00+00:00,8.954936440007564e-06,3.3653943166148895e-27
2024-08-05 08:00:00+00:00,-4.590082649977352e-06,2.3557760216304224e-27
2024-08-05 12:00:00+00:00,4.8496174467900926e-05,2.3653193686830032e-27
2024-08-05 16:00:00+00:00,0.00011075922129142236,2.3880222045997297e-27
2024-08-05 20:00:00+00:00,5.779025297115158e-06,2.403123143783322e-27
2024-08-06 00:00:00+00:00,8.165262205536135e-05,2.3996200104510787e-27
2024-08-06 04:00:00+00:00,0.00017625145040161454,2.4068675042132513e-27
2024-08-06 08:00:00+00:00,0.00012071268117103203,2.398752080325345e-27
2024-08-06 12:00:00+00:00,0.00017948404888964005,2.3933286429610798e-27
2024-08-06 16:00:00+00:00,0.00010531982093160789,2.3887858524483544e-27
2024-08-06 20:00:00+00:00,0.00012306873873920045,2.3850122284680027e-27
2024-08-07 00:00:00+00:00,0.00013115269697034593,2.3658874051229616e-27
2024-08-07 04:00:00+00:00,0.00027187656905889175,2.353880609695777e-27
2024-08-07 08:00:00+00:00,0.00026275149567931723,2.354969670884336e-27
2024-08-07 12:00:00+00:00,0.0001494978719195568,2.335374898450219e-27
2024-08-07 16:00:00+00:00,0.00018033671340184987,2.3642399806211555e-27
2024-08-07 20:00:00+00:00,0.00019285083402688396,2.3708571676665292e-27
2024-08-08 00:00:00+00:00,9.195305387555657e-05,2.39465813990287e-27
2024-08-08 04:00:00+00:00,0.00017903446383928096,2.405813641631584e-27
2024-08-08 08:00:00+00:00,8.194704145970562e-05,2.4166859684179188e-27
2024-08-08 12:00:00+00:00,0.00021638908373951198,2.4375433764376942e-27
2024-08-08 16:00:00+00:00,0.0001243743820822438,2.4320343291553912e-27
2024-08-08 20:00:00+00:00,0.00017343558609550996,2.4555133943322505e-27
2024-08-09 00:00:00+00:00,0.00012607288230920925,2.4602376087588897e-27
2024-08-09 04:00:00+00:00,0.00020483320616215296,2.4689562391921333e-27
2024-08-09 08:00:00+00:00,8.999835202699012e-05,2.4641749308262887e-27
2024-08-09 12:00:00+00:00,0.00013345475459367848,2.472906849276643e-27
2024-08-09 16:00:00+00:00,-1.354020563463376e-05,2.4697484585028895e-27
2024-08-09 20:00:00+00:00,0.00010645581625744545,2.477501563275138e-27
2024-08-10 00:00:00+00:00,0.0001381612118819009,2.46960678339565e-27
2024-08-10 04:00:00+00:00,5.792717928269656e-05,2.48338712630178e-27
2024-08-10 08:00:00+00:00,0.00019200207259403954,2.4796194846029913e-27
2024-08-10 12:00:00+00:00,0.00010733001648668198,2.492800694391695e-27
2024-08-10 16:00:00+00:00,5.074398618586717e-05,2.4913471318393834e-27
2024-08-10 20:00:00+00:00,5.710233201000572e-05,2.4948774209072843e-27
2024-08-11 00:00:00+00:00,-7.767041292557312e-06,2.4867558734275784e-27
2024-08-11 04:00:00+00:00,0.0001340979822174984,2.477748587821469e-27
2024-08-11 08:00:00+00:00,2.7106329272852173e-05,2.4597612733795068e-27
2024-08-11 12:00:00+00:00,0.00012041881896405443,2.4631836189131083e-27
2024-08-11 16:00:00+00:00,3.114149121144761e-05,2.4536051853650185e-27
2024-08-11 20:00:00+00:00,4.691500097304355e-05,2.473544680133497e-27
2024-08-12 00:00:00+00:00,-1.7457970423746198e-05,2.4558988358404612e-27
2024-08-12 04:00:00+00:00,7.870786349716276e-05,2.4506251136498206e-27
2024-08-12 08:00:00+00:00,0.00010629664172259756,2.4476301454594303e-27
2024-08-12 12:00:00+00:00,4.25951255027844e-05,2.4441744205409626e-27
2024-08-12 16:00:00+00:00,0.00011969240916289824,2.4541034103180252e-27
2024-08-12 20:00:00+00:00,6.361879412089299e-05,2.4617341686789964e-27
2024-08-13 00:00:00+00:00,9.690329503429267e-05,2.448770956158012e-27
2024-08-13 04:00:00+00:00,0.00016006839168255117,2.4554594415613166e-27
2024-08-13 08:00:00+00:00,5.821652884899174e-05,2.4596985722029834e-27
2024-08-13 12:00:00+00:00,7.64082604325176e-05,2.4382269190693858e-27
2024-08-13 16:00:00+00:00,0.00011240141847111156,2.436912751827717e-27
2024-08-13 20:00:00+00:00,8.418249963662648e-05,2.4272394395371e-27
2024-08-14 00:00:00+00:00,1.917814572791594e-05,2.424628322497828e-27
2024-08-14 04:00:00+00:00,9.201134841911039e-05,2.4117103915262752e-27
2024-08-14 08:00:00+00:00,4.816616505120993e-05,2.4218994974555983e-27
2024-08-14 12:00:00+00:00,1.0945841684833383e-05,2.427344554256891e-27
2024-08-14 16:00:00+00:00,4.9978682587943865e-05,2.4209894251139178e-27
2024-08-14 20:00:00+00:00,0.00013211411903641795,2.4165128013533227e-27
2024-08-15 00:00:00+00:00,5.3438139666717596e-05,2.409320131453645e-27
2024-08-15 04:00:00+00:00,0.00015684495165716435,2.420471155812085e-27
2024-08-15 08:00:00+00:00,0.00016841360188813229,2.4124717754290327e-27
2024-08-15 12:00:00+00:00,0.00014472087676074328,2.380803450610717e-27
2024-08-15 16:00:00+00:00,0.00011565584550007641,2.392105034237946e-27
2024-08-15 20:00:00+00:00,0.00013894627320196098,2.4070062327024397e-27
2024-08-16 00:00:00+00:00,0.00010632233244828841,2.4143482672488603e-27
2024-08-16 04:00:00+00:00,4.6838537741433075e-05,2.4247109487603228e-27
2024-08-16 08:00:00+00:00,0.00013959439604747378,2.4358834145310085e-27
2024-08-16 12:00:00+00:00,0.000108056318532133,2.45343559419303e-27
2024-08-16 16:00:00+00:00,0.00016193118705027236,2.4640829510396768e-27
2024-08-16 20:00:00+00:00,9.490417562043425e-05,2.4624278022883423e-27
2024-08-17 00:00:00+00:00,0.00012755030043164005,2.456182113310038e-27
2024-08-17 04:00:00+00:00,0.00014842265676761972,2.4565147445051073e-27
2024-08-17 08:00:00+00:00,0.00014549047804323856,2.4508780652826425e-27
2024-08-17 12:00:00+00:00,8.497829676211789e-05,2.453606288423116e-27
2024-08-17 16:00:00+00:00,0.00015519200985007932,2.4727763285069724e-27
2024-08-17 20:00:00+00:00,1.8170398596778133e-05,2.4693151064530953e-27
2024-08-18 00:00:00+00:00,4.700640104522771e-05,2.453026211798473e-27
2024-08-18 04:00:00+00:00,0.0001546678710285383,2.4457866620045618e-27
2024-08-18 08:00:00+00:00,0.00020691722350427348,2.4377596028786462e-27
2024-08-18 12:00:00+00:00,0.00015978584170494203,2.456090131793805e-27
2024-08-18 16:00:00+00:00,7.221875041549651e-05,2.445784396009615e-27
2024-08-18 20:00:00+00:00,0.00011255727631673435,2.4476382525837656e-27
2024-08-19 00:00:00+00:00,0.00010517857067947353,2.480059024248858e-27
2024-08-19 04:00:00+00:00,0.00017003718675700634,2.486974295311836e-27
2024-08-19 08:00:00+00:00,4.239148769983429e-05,2.4917786893638027e-27
2024-08-19 12:00:00+00:00,7.859353805430288e-05,2.470917375732744e-27
2024-08-19 16:00:00+00:00,0.00019477896374862696,2.4626037424975465e-27
2024-08-19 20:00:00+00:00,0.00011630736285560161,2.4419269410991847e-27
2024-08-20 00:00:00+00:00,6.703038581321825e-05,2.451601942649967e-27
2024-08-20 04:00:00+00:00,0.00011844886532993476,2.4782357036582515e-27
2024-08-20 08:00:00+00:00,0.00017664663189872202,2.4709781230186876e-27
2024-08-20 12:00:00+00:00,0.00013279700968961414,2.464866397432786e-27
2024-08-20 16:00:00+00:00,8.202557407016924e-05,2.462650646966872e-27
2024-08-20 20:00:00+00:00,9.176905710440254e-05,2.4669159075342285e-27
2024-08-21 00:00:00+00:00,0.00015625217868212802,2.480883797993143e-27
2024-08-21 04:00:00+00:00,0.00014281757372561492,2.4914469716008935e-27
2024-08-21 08:00:00+00:00,0.00014274854319831968,2.4882078126828018e-27
2024-08-21 12:00:00+00:00,9.56405155169277e-05,2.4846314704554345e-27
2024-08-21 16:00:00+00:00,5.479775491531595e-05,2.4894725510795895e-27
2024-08-21 20:00:00+00:00,6.916687620516198e-05,2.503659996953113e-27
2024-08-22 00:00:00+00:00,-7.401624918949678e-06,2.496913532988128e-27
2024-08-22 04:00:00+00:00,2.8113189565957305e-05,2.493692150182503e-27
2024-08-22 08:00:00+00:00,0.00010906357150692549,2.500027131521643e-27
2024-08-22 12:00:00+00:00,7.447107839968395e-05,2.5078560061811263e-27
2024-08-22 16:00:00+00:00,0.0001262652426161514,2.5011976563217047e-27
2024-08-22 20:00:00+00:00,9.837038489854704e-05,2.4920774253270457e-27
2024-08-23 00:00:00+00:00,0.00012472504892960636,2.4830251751251876e-27
2024-08-23 04:00:00+00:00,0.00011832754046529264,2.490030850523121e-27
2024-08-23 08:00:00+00:00,6.964520210223644e-05,2.4995100223373028e-27
2024-08-23 12:00:00+00:00,0.00012336337793928954,2.514095810248355e-27
2024-08-23 16:00:00+00:00,3.899039133706454e-05,2.5035797309115596e-27
2024-08-23 20:00:00+00:00,6.291979252639369e-05,2.4945975228217697e-27
2024-08-24 00:00:00+00:00,0.00017643802465438173,2.5118532782967412e-27
2024-08-24 04:00:00+00:00,0.00011961425563553017,2.514152668950678e-27
2024-08-24 08:00:00+00:00,9.607491112771286e-05,2.519209308155916e-27
2024-08-24 12:00:00+00:00,0.000135276393056701,2.5183721221702388e-27
2024-08-24 16:00:00+00:00,0.0001692389669083403,2.5305014962999947e-27
2024-08-24 20:00:00+00:00,0.0001906233679523399,2.5352907272402392e-27
2024-08-25 00:00:00+00:00,0.00014151398552567985,2.5399655683301366e-27
2024-08-25 04:00:00+00:00,0.0002276889660697768,2.5374835773675764e-27
2024-08-25 08:00:00+00:00,0.00011791122615438895,2.5468993290578815e-27
2024-08-25 12:00:00+00:00,0.00016282013852000812,2.5497953176992422e-27
2024-08-25 16:00:00+00:00,0.00015515777945729263,2.555960243048033e-27
2024-08-25 20:00:00+00:00,9.760339904959349e-05,2.562151524577929e-27
2024-08-26 00:00:00+00:00,3.7581362154308974e-05,2.567665518663773e-27
2024-08-26 04:00:00+00:00,0.00015015030568009998,2.5363104529028662e-27
2024-08-26 08:00:00+00:00,0.00010121868841797882,2.5521991805425633e-27
2024-08-26 12:00:00+00:00,0.00013802755252348935,2.5881992012987024e-27
2024-08-26 16:00:00+00:00,5.61253419550593e-05,2.5811162426780056e-27
2024-08-26 20:00:00+00:00,0.00011231728311026585,2.5756062072973953e-27
2024-08-27 00:00:00+00:00,0.00013216575398501514,2.576690161099104e-27
2024-08-27 04:00:00+00:00,8.263066301850192e-05,2.5851305936874724e-27
2024-08-27 08:00:00+00:00,0.00010232904281343668,2.5870998930014418e-27
2024-08-27 12:00:00+00:00,0.00012029874722106568,2.576203083374161e-27
2024-08-27 16:00:00+00:00,0.0001066042975522993,2.5621195475068024e-27
2024-08-27 20:00:00+00:00,1.2406322722875932e-05,1.7934836832547615e-27
2024-08-28 00:00:00+00:00,-4.289478239747202e-05,1.7862701979298536e-27
2024-08-28 04:00:00+00:00,6.865640056935725e-05,1.778938453717122e-27
2024-08-28 08:00:00+00:00,0.0001086029779620914,1.7693528322425483e-27
2024-08-28 12:00:00+00:00,0.00011361302797444577,1.7663879575750834e-27
2024-08-28 16:00:00+00:00,6.286065027234682e-05,1.7638129679163407e-27
2024-08-28 20:00:00+00:00,-1.1003955814726022e-05,1.7725463282764432e-27
2024-08-29 00:00:00+00:00,-2.2179269487645563e-05,1.7709892746853074e-27
2024-08-29 04:00:00+00:00,0.00012124040596818733,1.774233494718562e-27
2024-08-29 08:00:00+00:00,3.271303802824842e-05,1.7763097593889842e-27
2024-08-29 12:00:00+00:00,8.4351263671048e-05,1.769668200100439e-27
2024-08-29 16:00:00+00:00,0.00012055451912690609,1.7693001492429934e-27
2024-08-29 20:00:00+00:00,0.00022687948139585895,1.7729001610621626e-27
2024-08-30 00:00:00+00:00,0.00012845529853338804,1.7743819837374007e-27
2024-08-30 04:00:00+00:00,0.00011645675764749418,1.7827002390428945e-27
2024-08-30 08:00:00+00:00,5.880756332085565e-05,1.8002342610843253e-27
2024-08-30 12:00:00+00:00,0.00013500530392894603,1.8041820135543424e-27
2024-08-30 16:00:00+00:00,1.50569564902673e-05,1.8033621157905035e-27
2024-08-30 20:00:00+00:00,3.997530807423526e-05,1.794686246676847e-27
2024-08-31 00:00:00+00:00,1.3386775984845877e-05,1.7922834828666294e-27
2024-08-31 04:00:00+00:00,0.00012294533683012982,1.8010592136348492e-27
2024-08-31 08:00:00+00:00,8.91556881317588e-05,1.7957039469588744e-27
2024-08-31 12:00:00+00:00,6.0245656243478e-05,1.7907520377794228e-27
2024-08-31 16:00:00+00:00,0.0001463449649692134,1.7831950266920236e-27
2024-08-31 20:00:00+00:00,3.4096767807605906e-05,1.7916771659414245e-27
2024-09-01 00:00:00+00:00,8.689871288592594e-05,1.797410050767212e-27
2024-09-01 04:00:00+00:00,8.722141535265315e-05,1.801442332356467e-27
2024-09-01 08:00:00+00:00,0.00013775737140174626,1.8253059513317292e-27
2024-09-01 12:00:00+00:00,0.00014817714537705787,1.8329718802601254e-27
2024-09-01 16:00:00+00:00,9.207884993327285e-05,1.8298864410913376e-27
2024-09-01 20:00:00+00:00,7.309581294345384e-05,1.8280856077921526e-27
2024-09-02 00:00:00+00:00,5.0175155982065283e-05,1.8332078256550882e-27
2024-09-02 04:00:00+00:00,0.00012567606910641308,1.839152855634729e-27
2024-09-02 08:00:00+00:00,0.00012331536109677467,1.8428423881259788e-27
2024-09-02 12:00:00+00:00,0.00014378613087070497,1.850084697123247e-27
2024-09-02 16:00:00+00:00,0.00023685864654757056,1.8466303878131748e-27
2024-09-02 20:00:00+00:00,6.389181240842829e-05,1.8542937679967366e-27
2024-09-03 00:00:00+00:00,0.00015062014294788564,1.849976179283753e-27
2024-09-03 04:00:00+00:00,1.392993934937465e-05,1.84881665675043e-27
2024-09-03 08:00:00+00:00,0.00014715769102755029,1.8435025972652767e-27
2024-09-03 12:00:00+00:00,0.00010575614852615746,1.8411711014516368e-27
2024-09-03 16:00:00+00:00,9.18552335327631e-05,1.8426656544252436e-27
2024-09-03 20:00:00+00:00,0.00012693480202150738,1.8574304192909038e-27
2024-09-04 00:00:00+00:00,4.7893842028041514e-05,1.8668142538504458e-27
2024-09-04 04:00:00+00:00,0.00014040866010668116,1.8606047184848335e-27
2024-09-04 08:00:00+00:00,4.869220073283452e-05,1.8558567812590206e-27
2024-09-04 12:00:00+00:00,0.00013563904962160563,1.8575569777068273e-27
2024-09-04 16:00:00+00:00,0.00012110731308278124,1.8671177860502913e-27
2024-09-04 20:00:00+00:00,6.579235205285151e-05,1.8707698340265466e-27
2024-09-05 00:00:00+00:00,6.588697227362332e-05,1.8602741114892288e-27
2024-09-05 04:00:00+00:00,1.6074406024894528e-05,1.863713651025876e-27
2024-09-05 08:00:00+00:00,0.00011276353736656795,1.851490777243813e-27
2024-09-05 12:00:00+00:00,0.00018897518032577897,1.8376086679191544e-27
2024-09-05 16:00:00+00:00,0.00015443869082518418,1.828242735123574e-27
2024-09-05 20:00:00+00:00,0.0001170160764927499,1.8167006074891005e-27
2024-09-06 00:00:00+00:00,7.683982409724438e-05,1.8347226903045684e-27
2024-09-06 04:00:00+00:00,0.00016720737578907873,1.838220652538635e-27
2024-09-06 08:00:00+00:00,0.0001473475070225435,1.843696430248045e-27
2024-09-06 12:00:00+00:00,7.196256871457326e-05,1.846965412904071e-27
2024-09-06 16:00:00+00:00,4.7646021911222474e-05,1.836362050542969e-27
2024-09-06 20:00:00+00:00,8.569334369712795e-05,1.8559679876834098e-27
2024-09-07 00:00:00+00:00,0.00010736239998856032,1.8584409995407973e-27
2024-09-07 04:00:00+00:00,1.8434892360050162e-05,1.862548860698423e-27
2024-09-07 08:00:00+00:00,0.00010618935712418155,1.8789383967850698e-27
2024-09-07 12:00:00+00:00,0.000166315709506057,1.8798747428716513e-27
2024-09-07 16:00:00+00:00,0.00010039644500246918,1.885244255736515e-27
2024-09-07 20:00:00+00:00,0.0001952324063650357,1.8824239044838146e-27
2024-09-08 00:00:00+00:00,4.6500079042266905e-05,1.913289928512511e-27
2024-09-08 04:00:00+00:00,6.41725619062321e-05,1.9087271346112753e-27
2024-09-08 08:00:00+00:00,7.197526626968359e-05,1.91647908432186e-27
2024-09-08 12:00:00+00:00,-4.75032732207173e-06,1.9213270731811165e-27
2024-09-08 16:00:00+00:00,0.00013111031786758147,1.9334440569279795e-27
2024-09-08 20:00:00+00:00,0.00010780116835001907,1.948706115258391e-27
2024-09-09 00:00:00+00:00,0.000160664832962874,1.945890031856814e-27
2024-09-09 04:00:00+00:00,0.0002335458910193766,1.9486895626980903e-27
2024-09-09 08:00:00+00:00,9.283456416418447e-05,1.955273521070592e-27
2024-09-09 12:00:00+00:00,9.113751531860863e-05,1.940521474126563e-27
2024-09-09 16:00:00+00:00,4.263398027678283e-05,1.9440484149460582e-27
2024-09-09 20:00:00+00:00,0.0001382459110657346,1.9400882362181106e-27
2024-09-10 00:00:00+00:00,9.489898508584349e-05,1.926334403770554e-27
2024-09-10 04:00:00+00:00,0.00014561274780711654,1.9380795010437485e-27
2024-09-10 08:00:00+00:00,0.00014769371930534663,1.9373822704401846e-27
2024-09-10 12:00:00+00:00,5.3953956529797335e-05,1.9251555767198235e-27
2024-09-10 16:00:00+00:00,0.0002099308543109634,1.9037696143591117e-27
2024-09-10 20:00:00+00:00,7.029714928511789e-05,1.9041395142192792e-27
2024-09-11 00:00:00+00:00,0.00011692511069698655,1.90741064515184e-27
2024-09-11 04:00:00+00:00,0.00012601321461255544,1.9169065481947666e-27
2024-09-11 08:00:00+00:00,0.00010923241229525337,1.9182613340411154e-27
2024-09-11 12:00:00+00:00,0.00012350640986732853,1.926575484902245e-27
2024-09-11 16:00:00+00:00,7.388479604986555e-05,1.937563833475867e-27
2024-09-11 20:00:00+00:00,6.79904054489914e-05,1.935614621053074e-27
2024-09-12 00:00:00+00:00,9.358758645507168e-05,1.9250879750869107e-27
2024-09-12 04:00:00+00:00,7.129200956005798e-05,1.912636438055655e-27
2024-09-12 08:00:00+00:00,0.00011259588690505495,1.925010768260478e-27
2024-09-12 12:00:00+00:00,6.789929934566591e-05,1.9006040113907096e-27
2024-09-12 16:00:00+00:00,0.00010895567745364001,1.882760961854753e-27
2024-09-12 20:00:00+00:00,9.743265490569025e-05,1.8803170658339635e-27
2024-09-13 00:00:00+00:00,9.424434960018944e-05,1.8886578182934937e-27
2024-09-13 04:00:00+00:00,6.566639753504766e-05,1.8876492860819623e-27
2024-09-13 08:00:00+00:00,0.00015481090841233113,1.8902130951025602e-27
2024-09-13 12:00:00+00:00,4.573467716093043e-05,1.90072830967162e-27
2024-09-13 16:00:00+00:00,0.00014392911863092016,1.9044990349684904e-27
2024-09-13 20:00:00+00:00,0.00011650620000455969,1.915554758127478e-27
2024-09-14 00:00:00+00:00,0.00012595866616059548,1.913462943444952e-27
2024-09-14 04:00:00+00:00,0.0001536949177309834,1.9124672205086753e-27
2024-09-14 08:00:00+00:00,0.0001400417368164295,1.917920383311372e-27
2024-09-14 12:00:00+00:00,0.00013870050076367658,1.9300008341120534e-27
2024-09-14 16:00:00+00:00,0.00010848323823920827,1.9223660225314885e-27
2024-09-14 20:00:00+00:00,0.0001272370348034881,1.928856305941715e-27
2024-09-15 00:00:00+00:00,0.0001950970056130778,1.923902608142744e-27
2024-09-15 04:00:00+00:00,0.00011420929115174956,1.9200106556892915e-27
2024-09-15 08:00:00+00:00,4.9004439312273e-05,1.9097838718924532e-27
2024-09-15 12:00:00+00:00,3.465024653327206e-06,1.9069598431575882e-27
2024-09-15 16:00:00+00:00,0.00018727017475685576,1.90013735064344e-27
2024-09-15 20:00:00+00:00,5.729351634721422e-05,1.892446563008216e-27
2024-09-16 00:00:00+00:00,3.7290998529728795e-05,1.9084339323728318e-27
2024-09-16 04:00:00+00:00,0.00012430047268192869,1.8933707200651216e-27
2024-09-16 08:00:00+00:00,0.00011609016857861181,1.9068810181745266e-27
2024-09-16 12:00:00+00:00,9.751025426375474e-05,1.91348092184642e-27
2024-09-16 16:00:00+00:00,0.00014660436389942025,1.9146768639509692e-27
2024-09-16 20:00:00+00:00,0.00011407268411049118,1.906073718848699e-27
2024-09-17 00:00:00+00:00,0.00010429638326186222,1.9106702861092096e-27
2024-09-17 04:00:00+00:00,0.00013201764341192954,1.912497716662215e-27
2024-09-17 08:00:00+00:00,9.138739698979866e-05,1.9145814054382578e-27
2024-09-17 12:00:00+00:00,8.98729230581892e-05,1.904973747571372e-27
2024-09-17 16:00:00+00:00,9.776535986196694e-05,1.9159696673060752e-27
2024-09-17 20:00:00+00:00,8.686323300512965e-05,1.915958951874346e-27
2024-09-18 00:00:00+00:00,0.0001197600017124221,1.9235734776823504e-27
2024-09-18 04:00:00+00:00,0.0001389337448449206,1.9343839636988573e-27
2024-09-18 08:00:00+00:00,0.00011496375895495115,1.9439212705394817e-27
2024-09-18 12:00:00+00:00,0.00012734761151186346,1.929869028944368e-27
2024-09-18 16:00:00+00:00,0.00010205068872255655,1.9411043043047716e-27
2024-09-18 20:00:00+00:00,0.0001464609835184685,1.94770491152213e-27
2024-09-19 00:00:00+00:00,0.00011830220887885831,1.9400632377859e-27
2024-09-19 04:00:00+00:00,5.513075211473072e-05,1.9462256501613528e-27
2024-09-19 08:00:00+00:00,0.00011181371341355338,1.9436794371582843e-27
2024-09-19 12:00:00+00:00,8.303070332663326e-05,1.9445371217721324e-27
2024-09-19 16:00:00+00:00,7.259042594444627e-05,1.9339134263164626e-27
2024-09-19 20:00:00+00:00,9.412471192554718e-05,1.9265477198429617e-27
2024-09-20 00:00:00+00:00,0.0001532988150205993,1.9324232066188907e-27
2024-09-20 04:00:00+00:00,0.00016266387739472047,1.9418205721472476e-27
2024-09-20 08:00:00+00:00,0.00020445899753460006,1.929705214305838e-27
2024-09-20 12:00:00+00:00,0.00017305688119536938,1.945217250063955e-27
2024-09-20 16:00:00+00:00,0.000137899521368518,1.9410450252420038e-27
2024-09-20 20:00:00+00:00,0.00016296120252577825,1.9432583352253482e-27
2024-09-21 00:00:00+00:00,0.00013491957059677258,1.9299550239327468e-27
2024-09-21 04:00:00+00:00,0.00015147797033129338,1.9325709321987846e-27
2024-09-21 08:00:00+00:00,0.0002389068749584649,1.941667797573605e-27
2024-09-21 12:00:00+00:00,7.554731358439201e-05,1.931556151773648e-27
2024-09-21 16:00:00+00:00,0.00011290894293339507,1.930509589299552e-27
2024-09-21 20:00:00+00:00,0.00010075986669678871,1.924183919012115e-27
2024-09-22 00:00:00+00:00,0.00013106466965950728,1.913211918593301e-27
2024-09-22 04:00:00+00:00,7.252181085206085e-05,1.9160971771107382e-27
2024-09-22 08:00:00+00:00,0.00014305169012776025,1.9109111983423456e-27
2024-09-22 12:00:00+00:00,3.8790307176253624e-05,1.9059502411531033e-27
2024-09-22 16:00:00+00:00,8.342536806848351e-05,1.9162973631959776e-27
2024-09-22 20:00:00+00:00,3.234917992075239e-05,1.9336063536326363e-27
2024-09-23 00:00:00+00:00,0.00011539909664615809,1.936716491966035e-27
2024-09-23 04:00:00+00:00,3.24525929389915e-05,1.9394622712789433e-27
2024-09-23 08:00:00+00:00,0.0001248978384127333,1.939600374421463e-27
2024-09-23 12:00:00+00:00,0.00010782209985564254,1.9381856091235493e-27
2024-09-23 16:00:00+00:00,7.885519683023557e-05,1.9326990256352976e-27
2024-09-23 20:00:00+00:00,5.2572978489715594e-05,1.9364047156430265e-27
2024-09-24 00:00:00+00:00,8.696573076286041e-05,1.94141053704732e-27
2024-09-24 04:00:00+00:00,0.00012087325952692345,1.955676024974709e-27
2024-09-24 08:00:00+00:00,0.000142062728232152,1.950708579610014e-27
2024-09-24 12:00:00+00:00,6.951153519158835e-05,1.9509788124021916e-27
2024-09-24 16:00:00+00:00,6.225357730654522e-05,1.9563222695710756e-27
2024-09-24 20:00:00+00:00,4.071837737096331e-05,1.954881874310688e-27
2024-09-25 00:00:00+00:00,3.9055396275388905e-05,1.9643525693509843e-27
2024-09-25 04:00:00+00:00,9.962431201766024e-05,1.9701460383808372e-27
2024-09-25 08:00:00+00:00,0.00016215928175746525,1.9475005952240023e-27
2024-09-25 12:00:00+00:00,5.08158954526896e-05,1.950472783787411e-27
2024-09-25 16:00:00+00:00,0.00011391004312796791,1.9613410252825426e-27
2024-09-25 20:00:00+00:00,7.643676912290485e-05,1.9492879236612727e-27
2024-09-26 00:00:00+00:00,0.00012142891779752772,1.954007300237713e-27
2024-09-26 04:00:00+00:00,9.183097856953506e-05,1.9426237191832735e-27
2024-09-26 08:00:00+00:00,3.4757690479099596e-05,1.9417051397903683e-27
2024-09-26 12:00:00+00:00,5.943249478077981e-05,1.918951105807081e-27
2024-09-26 16:00:00+00:00,0.0001270323288712676,1.934204483905607e-27
2024-09-26 20:00:00+00:00,0.00016287668640545586,1.9429396277847016e-27
2024-09-27 00:00:00+00:00,0.00013749947790835812,1.949217336099682e-27
2024-09-27 04:00:00+00:00,0.0001467707649893195,1.9434264605961488e-27
2024-09-27 08:00:00+00:00,0.00011675260256151134,1.9395710038616306e-27
2024-09-27 12:00:00+00:00,9.878909487563459e-05,1.9410935864802497e-27
2024-09-27 16:00:00+00:00,0.00018108664893105525,1.948724535517859e-27
2024-09-27 20:00:00+00:00,5.9523218847979505e-05,1.9539025928359325e-27
2024-09-28 00:00:00+00:00,9.157902766858163e-05,1.9789146116449767e-27
2024-09-28 04:00:00+00:00,7.95317162362636e-05,1.967202741140903e-27
2024-09-28 08:00:00+00:00,2.049363557558417e-05,1.9693264066757946e-27
2024-09-28 12:00:00+00:00,6.834238674126784e-05,1.9682671557254766e-27
2024-09-28 16:00:00+00:00,0.00015949629403797996,1.9624570773852822e-27
2024-09-28 20:00:00+00:00,6.334531051128457e-05,1.9586098150964064e-27
2024-09-29 00:00:00+00:00,0.00012160141798661046,1.9630212042159876e-27
2024-09-29 04:00:00+00:00,0.00012508265433964634,1.965295702670085e-27
2024-09-29 08:00:00+00:00,9.157631996993858e-05,1.9514396150532347e-27
2024-09-29 12:00:00+00:00,0.00012610726738299888,1.9422957629539596e-27
2024-09-29 16:00:00+00:00,4.448781781001311e-05,1.944579382293063e-27
2024-09-29 20:00:00+00:00,1.1491999268740071e-05,1.9427451422148297e-27
2024-09-30 00:00:00+00:00,6.693093991358063e-05,1.943708651343441e-27
2024-09-30 04:00:00+00:00,0.00010557585887150775,1.935418269656459e-27
2024-09-30 08:00:00+00:00,9.131372884095059e-05,1.936477019181448e-27
2024-09-30 12:00:00+00:00,7.816368060227947e-05,1.9204858557805527e-27
2024-09-30 16:00:00+00:00,0.00010721283511770172,1.9254897351911357e-27
2024-09-30 20:00:00+00:00,9.698456139946353e-05,1.9098215918613077e-27
2024-10-01 00:00:00+00:00,8.734211743503342e-05,1.9074771748783998e-27
2024-10-01 04:00:00+00:00,0.0001456255475870686,1.9136507334363963e-27
2024-10-01 08:00:00+00:00,1.7380122439956787e-05,1.9320489182846595e-27
2024-10-01 12:00:00+00:00,6.208498596503149e-05,1.9338453838895416e-27
2024-10-01 16:00:00+00:00,6.24829493268143e-05,1.9444759119471595e-27
2024-10-01 20:00:00+00:00,0.0001463242168176017,1.948597320661315e-27
2024-10-02 00:00:00+00:00,3.489683255083525e-05,1.9372822908440347e-27
2024-10-02 04:00:00+00:00,-6.491238237827183e-05,1.941054334281562e-27
2024-10-02 08:00:00+00:00,6.0637754383720065e-05,1.9430485934509388e-27
2024-10-02 12:00:00+00:00,0.00013267088139421674,1.9469432862476657e-27
2024-10-02 16:00:00+00:00,4.499698159965845e-05,1.362860300373366e-27
2024-10-02 20:00:00+00:00,4.069853677707566e-05,1.3650386002862053e-27
2024-10-03 00:00:00+00:00,3.141381732831511e-05,1.381444675055104e-27
2024-10-03 04:00:00+00:00,0.00012540231987839617,1.3758898904396383e-27
2024-10-03 08:00:00+00:00,1.618901010292787e-06,1.3733745780871368e-27
2024-10-03 12:00:00+00:00,5.460317052585146e-05,1.3743946745875486e-27
2024-10-03 16:00:00+00:00,7.322151519043158e-05,1.3820263600104733e-27
2024-10-03 20:00:00+00:00,1.7860881945508644e-07,1.3884315506336833e-27
2024-10-04 00:00:00+00:00,4.691309306207587e-05,1.3849068817043144e-27
2024-10-04 04:00:00+00:00,5.958209158277077e-05,1.3901316619926787e-27
2024-10-04 08:00:00+00:00,2.110235158734151e-05,1.4023837130282277e-27
2024-10-04 12:00:00+00:00,4.65127351522979e-05,1.4039678481354405e-27
2024-10-04 16:00:00+00:00,0.00016968899210825984,1.4139054206970745e-27
2024-10-04 20:00:00+00:00,0.0001635280307886582,1.4061761869787996e-27
2024-10-05 00:00:00+00:00,6.704714327181468e-05,1.4103719935084795e-27
2024-10-05 04:00:00+00:00,1.1707894344488254e-05,1.414075505925491e-27
2024-10-05 08:00:00+00:00,0.00018774018430926228,1.4114038979306094e-27
2024-10-05 12:00:00+00:00,0.00015886808895112752,1.4184812828100302e-27
2024-10-05 16:00:00+00:00,0.00014314027444182502,1.4224048422125844e-27
2024-10-05 20:00:00+00:00,8.836681519180277e-05,1.425789498013509e-27
2024-10-06 00:00:00+00:00,0.000154923251194567,1.4394249562464792e-27
2024-10-06 04:00:00+00:00,9.018838593294394e-05,1.4391432053239484e-27
2024-10-06 08:00:00+00:00,8.887133079297106e-05,1.4434299445391582e-27
2024-10-06 12:00:00+00:00,0.00016109540716964283,1.4472245474192874e-27
2024-10-06 16:00:00+00:00,0.00011738894139761497,1.4340516218681264e-27
2024-10-06 20:00:00+00:00,8.935782754344384e-05,1.4381088421851028e-27
2024-10-07 00:00:00+00:00,9.81414115154362e-05,1.4467645321812517e-27
2024-10-07 04:00:00+00:00,0.00015941737083442092,1.4497172974666531e-27
2024-10-07 08:00:00+00:00,0.00015202651358719977,1.4496737903419293e-27
2024-10-07 12:00:00+00:00,0.00018721983698936993,1.4477545238714325e-27
2024-10-07 16:00:00+00:00,9.022442334740483e-05,1.4607044379600872e-27
2024-10-07 20:00:00+00:00,9.58294600807788e-05,1.463251869915782e-27
2024-10-08 00:00:00+00:00,0.00011830063058542733,1.4595515048102412e-27
2024-10-08 04:00:00+00:00,7.104574690094007e-05,1.4604327973302057e-27
2024-10-08 08:00:00+00:00,9.94919970097705e-05,1.4721670543146998e-27
2024-10-08 12:00:00+00:00,4.85704889701089e-05,1.4635534654221928e-27
2024-10-08 16:00:00+00:00,5.165874658057333e-05,1.470678398602301e-27
2024-10-08 20:00:00+00:00,0.00015366779214692235,1.483176027386512e-27
2024-10-09 00:00:00+00:00,1.0313495943081444e-05,1.4874146164218224e-27
2024-10-09 04:00:00+00:00,1.005792808118094e-05,1.4887263431084891e-27
2024-10-09 08:00:00+00:00,0.00010226114757729597,1.4964479142666498e-27
2024-10-09 12:00:00+00:00,5.2558096506544754e-05,1.5145203071225656e-27
2024-10-09 16:00:00+00:00,2.2382119654518044e-05,1.5144076785250857e-27
2024-10-09 20:00:00+00:00,1.2997962869218894e-05,1.509173381300614e-27
2024-10-10 00:00:00+00:00,4.185077415179359e-05,1.5045094367311718e-27
2024-10-10 04:00:00+00:00,3.15194618839796e-05,1.496917528024273e-27
2024-10-10 08:00:00+00:00,0.00013747627252843703,1.4857104427573362e-27
2024-10-10 12:00:00+00:00,-5.569438552488995e-05,1.4928352097137494e-27
2024-10-10 16:00:00+00:00,-4.588540799796703e-06,1.495299815871663e-27
2024-10-10 20:00:00+00:00,2.580159477316707e-05,1.5051323949535336e-27
2024-10-11 00:00:00+00:00,7.876061820252366e-05,1.5029863081928368e-27
2024-10-11 04:00:00+00:00,7.691327739803114e-05,1.5007987042529561e-27
2024-10-11 08:00:00+00:00,8.446763516000851e-05,1.5019737767467321e-27
2024-10-11 12:00:00+00:00,0.00010010251131643259,1.4982692129652011e-27
2024-10-11 16:00:00+00:00,0.00012359995531938505,1.4982349856053217e-27
2024-10-11 20:00:00+00:00,7.718703391760633e-05,1.4996948544629668e-27
2024-10-12 00:00:00+00:00,0.00011372290911259718,1.4998133434842062e-27
2024-10-12 04:00:00+00:00,9.525700422126925e-05,1.514889240108279e-27
2024-10-12 08:00:00+00:00,0.00010257100367512133,1.5221325356396662e-27
2024-10-12 12:00:00+00:00,8.559534742683456e-05,1.5083052220167999e-27
2024-10-12 16:00:00+00:00,8.71065641622651e-05,1.514274058212407e-27
2024-10-12 20:00:00+00:00,0.0001264100710406781,1.5111860035071625e-27
2024-10-13 00:00:00+00:00,7.79712026251999e-05,1.518474009440192e-27
2024-10-13 04:00:00+00:00,0.0001262337789861315,1.5226520431256841e-27
2024-10-13 08:00:00+00:00,0.00012463138919290787,1.528663520478235e-27
2024-10-13 12:00:00+00:00,9.838564099006944e-05,1.5278990916181956e-27
2024-10-13 16:00:00+00:00,0.0001766453032852289,1.5266430389390913e-27
2024-10-13 20:00:00+00:00,1.4668204657122391e-05,1.544890450266014e-27
2024-10-14 00:00:00+00:00,0.00016968105089880704,1.5610890297893518e-27
2024-10-14 04:00:00+00:00,0.0001210003848218199,1.5658285526204246e-27
2024-10-14 08:00:00+00:00,0.0001207972488469417,1.5810031404862859e-27
2024-10-14 12:00:00+00:00,0.00010456785955074391,1.5804457992994077e-27
2024-10-14 16:00:00+00:00,0.00017739047472927624,1.5860781507432987e-27
2024-10-14 20:00:00+00:00,0.00013104562929376062,1.5714824083090994e-27
2024-10-15 00:00:00+00:00,8.218975022008872e-05,1.5726468279618153e-27
2024-10-15 04:00:00+00:00,9.761110705008967e-05,1.5647963511191692e-27
2024-10-15 08:00:00+00:00,4.1528210487666406e-05,1.5605689377185039e-27
2024-10-15 12:00:00+00:00,0.00011480176557637813,1.5662495523183044e-27
2024-10-15 16:00:00+00:00,8.17554261187582e-05,1.5590845676800098e-27
2024-10-15 20:00:00+00:00,8.791664020403294e-05,1.5596895027782836e-27
2024-10-16 00:00:00+00:00,0.00017147301146013008,1.559099831480132e-27
2024-10-16 04:00:00+00:00,0.00010058662926103949,1.5548399341326946e-27
2024-10-16 08:00:00+00:00,8.095211965364177e-05,1.5714380581350635e-27
2024-10-16 12:00:00+00:00,0.00011440103524797711,1.5779302784421171e-27
2024-10-16 16:00:00+00:00,0.00011578767466862424,1.5789966152625332e-27
2024-10-16 20:00:00+00:00,9.081685148427631e-05,1.6037819465567183e-27
2024-10-17 00:00:00+00:00,7.995637016970276e-05,1.5989334468239902e-27
2024-10-17 04:00:00+00:00,8.716132317468723e-05,1.6006297355520803e-27
2024-10-17 08:00:00+00:00,5.9787392147226165e-05,1.6112901313197713e-27
2024-10-17 12:00:00+00:00,2.822255354535838e-06,1.620159954639064e-27
2024-10-17 16:00:00+00:00,9.628480277535716e-05,1.6128751109889982e-27
2024-10-17 20:00:00+00:00,0.00010411420111638135,1.625591935120746e-27
2024-10-18 00:00:00+00:00,0.00010612826891187791,1.6191204580499784e-27
2024-10-18 04:00:00+00:00,0.00010137235616183697,1.624173367862462e-27
2024-10-18 08:00:00+00:00,4.38879132405683e-05,1.6228071668387668e-27
2024-10-18 12:00:00+00:00,-2.6029073270140905e-06,1.624762914948313e-27
2024-10-18 16:00:00+00:00,0.00012332282687047458,1.6326739593474857e-27
2024-10-18 20:00:00+00:00,0.00014966553844029037,1.633305558740182e-27
2024-10-19 00:00:00+00:00,0.00021673376208760912,1.6266500009877364e-27
2024-10-19 04:00:00+00:00,0.0001168435028141891,1.629760020122047e-27
2024-10-19 08:00:00+00:00,6.509379613896432e-05,1.6287972451744113e-27
2024-10-19 12:00:00+00:00,0.0002472730302585828,1.6231559569956457e-27
2024-10-19 16:00:00+00:00,5.7896927063554846e-05,1.624942746486696e-27
2024-10-19 20:00:00+00:00,-1.833162192132736e-05,1.6235595213396806e-27
2024-10-20 00:00:00+00:00,9.947693016598412e-05,1.6337894006311805e-27
2024-10-20 04:00:00+00:00,0.00015066164976640492,1.633303046894267e-27
2024-10-20 08:00:00+00:00,9.677889645451658e-05,1.6322013596359626e-27
2024-10-20 12:00:00+00:00,8.093482264758545e-05,1.6399716219296794e-27
2024-10-20 16:00:00+00:00,0.0001527358612058941,1.6472359215285976e-27
2024-10-20 20:00:00+00:00,1.8074452085837146e-05,1.6516010018047967e-27
2024-10-21 00:00:00+00:00,0.0001886989336511955,1.6529356758208414e-27
2024-10-21 04:00:00+00:00,0.00012157122230876418,1.6742549915574064e-27
2024-10-21 08:00:00+00:00,0.00013135226222529993,1.6764995074625912e-27
2024-10-21 12:00:00+00:00,0.00015728634213137968,1.6824694404017978e-27
2024-10-21 16:00:00+00:00,0.00018276897997653718,1.6914256423547822e-27
2024-10-21 20:00:00+00:00,0.00012537221050383616,1.702996998068661e-27
2024-10-22 00:00:00+00:00,2.7564924257592626e-05,1.7026757723800035e-27
2024-10-22 04:00:00+00:00,0.00012102905151045067,1.711374089722125e-27
2024-10-22 08:00:00+00:00,0.00014526431690209204,1.7072330890089933e-27
2024-10-22 12:00:00+00:00,7.531442794967519e-05,1.7178709983542706e-27
2024-10-22 16:00:00+00:00,0.0001178111013416381,1.7264608648828563e-27
2024-10-22 20:00:00+00:00,9.015501016214358e-05,1.722301173511898e-27
2024-10-23 00:00:00+00:00,2.1436208181481774e-05,1.7300818925405294e-27
2024-10-23 04:00:00+00:00,6.666396100138818e-05,1.7318611523712636e-27
2024-10-23 08:00:00+00:00,7.237071283642797e-05,1.7228357058809676e-27
2024-10-23 12:00:00+00:00,9.115569977318047e-05,1.738220852707357e-27
2024-10-23 16:00:00+00:00,8.664763547696326e-05,1.741323029756614e-27
2024-10-23 20:00:00+00:00,4.666640171665243e-05,1.7438817580625704e-27
2024-10-24 00:00:00+00:00,0.000120492623662063,1.7445863348646164e-27
2024-10-24 04:00:00+00:00,0.00014663154527700924,1.7247973478719332e-27
2024-10-24 08:00:00+00:00,0.00018941094733884283,1.71193567583285e-27
2024-10-24 12:00:00+00:00,0.00013638360036934027,1.706278996194863e-27
2024-10-24 16:00:00+00:00,9.787487422464964e-05,1.712685471200033e-27
2024-10-24 20:00:00+00:00,0.00014583632175595783,1.7149465529035896e-27
2024-10-25 00:00:00+00:00,0.00014975992089110392,1.7226915592118302e-27
2024-10-25 04:00:00+00:00,0.00016326117342949689,1.718985333677884e-27
2024-10-25 08:00:00+00:00,0.00013024510826167618,1.7254498608201943e-27
2024-10-25 12:00:00+00:00,0.00013460927564000892,1.7399407011345356e-27
2024-10-25 16:00:00+00:00,4.382017190136692e-05,1.7242225691031217e-27
2024-10-25 20:00:00+00:00,2.0161843044801265e-05,1.7326691496101987e-27
2024-10-26 00:00:00+00:00,4.556113712611726e-05,1.750213807987624e-27
2024-10-26 04:00:00+00:00,0.00014270044875203474,1.748769210410467e-27
2024-10-26 08:00:00+00:00,0.00013418842175752,1.759732141719779e-27
2024-10-26 12:00:00+00:00,7.848981932790131e-05,1.7623429691154386e-27
2024-10-26 16:00:00+00:00,-2.697935996720948e-05,1.767783278170456e-27
2024-10-26 20:00:00+00:00,5.649508095634266e-05,1.7517163028278845e-27
2024-10-27 00:00:00+00:00,6.314904984190232e-05,1.749152198201879e-27
2024-10-27 04:00:00+00:00,-4.117335512216623e-06,1.755197920553427e-27
2024-10-27 08:00:00+00:00,7.469689742740218e-05,1.7620973523225895e-27
2024-10-27 12:00:00+00:00,4.5339389114209306e-05,1.752015851484587e-27
2024-10-27 16:00:00+00:00,8.312997849514827e-05,1.7519538818457357e-27
2024-10-27 20:00:00+00:00,0.00025781991319058126,1.747666923869471e-27
2024-10-28 00:00:00+00:00,8.780711117854449e-05,1.7475084541281247e-27
2024-10-28 04:00:00+00:00,0.00011041539832986718,1.7615218134912573e-27
2024-10-28 08:00:00+00:00,0.0001569203154287298,1.7759491627501866e-27
2024-10-28 12:00:00+00:00,2.221219056020999e-05,1.777010221401832e-27
2024-10-28 16:00:00+00:00,2.7096300302755163e-05,1.7639874781709667e-27
2024-10-28 20:00:00+00:00,0.0001072791616363229,1.7693859563784406e-27
2024-10-29 00:00:00+00:00,3.077816406160806e-05,1.7697197945094797e-27
2024-10-29 04:00:00+00:00,0.000100031223263634,1.771989281667151e-27
2024-10-29 08:00:00+00:00,0.00016924439842711946,1.7758143959337903e-27
2024-10-29 12:00:00+00:00,5.523136447037149e-05,1.784589276203149e-27
2024-10-29 16:00:00+00:00,8.845836832578918e-05,1.781096030162377e-27
2024-10-29 20:00:00+00:00,1.9780476792399867e-06,1.7858324907501823e-27
2024-10-30 00:00:00+00:00,8.793261212215957e-05,1.778482778744008e-27
2024-10-30 04:00:00+00:00,0.00011780935358664379,1.778708014317798e-27
2024-10-30 08:00:00+00:00,1.2644110549135807e-05,1.790091476544971e-27
2024-10-30 12:00:00+00:00,5.748769457368375e-05,1.7886695202771687e-27
2024-10-30 16:00:00+00:00,1.4204291137713948e-05,1.802049391443955e-27
2024-10-30 20:00:00+00:00,0.00015301482009201725,1.803852014171772e-27
2024-10-31 00:00:00+00:00,5.3588390643294896e-05,1.800052148940692e-27
2024-10-31 04:00:00+00:00,4.266072813919969e-05,1.8117852069956462e-27
2024-10-31 08:00:00+00:00,2.8645267155724376e-05,1.819599193488365e-27
2024-10-31 12:00:00+00:00,2.7099354331657967e-05,1.8418793469049764e-27
2024-10-31 16:00:00+00:00,0.00010586108060561795,1.843633390423885e-27
2024-10-31 20:00:00+00:00,6.168589801781517e-05,1.8385100227262526e-27
2024-11-01 00:00:00+00:00,8.759058759985833e-05,1.8184518611079644e-27
2024-11-01 04:00:00+00:00,2.864236525602073e-05,1.8314432467535802e-27
2024-11-01 08:00:00+00:00,0.000155678796216035,1.8553745014642817e-27
2024-11-01 12:00:00+00:00,6.43473205773359e-05,1.8679234737150027e-27
2024-11-01 16:00:00+00:00,0.00015809710473189208,1.8628834696113576e-27
2024-11-01 20:00:00+00:00,0.00019036480671668328,1.859351321449703e-27
2024-11-02 00:00:00+00:00,0.00013894354404638863,1.8554670811686776e-27
2024-11-02 04:00:00+00:00,1.6158713972589577e-05,1.8467626571536506e-27
2024-11-02 08:00:00+00:00,0.00015504632970190233,1.826898777262117e-27
2024-11-02 12:00:00+00:00,0.0001007101547625852,1.8359139526573683e-27
2024-11-02 16:00:00+00:00,0.00011375631640886826,1.8322067749680768e-27
2024-11-02 20:00:00+00:00,7.080611677929237e-05,1.8302554602497674e-27
2024-11-03 00:00:00+00:00,3.6066781834485326e-05,1.835682755257199e-27
2024-11-03 04:00:00+00:00,3.3608087849356954e-05,1.8431054042715308e-27
2024-11-03 08:00:00+00:00,-2.164867800211171e-05,1.8550267980987034e-27
2024-11-03 12:00:00+00:00,5.961840268678787e-05,1.8655636700081244e-27
2024-11-03 16:00:00+00:00,3.6331045263256246e-05,1.883759897482738e-27
2024-11-03 20:00:00+00:00,0.00013412672066372638,1.894887683598798e-27
2024-11-04 00:00:00+00:00,0.00017274159920527865,1.8976361910336388e-27
2024-11-04 04:00:00+00:00,4.1265931093740336e-05,1.8872155205893837e-27
2024-11-04 08:00:00+00:00,0.0001713270550983013,1.895705087985632e-27
2024-11-04 12:00:00+00:00,6.638821507311844e-05,1.8983200990268456e-27
2024-11-04 16:00:00+00:00,0.00010401800459128893,1.9052569492483143e-27
2024-11-04 20:00:00+00:00,9.929109426407882e-05,1.8910947078275488e-27
2024-11-05 00:00:00+00:00,2.9816624586534565e-05,1.8831295062212394e-27
2024-11-05 04:00:00+00:00,0.00011676640861858108,1.8847676455663074e-27
2024-11-05 08:00:00+00:00,8.289152109126736e-05,1.8960008461113314e-27
2024-11-05 12:00:00+00:00,0.00016181880318317883,1.904305796664039e-27
2024-11-05 16:00:00+00:00,0.00014730086091480502,1.896324887927201e-27
2024-11-05 20:00:00+00:00,0.00017524881627338065,1.9061123105342638e-27
2024-11-06 00:00:00+00:00,0.0001965339904523452,1.9085213551844684e-27
2024-11-06 04:00:00+00:00,0.0001446361493653512,1.914637128559582e-27
2024-11-06 08:00:00+00:00,0.00021624459210324104,1.9083241694906407e-27
2024-11-06 12:00:00+00:00,0.00011514128637092026,1.9122066224633907e-27
2024-11-06 16:00:00+00:00,0.00020124473320124698,1.8996212411074742e-27
2024-11-06 20:00:00+00:00,0.00016664827045547527,1.893947100700708e-27
2024-11-07 00:00:00+00:00,6.582163272386048e-05,1.889177265844127e-27
2024-11-07 04:00:00+00:00,0.00022398027986861204,1.9070813273406378e-27
2024-11-07 08:00:00+00:00,0.00020444435369121992,1.913063217306964e-27
2024-11-07 12:00:00+00:00,8.494761444669703e-05,1.912784772843468e-27
2024-11-07 16:00:00+00:00,0.00020018368378596203,1.91278109530515e-27
2024-11-07 20:00:00+00:00,0.0001781517356561233,1.9088607059171854e-27
2024-11-08 00:00:00+00:00,0.00019459856833176542,1.9150233160656512e-27
2024-11-08 04:00:00+00:00,0.0002539089876021813,1.9160037331931413e-27
2024-11-08 08:00:00+00:00,0.0001285927914324582,1.9204305625104684e-27
2024-11-08 12:00:00+00:00,0.00023396936559031404,1.9266581705026052e-27
2024-11-08 16:00:00+00:00,0.00012738651510674312,1.9267791199855404e-27
2024-11-08 20:00:00+00:00,0.00010099670983042372,1.9142473058885497e-27
2024-11-09 00:00:00+00:00,0.00010494844539260076,1.9173961138010148e-27
2024-11-09 04:00:00+00:00,0.0001394491887520656,1.911743747114689e-27
2024-11-09 08:00:00+00:00,0.00011602161543529485,1.894480848622748e-27
2024-11-09 12:00:00+00:00,0.00017443347666393368,1.893722725694753e-27
2024-11-09 16:00:00+00:00,0.0001465000110981524,1.8844787061283998e-27
2024-11-09 20:00:00+00:00,0.00011048004871023493,1.8942920248308942e-27
2024-11-10 00:00:00+00:00,0.00011316231920529517,1.8996050284682402e-27
2024-11-10 04:00:00+00:00,9.144727360790958e-05,1.9065365046469323e-27
2024-11-10 08:00:00+00:00,3.672513616537336e-05,1.923724401077755e-27
2024-11-10 12:00:00+00:00,0.00016798730857951966,1.922891722844038e-27
2024-11-10 16:00:00+00:00,0.0001686907940915946,1.9357210719927336e-27
2024-11-10 20:00:00+00:00,7.997684437965373e-05,1.927907857127818e-27
2024-11-11 00:00:00+00:00,0.00015048723115156242,1.948709475520715e-27
2024-11-11 04:00:00+00:00,0.00017642449350044635,1.9603788139577947e-27
2024-11-11 08:00:00+00:00,5.559642167734812e-05,1.9512959792897018e-27
2024-11-11 12:00:00+00:00,0.00010546308241995408,1.9595959475301846e-27
2024-11-11 16:00:00+00:00,6.87331567299007e-05,1.9769032094240044e-27
2024-11-11 20:00:00+00:00,0.00022672790541521036,1.9871231868825686e-27
2024-11-12 00:00:00+00:00,0.0001242841227725847,1.997450871323051e-27
2024-11-12 04:00:00+00:00,0.00016394238698299698,2.0086706447149007e-27
2024-11-12 08:00:00+00:00,0.00010549319350156801,2.008036156197959e-27
2024-11-12 12:00:00+00:00,7.04933866513675e-05,2.0121566752934642e-27
2024-11-12 16:00:00+00:00,7.720460954525905e-06,2.0129551901930333e-27
2024-11-12 20:00:00+00:00,7.463555765800574e-05,2.0190844167523028e-27
2024-11-13 00:00:00+00:00,6.150302765346094e-05,2.0304716159977897e-27
2024-11-13 04:00:00+00:00,8.38645405321707e-05,2.0485687034288978e-27
2024-11-13 08:00:00+00:00,-4.0464244567111704e-05,2.0508090894963913e-27
2024-11-13 12:00:00+00:00,0.000151966852866649,2.0342363654840763e-27
2024-11-13 16:00:00+00:00,9.576292873379925e-05,2.0306359903489855e-27
2024-11-13 20:00:00+00:00,4.6563525306805705e-05,2.0443815917308966e-27
2024-11-14 00:00:00+00:00,0.00014032753444354222,2.0393077554055282e-27
2024-11-14 04:00:00+00:00,6.959822108300303e-05,2.041445527764569e-27
2024-11-14 08:00:00+00:00,0.00011464429480179832,2.033312821824238e-27
2024-11-14 12:00:00+00:00,0.0001316205496659737,2.030460145473657e-27
2024-11-14 16:00:00+00:00,6.184728001248346e-05,2.017642978774197e-27
2024-11-14 20:00:00+00:00,0.00013837845288563807,2.012000051405553e-27
2024-11-15 00:00:00+00:00,9.716583756046414e-05,2.030009722485663e-27
2024-11-15 04:00:00+00:00,7.530796066523782e-05,2.0355925737001286e-27
2024-11-15 08:00:00+00:00,0.00018986749764479145,2.0346525788666545e-27
2024-11-15 12:00:00+00:00,2.826882705196068e-06,2.0535653594650976e-27
2024-11-15 16:00:00+00:00,5.098157948262222e-05,2.063560180482946e-27
2024-11-15 20:00:00+00:00,0.00012588003797685057,2.050724375758253e-27
2024-11-16 00:00:00+00:00,0.00013300315063109942,2.0505313027140494e-27
2024-11-16 04:00:00+00:00,0.00013295142654905088,2.062720969334722e-27
2024-11-16 08:00:00+00:00,0.000107909988232403,2.059414965242847e-27
2024-11-16 12:00:00+00:00,-2.860069939193717e-05,2.0391592881406778e-27
2024-11-16 16:00:00+00:00,4.793279271539344e-05,2.0220485115555618e-27
2024-11-16 20:00:00+00:00,8.006344123096242e-05,2.0224783618233116e-27
2024-11-17 00:00:00+00:00,0.00014761688230215524,2.0106217652347356e-27
2024-11-17 04:00:00+00:00,0.00011388658953947008,2.007161169804809e-27
2024-11-17 08:00:00+00:00,0.00021921201958902787,2.0051694586042363e-27
2024-11-17 12:00:00+00:00,0.00014313070991249456,2.015063171745128e-27
2024-11-17 16:00:00+00:00,0.00015306127280570006,1.998672190697578e-27
2024-11-17 20:00:00+00:00,0.00015704574060183132,1.9996323374779073e-27
2024-11-18 00:00:00+00:00,8.713584487097067e-05,2.0070347988078904e-27
2024-11-18 04:00:00+00:00,0.00013983283439562098,2.0018432354618796e-27
2024-11-18 08:00:00+00:00,0.0001896225864345873,1.993617899013614e-27
2024-11-18 12:00:00+00:00,0.0002326661649103422,1.9962518681282632e-27
2024-11-18 16:00:00+00:00,0.00012657576459801224,1.992940224495684e-27
2024-11-18 20:00:00+00:00,9.009803871665761e-05,1.9993944005314197e-27
2024-11-19 00:00:00+00:00,0.00018720436840298754,1.9978985463619704e-27
2024-11-19 04:00:00+00:00,0.00012458241362721655,2.004622153254905e-27
2024-11-19 08:00:00+00:00,9.127089152056988e-05,2.010173448489799e-27
2024-11-19 12:00:00+00:00,9.904906028349646e-05,1.994254429365513e-27
2024-11-19 16:00:00+00:00,7.156920755888958e-05,2.0128452770663142e-27
2024-11-19 20:00:00+00:00,3.731481203243224e-05,2.016410578307224e-27
2024-11-20 00:00:00+00:00,0.00012813330553444293,2.0210823604928128e-27
2024-11-20 04:00:00+00:00,0.0001846164597512422,2.0239873378191064e-27
2024-11-20 08:00:00+00:00,0.00017527550594736307,2.0121885348012492e-27
2024-11-20 12:00:00+00:00,7.741403343858095e-05,2.0304121496991647e-27
2024-11-20 16:00:00+00:00,0.00011635076818754768,2.0401304415485033e-27
2024-11-20 20:00:00+00:00,0.00013263272289210527,2.047592904380648e-27
2024-11-21 00:00:00+00:00,9.368322215448599e-05,2.0488030787930724e-27
2024-11-21 04:00:00+00:00,0.0001340021965346121,2.0346003293603334e-27
2024-11-21 08:00:00+00:00,0.00013829903873448118,2.0283941552457845e-27
2024-11-21 12:00:00+00:00,9.369170439863698e-05,2.0206383785900977e-27
2024-11-21 16:00:00+00:00,0.00013582254561606667,2.014244132611712e-27
2024-11-21 20:00:00+00:00,0.00016881381002746258,2.0085040470052472e-27
2024-11-22 00:00:00+00:00,0.0001280723981196492,2.0245817970979026e-27
2024-11-22 04:00:00+00:00,0.0001339793987483121,2.0255015992760863e-27
2024-11-22 08:00:00+00:00,0.00014556649374742196,2.0314711003363395e-27
2024-11-22 12:00:00+00:00,8.19889325285053e-05,2.0406594347941654e-27
2024-11-22 16:00:00+00:00,5.996951947776158e-05,2.0392154563091332e-27
2024-11-22 20:00:00+00:00,0.00012676092224446077,2.0298606271378145e-27
2024-11-23 00:00:00+00:00,0.00010272864739495978,2.0376200578371926e-27
2024-11-23 04:00:00+00:00,1.1833170612546751e-05,2.04254496698107e-27
2024-11-23 08:00:00+00:00,0.00011876706089307737,2.0598648781091092e-27
2024-11-23 12:00:00+00:00,0.00012040102077713126,2.0642332246467294e-27
2024-11-23 16:00:00+00:00,9.46403046624736e-05,2.0590604554339944e-27
2024-11-23 20:00:00+00:00,0.00011606153566472762,2.0748377768476425e-27
2024-11-24 00:00:00+00:00,6.547034281533955e-05,2.0908025601919524e-27
2024-11-24 04:00:00+00:00,0.0001794126539734463,2.089081787529612e-27
2024-11-24 08:00:00+00:00,0.0001165351826036733,2.0878743657537985e-27
2024-11-24 12:00:00+00:00,2.37266202727391e-05,2.1020468633770414e-27
2024-11-24 16:00:00+00:00,0.0001338939330158729,2.1061033322715424e-27
2024-11-24 20:00:00+00:00,2.748845456561123e-05,2.1091060861480733e-27
2024-11-25 00:00:00+00:00,0.0001520951875482788,2.1223329145649627e-27
2024-11-25 04:00:00+00:00,6.442682192115811e-05,2.1247464612287552e-27
2024-11-25 08:00:00+00:00,6.870961592808548e-05,2.1044038663848135e-27
2024-11-25 12:00:00+00:00,0.00011595773287291353,2.1063774529956446e-27
2024-11-25 16:00:00+00:00,6.973303933753924e-05,2.0977066467814165e-27
2024-11-25 20:00:00+00:00,8.192382179175638e-05,2.098409398007652e-27
2024-11-26 00:00:00+00:00,0.00010816140846004547,2.1031929149174918e-27
2024-11-26 04:00:00+00:00,3.019625204693708e-05,2.1067475674520214e-27
2024-11-26 08:00:00+00:00,6.718062067310053e-05,2.1005508132758547e-27
2024-11-26 12:00:00+00:00,5.321802590468506e-05,2.1036710230304834e-27
2024-11-26 16:00:00+00:00,0.0001132380835750941,2.101800535525155e-27
2024-11-26 20:00:00+00:00,0.0001452664739230931,2.0966229028268842e-27
2024-11-27 00:00:00+00:00,0.0001463544838753627,2.115696254361257e-27
2024-11-27 04:00:00+00:00,0.00010404508745848818,2.1355633252042732e-27
2024-11-27 08:00:00+00:00,2.43739132354249e-05,2.1401849201438773e-27
2024-11-27 12:00:00+00:00,9.791044837406108e-05,2.146037466119696e-27
2024-11-27 16:00:00+00:00,9.842364726328585e-05,2.1400812658182605e-27
2024-11-27 20:00:00+00:00,2.693858200508498e-05,2.1328689986052916e-27
2024-11-28 00:00:00+00:00,-4.537778482996009e-05,2.1455414594829572e-27
2024-11-28 04:00:00+00:00,1.8562297302599212e-05,2.143591192074894e-27
2024-11-28 08:00:00+00:00,0.00011820609412828583,2.153802569503492e-27
2024-11-28 12:00:00+00:00,0.00013509935851840338,2.146607449012552e-27
2024-11-28 16:00:00+00:00,0.00010754370357822614,2.1463877757976287e-27
2024-11-28 20:00:00+00:00,0.00011067297542140581,2.1360804003512845e-27
2024-11-29 00:00:00+00:00,0.0001776767711324005,2.1332145279240018e-27
2024-11-29 04:00:00+00:00,0.00013494248004284313,2.1336945183704685e-27
2024-11-29 08:00:00+00:00,0.00010044553263495343,2.1307060306028806e-27
2024-11-29 12:00:00+00:00,0.00018128712713693813,2.1330508305057827e-27
2024-11-29 16:00:00+00:00,0.00012795080128782748,2.138859157656913e-27
2024-11-29 20:00:00+00:00,0.00013647038803236912,2.1373317573050286e-27
2024-11-30 00:00:00+00:00,0.0001026189637465085,2.1427513273056844e-27
2024-11-30 04:00:00+00:00,0.00011717390998023773,2.1402185656209973e-27
2024-11-30 08:00:00+00:00,8.219659222346563e-05,2.1543457759260566e-27
2024-11-30 12:00:00+00:00,7.751295460109695e-05,2.1697468366715387e-27
2024-11-30 16:00:00+00:00,0.0001871567902503612,2.1613101539930116e-27
2024-11-30 20:00:00+00:00,2.2629053293623346e-05,2.174072295643682e-27
2024-12-01 00:00:00+00:00,8.677038380711566e-05,2.1791140536758158e-27
2024-12-01 04:00:00+00:00,0.00014908549853960714,2.188940769174335e-27
2024-12-01 08:00:00+00:00,2.3585168430859082e-05,2.1861810190827347e-27
2024-12-01 12:00:00+00:00,0.0001367443783993031,2.196242614950804e-27
2024-12-01 16:00:00+00:00,0.00012527880800117559,2.192654862326917e-27
2024-12-01 20:00:00+00:00,6.543934664046581e-06,2.1806691321433115e-27
2024-12-02 00:00:00+00:00,2.970196270443866e-05,2.1816164654552915e-27
2024-12-02 04:00:00+00:00,5.270760619148684e-05,2.196747064375899e-27
2024-12-02 08:00:00+00:00,0.00021765701569310904,2.184329895344447e-27
2024-12-02 12:00:00+00:00,0.00013813911698179205,2.1892223422761335e-27
2024-12-02 16:00:00+00:00,1.7741886545005846e-05,2.202089318013604e-27
2024-12-02 20:00:00+00:00,5.95738863289226e-05,2.2026119146675677e-27
2024-12-03 00:00:00+00:00,0.00017166800023193693,2.2033395443074327e-27
2024-12-03 04:00:00+00:00,0.00010203925538843227,2.2121286202265748e-27
2024-12-03 08:00:00+00:00,3.2147312563662035e-05,2.212676645450769e-27
2024-12-03 12:00:00+00:00,0.00013561890280417948,2.1928979201585114e-27
2024-12-03 16:00:00+00:00,7.471015273153084e-05,2.2166026055847992e-27
2024-12-03 20:00:00+00:00,4.759253928344416e-05,2.2146769100648634e-27
2024-12-04 00:00:00+00:00,8.681931836514623e-05,2.2249376593631312e-27
2024-12-04 04:00:00+00:00,-5.685530762055922e-07,2.2168810468489762e-27
2024-12-04 08:00:00+00:00,0.0001262233615332381,2.212830918955732e-27
2024-12-04 12:00:00+00:00,7.913244821346066e-05,2.2180348759479145e-27
2024-12-04 16:00:00+00:00,9.374708195872496e-05,2.2091104911312596e-27
2024-12-04 20:00:00+00:00,0.00012206418074218821,2.2073894057874033e-27
2024-12-05 00:00:00+00:00,0.0001312500799131581,2.2039411969143415e-27
2024-12-05 04:00:00+00:00,0.00014893124335416656,2.1890304392561156e-27
2024-12-05 08:00:00+00:00,6.496754080045859e-05,2.187040681096601e-27
2024-12-05 12:00:00+00:00,0.0001720448705061938,2.1934277501604416e-27
2024-12-05 16:00:00+00:00,0.00010893521120182701,2.1797770785497486e-27
2024-12-05 20:00:00+00:00,0.00013947875685428287,2.1625134747820314e-27
2024-12-06 00:00:00+00:00,4.305942593720583e-05,2.158329673408511e-27
2024-12-06 04:00:00+00:00,0.00010661069086438721,2.1715540942273735e-27
2024-12-06 08:00:00+00:00,2.639694792919159e-06,2.162076356391592e-27
2024-12-06 12:00:00+00:00,0.00017776301611998642,2.1611878643875746e-27
2024-12-06 16:00:00+00:00,0.0001585984090181083,2.1743907119337386e-27
2024-12-06 20:00:00+00:00,0.00018945436694132426,2.1889288803565377e-27
2024-12-07 00:00:00+00:00,0.00011448160453447866,2.1999747535891868e-27
2024-12-07 04:00:00+00:00,0.0001384383156273982,2.196525229572386e-27
2024-12-07 08:00:00+00:00,6.548760262292344e-05,2.17776586619445e-27
2024-12-07 12:00:00+00:00,1.3875589223381341e-05,2.2028936765902847e-27
2024-12-07 16:00:00+00:00,6.0543466463128506e-05,2.21904772375559e-27
2024-12-07 20:00:00+00:00,1.4295462403840284e-05,2.228059319624594e-27
2024-12-08 00:00:00+00:00,3.264478794634845e-05,2.2259833630472804e-27
2024-12-08 04:00:00+00:00,9.069521446118647e-05,2.2118500493729995e-27
2024-12-08 08:00:00+00:00,0.00013558703569385968,2.213445590863042e-27
2024-12-08 12:00:00+00:00,2.644930205919044e-05,2.2201373781662953e-27
2024-12-08 16:00:00+00:00,8.217731612454897e-05,2.220876558607322e-27
2024-12-08 20:00:00+00:00,4.527503866986619e-05,2.215922930855204e-27
2024-12-09 00:00:00+00:00,5.138374364058036e-05,2.2166059094078964e-27
2024-12-09 04:00:00+00:00,4.8156500623971854e-05,2.2305675120941433e-27
2024-12-09 08:00:00+00:00,3.558718484788512e-05,2.2305533956580595e-27
2024-12-09 12:00:00+00:00,0.00010978648920644881,2.234497272055622e-27
2024-12-09 16:00:00+00:00,3.403169450758308e-05,2.2460262159174137e-27
2024-12-09 20:00:00+00:00,-2.5286384769872175e-05,2.2537798257962994e-27
2024-12-10 00:00:00+00:00,8.760749881569165e-05,2.2456641517787784e-27
2024-12-10 04:00:00+00:00,9.683543557782522e-05,2.257958358850938e-27
2024-12-10 08:00:00+00:00,2.6962496153392687e-05,2.2386992805290107e-27
2024-12-10 12:00:00+00:00,9.44904975023301e-06,2.242378945764656e-27
2024-12-10 16:00:00+00:00,0.00011513315885450562,2.2302880684758967e-27
2024-12-10 20:00:00+00:00,5.5119568430100284e-05,2.232250127774833e-27
2024-12-11 00:00:00+00:00,9.412132345904381e-05,2.261254600856299e-27
2024-12-11 04:00:00+00:00,0.00012257033093240476,2.276793195571072e-27
2024-12-11 08:00:00+00:00,-1.2405320612739163e-05,2.2948883800010034e-27
2024-12-11 12:00:00+00:00,0.00011402951087314246,2.2928709994414398e-27
2024-12-11 16:00:00+00:00,0.00018848100487188667,2.2903231144087244e-27
2024-12-11 20:00:00+00:00,0.00022275643942907208,2.2918376883311726e-27
2024-12-12 00:00:00+00:00,0.00014946913673411817,2.311095376353063e-27
2024-12-12 04:00:00+00:00,0.0001500378689639597,2.3165724857424695e-27
2024-12-12 08:00:00+00:00,8.780726585340162e-05,2.3083584180333594e-27
2024-12-12 12:00:00+00:00,4.73285963227975e-05,2.3252960038468013e-27
2024-12-12 16:00:00+00:00,0.00016067871755334612,2.339951496919282e-27
2024-12-12 20:00:00+00:00,-2.3626868273956965e-06,2.332330572259047e-27
2024-12-13 00:00:00+00:00,0.00014543948136269252,2.3504870180681973e-27
2024-12-13 04:00:00+00:00,5.8924215439006967e-05,2.347280568148853e-27
2024-12-13 08:00:00+00:00,9.799403074293834e-05,2.3454560438905437e-27
2024-12-13 12:00:00+00:00,9.143705073006608e-05,2.3317521552817504e-27
2024-12-13 16:00:00+00:00,6.287706506771932e-05,2.3205618970365182e-27
2024-12-13 20:00:00+00:00,0.00010423132033813284,2.3058975214123733e-27
2024-12-14 00:00:00+00:00,0.00014405393087135862,2.3190136197776606e-27
2024-12-14 04:00:00+00:00,2.483257708340524e-05,2.315219724820654e-27
2024-12-14 08:00:00+00:00,6.428736496151923e-05,2.3128156961970852e-27
2024-12-14 12:00:00+00:00,0.0001500359742039722,2.304347295134429e-27
2024-12-14 16:00:00+00:00,0.00012324731159122837,2.315505309388238e-27
2024-12-14 20:00:00+00:00,6.956006040474867e-05,2.3265464936857632e-27
2024-12-15 00:00:00+00:00,0.00014325213929659083,2.3241724225966876e-27
2024-12-15 04:00:00+00:00,0.00013998307806996574,2.3070080762672444e-27
2024-12-15 08:00:00+00:00,-2.498454222111811e-06,2.312218445493853e-27
2024-12-15 12:00:00+00:00,8.79359125689682e-05,2.3076127376233343e-27
2024-12-15 16:00:00+00:00,9.503204957392837e-05,2.3197854273330564e-27
2024-12-15 20:00:00+00:00,0.00012635881947329364,2.3252146967123126e-27
2024-12-16 00:00:00+00:00,0.0001153309862897298,2.3317431797073745e-27
2024-12-16 04:00:00+00:00,9.985112485168486e-05,2.331914366170339e-27
2024-12-16 08:00:00+00:00,0.0001321277697019707,2.340792329360053e-27
2024-12-16 12:00:00+00:00,0.00016565901297967535,2.3481897620969147e-27
2024-12-16 16:00:00+00:00,8.328903169102559e-05,2.353554082731816e-27
2024-12-16 20:00:00+00:00,7.979115650722512e-05,2.3422865098984738e-27
2024-12-17 00:00:00+00:00,0.00017812355588449742,2.3234863666292413e-27
2024-12-17 04:00:00+00:00,0.00012028199201227565,2.317825309532522e-27
2024-12-17 08:00:00+00:00,0.00015468616191390878,2.324469712669234e-27
2024-12-17 12:00:00+00:00,8.136328024403559e-05,2.33768924639573e-27
2024-12-17 16:00:00+00:00,5.036717517995035e-05,2.354540177617653e-27
2024-12-17 20:00:00+00:00,0.00018930328424246828,2.3658847587084127e-27
2024-12-18 00:00:00+00:00,6.670980754260532e-05,2.391515304407853e-27
2024-12-18 04:00:00+00:00,0.00012750823267600685,2.4076496904458924e-27
2024-12-18 08:00:00+00:00,0.00014510245998116468,2.4327024797913424e-27
2024-12-18 12:00:00+00:00,0.0001106190396122139,2.4461622006831233e-27
2024-12-18 16:00:00+00:00,7.196313502779979e-05,2.432699743738645e-27
2024-12-18 20:00:00+00:00,7.762210946021426e-05,2.4377295337209843e-27
2024-12-19 00:00:00+00:00,0.00010306009920613236,2.4551213912072163e-27
2024-12-19 04:00:00+00:00,0.0001572993729202572,2.4442738383497606e-27
2024-12-19 08:00:00+00:00,8.484397138191132e-05,2.445744225922316e-27
2024-12-19 12:00:00+00:00,9.094478348639989e-05,2.448176339097783e-27
2024-12-19 16:00:00+00:00,6.942072109176584e-05,1.713723437368448e-27
2024-12-19 20:00:00+00:00,2.7129031179638594e-05,1.710471944846974e-27
2024-12-20 00:00:00+00:00,1.3796870854992077e-05,1.6960257761590136e-27
2024-12-20 04:00:00+00:00,1.4554441874161945e-05,1.693579871382297e-27
2024-12-20 08:00:00+00:00,4.599162335408237e-05,1.1855059099676079e-27
2024-12-20 12:00:00+00:00,-2.9445412239621413e-05,1.1859240082931866e-27
2024-12-20 16:00:00+00:00,2.729475191027776e-05,1.1875745549479725e-27
2024-12-20 20:00:00+00:00,0.00010117512822333034,1.1896638582199155e-27
2024-12-21 00:00:00+00:00,0.00010550988349044497,1.1946305337659801e-27
2024-12-21 04:00:00+00:00,5.041840647644729e-05,1.190846128139333e-27
2024-12-21 08:00:00+00:00,2.2082203028995678e-05,1.1892714418650887e-27
2024-12-21 12:00:00+00:00,4.3158052127179854e-05,1.1841910253370584e-27
2024-12-21 16:00:00+00:00,9.979958831759792e-05,1.17742795748095e-27
2024-12-21 20:00:00+00:00,5.8290189529868185e-05,1.1709374232841746e-27
2024-12-22 00:00:00+00:00,7.788687618355983e-05,1.1740113484133058e-27
2024-12-22 04:00:00+00:00,0.00016295249268941057,1.1767171756468578e-27
2024-12-22 08:00:00+00:00,0.00013535700718603303,1.170959307413273e-27
2024-12-22 12:00:00+00:00,8.42337780910393e-05,1.1728553305651263e-27
2024-12-22 16:00:00+00:00,9.197426551382865e-05,1.17441754227352e-27
2024-12-22 20:00:00+00:00,-8.00436952598296e-07,1.1677873256794075e-27
2024-12-23 00:00:00+00:00,0.00019800007449807745,1.1649911077190487e-27
2024-12-23 04:00:00+00:00,0.00012202891928059657,1.1754574658114238e-27
2024-12-23 08:00:00+00:00,5.720947916560239e-05,1.1699845076922054e-27
2024-12-23 12:00:00+00:00,5.126653856633772e-05,1.1586911130475476e-27
2024-12-23 16:00:00+00:00,0.00017476160531091064,1.1563065821523581e-27
2024-12-23 20:00:00+00:00,0.00012307571542602557,1.1551567517346746e-27
2024-12-24 00:00:00+00:00,0.00015979561254699166,1.1607855660203597e-27
2024-12-24 04:00:00+00:00,0.0001282161698379198,1.1545178203056593e-27
2024-12-24 08:00:00+00:00,0.00016358668820351259,1.1519871142948509e-27
2024-12-24 12:00:00+00:00,0.0001090897200474376,1.1552404601280479e-27
2024-12-24 16:00:00+00:00,0.00013899044442878714,1.1545011191374325e-27
2024-12-24 20:00:00+00:00,8.153906345929762e-05,1.151196917260377e-27
2024-12-25 00:00:00+00:00,0.00015391315694799723,1.1614683091393876e-27
2024-12-25 04:00:00+00:00,0.00011182847610332579,1.1683220149604058e-27
2024-12-25 08:00:00+00:00,4.778722799631425e-05,1.175396343346477e-27
2024-12-25 12:00:00+00:00,0.00012229833760965243,1.1732165844641955e-27
2024-12-25 16:00:00+00:00,7.254738991280733e-05,1.1796118419723078e-27
2024-12-25 20:00:00+00:00,2.406343290769829e-05,1.1911646880910535e-27
2024-12-26 00:00:00+00:00,0.00014765195456037334,1.1891359729308598e-27
2024-12-26 04:00:00+00:00,7.217054516211126e-05,1.1920840294913542e-27
2024-12-26 08:00:00+00:00,8.158790257693254e-05,1.1919806709066096e-27
2024-12-26 12:00:00+00:00,0.00017593269160085998,1.187494750736728e-27
2024-12-26 16:00:00+00:00,0.00014240885731265274,1.1974824831905537e-27
2024-12-26 20:00:00+00:00,7.432815426124311e-05,1.2006020198256798e-27
2024-12-27 00:00:00+00:00,8.299712172808867e-06,1.2095540706355902e-27
2024-12-27 04:00:00+00:00,7.014389296999935e-05,1.217367470677191e-27
2024-12-27 08:00:00+00:00,0.00017406159985931067,1.2223007307843566e-27
2024-12-27 12:00:00+00:00,3.101693970837345e-05,1.2308085965451369e-27
2024-12-27 16:00:00+00:00,0.00011805687170214623,1.2347317492623634e-27
2024-12-27 20:00:00+00:00,-3.7346962818080266e-06,1.2383636421390442e-27
2024-12-28 00:00:00+00:00,8.035802026076151e-05,1.2479972020182247e-27
2024-12-28 04:00:00+00:00,0.00015852750181067274,1.2346003113703573e-27
2024-12-28 08:00:00+00:00,0.00010024421747172732,1.24585571994279e-27
2024-12-28 12:00:00+00:00,0.00011848024798434793,1.2396390471339972e-27
2024-12-28 16:00:00+00:00,0.00017188797159324836,1.2402520685570492e-27
2024-12-28 20:00:00+00:00,6.453855894518847e-05,1.2439506138130116e-27
2024-12-29 00:00:00+00:00,0.00017959934570782252,1.2435467449376376e-27
2024-12-29 04:00:00+00:00,0.00023404967719694659,1.2357443695446752e-27
2024-12-29 08:00:00+00:00,1.118926222214589e-06,1.2406077095301745e-27
2024-12-29 12:00:00+00:00,0.00018865230950734557,1.2429219099683808e-27
2024-12-29 16:00:00+00:00,8.069999635426188e-05,1.2500715199010477e-27
2024-12-29 20:00:00+00:00,0.00012153899390726445,1.2488847568855958e-27
2024-12-30 00:00:00+00:00,0.00015470075425464287,1.239923255188575e-27
2024-12-30 04:00:00+00:00,0.00012514594127792633,1.2480597192945571e-27
2024-12-30 08:00:00+00:00,0.00014853664461711755,1.249636638666597e-27
2024-12-30 12:00:00+00:00,8.673885161327653e-05,1.2465282701777774e-27
2024-12-30 16:00:00+00:00,9.751981092080047e-05,1.252266781988111e-27
2024-12-30 20:00:00+00:00,0.00010060528030503683,1.2564804174226258e-27
2024-12-31 00:00:00+00:00,4.50554944719547e-06,1.266552297353126e-27
2024-12-31 04:00:00+00:00,8.40865913388558e-05,1.270924101867652e-27
2024-12-31 08:00:00+00:00,2.0897155099228145e-05,1.2760597058618981e-27
2024-12-31 12:00:00+00:00,8.590637510404556e-05,1.273194681044957e-27
2024-12-31 16:00:00+00:00,7.43940993878166e-05,1.2740713094336015e-27
2024-12-31 20:00:00+00:00,7.818576016930104e-05,1.2706035828304509e-27
2025-01-01 00:00:00+00:00,0.00013452600514451295,1.278764604492974e-27
2025-01-01 04:00:00+00:00,0.0001073974635375066,1.2786531829578751e-27
2025-01-01 08:00:00+00:00,9.936579571980459e-05,1.2803676887223695e-27
2025-01-01 12:00:00+00:00,0.00014177591520652527,1.2867588898719636e-27
2025-01-01 16:00:00+00:00,0.00018588119314195397,1.2884249236930724e-27
2025-01-01 20:00:00+00:00,7.429356294600382e-05,1.2954169266720165e-27
2025-01-02 00:00:00+00:00,1.6693049864962007e-05,1.2956852622415399e-27
2025-01-02 04:00:00+00:00,7.946866037817569e-05,1.283447541377588e-27
2025-01-02 08:00:00+00:00,0.00018082654660408513,1.2722800450878532e-27
2025-01-02 12:00:00+00:00,0.00012461107028945219,1.2698634163809954e-27
2025-01-02 16:00:00+00:00,0.00010785003200845184,1.263335215575846e-27
2025-01-02 20:00:00+00:00,0.00019909830264097802,1.2742455081578095e-27
2025-01-03 00:00:00+00:00,0.00012167459395662268,1.2820104685730752e-27
2025-01-03 04:00:00+00:00,0.00016758078818248062,1.2768829647120102e-27
2025-01-03 08:00:00+00:00,0.0001914633218989077,1.28343803426418e-27
2025-01-03 12:00:00+00:00,0.0001231516994712446,1.287425234492768e-27
2025-01-03 16:00:00+00:00,0.0001757436037140814,1.288585420322264e-27
2025-01-03 20:00:00+00:00,0.00013416813339358708,1.2898343752160736e-27
2025-01-04 00:00:00+00:00,0.00018590816898195054,1.3012063559444103e-27
2025-01-04 04:00:00+00:00,6.761208562614542e-05,1.3035757101296714e-27
2025-01-04 08:00:00+00:00,0.00010442618146799615,1.3088097231311116e-27
2025-01-04 12:00:00+00:00,0.00010400792759921709,1.3189199381056261e-27
2025-01-04 16:00:00+00:00,4.7102895998544725e-05,1.3281028474267179e-27
2025-01-04 20:00:00+00:00,7.742454756767845e-05,1.3219308167225037e-27
2025-01-05 00:00:00+00:00,0.00021409707356257737,1.316111653059673e-27
2025-01-05 04:00:00+00:00,0.00011661093399046156,1.3233859811039538e-27
2025-01-05 08:00:00+00:00,6.539849620134207e-05,1.3237946424039624e-27
2025-01-05 12:00:00+00:00,0.00010999664119358406,1.3250007152209488e-27
2025-01-05 16:00:00+00:00,6.524600144853514e-05,1.3268590920896999e-27
2025-01-05 20:00:00+00:00,6.65565769375908e-05,1.3305891163195485e-27
2025-01-06 00:00:00+00:00,0.00012118385562815605,1.3335512514866243e-27
2025-01-06 04:00:00+00:00,5.117888576326194e-05,1.351175052772406e-27
2025-01-06 08:00:00+00:00,0.0001233240207604584,1.3524125420920992e-27
2025-01-06 12:00:00+00:00,0.00010813801985603693,1.3555709096594136e-27
2025-01-06 16:00:00+00:00,8.585970700445325e-05,1.354730994807498e-27
2025-01-06 20:00:00+00:00,0.00014073266622301246,1.3525540847972345e-27
2025-01-07 00:00:00+00:00,0.00010953154038588723,1.366657665826413e-27
2025-01-07 04:00:00+00:00,8.165045909984335e-05,1.3728935754919676e-27
2025-01-07 08:00:00+00:00,0.00017284908388378963,1.3744625015204767e-27
2025-01-07 12:00:00+00:00,8.393945732958156e-05,1.3756542928236338e-27
2025-01-07 16:00:00+00:00,9.538586569773444e-05,1.3787215151615983e-27
2025-01-07 20:00:00+00:00,0.00011814906256956709,1.387255075267952e-27
2025-01-08 00:00:00+00:00,8.187947273051391e-05,1.3713805609121487e-27
2025-01-08 04:00:00+00:00,-1.4392901976640066e-05,1.3736792790769571e-27
2025-01-08 08:00:00+00:00,0.00010903725698106838,1.3679991324047732e-27
2025-01-08 12:00:00+00:00,0.0001762104334516059,1.3680149952344994e-27
2025-01-08 16:00:00+00:00,7.126357852308242e-05,1.3690927897560462e-27
2025-01-08 20:00:00+00:00,0.00010961269360331449,1.3808260360088626e-27
2025-01-09 00:00:00+00:00,8.295943836116347e-05,1.376895029113485e-27
2025-01-09 04:00:00+00:00,-3.4035672071995924e-06,1.3719369088688586e-27
2025-01-09 08:00:00+00:00,0.00013095873214885354,1.3732984275279435e-27
2025-01-09 12:00:00+00:00,1.4583717276837175e-05,1.367012640011139e-27
2025-01-09 16:00:00+00:00,0.00010677427416637151,1.3592159149233354e-27
2025-01-09 20:00:00+00:00,3.032685256789729e-05,1.3485675956811337e-27
2025-01-10 00:00:00+00:00,8.484218609881699e-05,1.3607657960747033e-27
2025-01-10 04:00:00+00:00,9.240696589613835e-05,1.3751876997339008e-27
2025-01-10 08:00:00+00:00,7.844764455803003e-06,1.3743990176551427e-27
2025-01-10 12:00:00+00:00,1.18243061505526e-05,1.3603030497552384e-27
2025-01-10 16:00:00+00:00,6.791184104526214e-05,1.3476259216833862e-27
2025-01-10 20:00:00+00:00,9.807904503066265e-05,1.352690139009433e-27
2025-01-11 00:00:00+00:00,7.112362444143955e-05,1.366355897064461e-27
2025-01-11 04:00:00+00:00,0.00010416432540639595,1.3783185761157306e-27
2025-01-11 08:00:00+00:00,7.9624503518847e-05,1.387058827828979e-27
2025-01-11 12:00:00+00:00,0.00013406873529226224,1.3937948958646676e-27
2025-01-11 16:00:00+00:00,0.00015666786998372808,1.394495765073063e-27
2025-01-11 20:00:00+00:00,0.00013961228352324273,1.3937731756314777e-27
2025-01-12 00:00:00+00:00,0.00022526950897304419,1.3974760030635501e-27
2025-01-12 04:00:00+00:00,6.88529228907876e-05,1.3988858585404322e-27
2025-01-12 08:00:00+00:00,4.623044055939838e-05,1.3940599285341785e-27
2025-01-12 12:00:00+00:00,9.349772828097833e-05,1.3956932823280795e-27
2025-01-12 16:00:00+00:00,8.041457954404189e-05,1.395205234605095e-27
2025-01-12 20:00:00+00:00,0.00016968133793984338,1.3952202723226243e-27
2025-01-13 00:00:00+00:00,0.00014046336955963296,1.4044695638274055e-27
2025-01-13 04:00:00+00:00,0.00014568831507538233,1.4062011115147404e-27
2025-01-13 08:00:00+00:00,8.98524549965543e-05,1.3899184223090818e-27
2025-01-13 12:00:00+00:00,0.00014528040173471398,1.390929208973511e-27
2025-01-13 16:00:00+00:00,0.00012732289354380473,1.3973782063316695e-27
2025-01-13 20:00:00+00:00,4.1619400586255494e-05,1.388082250808243e-27
2025-01-14 00:00:00+00:00,0.0001217955318071503,1.3819307053176643e-27
2025-01-14 04:00:00+00:00,0.00016688958382951051,1.374942101921637e-27
2025-01-14 08:00:00+00:00,0.0001107642754093863,1.3699710167894996e-27
2025-01-14 12:00:00+00:00,4.5559845282636456e-05,1.3691783632140572e-27
2025-01-14 16:00:00+00:00,0.00012968371071695316,1.3762367180109683e-27
2025-01-14 20:00:00+00:00,3.4374571980272485e-05,1.3857330399031218e-27
2025-01-15 00:00:00+00:00,0.000173431861073084,1.3820917123519647e-27
2025-01-15 04:00:00+00:00,0.00011656176613340671,1.3830791516621194e-27
2025-01-15 08:00:00+00:00,0.00014831630646372572,1.3761316633356988e-27
2025-01-15 12:00:00+00:00,0.00022277985759123342,1.364022114985879e-27
2025-01-15 16:00:00+00:00,0.0001936908038442287,1.3719497603759497e-27
2025-01-15 20:00:00+00:00,0.00019798930001337743,1.3767681040779837e-27
2025-01-16 00:00:00+00:00,6.0614683496961976e-05,1.372429167356576e-27
2025-01-16 04:00:00+00:00,0.00019700670200800064,1.3774351324746274e-27
2025-01-16 08:00:00+00:00,0.00017893198328403746,1.3843449235419611e-27
2025-01-16 12:00:00+00:00,8.876134777822981e-05,1.3860308861859446e-27
2025-01-16 16:00:00+00:00,1.3255951245538747e-05,1.3981919497874402e-27
2025-01-16 20:00:00+00:00,0.00019816728225073438,1.4028055985830756e-27
2025-01-17 00:00:00+00:00,0.0002080906207518923,1.4040309784625324e-27
2025-01-17 04:00:00+00:00,0.00019107790745953896,1.4144046493214348e-27
2025-01-17 08:00:00+00:00,0.0002645568716113727,1.4110230663830866e-27
2025-01-17 12:00:00+00:00,0.00020275764188240944,1.4140111354967264e-27
2025-01-17 16:00:00+00:00,9.779609002935028e-05,1.399448538351251e-27
2025-01-17 20:00:00+00:00,7.357353108473222e-05,1.400065285010639e-27
2025-01-18 00:00:00+00:00,4.2273564322274315e-05,1.4084531675413042e-27
2025-01-18 04:00:00+00:00,0.00016212035056794682,1.4088090826698532e-27
2025-01-18 08:00:00+00:00,0.0001649879583128399,1.3964913632886679e-27
2025-01-18 12:00:00+00:00,0.00022766615185257713,1.3987708932802607e-27
2025-01-18 16:00:00+00:00,0.00013208174087940604,1.3961582991060031e-27
2025-01-18 20:00:00+00:00,7.023475837123166e-05,1.3984535379355104e-27
2025-01-19 00:00:00+00:00,0.0002103132747450203,1.4056503972157242e-27
2025-01-19 04:00:00+00:00,0.00024795794505358545,1.401718560043191e-27
2025-01-19 08:00:00+00:00,0.0002498000710078718,1.4023669270502821e-27
2025-01-19 12:00:00+00:00,0.0001940620698659824,9.816568489351974e-28
2025-01-19 16:00:00+00:00,0.00018407933359592752,9.921231514066355e-28
2025-01-19 20:00:00+00:00,8.99761456740601e-05,6.944862059846448e-28
2025-01-20 00:00:00+00:00,0.00010664045967841463,6.9423068595928725e-28
2025-01-20 04:00:00+00:00,0.0001266918749100604,6.945212736672462e-28
2025-01-20 08:00:00+00:00,0.00015169895792999566,6.929381876407143e-28
2025-01-20 12:00:00+00:00,0.00022246670370552207,6.9306388215165375e-28
2025-01-20 16:00:00+00:00,-4.4556060258695194e-06,6.939344456326909e-28
2025-01-20 20:00:00+00:00,0.00011375640184559541,6.955262888407483e-28
2025-01-21 00:00:00+00:00,0.00020657147563888934,7.004457048600988e-28
2025-01-21 04:00:00+00:00,8.990575437391326e-05,6.991897378995427e-28
2025-01-21 08:00:00+00:00,-4.132218447354421e-05,7.043588507838379e-28
2025-01-21 12:00:00+00:00,2.5123538357337554e-05,7.035645751458878e-28
2025-01-21 16:00:00+00:00,7.20077451175421e-05,7.014569460476936e-28
2025-01-21 20:00:00+00:00,0.00011654528443856686,6.9519890569871895e-28
2025-01-22 00:00:00+00:00,7.517892404242437e-05,7.0313347937595835e-28
2025-01-22 04:00:00+00:00,0.00012827155312333585,7.038670295087265e-28
2025-01-22 08:00:00+00:00,5.767187911463632e-05,7.072003799732724e-28
2025-01-22 12:00:00+00:00,8.322270331250506e-05,7.05772230119768e-28
2025-01-22 16:00:00+00:00,3.860989484547624e-05,7.072768872654053e-28
2025-01-22 20:00:00+00:00,0.0002068480203392909,7.110605670104695e-28
2025-01-23 00:00:00+00:00,0.00017520726189517938,7.101117770014929e-28
2025-01-23 04:00:00+00:00,0.000103839933553123,7.053215393015881e-28
2025-01-23 08:00:00+00:00,9.52670779440494e-05,7.097371462456222e-28
2025-01-23 12:00:00+00:00,0.00016197038089065874,7.103936754889504e-28
2025-01-23 16:00:00+00:00,0.0001038650240915254,7.1277314223668545e-28
2025-01-23 20:00:00+00:00,5.6576239114675646e-05,7.154719263952973e-28
2025-01-24 00:00:00+00:00,2.1390326224558233e-07,7.1765627924865065e-28
2025-01-24 04:00:00+00:00,8.05548539503107e-05,7.2146148963258935e-28
2025-01-24 08:00:00+00:00,0.00010859807787569096,7.163314557218015e-28
2025-01-24 12:00:00+00:00,4.490255155212555e-05,7.200490188706819e-28
2025-01-24 16:00:00+00:00,0.00010818707482428041,7.1942829369865395e-28
2025-01-24 20:00:00+00:00,9.0228187149652e-05,7.20369280055068e-28
2025-01-25 00:00:00+00:00,8.501352515082885e-05,7.155477373257691e-28
2025-01-25 04:00:00+00:00,-3.499264061567206e-06,7.179519794048457e-28
2025-01-25 08:00:00+00:00,6.256735873863802e-05,7.159272465526218e-28
2025-01-25 12:00:00+00:00,6.80712266080866e-05,7.162052227242366e-28
2025-01-25 16:00:00+00:00,5.584074733365634e-05,7.200810696965256e-28
2025-01-25 20:00:00+00:00,8.064472729195336e-05,7.16156881305967e-28
2025-01-26 00:00:00+00:00,7.508512122102168e-05,7.180018102728174e-28
2025-01-26 04:00:00+00:00,9.427725245469241e-05,7.166890648535028e-28
2025-01-26 08:00:00+00:00,5.681930416976173e-05,7.146482896256239e-28
2025-01-26 12:00:00+00:00,6.856944861794963e-05,7.188460982204011e-28
2025-01-26 16:00:00+00:00,0.00014467668891953676,7.184370256232721e-28
2025-01-26 20:00:00+00:00,0.00016333317417506233,5.029059179362904e-28
2025-01-27 00:00:00+00:00,0.00014162086631143794,5.021767583105357e-28
2025-01-27 04:00:00+00:00,7.860943351743891e-05,5.007246899813127e-28
2025-01-27 08:00:00+00:00,9.475116751016938e-05,5.015101129513966e-28
2025-01-27 12:00:00+00:00,8.012243441911967e-05,5.03425168932654e-28
2025-01-27 16:00:00+00:00,0.00010811370830740694,5.020101172998456e-28
2025-01-27 20:00:00+00:00,5.4355398124750815e-05,4.996042984536663e-28
2025-01-28 00:00:00+00:00,4.25591899163754e-05,5.031123971660159e-28
2025-01-28 04:00:00+00:00,3.800545948853658e-05,5.034090229084249e-28
2025-01-28 08:00:00+00:00,2.907118924417942e-05,5.074910721964524e-28
2025-01-28 12:00:00+00:00,8.910800196910084e-05,5.099230172017884e-28
2025-01-28 16:00:00+00:00,0.00014817840120825678,5.133511081748434e-28
2025-01-28 20:00:00+00:00,6.987607046222398e-05,5.142171142914627e-28
2025-01-29 00:00:00+00:00,0.00020788719334961862,5.1689235226265765e-28
2025-01-29 04:00:00+00:00,7.001133278862048e-05,5.154309967279223e-28
2025-01-29 08:00:00+00:00,0.00010149461691802695,5.178348111065977e-28
2025-01-29 12:00:00+00:00,4.757850616452156e-05,5.169084836427986e-28
2025-01-29 16:00:00+00:00,0.00010944342448912103,5.113790225135243e-28
2025-01-29 20:00:00+00:00,0.00012665938373272137,5.101471612949475e-28
2025-01-30 00:00:00+00:00,0.00010078191286777478,5.088672427508241e-28
2025-01-30 04:00:00+00:00,6.215184570935528e-05,5.085166937855373e-28
2025-01-30 08:00:00+00:00,0.00016439598720612272,5.088109677464274e-28
2025-01-30 12:00:00+00:00,0.0001206530985164593,5.124431439879682e-28
2025-01-30 16:00:00+00:00,0.00017660865721773423,5.102744313426841e-28
2025-01-30 20:00:00+00:00,9.981248127798135e-05,5.0501733374876185e-28
2025-01-31 00:00:00+00:00,0.00022966753933892313,5.080148736165828e-28
2025-01-31 04:00:00+00:00,9.819581811222649e-05,5.123041365082647e-28
2025-01-31 08:00:00+00:00,0.0001317359337054276,5.129664437076614e-28
2025-01-31 12:00:00+00:00,0.00012607895365833655,5.120900655493776e-28
2025-01-31 16:00:00+00:00,8.495723902525615e-06,5.108973758485803e-28
2025-01-31 20:00:00+00:00,0.00010855573936511947,5.141491685670666e-28
2025-02-01 00:00:00+00:00,6.982318333361249e-05,5.104432823935812e-28
2025-02-01 04:00:00+00:00,5.177823360152384e-05,5.082491344856275e-28
2025-02-01 08:00:00+00:00,6.742718062196879e-05,5.118956816264983e-28
2025-02-01 12:00:00+00:00,3.521945143028064e-05,5.0608908095140505e-28
2025-02-01 16:00:00+00:00,0.0001323865986441957,5.038637986448695e-28
2025-02-01 20:00:00+00:00,2.287032445056917e-05,5.036700865169715e-28
2025-02-02 00:00:00+00:00,3.930277022442069e-05,5.047529460404464e-28
2025-02-02 04:00:00+00:00,8.759478194053503e-05,5.093106528716921e-28
2025-02-02 08:00:00+00:00,1.770478423184959e-05,5.161859510194447e-28
2025-02-02 12:00:00+00:00,3.449426362152363e-05,5.211952085857788e-28
2025-02-02 16:00:00+00:00,-9.284798425463637e-06,5.265932901281788e-28
2025-02-02 20:00:00+00:00,8.350315264969146e-06,5.284794446132385e-28
2025-02-03 00:00:00+00:00,7.578798780304286e-05,5.300856067061058e-28
2025-02-03 04:00:00+00:00,5.497064675620593e-05,5.287788071784646e-28
2025-02-03 08:00:00+00:00,5.7891500346947785e-05,5.3172511695249505e-28
2025-02-03 12:00:00+00:00,9.814810521474937e-05,5.325871501606092e-28
2025-02-03 16:00:00+00:00,0.00014057930806820826,5.331787168134564e-28
2025-02-03 20:00:00+00:00,0.0001360701837857354,5.314487630689791e-28
2025-02-04 00:00:00+00:00,4.9008024431241354e-05,5.30243144451006e-28
2025-02-04 04:00:00+00:00,0.0002291121721049346,3.711702011157042e-28
2025-02-04 08:00:00+00:00,7.456959609632558e-05,3.729159866777086e-28
2025-02-04 12:00:00+00:00,4.4799777952990814e-05,3.770827142496985e-28
2025-02-04 16:00:00+00:00,8.733067212997888e-05,3.7587925420473345e-28
2025-02-04 20:00:00+00:00,0.000127257257918398,3.738890938847628e-28
2025-02-05 00:00:00+00:00,9.70079690747529e-05,3.705913476302947e-28
2025-02-05 04:00:00+00:00,0.0002212942438032326,3.719488990110001e-28
2025-02-05 08:00:00+00:00,0.00015758432502502531,3.733183558303161e-28
2025-02-05 12:00:00+00:00,0.00010232897036107136,3.7251784966083363e-28
2025-02-05 16:00:00+00:00,0.0001543101671302148,3.7051638242472862e-28
2025-02-05 20:00:00+00:00,5.734446577867292e-05,3.702893811836823e-28
2025-02-06 00:00:00+00:00,6.988661197571334e-05,3.7046300759671425e-28
2025-02-06 04:00:00+00:00,0.0001270698260059756,3.689826849051723e-28
2025-02-06 08:00:00+00:00,7.159315114827824e-05,3.6855593705100924e-28
2025-02-06 12:00:00+00:00,4.822945604887195e-05,3.675949478390599e-28
2025-02-06 16:00:00+00:00,9.04179564612862e-05,3.6778161485061767e-28
2025-02-06 20:00:00+00:00,4.23230315392094e-05,3.721266161932097e-28
2025-02-07 00:00:00+00:00,2.761279483968478e-05,3.753277898723854e-28
2025-02-07 04:00:00+00:00,2.6882650809973778e-05,3.740168687512789e-28
2025-02-07 08:00:00+00:00,-1.717035368001629e-06,3.737595395537962e-28
2025-02-07 12:00:00+00:00,0.00019442663094572341,3.791159340787369e-28
2025-02-07 16:00:00+00:00,0.00016165914677983577,3.821994892563168e-28
2025-02-07 20:00:00+00:00,0.00014317361007650076,3.8522684770522486e-28
2025-02-08 00:00:00+00:00,0.00010070714645330324,3.843408643585792e-28
2025-02-08 04:00:00+00:00,3.22276004495683e-05,3.8405175563680055e-28
2025-02-08 08:00:00+00:00,0.000120456046071888,3.879181547468139e-28
2025-02-08 12:00:00+00:00,0.00016708782788091663,3.8933255465512297e-28
2025-02-08 16:00:00+00:00,0.0001571106264299884,3.8912883897077354e-28
2025-02-08 20:00:00+00:00,0.0001736102058350958,3.8875184773057696e-28
2025-02-09 00:00:00+00:00,0.00014842875596298035,3.892452245262398e-28
2025-02-09 04:00:00+00:00,0.00012457907285968198,3.872434321158246e-28
2025-02-09 08:00:00+00:00,0.00014090815622545973,3.8800636544738283e-28
2025-02-09 12:00:00+00:00,0.00013572830835825023,3.875810042485519e-28
2025-02-09 16:00:00+00:00,0.00012089194591655356,3.8518539467390926e-28
2025-02-09 20:00:00+00:00,0.00016436482917862996,3.8342578415811634e-28
2025-02-10 00:00:00+00:00,9.710987961609191e-05,3.8025918151358346e-28
2025-02-10 04:00:00+00:00,0.0001131758511630779,3.78519265872117e-28
2025-02-10 08:00:00+00:00,0.00012704794751695027,3.7993429682485335e-28
2025-02-10 12:00:00+00:00,3.836425628004313e-05,3.798806210860468e-28
2025-02-10 16:00:00+00:00,0.00015541799795903955,3.808484576535858e-28
2025-02-10 20:00:00+00:00,5.62473769700235e-05,3.7944807230511787e-28
2025-02-11 00:00:00+00:00,6.58484526657251e-05,3.8053017365364218e-28
2025-02-11 04:00:00+00:00,0.0001006470426425118,3.7994959975597054e-28
2025-02-11 08:00:00+00:00,0.00022031643552951273,3.7802791620781648e-28
2025-02-11 12:00:00+00:00,0.000122839095645232,3.7998716334816e-28
2025-02-11 16:00:00+00:00,0.00014602906089062538,3.8111715979811687e-28
2025-02-11 20:00:00+00:00,0.0001951991400743795,3.8486822117980216e-28
2025-02-12 00:00:00+00:00,0.00011346975232624698,3.8711169723850636e-28
2025-02-12 04:00:00+00:00,4.850223250101768e-05,3.8651160609062993e-28
2025-02-12 08:00:00+00:00,0.00015891217078074386,3.887937254514947e-28
2025-02-12 12:00:00+00:00,7.553854019681913e-05,3.917395946265582e-28
2025-02-12 16:00:00+00:00,0.00013638244461110973,3.938874091160831e-28
2025-02-12 20:00:00+00:00,7.631757651329675e-05,3.9446392085803277e-28
2025-02-13 00:00:00+00:00,5.761615417514357e-05,3.884953751204441e-28
2025-02-13 04:00:00+00:00,4.453286326390352e-05,3.9102025778576104e-28
2025-02-13 08:00:00+00:00,0.00010507304200403116,3.8863867358622476e-28
2025-02-13 12:00:00+00:00,-6.452641602447436e-05,3.894595905345509e-28
2025-02-13 16:00:00+00:00,4.400735788920028e-05,3.9136009937457904e-28
2025-02-13 20:00:00+00:00,3.9756853659433435e-05,3.9234237473618894e-28
2025-02-14 00:00:00+00:00,0.00010239012579891702,3.915915542341796e-28
2025-02-14 04:00:00+00:00,9.107612895347128e-05,3.9239114163351055e-28
2025-02-14 08:00:00+00:00,0.00015956317928477625,3.9466947927476263e-28
2025-02-14 12:00:00+00:00,4.221130470013423e-05,3.976885203890651e-28
2025-02-14 16:00:00+00:00,0.00020861429088656292,3.9848417398778344e-28
2025-02-14 20:00:00+00:00,0.0001194974972037707,3.970484680429578e-28
2025-02-15 00:00:00+00:00,3.627609774801345e-05,3.975490524022528e-28
2025-02-15 04:00:00+00:00,5.63543018229038e-05,3.976627742558145e-28
2025-02-15 08:00:00+00:00,0.00020436947787362734,3.986937717538182e-28
2025-02-15 12:00:00+00:00,0.00021628865672553225,3.9860770127065493e-28
2025-02-15 16:00:00+00:00,8.332105967564577e-05,3.9590252778177475e-28
2025-02-15 20:00:00+00:00,0.00014541948603220297,3.96499055801668e-28
2025-02-16 00:00:00+00:00,0.00016283855011287837,3.963863201006177e-28
2025-02-16 04:00:00+00:00,0.00023543216657119772,3.970218988928877e-28
2025-02-16 08:00:00+00:00,7.368226757875255e-05,3.9618457131082563e-28
2025-02-16 12:00:00+00:00,8.943545453004239e-05,3.9836147600353948e-28
2025-02-16 16:00:00+00:00,9.940392944341618e-05,3.986032161550377e-28
2025-02-16 20:00:00+00:00,2.7128309997831423e-05,4.0081869424751854e-28
2025-02-17 00:00:00+00:00,1.8619886678781056e-05,3.9919681111105308e-28
2025-02-17 04:00:00+00:00,7.797338714486092e-05,3.991608136583609e-28
2025-02-17 08:00:00+00:00,7.221847568860907e-05,3.9899364034170594e-28
2025-02-17 12:00:00+00:00,-5.815953504411059e-07,4.012809185121866e-28
2025-02-17 16:00:00+00:00,9.201558729990038e-05,3.990766610892885e-28
2025-02-17 20:00:00+00:00,7.88186821787116e-05,4.0126662256032932e-28
2025-02-18 00:00:00+00:00,9.403996281202272e-05,4.041332691311849e-28
2025-02-18 04:00:00+00:00,3.138745697038402e-06,2.8289328839182943e-28
2025-02-18 08:00:00+00:00,4.8901588199414114e-05,2.836758432116663e-28
2025-02-18 12:00:00+00:00,2.494759376132879e-05,2.8106022665672013e-28
2025-02-18 16:00:00+00:00,8.13166983806703e-05,2.80246210176208e-28
2025-02-18 20:00:00+00:00,0.0001087669477628127,2.815041675725914e-28
2025-02-19 00:00:00+00:00,5.4293502200120875e-05,2.814290409378562e-28
2025-02-19 04:00:00+00:00,3.5474141596409985e-06,2.8210357469388577e-28
2025-02-19 08:00:00+00:00,4.783740145426227e-05,2.8333800167117045e-28
2025-02-19 12:00:00+00:00,7.047181433806847e-06,2.8408412580216497e-28
2025-02-19 16:00:00+00:00,9.450849135702135e-05,2.8536930153397045e-28
2025-02-19 20:00:00+00:00,2.3454213268682448e-05,2.865851982865328e-28
2025-02-20 00:00:00+00:00,0.0001175265095915599,2.84317037569056e-28
2025-02-20 04:00:00+00:00,6.042701899909751e-05,2.85092882498339e-28
2025-02-20 08:00:00+00:00,0.00017111935537157596,2.869276212776538e-28
2025-02-20 12:00:00+00:00,0.00014405625030979713,2.895960911463606e-28
2025-02-20 16:00:00+00:00,0.0001759788621658175,2.8923631838053193e-28
2025-02-20 20:00:00+00:00,5.4771217778820464e-05,2.8870494640791256e-28
2025-02-21 00:00:00+00:00,0.00015605988144825554,2.9131027849594293e-28
2025-02-21 04:00:00+00:00,0.00010405834218138365,2.9372216043133817e-28
2025-02-21 08:00:00+00:00,0.00013983918538432782,2.9607787681066626e-28
2025-02-21 12:00:00+00:00,0.00010604346806958423,2.965208295799124e-28
2025-02-21 16:00:00+00:00,-3.3374493005161254e-05,2.9450321392848375e-28
2025-02-21 20:00:00+00:00,0.00010215091874543351,2.941116506080919e-28
2025-02-22 00:00:00+00:00,7.152806660662875e-05,2.9376664611921506e-28
2025-02-22 04:00:00+00:00,8.661133584650503e-05,2.948930154089648e-28
2025-02-22 08:00:00+00:00,9.45243694794465e-05,2.940559072387432e-28
2025-02-22 12:00:00+00:00,8.58840121430742e-05,2.9197552758831885e-28
2025-02-22 16:00:00+00:00,8.881009079464363e-05,2.908380142661202e-28
2025-02-22 20:00:00+00:00,3.002960614389826e-05,2.907563868458874e-28
2025-02-23 00:00:00+00:00,8.613821505870211e-05,2.906911556939759e-28
2025-02-23 04:00:00+00:00,0.000174175152969966,2.890023618967457e-28
2025-02-23 08:00:00+00:00,9.72400680955993e-05,2.9014698746574882e-28
2025-02-23 12:00:00+00:00,3.651920842190065e-05,2.9176236639697085e-28
2025-02-23 16:00:00+00:00,8.479000102001398e-05,2.9041594240897593e-28
2025-02-23 20:00:00+00:00,0.00012506678784606122,2.908443084629616e-28
2025-02-24 00:00:00+00:00,5.228805028899793e-05,2.9350267157759432e-28
2025-02-24 04:00:00+00:00,9.497766148453331e-05,2.9441680374851318e-28
2025-02-24 08:00:00+00:00,0.00018037518598977215,2.949897178548606e-28
2025-02-24 12:00:00+00:00,5.9632581882481056e-05,2.951540447755356e-28
2025-02-24 16:00:00+00:00,-2.4640590783738812e-05,2.968299713990597e-28
2025-02-24 20:00:00+00:00,5.374170982479145e-06,2.077809799793418e-28
2025-02-25 00:00:00+00:00,-5.5167496757223554e-05,2.075327591939082e-28
2025-02-25 04:00:00+00:00,4.662200326890185e-06,2.0755606997412464e-28
2025-02-25 08:00:00+00:00,0.00012432135990993475,2.0912735308170257e-28
2025-02-25 12:00:00+00:00,3.974315474884518e-05,2.0828733771922046e-28
2025-02-25 16:00:00+00:00,-7.304807923425868e-05,2.0868142209608375e-28
2025-02-25 20:00:00+00:00,-1.5263805172491404e-05,2.0795500442118693e-28
2025-02-26 00:00:00+00:00,2.9309848052204876e-05,2.095377659474274e-28
2025-02-26 04:00:00+00:00,5.5456758264759886e-05,2.0855399023005493e-28
2025-02-26 08:00:00+00:00,7.585163958662287e-05,2.0913683353673405e-28
2025-02-26 12:00:00+00:00,1.0982132805200808e-05,2.078750318921386e-28
2025-02-26 16:00:00+00:00,9.513222837334668e-05,1.4551252232449702e-28
2025-02-26 20:00:00+00:00,0.00014256994895261478,1.4623762640417147e-28
2025-02-27 00:00:00+00:00,0.00016383842148492834,1.4654060368089878e-28
2025-02-27 04:00:00+00:00,0.00011630159784576285,1.4682952227640099e-28
2025-02-27 08:00:00+00:00,6.980390439655428e-06,1.4736362981977926e-28
2025-02-27 12:00:00+00:00,0.00014445748334488356,1.4788122162928514e-28
2025-02-27 16:00:00+00:00,9.28929790846433e-05,1.4720246238819965e-28
2025-02-27 20:00:00+00:00,0.00011987636239217751,1.4749903317753436e-28
2025-02-28 00:00:00+00:00,7.208116252903736e-05,1.0324932322427406e-28
2025-02-28 04:00:00+00:00,5.643025941158023e-05,1.0289248691184429e-28
2025-02-28 08:00:00+00:00,8.626997906017447e-05,1.030744490410716e-28
2025-02-28 12:00:00+00:00,7.71449791823023e-05,1.0398222538410567e-28
2025-02-28 16:00:00+00:00,0.00018468117253312872,1.0404776769747438e-28
2025-02-28 20:00:00+00:00,0.00019740756408058314,1.0231876622722997e-28
2025-03-01 00:00:00+00:00,5.3425330664125595e-05,1.0209925017572273e-28
2025-03-01 04:00:00+00:00,0.0001336726988463226,1.0244596296385162e-28
2025-03-01 08:00:00+00:00,7.430298698289448e-05,1.0210972556324977e-28
2025-03-01 12:00:00+00:00,0.00013559114757168868,1.024486060324401e-28
2025-03-01 16:00:00+00:00,7.058258091116582e-05,1.0207655682859719e-28
2025-03-01 20:00:00+00:00,0.00012727053812450364,1.0158658238674943e-28
2025-03-02 00:00:00+00:00,0.0001668191671991573,1.0190312749922342e-28
2025-03-02 04:00:00+00:00,5.387470972880879e-05,1.0243374938712484e-28
2025-03-02 08:00:00+00:00,0.00018961503811547407,1.0315689354013918e-28
2025-03-02 12:00:00+00:00,0.00015399115875216172,1.0294229247375949e-28
2025-03-02 16:00:00+00:00,0.00021483922652012583,1.0292317342735307e-28
2025-03-02 20:00:00+00:00,0.00017828436984845976,1.0336915152126595e-28
2025-03-03 00:00:00+00:00,0.00014774705646303276,1.0391269893589293e-28
2025-03-03 04:00:00+00:00,0.0002000461320422883,1.0454871704288418e-28
2025-03-03 08:00:00+00:00,9.119951052091448e-05,1.048804790231097e-28
2025-03-03 12:00:00+00:00,8.61157861858609e-05,1.0532245144826355e-28
2025-03-03 16:00:00+00:00,0.0001373852193687157,7.372571601378448e-29
2025-03-03 20:00:00+00:00,8.955732746580875e-05,7.359364981506032e-29
2025-03-04 00:00:00+00:00,6.812468453049643e-05,7.419184680720228e-29
2025-03-04 04:00:00+00:00,7.464306152337913e-05,7.37818029400185e-29
2025-03-04 08:00:00+00:00,9.156941345482602e-05,7.334062079292696e-29
2025-03-04 12:00:00+00:00,-6.510490054818262e-05,7.365279619437617e-29
2025-03-04 16:00:00+00:00,6.059722526779425e-05,7.362210509248267e-29
2025-03-04 20:00:00+00:00,7.878168869933129e-05,7.399719673015987e-29
2025-03-05 00:00:00+00:00,3.698762334763676e-05,7.390919056760558e-29
2025-03-05 04:00:00+00:00,-2.6048330417815442e-05,7.406577890274298e-29
2025-03-05 08:00:00+00:00,2.3422830020209424e-05,7.389109146045851e-29
2025-03-05 12:00:00+00:00,2.613171979945141e-05,7.483481243751671e-29
2025-03-05 16:00:00+00:00,9.565705838702852e-05,7.49627968756532e-29
2025-03-05 20:00:00+00:00,6.980098680471664e-05,7.593395830182688e-29
2025-03-06 00:00:00+00:00,6.842654804402069e-05,7.644643258272929e-29
2025-03-06 04:00:00+00:00,0.00014272649457599024,7.66865178223226e-29
2025-03-06 08:00:00+00:00,0.00020520848993899721,7.614184390539297e-29
2025-03-06 12:00:00+00:00,5.067731331953992e-05,7.564929784710074e-29
2025-03-06 16:00:00+00:00,0.00013044443210581948,7.55599539519702e-29
2025-03-06 20:00:00+00:00,0.00012103806182777419,7.555701395444834e-29
2025-03-07 00:00:00+00:00,8.808896433623268e-05,7.548007848540342e-29
2025-03-07 04:00:00+00:00,3.908340370757322e-05,7.614546077222474e-29
2025-03-07 08:00:00+00:00,5.4312401754630775e-05,7.650305468054214e-29
2025-03-07 12:00:00+00:00,3.343381164700374e-05,7.697218367645419e-29
2025-03-07 16:00:00+00:00,0.00015101688088876448,7.753188453856019e-29
2025-03-07 20:00:00+00:00,0.0001260630776473053,7.730171517214804e-29
2025-03-08 00:00:00+00:00,6.218249213853137e-06,7.731091017347561e-29
2025-03-08 04:00:00+00:00,0.00016110803917905765,7.719994650300024e-29
2025-03-08 08:00:00+00:00,3.7738082417530276e-05,7.740322858597163e-29
2025-03-08 12:00:00+00:00,1.3640498580677867e-05,7.775447029937989e-29
2025-03-08 16:00:00+00:00,0.00014168328140154844,7.747694778296254e-29
2025-03-08 20:00:00+00:00,0.00012392550996867844,7.809040458741455e-29
2025-03-09 00:00:00+00:00,0.00012073099964027888,7.853463344176179e-29
2025-03-09 04:00:00+00:00,8.064856630421467e-05,7.843384842964561e-29
2025-03-09 08:00:00+00:00,3.099008233932831e-05,7.838817446524704e-29
2025-03-09 12:00:00+00:00,0.00010577471150954751,7.800513854614422e-29
2025-03-09 16:00:00+00:00,0.00012487850742057537,7.855056959837273e-29
2025-03-09 20:00:00+00:00,1.2322431736305508e-05,7.885176203435381e-29
2025-03-10 00:00:00+00:00,6.163419768892168e-05,7.937464207933901e-29
2025-03-10 04:00:00+00:00,-2.325251983860936e-05,7.878126199289083e-29
2025-03-10 08:00:00+00:00,6.500486852743838e-05,7.836754372852727e-29
2025-03-10 12:00:00+00:00,3.39768337603187e-05,5.485728060996909e-29
2025-03-10 16:00:00+00:00,-8.972841614179967e-07,5.509439420060634e-29
2025-03-10 20:00:00+00:00,8.597371008321514e-05,5.495066413911549e-29
2025-03-11 00:00:00+00:00,-5.221210881380346e-05,5.481012054694284e-29
2025-03-11 04:00:00+00:00,3.265009431853959e-05,5.491488771367391e-29
2025-03-11 08:00:00+00:00,9.021268756105084e-05,5.449824199541473e-29
2025-03-11 12:00:00+00:00,6.642960530410181e-05,5.494872053557493e-29
2025-03-11 16:00:00+00:00,0.00011599465326590415,5.475496270150163e-29
2025-03-11 20:00:00+00:00,9.26389938148078e-05,5.459790568317338e-29
2025-03-12 00:00:00+00:00,5.928915371977361e-05,5.448818832907511e-29
2025-03-12 04:00:00+00:00,5.9826870907337965e-05,5.425970798241086e-29
2025-03-12 08:00:00+00:00,3.628856278208759e-05,5.439384297119675e-29
2025-03-12 12:00:00+00:00,4.1009711952262945e-05,5.395833736505623e-29
2025-03-12 16:00:00+00:00,5.074455419788959e-05,5.426811591211938e-29
2025-03-12 20:00:00+00:00,7.347464691421903e-05,5.43942257669739e-29
2025-03-13 00:00:00+00:00,0.000133520254629052,5.452002246033877e-29
2025-03-13 04:00:00+00:00,0.0001184047339126096,5.50164768448795e-29
2025-03-13 08:00:00+00:00,0.0001356871901513581,5.528596182567752e-29
2025-03-13 12:00:00+00:00,-3.704126152432323e-05,5.541935521305834e-29
2025-03-13 16:00:00+00:00,-1.049546743057586e-06,5.525921229510199e-29
2025-03-13 20:00:00+00:00,0.00012881823800111483,5.535215572890637e-29
2025-03-14 00:00:00+00:00,8.795159067142888e-05,5.581431424341528e-29
2025-03-14 04:00:00+00:00,8.473730792483652e-05,5.586632218071211e-29
2025-03-14 08:00:00+00:00,0.00016241449453407634,5.571135495562686e-29
2025-03-14 12:00:00+00:00,0.0001280374696481869,5.586300873531639e-29
2025-03-14 16:00:00+00:00,0.00013282881255177858,5.627430839658132e-29
2025-03-14 20:00:00+00:00,8.520153085652164e-05,5.65158229241199e-29
2025-03-15 00:00:00+00:00,0.00013291759413235416,5.660183165203818e-29
2025-03-15 04:00:00+00:00,0.0001499972651056078,5.665465638189251e-29
2025-03-15 08:00:00+00:00,0.00010499441915971573,5.700019553392914e-29
2025-03-15 12:00:00+00:00,0.00018119035029669136,5.71221016651302e-29
2025-03-15 16:00:00+00:00,0.00011493846141426173,5.750514715284538e-29
2025-03-15 20:00:00+00:00,4.2420886603904826e-05,5.753682403780824e-29
2025-03-16 00:00:00+00:00,0.00010965465720668392,5.735870395141307e-29
2025-03-16 04:00:00+00:00,0.00012551904971158537,5.708005909399213e-29
2025-03-16 08:00:00+00:00,9.743039020893467e-05,5.713281543360186e-29
2025-03-16 12:00:00+00:00,5.945064583245777e-05,5.719227077376089e-29
2025-03-16 16:00:00+00:00,0.0001256881900438857,5.725931336138684e-29
2025-03-16 20:00:00+00:00,7.222598784250611e-05,5.715433570412548e-29
2025-03-17 00:00:00+00:00,5.588808787283752e-05,5.686737534067651e-29
2025-03-17 04:00:00+00:00,6.142407881977665e-05,5.680547551833387e-29
2025-03-17 08:00:00+00:00,7.288503288937055e-05,5.661367838187087e-29
2025-03-17 12:00:00+00:00,5.876299276043179e-05,5.65688638738904e-29
2025-03-17 16:00:00+00:00,0.00011774920662787204,5.676869963248593e-29
2025-03-17 20:00:00+00:00,7.402899287888011e-05,5.715669536912424e-29
2025-03-18 00:00:00+00:00,7.546108818165283e-05,5.736657418761373e-29
2025-03-18 04:00:00+00:00,-4.828795939759964e-05,5.772247203080188e-29
2025-03-18 08:00:00+00:00,0.00011658908692372343,5.768037179326516e-29
2025-03-18 12:00:00+00:00,8.698861472294442e-05,5.743998465829095e-29
2025-03-18 16:00:00+00:00,6.526197282040215e-05,5.780964869066634e-29
2025-03-18 20:00:00+00:00,2.4846162566335976e-06,5.71185946319766e-29
2025-03-19 00:00:00+00:00,0.00010142367201252372,5.739383276396158e-29
2025-03-19 04:00:00+00:00,5.7408938139568854e-05,5.718830793176497e-29
2025-03-19 08:00:00+00:00,1.6291043846012128e-05,5.693958375700873e-29
2025-03-19 12:00:00+00:00,0.00014371044138031917,5.703420850343056e-29
2025-03-19 16:00:00+00:00,0.00014862932394943255,5.735115268860027e-29
2025-03-19 20:00:00+00:00,0.00014377290707124666,5.79539904137124e-29
2025-03-20 00:00:00+00:00,0.00018917011241265352,5.781387444290016e-29
2025-03-20 04:00:00+00:00,0.00012088616695653842,5.85616927819597e-29
2025-03-20 08:00:00+00:00,8.808306792063879e-05,5.863069410843601e-29
2025-03-20 12:00:00+00:00,4.608898396403172e-05,5.873844802752535e-29
2025-03-20 16:00:00+00:00,0.00011226131135912777,5.87658782060923e-29
2025-03-20 20:00:00+00:00,7.913533804625396e-05,5.801773994188927e-29
2025-03-21 00:00:00+00:00,0.00014164877595504983,5.84621447886937e-29
2025-03-21 04:00:00+00:00,8.721336988575695e-05,5.825007273495674e-29
2025-03-21 08:00:00+00:00,0.00016506233747410934,5.770252658549361e-29
2025-03-21 12:00:00+00:00,3.483808186793227e-05,5.782436166902398e-29
2025-03-21 16:00:00+00:00,0.00011458044512089991,5.788125754005074e-29
2025-03-21 20:00:00+00:00,8.622689508157294e-05,5.770655841408144e-29
2025-03-22 00:00:00+00:00,2.299680395998761e-05,5.788651212859474e-29
2025-03-22 04:00:00+00:00,9.282121213962596e-05,5.750385323578455e-29
2025-03-22 08:00:00+00:00,0.00013094576569872574,5.74373538482483e-29
2025-03-22 12:00:00+00:00,0.00015116878904031597,5.833364446863461e-29
2025-03-22 16:00:00+00:00,0.0001869488587589113,5.867488914720397e-29
2025-03-22 20:00:00+00:00,0.00015888907754342213,5.862498555077135e-29
2025-03-23 00:00:00+00:00,3.7979987043499536e-05,5.871948318115174e-29
2025-03-23 04:00:00+00:00,7.068721816571093e-05,5.852305623756065e-29
2025-03-23 08:00:00+00:00,9.226241567675604e-05,5.864017776508828e-29
2025-03-23 12:00:00+00:00,0.00010175191618863106,5.863241155848864e-29
2025-03-23 16:00:00+00:00,0.00010218115745655882,5.829634248627167e-29
2025-03-23 20:00:00+00:00,0.00015069648636487017,5.825399631394482e-29
2025-03-24 00:00:00+00:00,0.0001524194349183393,5.831837741979273e-29
2025-03-24 04:00:00+00:00,6.733342790290645e-05,5.814571074110321e-29
2025-03-24 08:00:00+00:00,0.0001485708097751284,5.794428849952025e-29
2025-03-24 12:00:00+00:00,0.00011363125599761324,5.793526328186852e-29
2025-03-24 16:00:00+00:00,9.309801456076314e-05,5.799506333056423e-29
2025-03-24 20:00:00+00:00,3.549636146354763e-05,5.81344569035842e-29
2025-03-25 00:00:00+00:00,0.00010466180514165069,5.777409148222499e-29
2025-03-25 04:00:00+00:00,3.958086927612936e-05,5.757656410905746e-29
2025-03-25 08:00:00+00:00,8.82070303447901e-05,5.776117473200795e-29
2025-03-25 12:00:00+00:00,0.00013160068042159125,5.760808434533008e-29
2025-03-25 16:00:00+00:00,9.492011766838885e-05,5.742403229545075e-29
2025-03-25 20:00:00+00:00,0.0001665405902113889,5.761581945103825e-29
2025-03-26 00:00:00+00:00,0.00017405013799351275,5.785472848471666e-29
2025-03-26 04:00:00+00:00,0.00014826423708626618,5.785873171774542e-29
2025-03-26 08:00:00+00:00,6.579199585127017e-05,5.767879601380103e-29
2025-03-26 12:00:00+00:00,7.044638119890761e-05,5.740532890305365e-29
2025-03-26 16:00:00+00:00,8.232668278590331e-05,5.696496324953438e-29
2025-03-26 20:00:00+00:00,0.0001037118312695073,5.706002649701095e-29
2025-03-27 00:00:00+00:00,0.0001295490831366552,5.72952105417958e-29
2025-03-27 04:00:00+00:00,0.00010512533864704698,5.740624665865774e-29
2025-03-27 08:00:00+00:00,-4.056835403398905e-05,5.714565810108035e-29
2025-03-27 12:00:00+00:00,6.480863138256241e-05,5.727327007722776e-29
2025-03-27 16:00:00+00:00,5.114378042271772e-05,5.681520520276129e-29
2025-03-27 20:00:00+00:00,5.6169617755998256e-05,5.672314103492631e-29
2025-03-28 00:00:00+00:00,0.00014295824223003667,5.701884760042156e-29
2025-03-28 04:00:00+00:00,-3.858193587818949e-05,5.703278590129221e-29
2025-03-28 08:00:00+00:00,4.175183076058974e-05,5.698980347587925e-29
2025-03-28 12:00:00+00:00,-1.3570297482675375e-05,5.696037464524123e-29
2025-03-28 16:00:00+00:00,5.233943890023529e-05,5.693838729245577e-29
2025-03-28 20:00:00+00:00,7.117810072895299e-05,5.725039980920924e-29
2025-03-29 00:00:00+00:00,6.397230732079262e-05,5.7579092063833e-29
2025-03-29 04:00:00+00:00,8.46418877765733e-05,5.768044288201776e-29
2025-03-29 08:00:00+00:00,5.4768943089907256e-05,5.78504607819567e-29
2025-03-29 12:00:00+00:00,6.303682981887584e-05,5.795524718641561e-29
2025-03-29 16:00:00+00:00,7.781025096516398e-05,5.775579662157927e-29
2025-03-29 20:00:00+00:00,8.168762550381004e-05,5.790509953959009e-29
2025-03-30 00:00:00+00:00,1.3289159365185823e-05,5.774589893478036e-29
2025-03-30 04:00:00+00:00,0.00013136319049641458,5.74425959509629e-29
2025-03-30 08:00:00+00:00,0.00010552181589204497,5.723928349437675e-29
2025-03-30 12:00:00+00:00,8.370293736854476e-05,5.730792476240021e-29
2025-03-30 16:00:00+00:00,9.31187149076987e-05,5.77653226952762e-29
2025-03-30 20:00:00+00:00,7.904423173926734e-05,5.767182943816674e-29
2025-03-31 00:00:00+00:00,3.114038663346402e-05,5.777714459584571e-29
2025-03-31 04:00:00+00:00,8.031685950926698e-05,5.811785065139053e-29
2025-03-31 08:00:00+00:00,6.84030168757969e-05,5.768077254510965e-29
2025-03-31 12:00:00+00:00,1.0578295487446729e-05,5.80761934932203e-29
2025-03-31 16:00:00+00:00,0.0001356151022932248,5.846993848934128e-29
2025-03-31 20:00:00+00:00,0.00016226693684956211,5.846990140367432e-29
2025-04-01 00:00:00+00:00,6.0317678712528926e-05,5.879792268039191e-29
2025-04-01 04:00:00+00:00,6.0025175660068165e-05,5.906898608598774e-29
2025-04-01 08:00:00+00:00,0.00011120138035488365,5.923643040248024e-29
2025-04-01 12:00:00+00:00,0.00013234674511234315,5.909184996414246e-29
2025-04-01 16:00:00+00:00,0.00011707051532194994,5.956667162647051e-29
2025-04-01 20:00:00+00:00,6.937670543964655e-05,5.943228303809647e-29
2025-04-02 00:00:00+00:00,0.00011179928910811657,5.926308112747786e-29
2025-04-02 04:00:00+00:00,0.00016697188774565398,5.986509181488531e-29
2025-04-02 08:00:00+00:00,0.00017439031035643452,6.032201732851092e-29
2025-04-02 12:00:00+00:00,0.0001198853551967341,6.051420891595867e-29
2025-04-02 16:00:00+00:00,0.00013710754869139982,6.057049483944062e-29
2025-04-02 20:00:00+00:00,6.244694662749279e-05,4.239934638760843e-29
2025-04-03 00:00:00+00:00,8.141098733939244e-05,4.207378834059117e-29
2025-04-03 04:00:00+00:00,6.396862614166409e-05,4.2662408105407786e-29
2025-04-03 08:00:00+00:00,0.00010886683132926519,4.253742025878548e-29
2025-04-03 12:00:00+00:00,3.791570261067248e-05,4.271212215724305e-29
2025-04-03 16:00:00+00:00,2.9027858192439088e-05,4.294172735082567e-29
2025-04-03 20:00:00+00:00,0.00016403724594982787,4.2690754381866443e-29
2025-04-04 00:00:00+00:00,0.0001104442856246211,4.274024350437665e-29
2025-04-04 04:00:00+00:00,8.974605749091833e-05,4.279118926500536e-29
2025-04-04 08:00:00+00:00,-1.5822103429434937e-05,4.2666090742005555e-29
2025-04-04 12:00:00+00:00,2.271743874378923e-05,4.278337339734874e-29
2025-04-04 16:00:00+00:00,3.4366142546041705e-05,4.2862663418424753e-29
2025-04-04 20:00:00+00:00,0.0001243119530332171,4.265624648253726e-29
2025-04-05 00:00:00+00:00,8.077183972965485e-05,4.263234162376211e-29
2025-04-05 04:00:00+00:00,0.0001120653174040646,4.2507259897441266e-29
2025-04-05 08:00:00+00:00,0.00010460345855765757,4.2709658418449127e-29
2025-04-05 12:00:00+00:00,0.00014097565588535037,4.267004059035481e-29
2025-04-05 16:00:00+00:00,7.11220924780442e-05,4.2373075048236517e-29
2025-04-05 20:00:00+00:00,0.00010189669246486033,4.2772690863822617e-29
2025-04-06 00:00:00+00:00,0.00012106428341314707,4.2922058045687283e-29
2025-04-06 04:00:00+00:00,1.295742858918631e-05,4.326966592489726e-29
2025-04-06 08:00:00+00:00,0.00016161340027222122,4.290860443637153e-29
2025-04-06 12:00:00+00:00,9.724787503966365e-05,4.2698550458768695e-29
2025-04-06 16:00:00+00:00,6.558229643749437e-05,2.988898532113808e-29
2025-04-06 20:00:00+00:00,1.7471225081843852e-05,3.0107425459739733e-29
2025-04-07 00:00:00+00:00,6.37182760763692e-05,3.026293615963978e-29
2025-04-07 04:00:00+00:00,-7.607416805206463e-05,2.1184055311747847e-29
2025-04-07 08:00:00+00:00,-3.90091783897819e-05,2.1178285808719167e-29
2025-04-07 12:00:00+00:00,0.00015822330847784226,2.1282419673526718e-29
2025-04-07 16:00:00+00:00,6.0940486478911736e-05,2.1314660165970127e-29
2025-04-07 20:00:00+00:00,2.2243772321812898e-05,2.131014607672513e-29
2025-04-08 00:00:00+00:00,0.00012586023536571722,2.1279463988106328e-29
2025-04-08 04:00:00+00:00,4.2416631791322785e-06,2.1387949475328512e-29
2025-04-08 08:00:00+00:00,5.1796766758939277e-05,2.1590268062869607e-29
2025-04-08 12:00:00+00:00,3.252190412542543e-05,2.1475231377484967e-29
2025-04-08 16:00:00+00:00,3.082872032194914e-05,2.1439221056056884e-29
2025-04-08 20:00:00+00:00,0.00013423183851090306,2.1488121710129622e-29
2025-04-09 00:00:00+00:00,0.00019523959958505678,2.1507018759913107e-29
2025-04-09 04:00:00+00:00,7.052339671265006e-05,2.1515906813634634e-29
2025-04-09 08:00:00+00:00,0.00010642890278516446,2.1582834285638034e-29
2025-04-09 12:00:00+00:00,0.00015702670042563847,2.164639530282369e-29
2025-04-09 16:00:00+00:00,0.00010181709014761881,2.1633755810630246e-29
2025-04-09 20:00:00+00:00,0.00011289356704750208,2.1569236267875317e-29
2025-04-10 00:00:00+00:00,0.00013247540777358845,2.1575649303871024e-29
2025-04-10 04:00:00+00:00,0.0001638703812433557,2.180108901910487e-29
2025-04-10 08:00:00+00:00,0.00014957605951765958,2.1915625148731277e-29
2025-04-10 12:00:00+00:00,0.0001232509613532451,2.1729406662298806e-29
2025-04-10 16:00:00+00:00,0.00011649147675253715,2.1669103856248073e-29
2025-04-10 20:00:00+00:00,0.00013514647498920703,2.154117701944388e-29
2025-04-11 00:00:00+00:00,0.00019644969223505686,2.1640618506708334e-29
2025-04-11 04:00:00+00:00,9.891369459343228e-05,2.1513844557887863e-29
2025-04-11 08:00:00+00:00,0.00021125499993824318,2.1611672546458134e-29
2025-04-11 12:00:00+00:00,0.00012851358267441232,2.1729421384890294e-29
2025-04-11 16:00:00+00:00,9.328667128007547e-05,2.1927196279342327e-29
2025-04-11 20:00:00+00:00,6.13116100684249e-05,2.1885135927174583e-29
2025-04-12 00:00:00+00:00,5.112372942028004e-05,2.1814500089839704e-29
2025-04-12 04:00:00+00:00,0.0001837592925199713,2.1787440796503233e-29
2025-04-12 08:00:00+00:00,0.00012148573425069188,2.2040660321190204e-29
2025-04-12 12:00:00+00:00,0.00013967117187434046,2.2119274026994614e-29
2025-04-12 16:00:00+00:00,0.00017417134355601636,2.2418551013594528e-29
2025-04-12 20:00:00+00:00,0.00021727496815778977,2.2292238158131472e-29
2025-04-13 00:00:00+00:00,0.0001666420168692856,2.2251438315206393e-29
2025-04-13 04:00:00+00:00,0.00017520416878017193,2.2249328465170352e-29
2025-04-13 08:00:00+00:00,0.00016094962890405114,2.2160532352501436e-29
2025-04-13 12:00:00+00:00,1.7781789007972325e-05,2.223200477852387e-29
2025-04-13 16:00:00+00:00,0.00010491087646545324,2.2417861029495344e-29
2025-04-13 20:00:00+00:00,0.00015256749126863975,2.2453283218874947e-29
2025-04-14 00:00:00+00:00,7.412806358767621e-05,2.240470042130872e-29
2025-04-14 04:00:00+00:00,0.00011423998361848976,2.243026280571771e-29
2025-04-14 08:00:00+00:00,0.00010145769961103127,2.254247597700333e-29
2025-04-14 12:00:00+00:00,0.00021039542577977124,2.256159892117664e-29
2025-04-14 16:00:00+00:00,0.0001270372187004776,2.2669893271731285e-29
2025-04-14 20:00:00+00:00,9.818396518377739e-05,2.2815621253808785e-29
2025-04-15 00:00:00+00:00,8.272085299089162e-05,2.2966359835579617e-29
2025-04-15 04:00:00+00:00,7.203267945885144e-05,2.2985805406284607e-29
2025-04-15 08:00:00+00:00,0.0001628613919209549,2.2902727701640453e-29
2025-04-15 12:00:00+00:00,8.63910737633318e-05,2.281106600562827e-29
2025-04-15 16:00:00+00:00,0.00010980232420346859,2.2774140906324771e-29
2025-04-15 20:00:00+00:00,0.00010595888554382202,2.280665821894935e-29
2025-04-16 00:00:00+00:00,9.523145108784196e-05,2.3024800037764525e-29
2025-04-16 04:00:00+00:00,8.683604705090182e-05,2.303294771659746e-29
2025-04-16 08:00:00+00:00,3.665211136165308e-05,2.3068465081603574e-29
2025-04-16 12:00:00+00:00,9.557619664539507e-05,2.3116878606113924e-29
2025-04-16 16:00:00+00:00,5.588752993949938e-05,2.3211405080325227e-29
2025-04-16 20:00:00+00:00,4.1097899392167973e-07,2.3154041608812674e-29
2025-04-17 00:00:00+00:00,0.00010230344413435894,2.3289967201421014e-29
2025-04-17 04:00:00+00:00,8.16321714380613e-05,2.3068749877371315e-29
2025-04-17 08:00:00+00:00,0.00010972673562413122,2.301156028382802e-29
2025-04-17 12:00:00+00:00,0.00014887068990015174,2.3002766940706007e-29
2025-04-17 16:00:00+00:00,0.0001775231517201667,2.2877921926933577e-29
2025-04-17 20:00:00+00:00,0.00013092195122904517,2.2732724183216457e-29
2025-04-18 00:00:00+00:00,0.00013836183407344834,2.267466724887509e-29
2025-04-18 04:00:00+00:00,0.00010124257083258548,2.2559961162736505e-29
2025-04-18 08:00:00+00:00,8.513650687293968e-05,2.2574162550471817e-29
2025-04-18 12:00:00+00:00,4.7365539202284796e-05,2.258254391121855e-29
2025-04-18 16:00:00+00:00,7.330585091575973e-05,2.267836331251637e-29
2025-04-18 20:00:00+00:00,0.00010277881615814623,2.2773846492997232e-29
2025-04-19 00:00:00+00:00,0.00014945848080300114,2.288529777842584e-29
2025-04-19 04:00:00+00:00,0.00011764106652943675,2.2860659739164963e-29
2025-04-19 08:00:00+00:00,0.00015933024722615394,2.281347464722062e-29
2025-04-19 12:00:00+00:00,0.00012851684392911278,2.275368496270301e-29
2025-04-19 16:00:00+00:00,0.00011121828609060276,2.2662141005003578e-29
2025-04-19 20:00:00+00:00,0.00015587608622824454,2.2816850151037595e-29
2025-04-20 00:00:00+00:00,0.00011437389403016983,2.288978806124158e-29
2025-04-20 04:00:00+00:00,0.00011639273947533639,2.2817543514385578e-29
2025-04-20 08:00:00+00:00,7.89633168649296e-05,2.288287387114223e-29
2025-04-20 12:00:00+00:00,0.00010709236174779755,2.3135076705135736e-29
2025-04-20 16:00:00+00:00,0.00017223105302587594,2.3241651783585364e-29
2025-04-20 20:00:00+00:00,0.00019521126606424205,2.339447591137398e-29
2025-04-21 00:00:00+00:00,0.00011043775653969936,2.350999514151687e-29
2025-04-21 04:00:00+00:00,4.735820660732941e-05,2.35543955964402e-29
2025-04-21 08:00:00+00:00,0.0001071911544915045,2.3381389380760853e-29
2025-04-21 12:00:00+00:00,8.82791838965042e-05,2.3294710305838747e-29
2025-04-21 16:00:00+00:00,5.2617901961801926e-05,2.352066329460376e-29
2025-04-21 20:00:00+00:00,8.756047912291727e-05,2.336536132200897e-29
2025-04-22 00:00:00+00:00,0.00018241390256363419,2.3393034562231512e-29
2025-04-22 04:00:00+00:00,9.83112079082056e-05,2.3434028103692653e-29
2025-04-22 08:00:00+00:00,0.00019073167598387895,2.3457840314059456e-29
2025-04-22 12:00:00+00:00,2.7172632229369518e-05,2.3258996291164422e-29
2025-04-22 16:00:00+00:00,7.905186576326822e-05,2.3423408554580292e-29
2025-04-22 20:00:00+00:00,0.0001441187230371565,2.3644312999502584e-29
2025-04-23 00:00:00+00:00,0.00012835294114213813,2.379024817398166e-29
2025-04-23 04:00:00+00:00,9.903362230224286e-05,2.3750223969267918e-29
2025-04-23 08:00:00+00:00,0.0001302616121550731,2.3805128740633694e-29
2025-04-23 12:00:00+00:00,0.0001486069909017069,2.4116027367390176e-29
2025-04-23 16:00:00+00:00,0.00010916893539757261,2.3861210212733518e-29
2025-04-23 20:00:00+00:00,0.00016314061726739381,2.4181584701081785e-29
2025-04-24 00:00:00+00:00,0.00017254577390596052,2.4036547229432424e-29
2025-04-24 04:00:00+00:00,5.6494663822623835e-05,2.4091711699075806e-29
2025-04-24 08:00:00+00:00,0.00016247644108724309,2.413335227078864e-29
2025-04-24 12:00:00+00:00,0.00011367218207903304,2.3958695819963422e-29
2025-04-24 16:00:00+00:00,9.870982101544455e-05,2.386333584275818e-29
2025-04-24 20:00:00+00:00,5.0044258846871994e-05,2.3829814931025502e-29
2025-04-25 00:00:00+00:00,0.0001447284982752644,2.3835552253455883e-29
2025-04-25 04:00:00+00:00,0.00019392966205998596,2.399105228029463e-29
2025-04-25 08:00:00+00:00,0.0001842761140135946,2.4232320682348105e-29
2025-04-25 12:00:00+00:00,0.00011438109054526977,2.4343985323852112e-29
2025-04-25 16:00:00+00:00,0.0001794536127147477,2.4429539869908087e-29
2025-04-25 20:00:00+00:00,0.00010485343270726864,2.4530576981778715e-29
2025-04-26 00:00:00+00:00,4.19794208079181e-05,2.471905188967541e-29
2025-04-26 04:00:00+00:00,8.15020037205773e-05,2.4881651586023133e-29
2025-04-26 08:00:00+00:00,0.00015710319793995093,2.4941583730843915e-29
2025-04-26 12:00:00+00:00,8.090294303475667e-05,2.5103181190065637e-29
2025-04-26 16:00:00+00:00,6.681020276266395e-05,2.4987417050771068e-29
2025-04-26 20:00:00+00:00,7.298963558643238e-05,2.4825356509636982e-29
2025-04-27 00:00:00+00:00,2.8659320200139967e-05,2.5071399167832084e-29
2025-04-27 04:00:00+00:00,0.00018256206679364488,2.5217446570548968e-29
2025-04-27 08:00:00+00:00,7.713306960850899e-05,2.536887763429547e-29
2025-04-27 12:00:00+00:00,9.107530535488145e-05,2.528936012790869e-29
2025-04-27 16:00:00+00:00,0.000108209703922993,2.5408571332542147e-29
2025-04-27 20:00:00+00:00,8.64781350277478e-05,2.5537028805732365e-29
2025-04-28 00:00:00+00:00,0.0001367726619844192,2.57581124000295e-29
2025-04-28 04:00:00+00:00,3.0460925170549705e-05,2.598364224573185e-29
2025-04-28 08:00:00+00:00,0.00021271901892737504,2.599992411940292e-29
2025-04-28 12:00:00+00:00,0.00010349198412713501,2.6092022537147694e-29
2025-04-28 16:00:00+00:00,0.00012105453643473246,2.622795470791358e-29
2025-04-28 20:00:00+00:00,0.0001084732511267947,2.631172333044372e-29
2025-04-29 00:00:00+00:00,9.412208979331062e-05,2.6134255590764376e-29
2025-04-29 04:00:00+00:00,0.0001543132145805565,2.608154757442043e-29
2025-04-29 08:00:00+00:00,7.157157168467866e-05,2.5974091157323533e-29
2025-04-29 12:00:00+00:00,4.486640322507004e-05,2.6151563378599267e-29
2025-04-29 16:00:00+00:00,0.00017834675388175047,2.645188316186711e-29
2025-04-29 20:00:00+00:00,0.00017445663088578822,2.651257223124733e-29
2025-04-30 00:00:00+00:00,0.00011845188453773083,2.6569345467665914e-29
2025-04-30 04:00:00+00:00,0.00011355961008470498,2.6551090483295467e-29
2025-04-30 08:00:00+00:00,6.863386050602504e-05,2.672379564420231e-29
2025-04-30 12:00:00+00:00,9.995793179627922e-05,2.6531656675273143e-29
2025-04-30 16:00:00+00:00,5.544528873619461e-05,2.637668005880388e-29
2025-04-30 20:00:00+00:00,9.57266579057216e-05,2.658793523202889e-29
2025-05-01 00:00:00+00:00,5.75611322129044e-05,2.6554723862569726e-29
2025-05-01 04:00:00+00:00,0.0001669545985681805,2.6409920719818956e-29
2025-05-01 08:00:00+00:00,6.142431849793958e-05,2.653366312316253e-29
2025-05-01 12:00:00+00:00,0.00015381694185324265,2.662478199589842e-29
2025-05-01 16:00:00+00:00,0.0002154576861508863,2.676146340495076e-29
2025-05-01 20:00:00+00:00,0.00011971199067717375,2.697291475202169e-29
2025-05-02 00:00:00+00:00,6.29054727271968e-05,2.6764256577255495e-29
2025-05-02 04:00:00+00:00,2.980896747342672e-05,2.671112963864329e-29
2025-05-02 08:00:00+00:00,0.00011053139849826369,2.715360035271734e-29
2025-05-02 12:00:00+00:00,0.00013832080593541966,2.7296324323107697e-29
2025-05-02 16:00:00+00:00,8.25017831886608e-05,2.7345368827816173e-29
2025-05-02 20:00:00+00:00,0.00016814650644496654,2.739617515070253e-29
2025-05-03 00:00:00+00:00,7.456200088489587e-05,2.7299035130717737e-29
2025-05-03 04:00:00+00:00,0.00016625822534887207,2.720518061631991e-29
2025-05-03 08:00:00+00:00,6.916435146652543e-05,2.713855619625504e-29
2025-05-03 12:00:00+00:00,9.019188406092759e-05,2.7323874489910395e-29
2025-05-03 16:00:00+00:00,4.652813170121724e-05,2.742935480142484e-29
2025-05-03 20:00:00+00:00,9.369190792244776e-05,2.7419113727466527e-29
2025-05-04 00:00:00+00:00,3.6188977235416855e-05,2.699392332314314e-29
2025-05-04 04:00:00+00:00,0.00011475549927865073,2.7077590299041854e-29
2025-05-04 08:00:00+00:00,9.836829970549576e-05,2.706441552283579e-29
2025-05-04 12:00:00+00:00,4.06141944051782e-05,2.6957722147697924e-29
2025-05-04 16:00:00+00:00,4.896696618246335e-05,2.71418229039371e-29
2025-05-04 20:00:00+00:00,8.195420880484044e-05,2.725569480708091e-29
2025-05-05 00:00:00+00:00,0.00012275242981446847,2.76188572455612e-29
2025-05-05 04:00:00+00:00,9.21015685237367e-05,2.7735227009465417e-29
2025-05-05 08:00:00+00:00,0.00014617915109751799,2.7839322531942333e-29
2025-05-05 12:00:00+00:00,2.3970262658731532e-05,2.7731875323400766e-29
2025-05-05 16:00:00+00:00,0.00014750215096816834,2.7709516013267265e-29
2025-05-05 20:00:00+00:00,4.360427077624523e-05,2.7522604766530333e-29
2025-05-06 00:00:00+00:00,4.3247125864777545e-05,2.762751135447903e-29
2025-05-06 04:00:00+00:00,0.00014680735448180116,2.716611768360196e-29
2025-05-06 08:00:00+00:00,0.0001561958142123488,2.7217071322360794e-29
2025-05-06 12:00:00+00:00,-1.2158877226849305e-05,2.73599372709345e-29
2025-05-06 16:00:00+00:00,0.00012065662658473458,2.7458939429134056e-29
2025-05-06 20:00:00+00:00,0.0001530701090848979,2.784053800324478e-29
2025-05-07 00:00:00+00:00,3.380310194380434e-05,2.802245440661008e-29
2025-05-07 04:00:00+00:00,0.00010055914343323511,2.8112448276232044e-29
2025-05-07 08:00:00+00:00,1.7074663939407677e-05,2.803697191351758e-29
2025-05-07 12:00:00+00:00,0.00018130612175032743,2.8147986176755654e-29
2025-05-07 16:00:00+00:00,0.0001406476416452522,2.8278869079148213e-29
2025-05-07 20:00:00+00:00,0.00012549238146443003,2.828572677198243e-29
2025-05-08 00:00:00+00:00,0.00022360049365798131,2.8294835664127797e-29
2025-05-08 04:00:00+00:00,8.389093504748689e-05,2.797952974894205e-29
2025-05-08 08:00:00+00:00,0.00016200000260490816,2.8036866579635637e-29
2025-05-08 12:00:00+00:00,0.00018991005372451524,2.8045084646236415e-29
2025-05-08 16:00:00+00:00,9.22287113263262e-05,2.7953573153816204e-29
2025-05-08 20:00:00+00:00,6.442211053599124e-05,2.781713181956958e-29
2025-05-09 00:00:00+00:00,0.00017294751357948464,2.79348838482108e-29
2025-05-09 04:00:00+00:00,0.0001449487631250809,2.782723944522709e-29
2025-05-09 08:00:00+00:00,0.0002168489570393074,2.78482875947449e-29
2025-05-09 12:00:00+00:00,0.00023919522278134458,2.769805012584075e-29
2025-05-09 16:00:00+00:00,0.00013937866314521938,2.7608142954464035e-29
2025-05-09 20:00:00+00:00,0.00016602363085158598,2.739433893963534e-29
2025-05-10 00:00:00+00:00,0.00013832109160451456,2.7401836965626484e-29
2025-05-10 04:00:00+00:00,0.00014552023296946235,2.735400937527493e-29
2025-05-10 08:00:00+00:00,0.00013606083024030808,2.7160572823525646e-29
2025-05-10 12:00:00+00:00,0.00021272173123724426,2.71311184474984e-29
2025-05-10 16:00:00+00:00,0.00011837111934313422,2.736495355011366e-29
2025-05-10 20:00:00+00:00,0.00010843997452366264,2.733100441079198e-29
2025-05-11 00:00:00+00:00,9.469215485748466e-05,2.726754791375601e-29
2025-05-11 04:00:00+00:00,0.00014864054095734377,2.734877671122164e-29
2025-05-11 08:00:00+00:00,9.500406135382708e-05,2.7466848944726095e-29
2025-05-11 12:00:00+00:00,5.8044773074714747e-05,2.731369997676028e-29
2025-05-11 16:00:00+00:00,9.849082475299737e-05,2.72721343377946e-29
2025-05-11 20:00:00+00:00,0.00018597638884514144,2.751919641107242e-29
2025-05-12 00:00:00+00:00,5.547952102595049e-05,2.746785602419421e-29
2025-05-12 04:00:00+00:00,1.222601509181569e-05,2.7523173649614674e-29
2025-05-12 08:00:00+00:00,8.391313007430728e-05,2.75920759183102e-29
2025-05-12 12:00:00+00:00,8.049639269150027e-05,2.754559215855561e-29
2025-05-12 16:00:00+00:00,8.881942909480279e-06,2.743583250321559e-29
2025-05-12 20:00:00+00:00,0.00016164024191326875,2.756112684452981e-29
2025-05-13 00:00:00+00:00,6.891361844269638e-05,2.738125870529916e-29
2025-05-13 04:00:00+00:00,6.669690363277757e-05,2.725334063483581e-29
2025-05-13 08:00:00+00:00,0.00015316576828245835,2.7259069784202535e-29
2025-05-13 12:00:00+00:00,7.772687449512077e-05,2.72776344535627e-29
2025-05-13 16:00:00+00:00,0.00019671194878442943,2.7159272622427146e-29
2025-05-13 20:00:00+00:00,0.00010886392602598672,2.7032137595836916e-29
2025-05-14 00:00:00+00:00,8.871727716645977e-05,2.674659001283122e-29
2025-05-14 04:00:00+00:00,5.8225397447294354e-05,2.679309830383834e-29
2025-05-14 08:00:00+00:00,0.00016637334018110718,2.676206957689356e-29
2025-05-14 12:00:00+00:00,9.740440851067092e-05,2.663694745435595e-29
2025-05-14 16:00:00+00:00,9.184769771145341e-05,2.699357952287427e-29
2025-05-14 20:00:00+00:00,4.6971611451761905e-05,2.7193629363442463e-29
2025-05-15 00:00:00+00:00,0.00013002920353544643,2.7208542831192934e-29
2025-05-15 04:00:00+00:00,3.669616568134735e-05,2.7115179036648315e-29
2025-05-15 08:00:00+00:00,3.475006811975957e-05,2.7235289597958627e-29
2025-05-15 12:00:00+00:00,0.00015530128979382446,2.706443697267658e-29
2025-05-15 16:00:00+00:00,0.00011554523784098037,2.7251275483952024e-29
2025-05-15 20:00:00+00:00,5.250899584659816e-05,2.6944041471964043e-29
2025-05-16 00:00:00+00:00,0.0001405643419165572,2.706103369034942e-29
2025-05-16 04:00:00+00:00,-2.8053718012979534e-05,2.71674256666519e-29
2025-05-16 08:00:00+00:00,4.274342923067811e-05,2.7295830448651974e-29
2025-05-16 12:00:00+00:00,0.0001660375895226761,2.734482211320308e-29
2025-05-16 16:00:00+00:00,7.793019394296086e-05,2.7347337320415415e-29
2025-05-16 20:00:00+00:00,-6.73958569256986e-06,2.7020804499970246e-29
2025-05-17 00:00:00+00:00,0.00014701013929650517,2.697877729283647e-29
2025-05-17 04:00:00+00:00,0.0001555677846779284,2.689579197639457e-29
2025-05-17 08:00:00+00:00,0.00011047396641526099,2.688514160814923e-29
2025-05-17 12:00:00+00:00,0.0001903254315016256,2.704233625508991e-29
2025-05-17 16:00:00+00:00,2.317554095024752e-05,2.716585929718017e-29
2025-05-17 20:00:00+00:00,0.00010888128998222698,2.7213083640490757e-29
2025-05-18 00:00:00+00:00,0.00013316187972286223,2.7380897947217207e-29
2025-05-18 04:00:00+00:00,0.00010440645835180622,2.742822113699327e-29
2025-05-18 08:00:00+00:00,4.516109417664623e-05,2.7671289853956396e-29
2025-05-18 12:00:00+00:00,0.00013186822072816228,2.758531524252631e-29
2025-05-18 16:00:00+00:00,0.00011603278566366773,1.9309720669768417e-29
2025-05-18 20:00:00+00:00,0.00012570371189600982,1.9353563323525302e-29
2025-05-19 00:00:00+00:00,7.6290187171057954e-06,1.9339664030791716e-29
2025-05-19 04:00:00+00:00,3.462818622047011e-05,1.9282587793423357e-29
2025-05-19 08:00:00+00:00,9.61694651470641e-05,1.9285227230429174e-29
2025-05-19 12:00:00+00:00,0.00015900450058381236,1.9220703025236502e-29
2025-05-19 16:00:00+00:00,6.382193987845784e-05,1.9441457318572776e-29
2025-05-19 20:00:00+00:00,0.00023266570528811283,1.9393906415499972e-29
2025-05-20 00:00:00+00:00,0.00012301098985862638,1.944220437359053e-29
2025-05-20 04:00:00+00:00,0.0001418450926626102,1.9477880844941068e-29
2025-05-20 08:00:00+00:00,5.5132584750276466e-05,1.946825565842868e-29
2025-05-20 12:00:00+00:00,0.0001281565676104344,1.968490626103547e-29
2025-05-20 16:00:00+00:00,7.959506005667159e-05,1.98681058639404e-29
2025-05-20 20:00:00+00:00,0.0001308013559404178,1.980820690506808e-29
2025-05-21 00:00:00+00:00,0.00012346288231569378,1.962653827870437e-29
2025-05-21 04:00:00+00:00,0.00011417643676569663,1.961257406819739e-29
2025-05-21 08:00:00+00:00,0.00011830983819616586,1.968687376846327e-29
2025-05-21 12:00:00+00:00,0.0002003890384754093,1.9576470057109486e-29
2025-05-21 16:00:00+00:00,0.00013538167043312572,1.9628377712686194e-29
2025-05-21 20:00:00+00:00,0.0001396176128086606,1.9648926812975623e-29
2025-05-22 00:00:00+00:00,0.00011939627895052694,1.995945946616419e-29
2025-05-22 04:00:00+00:00,9.016848073085224e-05,1.9869313835524015e-29
2025-05-22 08:00:00+00:00,8.944983137586476e-05,1.998905926175006e-29
2025-05-22 12:00:00+00:00,3.989985820929952e-05,2.0095178212519464e-29
2025-05-22 16:00:00+00:00,0.00010958948274879203,2.0244357862018047e-29
2025-05-22 20:00:00+00:00,0.00010645490090176841,2.020708321915577e-29
2025-05-23 00:00:00+00:00,0.00013037781218754025,2.0364976652513027e-29
2025-05-23 04:00:00+00:00,9.57174442646269e-05,2.055748360450411e-29
2025-05-23 08:00:00+00:00,8.329139144154584e-05,2.0622863335375793e-29
2025-05-23 12:00:00+00:00,0.000142152896458243,2.0430771255313886e-29
2025-05-23 16:00:00+00:00,9.707373961587046e-05,2.0495031267599633e-29
2025-05-23 20:00:00+00:00,0.00011626269983269549,2.0592002305587916e-29
2025-05-24 00:00:00+00:00,8.822983883876695e-05,2.0557707167400255e-29
2025-05-24 04:00:00+00:00,0.00011239140694309344,2.0607197878625848e-29
2025-05-24 08:00:00+00:00,6.995206355073626e-05,2.0615825894816232e-29
2025-05-24 12:00:00+00:00,3.912756936707162e-05,2.0755951512341208e-29
2025-05-24 16:00:00+00:00,8.767701665523852e-05,2.0781077352319245e-29
2025-05-24 20:00:00+00:00,-2.730189554883157e-06,2.0833243140006825e-29
2025-05-25 00:00:00+00:00,0.00011920970811416076,2.0701408723896732e-29
2025-05-25 04:00:00+00:00,0.0001254427475276922,2.062738304517112e-29
2025-05-25 08:00:00+00:00,0.00016287870663499158,2.0712547486658802e-29
2025-05-25 12:00:00+00:00,9.96898803578255e-06,2.0728319730004612e-29
2025-05-25 16:00:00+00:00,9.823112510559952e-05,2.087479675896158e-29
2025-05-25 20:00:00+00:00,0.00017017077440589467,2.0950764059836533e-29
2025-05-26 00:00:00+00:00,0.0001760539995652139,2.1002048849608274e-29
2025-05-26 04:00:00+00:00,0.00017429551155461162,2.0953597288996834e-29
2025-05-26 08:00:00+00:00,0.00014980669563602607,2.0811163310510065e-29
2025-05-26 12:00:00+00:00,0.00019006332588944027,2.0755463138503948e-29
2025-05-26 16:00:00+00:00,6.724013709507794e-05,2.068224661778055e-29
2025-05-26 20:00:00+00:00,9.510382041366361e-05,2.0634082894735632e-29
2025-05-27 00:00:00+00:00,9.665925495856221e-05,2.0566714309333764e-29
2025-05-27 04:00:00+00:00,0.00017066149074286557,2.046042411875522e-29
2025-05-27 08:00:00+00:00,2.276342159185228e-05,2.0474423905260917e-29
2025-05-27 12:00:00+00:00,0.00015758141216593973,2.0270057935785563e-29
2025-05-27 16:00:00+00:00,0.00012679823554329062,2.0108443468781766e-29
2025-05-27 20:00:00+00:00,0.00015297004116021054,2.0016242344732796e-29
2025-05-28 00:00:00+00:00,5.8761989679315735e-05,2.0065697893941617e-29
2025-05-28 04:00:00+00:00,6.025353835423759e-05,2.008463712035204e-29
2025-05-28 08:00:00+00:00,3.628363418368173e-05,2.0173679475251103e-29
2025-05-28 12:00:00+00:00,0.00011753696240230852,2.0030161684828666e-29
2025-05-28 16:00:00+00:00,0.00010456930280105822,1.9972795307516655e-29
2025-05-28 20:00:00+00:00,0.00014209028551837564,2.0200346267679064e-29
2025-05-29 00:00:00+00:00,0.00017523081188655014,2.0212845140568107e-29
2025-05-29 04:00:00+00:00,3.45158164542592e-05,2.0219169704883374e-29
2025-05-29 08:00:00+00:00,5.6543479173519816e-05,2.008464072113632e-29
2025-05-29 12:00:00+00:00,9.152226971682363e-05,2.0007437485379607e-29
2025-05-29 16:00:00+00:00,8.061944393081787e-05,1.975902703850563e-29
2025-05-29 20:00:00+00:00,2.091971346404822e-05,1.98768280355357e-29
2025-05-30 00:00:00+00:00,2.748335187562177e-05,1.9938618531071104e-29
2025-05-30 04:00:00+00:00,0.00010067524889582894,1.997462101376023e-29
2025-05-30 08:00:00+00:00,9.158194863823698e-05,2.0022023703407884e-29
2025-05-30 12:00:00+00:00,9.787495425515413e-05,2.0066380583123166e-29
2025-05-30 16:00:00+00:00,3.20147596562296e-05,1.9897342382325754e-29
2025-05-30 20:00:00+00:00,0.00013572717010819528,1.9778769738893233e-29
2025-05-31 00:00:00+00:00,3.18586246183567e-05,1.979020326889975e-29
2025-05-31 04:00:00+00:00,-6.364312349491332e-05,1.9982009529626093e-29
2025-05-31 08:00:00+00:00,0.00010552245622766091,2.009597974013039e-29
2025-05-31 12:00:00+00:00,0.00017085061767253102,2.0084587223253066e-29
2025-05-31 16:00:00+00:00,0.00013881731508230122,1.996973684799945e-29
2025-05-31 20:00:00+00:00,2.4274196770042417e-05,1.982326934691278e-29
2025-06-01 00:00:00+00:00,8.66879142062463e-05,1.9778800283970248e-29
2025-06-01 04:00:00+00:00,0.00015802328951945802,1.970820182279329e-29
2025-06-01 08:00:00+00:00,8.870353628805602e-05,1.9653272824741668e-29
2025-06-01 12:00:00+00:00,0.00013714606764299057,1.9593816666150343e-29
2025-06-01 16:00:00+00:00,9.176557434097792e-05,1.9538235918014007e-29
2025-06-01 20:00:00+00:00,0.00016882468990812296,1.9318041367244346e-29
2025-06-02 00:00:00+00:00,0.00014646434489637536,1.9599707120976763e-29
2025-06-02 04:00:00+00:00,6.201876454877629e-05,1.9627712398759647e-29
2025-06-02 08:00:00+00:00,8.514803303351824e-05,1.959255536938322e-29
2025-06-02 12:00:00+00:00,0.00017688015582492875,1.9649124716876206e-29
2025-06-02 16:00:00+00:00,6.510543759484913e-05,1.9649087998030346e-29
2025-06-02 20:00:00+00:00,4.0311756313698824e-05,1.973656375237799e-29
2025-06-03 00:00:00+00:00,0.00018037516427317482,1.9823632984807438e-29
2025-06-03 04:00:00+00:00,0.00011609279742873336,1.977560864950037e-29
2025-06-03 08:00:00+00:00,0.00018003838039748666,1.976588994489309e-29
2025-06-03 12:00:00+00:00,0.00010090755506944698,1.9888384649663942e-29
2025-06-03 16:00:00+00:00,9.623130507876398e-05,1.997665283900499e-29
2025-06-03 20:00:00+00:00,0.00013461148068465923,1.9778530703473708e-29
2025-06-04 00:00:00+00:00,8.398860914751571e-05,1.9592922006812022e-29
2025-06-04 04:00:00+00:00,0.0001179588895663117,1.9451297705988847e-29
2025-06-04 08:00:00+00:00,5.385300460910674e-05,1.9524452321755846e-29
2025-06-04 12:00:00+00:00,8.233553797862492e-05,1.9698759467602428e-29
2025-06-04 16:00:00+00:00,0.00019691422191217648,1.9631712288257138e-29
2025-06-04 20:00:00+00:00,7.286197643292344e-05,1.9635882338587454e-29
2025-06-05 00:00:00+00:00,6.852959152726517e-05,1.952102653856281e-29
2025-06-05 04:00:00+00:00,7.381557585262629e-06,1.9408885700784417e-29
2025-06-05 08:00:00+00:00,6.199766141403035e-05,1.9332809270037473e-29
2025-06-05 12:00:00+00:00,5.573658784090792e-05,1.9295795258685102e-29
2025-06-05 16:00:00+00:00,0.00010519068888400877,1.9148149810833153e-29
2025-06-05 20:00:00+00:00,0.00010950463807884128,1.927160815628272e-29
2025-06-06 00:00:00+00:00,0.00010271620146442301,1.9375978698604296e-29
2025-06-06 04:00:00+00:00,0.0001350389565931955,1.95550176355072e-29
2025-06-06 08:00:00+00:00,0.00013248281819318913,1.967542474261158e-29
2025-06-06 12:00:00+00:00,6.052180561254279e-05,1.9560794342438857e-29
2025-06-06 16:00:00+00:00,9.849812688705321e-05,1.9518446223912534e-29
2025-06-06 20:00:00+00:00,0.00012300299267250942,1.9527087975712297e-29
2025-06-07 00:00:00+00:00,7.381427922222795e-05,1.952392916035467e-29
2025-06-07 04:00:00+00:00,2.690038750319687e-05,1.946625747657061e-29
2025-06-07 08:00:00+00:00,2.7528766725269545e-05,1.9425583890444755e-29
2025-06-07 12:00:00+00:00,9.236057552172285e-05,1.9454071375363234e-29
2025-06-07 16:00:00+00:00,1.6626100505022385e-05,1.9619659303189002e-29
2025-06-07 20:00:00+00:00,0.00010263136482788305,1.96929096121023e-29
2025-06-08 00:00:00+00:00,0.00012110152609387665,1.965007586431246e-29
2025-06-08 04:00:00+00:00,0.00011971358241219933,1.966672454277895e-29
2025-06-08 08:00:00+00:00,0.00013249439688474947,1.9611019784485623e-29
2025-06-08 12:00:00+00:00,7.843376345885768e-05,1.954649892622366e-29
2025-06-08 16:00:00+00:00,3.583027693391933e-05,1.9581369312413284e-29
2025-06-08 20:00:00+00:00,9.490335706297726e-05,1.9509220063646932e-29
2025-06-09 00:00:00+00:00,0.0001807784513608998,1.956599922012767e-29
2025-06-09 04:00:00+00:00,7.457752245197623e-05,1.971222927620272e-29
2025-06-09 08:00:00+00:00,7.780595030255737e-06,1.973174721198681e-29
2025-06-09 12:00:00+00:00,0.00013296202838679723,1.9911615653029037e-29
2025-06-09 16:00:00+00:00,0.00025905715115899237,1.9951289501410222e-29
2025-06-09 20:00:00+00:00,7.642533113570669e-05,1.976912446232858e-29
2025-06-10 00:00:00+00:00,6.297691554855489e-05,1.9820915136611195e-29
2025-06-10 04:00:00+00:00,0.00011989131037348647,1.9857705001363663e-29
2025-06-10 08:00:00+00:00,8.639894209671616e-05,1.9818709768812206e-29
2025-06-10 12:00:00+00:00,0.00015521668521406248,1.9913693302684854e-29
2025-06-10 16:00:00+00:00,0.00012111248811868649,1.9932048299205723e-29
2025-06-10 20:00:00+00:00,0.00012634898361385633,2.012836604453715e-29
2025-06-11 00:00:00+00:00,0.00010855416016117811,2.005463963246552e-29
2025-06-11 04:00:00+00:00,0.00017983013627970664,2.0367219856321275e-29
2025-06-11 08:00:00+00:00,0.0001487590460172302,2.0332412878282562e-29
2025-06-11 12:00:00+00:00,0.0001088592381250304,2.040801869204023e-29
2025-06-11 16:00:00+00:00,0.00011137756110543081,2.040027730966344e-29
2025-06-11 20:00:00+00:00,0.00010147135648363649,2.0412892621933186e-29
2025-06-12 00:00:00+00:00,0.00015351611276242881,2.0404380143275015e-29
2025-06-12 04:00:00+00:00,0.00010671513742152161,2.0347859786862234e-29
2025-06-12 08:00:00+00:00,0.00019122051559783526,2.02955630349464e-29
2025-06-12 12:00:00+00:00,9.769322449855981e-06,2.0306638719719733e-29
2025-06-12 16:00:00+00:00,4.365230379436102e-05,2.0322110297847467e-29
2025-06-12 20:00:00+00:00,0.00010812495032425958,2.029606021845196e-29
2025-06-13 00:00:00+00:00,1.8211715007761676e-05,2.0356011298057714e-29
2025-06-13 04:00:00+00:00,5.442749733892373e-06,2.0297266345518286e-29
2025-06-13 08:00:00+00:00,1.307160726955565e-05,2.0501727396074833e-29
2025-06-13 12:00:00+00:00,2.288173698847223e-05,2.0467112003920547e-29
2025-06-13 16:00:00+00:00,0.00011657984783363005,2.0584487474637834e-29
2025-06-13 20:00:00+00:00,0.00011063735237605983,2.0583294416869954e-29
2025-06-14 00:00:00+00:00,6.160694820629356e-05,2.059458623153949e-29
2025-06-14 04:00:00+00:00,7.118055619841345e-05,2.060422344008441e-29
2025-06-14 08:00:00+00:00,7.269506899188067e-05,2.0608064655308576e-29
2025-06-14 12:00:00+00:00,8.18071470264285e-05,2.0615825845573172e-29
2025-06-14 16:00:00+00:00,0.00012963531154412455,2.0485734376834844e-29
2025-06-14 20:00:00+00:00,0.00012055399483690477,2.0530204715916875e-29
2025-06-15 00:00:00+00:00,9.886732664558867e-05,2.049340922695019e-29
2025-06-15 04:00:00+00:00,0.00011978549385396994,2.048472197534817e-29
2025-06-15 08:00:00+00:00,5.430868945983431e-05,2.0522877226261828e-29
2025-06-15 12:00:00+00:00,0.00011662353504614247,2.0384799013253132e-29
2025-06-15 16:00:00+00:00,0.00016168679223535102,2.0437397612983292e-29
2025-06-15 20:00:00+00:00,0.00010426969829532942,2.055060566205982e-29
2025-06-16 00:00:00+00:00,0.0001092393315594702,2.0480048458849075e-29
2025-06-16 04:00:00+00:00,0.00013481573970655424,2.0453027295032383e-29
2025-06-16 08:00:00+00:00,6.178966084219481e-05,2.0442729404666206e-29
2025-06-16 12:00:00+00:00,0.00019787755326689899,2.059695099906704e-29
2025-06-16 16:00:00+00:00,0.00011594071822543272,2.0590777480244292e-29
2025-06-16 20:00:00+00:00,9.168461184433903e-05,2.0544799890024908e-29
2025-06-17 00:00:00+00:00,0.0001482419478559282,2.0704671744975e-29
2025-06-17 04:00:00+00:00,2.9865967855966185e-05,2.0641468306299142e-29
2025-06-17 08:00:00+00:00,0.00012429956072007635,2.0558158645117476e-29
2025-06-17 12:00:00+00:00,0.00012285639874776863,2.0616385163606612e-29
2025-06-17 16:00:00+00:00,-2.847428117857156e-05,2.0675196769284036e-29
2025-06-17 20:00:00+00:00,0.00011001463597706009,2.0788161584084254e-29
2025-06-18 00:00:00+00:00,0.00011329479229257104,2.0997021318535332e-29
2025-06-18 04:00:00+00:00,9.765783810401135e-05,2.0933469655949584e-29
2025-06-18 08:00:00+00:00,7.630338072549749e-06,2.0950114863529114e-29
2025-06-18 12:00:00+00:00,-2.9505884602591488e-05,2.1039144916360867e-29
2025-06-18 16:00:00+00:00,8.898558268568028e-05,2.0989058813832134e-29
2025-06-18 20:00:00+00:00,5.6492365808781806e-05,2.0991631961883428e-29
2025-06-19 00:00:00+00:00,0.0001392319442629965,2.110871243668211e-29
2025-06-19 04:00:00+00:00,6.3297231434373e-05,2.1142019005805127e-29
2025-06-19 08:00:00+00:00,0.00012811075820968155,2.117489119180479e-29
2025-06-19 12:00:00+00:00,0.0001323431648693176,2.1435476456097874e-29
2025-06-19 16:00:00+00:00,5.084448812382927e-05,2.1414841980540284e-29
2025-06-19 20:00:00+00:00,9.208883451758725e-05,2.1650143620615598e-29
2025-06-20 00:00:00+00:00,0.00018313422476625647,2.1731142068377058e-29
2025-06-20 04:00:00+00:00,9.746386026136797e-05,2.186211362293701e-29
2025-06-20 08:00:00+00:00,9.294598911384412e-05,2.1841692696438205e-29
2025-06-20 12:00:00+00:00,0.00015872317333009853,2.1903412061460604e-29
2025-06-20 16:00:00+00:00,7.802366181267123e-05,2.1829256108981978e-29
2025-06-20 20:00:00+00:00,5.431537084878173e-05,2.1906585557005087e-29
2025-06-21 00:00:00+00:00,2.357795268519368e-05,2.1880856333696504e-29
2025-06-21 04:00:00+00:00,9.283437053408822e-05,2.186809222867007e-29
2025-06-21 08:00:00+00:00,5.8545093810592774e-05,2.2042814989646215e-29
2025-06-21 12:00:00+00:00,5.695109698794872e-05,2.2451817919924342e-29
2025-06-21 16:00:00+00:00,0.0001259482074790035,2.2322124732958396e-29
2025-06-21 20:00:00+00:00,7.867617833699825e-05,2.2202098595957953e-29
2025-06-22 00:00:00+00:00,0.00019785679721761863,2.2003784960686178e-29
2025-06-22 04:00:00+00:00,4.655179993312511e-05,2.2093959209915022e-29
2025-06-22 08:00:00+00:00,4.951675243152587e-05,2.2113648094939784e-29
2025-06-22 12:00:00+00:00,6.404218316505392e-06,2.217668481727591e-29
2025-06-22 16:00:00+00:00,8.519419976722799e-05,2.230358266523634e-29
2025-06-22 20:00:00+00:00,7.243607083343548e-05,2.2432473344091412e-29
2025-06-23 00:00:00+00:00,7.962265784234766e-05,2.2396930268657363e-29
2025-06-23 04:00:00+00:00,7.068095310845243e-05,2.2398636479752602e-29
2025-06-23 08:00:00+00:00,-3.447548022153298e-06,2.2194079151696396e-29
2025-06-23 12:00:00+00:00,8.528213231725671e-05,2.2134436709172117e-29
2025-06-23 16:00:00+00:00,7.639253798951738e-05,2.2243444861601357e-29
2025-06-23 20:00:00+00:00,9.053798096215226e-05,2.2183538494528732e-29
2025-06-24 00:00:00+00:00,0.00011191954949014629,2.220658051348459e-29
2025-06-24 04:00:00+00:00,0.0001692570889694513,2.235005356564164e-29
2025-06-24 08:00:00+00:00,0.00010536472645950678,2.2622377602155145e-29
2025-06-24 12:00:00+00:00,0.00014681892868952595,2.2449655087603295e-29
2025-06-24 16:00:00+00:00,9.187233977914116e-05,2.2685017856518174e-29
2025-06-24 20:00:00+00:00,0.0001705732214240446,2.2859262197801432e-29
2025-06-25 00:00:00+00:00,0.00015710880480603845,2.2976346239539852e-29
2025-06-25 04:00:00+00:00,9.251929283870839e-05,2.2745156617760943e-29
2025-06-25 08:00:00+00:00,0.00011700944543992766,2.2754087883660874e-29
2025-06-25 12:00:00+00:00,9.431329982023432e-05,2.2624746930101988e-29
2025-06-25 16:00:00+00:00,7.642423344758868e-05,2.2758957881266998e-29
2025-06-25 20:00:00+00:00,3.7950414582626056e-05,2.2698811348990923e-29
2025-06-26 00:00:00+00:00,0.0001256545222556924,2.278497212255234e-29
2025-06-26 04:00:00+00:00,0.00012357209944261456,2.279788827660245e-29
2025-06-26 08:00:00+00:00,8.99674390875945e-05,2.2761211724895688e-29
2025-06-26 12:00:00+00:00,4.22090839405515e-05,2.2900703742715796e-29
2025-06-26 16:00:00+00:00,0.00010080320768234995,2.2726415658819701e-29
2025-06-26 20:00:00+00:00,-6.538737324906789e-06,2.264996179766323e-29
2025-06-27 00:00:00+00:00,0.00013976441583201909,2.2676885988331332e-29
2025-06-27 04:00:00+00:00,7.602597348279824e-05,2.2836759963974699e-29
2025-06-27 08:00:00+00:00,0.00010811569415753955,2.282197692050134e-29
2025-06-27 12:00:00+00:00,0.00018005444119923315,2.276625789996841e-29
2025-06-27 16:00:00+00:00,8.280145578424957e-05,2.2877024042288398e-29
2025-06-27 20:00:00+00:00,6.47736687323487e-05,2.299117493705192e-29
2025-06-28 00:00:00+00:00,3.319245848599689e-05,2.3215523986899098e-29
2025-06-28 04:00:00+00:00,0.0001550309088433756,2.3250665329024097e-29
2025-06-28 08:00:00+00:00,7.058825893825584e-05,2.334316420049613e-29
2025-06-28 12:00:00+00:00,0.00011544912480173142,2.3456919787761582e-29
2025-06-28 16:00:00+00:00,8.906260832413253e-05,2.3656871002346397e-29
2025-06-28 20:00:00+00:00,0.00019111576806853206,2.3594723030264768e-29
2025-06-29 00:00:00+00:00,0.00021998962745294949,2.3468760520904124e-29
2025-06-29 04:00:00+00:00,9.179835160232204e-05,2.339896262240821e-29
2025-06-29 08:00:00+00:00,0.0001856723394925054,2.3272685588327645e-29
2025-06-29 12:00:00+00:00,5.576868610708859e-05,2.350253799812236e-29
2025-06-29 16:00:00+00:00,0.00014619919081131517,2.3574073729420374e-29
2025-06-29 20:00:00+00:00,0.00013242012918615064,2.3545076250608863e-29
2025-06-30 00:00:00+00:00,0.00014059384517137592,2.3490757583030388e-29
2025-06-30 04:00:00+00:00,0.00011038454543552456,2.3328091828275755e-29
2025-06-30 08:00:00+00:00,6.343879800728521e-05,2.3417489109840862e-29
2025-06-30 12:00:00+00:00,0.0001847187502447026,2.3479430558972952e-29
2025-06-30 16:00:00+00:00,0.00016223487680450534,2.3352605854248506e-29
2025-06-30 20:00:00+00:00,8.946227213954909e-05,2.3178133568397693e-29
2025-07-01 00:00:00+00:00,0.0001478976590839331,2.3135230744522727e-29
2025-07-01 04:00:00+00:00,0.00011706541138166778,2.313193087774979e-29
2025-07-01 08:00:00+00:00,5.738439852381792e-05,2.3081093381377857e-29
2025-07-01 12:00:00+00:00,0.000198144984348649,2.3276975952197954e-29
2025-07-01 16:00:00+00:00,8.379442524367686e-05,2.3402277783910267e-29
2025-07-01 20:00:00+00:00,0.0001703174796149855,2.3448638801432164e-29
2025-07-02 00:00:00+00:00,0.00011808255864823531,2.3366938543957635e-29
2025-07-02 04:00:00+00:00,8.904612758415803e-05,2.3561976692484644e-29
2025-07-02 08:00:00+00:00,7.01103596571914e-05,2.370142454008245e-29
2025-07-02 12:00:00+00:00,9.540704363042806e-05,2.3837670567366952e-29
2025-07-02 16:00:00+00:00,7.16637251395246e-05,2.393087437736676e-29
2025-07-02 20:00:00+00:00,5.0133886253663204e-06,2.3988454455933468e-29
2025-07-03 00:00:00+00:00,-7.510183952031368e-06,2.403212557309334e-29
2025-07-03 04:00:00+00:00,0.00016337129352358504,2.4104316726236642e-29
2025-07-03 08:00:00+00:00,0.00015012596406591732,2.418552215582792e-29
2025-07-03 12:00:00+00:00,0.00019132478596055932,2.416156188411746e-29
2025-07-03 16:00:00+00:00,0.00015754442919590296,2.413040065142088e-29
2025-07-03 20:00:00+00:00,0.00010416040327372348,2.4239775599916124e-29
2025-07-04 00:00:00+00:00,0.00014326348993454774,2.440087372653994e-29
2025-07-04 04:00:00+00:00,0.00012700446606171798,2.4551442448867783e-29
2025-07-04 08:00:00+00:00,7.508735284383804e-05,2.4676376785286438e-29
2025-07-04 12:00:00+00:00,7.539428480056795e-05,2.4692261663058733e-29
2025-07-04 16:00:00+00:00,9.220616892550785e-05,2.4778284999511396e-29
2025-07-04 20:00:00+00:00,0.00015894458729139035,2.4868783734425472e-29
2025-07-05 00:00:00+00:00,0.00010832892981883176,2.4740276602542346e-29
2025-07-05 04:00:00+00:00,1.7009555675428088e-05,2.4643078123354308e-29
2025-07-05 08:00:00+00:00,4.190870023121639e-05,2.453043580908746e-29
2025-07-05 12:00:00+00:00,0.00012971322021241864,2.4462125797269023e-29
2025-07-05 16:00:00+00:00,0.00012549563585209384,2.4444017104736187e-29
2025-07-05 20:00:00+00:00,0.00011487520395195706,2.456395849871899e-29
2025-07-06 00:00:00+00:00,0.0001970250820013782,2.446439675553837e-29
2025-07-06 04:00:00+00:00,9.622945821791117e-05,2.4553054375394267e-29
2025-07-06 08:00:00+00:00,7.015777432124295e-05,2.4724709518637514e-29
2025-07-06 12:00:00+00:00,0.0002204433195673734,2.4873228773294564e-29
2025-07-06 16:00:00+00:00,3.328053607354684e-05,2.5014041467219868e-29
2025-07-06 20:00:00+00:00,0.000176117822062177,2.5271284708056445e-29
2025-07-07 00:00:00+00:00,0.00015075306542365374,2.538671626499251e-29
2025-07-07 04:00:00+00:00,7.921668916641933e-05,2.542397924663072e-29
2025-07-07 08:00:00+00:00,7.673486815554641e-05,2.5586284631966436e-29
2025-07-07 12:00:00+00:00,4.646682045219635e-05,2.557790878792207e-29
2025-07-07 16:00:00+00:00,-2.712610544968471e-05,2.5550927423953424e-29
2025-07-07 20:00:00+00:00,-1.1680750349334653e-05,2.561292271648875e-29
2025-07-08 00:00:00+00:00,2.15419767268376e-05,2.566170023258659e-29
2025-07-08 04:00:00+00:00,6.552097224890177e-05,2.5769788768552184e-29
2025-07-08 08:00:00+00:00,0.0001376711616100048,2.602736081389132e-29
2025-07-08 12:00:00+00:00,2.8826964792920815e-05,2.597012282908024e-29
2025-07-08 16:00:00+00:00,-2.720143094331111e-05,2.611289282965739e-29
2025-07-08 20:00:00+00:00,0.00010159579284195588,2.607783005165155e-29
2025-07-09 00:00:00+00:00,0.00013036303323329967,2.60002825613102e-29
2025-07-09 04:00:00+00:00,0.0001495412677196362,2.628959010915597e-29
2025-07-09 08:00:00+00:00,0.0001904163152800239,2.627360100647067e-29
2025-07-09 12:00:00+00:00,3.818697960887216e-05,2.6277992378666466e-29
2025-07-09 16:00:00+00:00,0.00016612378561254147,2.6221031932392435e-29
2025-07-09 20:00:00+00:00,0.00010137059366836412,2.6100499236510294e-29
2025-07-10 00:00:00+00:00,5.015098306741614e-05,2.6327344869911815e-29
2025-07-10 04:00:00+00:00,0.00021663940134619315,2.640460625417778e-29
2025-07-10 08:00:00+00:00,0.00013382726574388552,2.6477557187701283e-29
2025-07-10 12:00:00+00:00,0.00011015911999936797,2.6505414719817185e-29
2025-07-10 16:00:00+00:00,0.0001041414743462935,2.6514940476561286e-29
2025-07-10 20:00:00+00:00,0.00016905812282839972,2.64272832723302e-29
2025-07-11 00:00:00+00:00,0.00011081198889884583,2.64297937420766e-29
2025-07-11 04:00:00+00:00,0.00014404643941447987,2.652535585994767e-29
2025-07-11 08:00:00+00:00,9.319307861987771e-05,2.64436266839618e-29
2025-07-11 12:00:00+00:00,5.499465838995922e-05,2.6453931538569165e-29
2025-07-11 16:00:00+00:00,0.00019884103724788571,2.6607929474092146e-29
2025-07-11 20:00:00+00:00,0.00011445948830987026,2.668863088908805e-29
2025-07-12 00:00:00+00:00,0.00013277448495524762,2.675016016076939e-29
2025-07-12 04:00:00+00:00,0.00020032251855502386,2.6889888703597975e-29
2025-07-12 08:00:00+00:00,8.446593299031645e-05,2.687595762005623e-29
2025-07-12 12:00:00+00:00,0.00017178047165797435,2.712162064763908e-29
2025-07-12 16:00:00+00:00,0.00011825367121310411,2.715160176984357e-29
2025-07-12 20:00:00+00:00,8.501409636689033e-05,2.717152146734221e-29
2025-07-13 00:00:00+00:00,7.167112484367255e-05,2.736310434880733e-29
2025-07-13 04:00:00+00:00,0.00010444214705301893,2.711098151630341e-29
2025-07-13 08:00:00+00:00,7.547295622373372e-05,2.7216615952244265e-29
2025-07-13 12:00:00+00:00,0.0001312019346846488,2.7302868565827744e-29
2025-07-13 16:00:00+00:00,6.538330490162407e-05,2.73312204960721e-29
2025-07-13 20:00:00+00:00,3.849930233486615e-05,2.76269871981181e-29
2025-07-14 00:00:00+00:00,4.495093900324535e-05,2.778548351961071e-29
2025-07-14 04:00:00+00:00,9.212740695183992e-05,2.765845339657872e-29
2025-07-14 08:00:00+00:00,0.000149299478471156,2.778811986237175e-29
2025-07-14 12:00:00+00:00,7.548510997839203e-05,2.7558715858584275e-29
2025-07-14 16:00:00+00:00,0.00013038178400969654,2.7376158124491145e-29
2025-07-14 20:00:00+00:00,5.7301680449476725e-05,2.7498654087203345e-29
2025-07-15 00:00:00+00:00,0.0001266816029982676,2.7425290709527684e-29
2025-07-15 04:00:00+00:00,0.00017665561028325048,2.760421991330683e-29
2025-07-15 08:00:00+00:00,7.259215836972514e-05,2.756291455428028e-29
2025-07-15 12:00:00+00:00,0.00018834805596864676,2.751147966724706e-29
2025-07-15 16:00:00+00:00,6.983344367765701e-05,2.7651824778641874e-29
2025-07-15 20:00:00+00:00,7.767855733224871e-05,2.7675540857681016e-29
2025-07-16 00:00:00+00:00,9.633923824210673e-05,2.788360637565783e-29
2025-07-16 04:00:00+00:00,1.012280518741266e-05,2.7640757447628844e-29
2025-07-16 08:00:00+00:00,2.6511027262400705e-05,2.780204853885081e-29
2025-07-16 12:00:00+00:00,0.00011327229392108437,2.78711931425003e-29
2025-07-16 16:00:00+00:00,0.0001244147958826026,2.8272049118602645e-29
2025-07-16 20:00:00+00:00,0.000157979248862631,2.8199245517516123e-29
2025-07-17 00:00:00+00:00,0.00017910767394494425,2.8264496562766127e-29
2025-07-17 04:00:00+00:00,3.1610340352191475e-05,2.815782503834661e-29
2025-07-17 08:00:00+00:00,5.302895763465021e-05,2.79698656250174e-29
2025-07-17 12:00:00+00:00,0.00012105715654996256,2.7968000772979244e-29
2025-07-17 16:00:00+00:00,9.797654488926535e-05,2.7861689186935845e-29
2025-07-17 20:00:00+00:00,0.0002025439434842387,2.7781182868172855e-29
2025-07-18 00:00:00+00:00,0.0002020426275878124,2.7893332160122566e-29
2025-07-18 04:00:00+00:00,0.00015304370160566886,2.802418407063383e-29
2025-07-18 08:00:00+00:00,0.0001591623734181391,2.830393833481604e-29
2025-07-18 12:00:00+00:00,9.955797533189749e-05,2.8384430072816325e-29
2025-07-18 16:00:00+00:00,0.00010290071147016892,2.8376463922551985e-29
2025-07-18 20:00:00+00:00,1.3262259641845609e-05,2.8639820148115266e-29
2025-07-19 00:00:00+00:00,9.135258423881492e-05,2.901964549315094e-29
2025-07-19 04:00:00+00:00,0.00010075033800801875,2.929502446185306e-29
2025-07-19 08:00:00+00:00,0.0001008085249352361,2.934386242188585e-29
2025-07-19 12:00:00+00:00,0.0001653732189227264,2.9436351357107714e-29
2025-07-19 16:00:00+00:00,7.722497266555443e-05,2.964697112819843e-29
2025-07-19 20:00:00+00:00,4.417056220865837e-05,2.9581473963622265e-29
2025-07-20 00:00:00+00:00,1.9461809571738134e-05,2.9579808242703175e-29
2025-07-20 04:00:00+00:00,4.461652902840094e-05,2.975191629921979e-29
2025-07-20 08:00:00+00:00,6.200307044757592e-05,2.971474366816691e-29
2025-07-20 12:00:00+00:00,5.869002798263113e-05,2.9653427289700416e-29
2025-07-20 16:00:00+00:00,0.0001280237294699861,2.975138127330002e-29
2025-07-20 20:00:00+00:00,0.00021597947838442792,2.9503241527113716e-29
2025-07-21 00:00:00+00:00,9.46788464822334e-05,2.955524915608783e-29
2025-07-21 04:00:00+00:00,6.159072597754456e-05,2.973386434013446e-29
2025-07-21 08:00:00+00:00,7.95103609081237e-05,2.9856208019076803e-29
2025-07-21 12:00:00+00:00,0.00010394642567842114,2.9585696623677184e-29
2025-07-21 16:00:00+00:00,4.560440658829896e-05,2.981199800746072e-29
2025-07-21 20:00:00+00:00,4.9658039235921205e-05,2.9858897988723936e-29
2025-07-22 00:00:00+00:00,5.6353348858987034e-05,2.9789997215251723e-29
2025-07-22 04:00:00+00:00,0.0001201686960664774,2.9659223890917043e-29
2025-07-22 08:00:00+00:00,0.00014411868585056294,2.9676141568462976e-29
2025-07-22 12:00:00+00:00,0.00023465524601724023,2.957846595085356e-29
2025-07-22 16:00:00+00:00,0.00022121577655096782,2.966734818627888e-29
2025-07-22 20:00:00+00:00,0.00018272389862841168,2.9510617350381803e-29
2025-07-23 00:00:00+00:00,0.0001452608826928794,2.954975521606973e-29
2025-07-23 04:00:00+00:00,0.00020427064636582883,2.9654642672107835e-29
2025-07-23 08:00:00+00:00,5.7033484402932094e-05,2.963316678872616e-29
2025-07-23 12:00:00+00:00,0.00021274256517829406,2.9563932014127696e-29
2025-07-23 16:00:00+00:00,7.96542707771159e-05,2.9543883265798696e-29
2025-07-23 20:00:00+00:00,7.231817074681734e-05,2.9873110945048447e-29
2025-07-24 00:00:00+00:00,4.0882492662912066e-05,2.9934821420795096e-29
2025-07-24 04:00:00+00:00,8.35728697708764e-05,3.011515443180317e-29
2025-07-24 08:00:00+00:00,4.790892863958719e-05,2.9897932848502237e-29
2025-07-24 12:00:00+00:00,6.334775761251152e-05,2.9850687528822004e-29
2025-07-24 16:00:00+00:00,0.00012007682077569235,3.003570677907588e-29
2025-07-24 20:00:00+00:00,1.217005982672183e-05,2.9860865749819954e-29
2025-07-25 00:00:00+00:00,4.7810043177443864e-05,2.9984820940662507e-29
2025-07-25 04:00:00+00:00,3.392715472092594e-05,2.9935651067260137e-29
2025-07-25 08:00:00+00:00,5.069060257392098e-05,3.001328647891624e-29
2025-07-25 12:00:00+00:00,7.45343762012958e-05,2.976264212361661e-29
2025-07-25 16:00:00+00:00,0.00012271349704030002,2.9519210586961813e-29
2025-07-25 20:00:00+00:00,8.355082034736659e-05,2.950443482544407e-29
2025-07-26 00:00:00+00:00,0.00013122945600364501,2.9266974806228906e-29
2025-07-26 04:00:00+00:00,8.788100801609104e-05,2.9116914965330614e-29
2025-07-26 08:00:00+00:00,0.00013985153277408814,2.911442311273429e-29
2025-07-26 12:00:00+00:00,6.914514070344383e-05,2.914563163549988e-29
2025-07-26 16:00:00+00:00,0.00014291222216216814,2.9370732963455115e-29
2025-07-26 20:00:00+00:00,2.8306386176922285e-05,2.963617172372364e-29
2025-07-27 00:00:00+00:00,7.303210471196696e-05,3.005864965942354e-29
2025-07-27 04:00:00+00:00,3.111426601611826e-05,2.971952032354372e-29
2025-07-27 08:00:00+00:00,0.00011402785072139215,2.985696404607217e-29
2025-07-27 12:00:00+00:00,4.37391915810934e-05,2.9582252282475026e-29
2025-07-27 16:00:00+00:00,6.716881578273045e-05,2.956152716919819e-29
2025-07-27 20:00:00+00:00,0.00011889715803622709,2.947849098693565e-29
2025-07-28 00:00:00+00:00,0.00026531837478282,2.932700538551379e-29
2025-07-28 04:00:00+00:00,6.627254871251349e-05,2.922156169210658e-29
2025-07-28 08:00:00+00:00,0.00016681124161635155,2.915727153247114e-29
2025-07-28 12:00:00+00:00,5.633118575481365e-06,2.927912400941751e-29
2025-07-28 16:00:00+00:00,0.00016654102418679737,2.913200109350039e-29
2025-07-28 20:00:00+00:00,1.5346905509332194e-05,2.9061934340367315e-29
2025-07-29 00:00:00+00:00,0.00011634663113528397,2.868402121117436e-29
2025-07-29 04:00:00+00:00,7.587609881485612e-05,2.8593588784419725e-29
2025-07-29 08:00:00+00:00,8.127507451265966e-05,2.862587387943514e-29
2025-07-29 12:00:00+00:00,0.00012202374138186891,2.8580783097844117e-29
2025-07-29 16:00:00+00:00,2.32383301811164e-05,2.875279499201155e-29
2025-07-29 20:00:00+00:00,6.983151536063184e-05,2.8834737799132116e-29
2025-07-30 00:00:00+00:00,6.200064733014075e-05,2.8769996105857186e-29
2025-07-30 04:00:00+00:00,0.00013841224437267002,2.9001001771525303e-29
2025-07-30 08:00:00+00:00,6.61103765801849e-05,2.9211202394300943e-29
2025-07-30 12:00:00+00:00,6.272686666233887e-06,2.887700328334643e-29
2025-07-30 16:00:00+00:00,0.00016546371901384054,2.8773231903069537e-29
2025-07-30 20:00:00+00:00,0.00010371168518660885,2.901879193267512e-29
2025-07-31 00:00:00+00:00,-3.1124438331127805e-05,2.9199138693327025e-29
2025-07-31 04:00:00+00:00,0.00010369807352720845,2.906422801263981e-29
2025-07-31 08:00:00+00:00,-3.4507733763482026e-06,2.912702557830157e-29
2025-07-31 12:00:00+00:00,0.00013734561175369586,2.9203911762614627e-29
2025-07-31 16:00:00+00:00,5.21276181137598e-05,2.912204750888204e-29
2025-07-31 20:00:00+00:00,1.797659844334687e-05,2.943030260518201e-29
2025-08-01 00:00:00+00:00,0.00013926538333275574,2.947019673977242e-29
2025-08-01 04:00:00+00:00,7.63086497700981e-05,2.964435316192528e-29
2025-08-01 08:00:00+00:00,2.834630193323806e-05,2.997885996396917e-29
2025-08-01 12:00:00+00:00,0.0001318847665925504,2.9985566513278443e-29
2025-08-01 16:00:00+00:00,9.736746573275983e-05,2.990167936869587e-29
2025-08-01 20:00:00+00:00,0.00010306895167703633,2.9801432416534725e-29
2025-08-02 00:00:00+00:00,-3.5028718886148625e-06,2.9880603163495854e-29
2025-08-02 04:00:00+00:00,0.00010719560308640881,3.0197234359472155e-29
2025-08-02 08:00:00+00:00,-1.2441590152695834e-06,2.985746886180441e-29
2025-08-02 12:00:00+00:00,1.2492955118435102e-05,2.9825709473221e-29
2025-08-02 16:00:00+00:00,7.966709749537986e-05,2.9739334316086393e-29
2025-08-02 20:00:00+00:00,0.00010486442210558663,2.955413565449848e-29
2025-08-03 00:00:00+00:00,0.00011560282470335915,2.9674844093482783e-29
2025-08-03 04:00:00+00:00,-6.064631179969694e-06,2.951658953730101e-29
2025-08-03 08:00:00+00:00,0.00013248592117188655,2.9458930455124585e-29
2025-08-03 12:00:00+00:00,8.422906086759469e-05,2.9684330730116497e-29
2025-08-03 16:00:00+00:00,6.164043410015918e-05,2.962039918962733e-29
2025-08-03 20:00:00+00:00,8.08491215487701e-05,2.96649333771399e-29
2025-08-04 00:00:00+00:00,5.350759552066741e-05,2.981176766988641e-29
2025-08-04 04:00:00+00:00,3.805947444693328e-05,2.984323727667757e-29
2025-08-04 08:00:00+00:00,0.0001948435589875932,3.0139300901718314e-29
2025-08-04 12:00:00+00:00,5.439734493944859e-05,3.0292631597844505e-29
2025-08-04 16:00:00+00:00,0.00010977356853685344,3.0260857878243217e-29
2025-08-04 20:00:00+00:00,0.0001519722129709911,3.038731964971298e-29
2025-08-05 00:00:00+00:00,0.00012739321972240453,3.048469767175774e-29
2025-08-05 04:00:00+00:00,8.947666389866327e-05,3.097200993233508e-29
2025-08-05 08:00:00+00:00,0.0001317337960964738,3.0874534859620883e-29
2025-08-05 12:00:00+00:00,0.0001557796487945094,3.086476268593226e-29
2025-08-05 16:00:00+00:00,5.9792299750839926e-05,3.107132437375804e-29
2025-08-05 20:00:00+00:00,8.217878061403921e-05,3.106855682090229e-29
2025-08-06 00:00:00+00:00,0.00017529290602961837,3.083810908820937e-29
2025-08-06 04:00:00+00:00,8.806715582020159e-05,3.101692427093605e-29
2025-08-06 08:00:00+00:00,5.2755348441468596e-05,3.098419054310391e-29
2025-08-06 12:00:00+00:00,0.0001122077236027776,3.121355845988318e-29
2025-08-06 16:00:00+00:00,0.00012173625627479472,3.123606128528648e-29
2025-08-06 20:00:00+00:00,7.670686908548472e-05,3.126341213065802e-29
2025-08-07 00:00:00+00:00,7.826043676953788e-05,3.156231955600573e-29
2025-08-07 04:00:00+00:00,8.578201257124689e-05,3.146618116813899e-29
2025-08-07 08:00:00+00:00,5.3769999664574575e-05,3.143187704307915e-29
2025-08-07 12:00:00+00:00,0.00019635280114904352,3.153742320549122e-29
2025-08-07 16:00:00+00:00,0.0001724023257749183,3.1504851377182936e-29
2025-08-07 20:00:00+00:00,0.0001488963241626913,3.129639696580078e-29
2025-08-08 00:00:00+00:00,0.00020036287995033692,3.145627651553979e-29
2025-08-08 04:00:00+00:00,0.00018071623233359175,3.1695229175994564e-29
2025-08-08 08:00:00+00:00,0.00017103436136467617,3.2016939053507927e-29
2025-08-08 12:00:00+00:00,8.091400139904127e-05,3.197241689603355e-29
2025-08-08 16:00:00+00:00,7.58791484888911e-05,3.25311786655808e-29
2025-08-08 20:00:00+00:00,0.00021096712828480176,3.248642490940698e-29
2025-08-09 00:00:00+00:00,0.0001294618465554772,3.2609354985243623e-29
2025-08-09 04:00:00+00:00,0.00017256576155458725,3.2760875339369716e-29
2025-08-09 08:00:00+00:00,0.00010519324207595761,3.272064948340447e-29
2025-08-09 12:00:00+00:00,0.00010270705300677562,3.251562419223023e-29
2025-08-09 16:00:00+00:00,0.0001910127040226456,3.2798740510614006e-29
2025-08-09 20:00:00+00:00,7.55744459664717e-05,3.2922204471606637e-29
2025-08-10 00:00:00+00:00,9.872141495055443e-05,3.309508708638078e-29
2025-08-10 04:00:00+00:00,8.541814203974165e-05,3.2991120859217364e-29
2025-08-10 08:00:00+00:00,0.00012009961242710071,3.3180442044404723e-29
2025-08-10 12:00:00+00:00,7.09488715438722e-05,3.3131400127328425e-29
2025-08-10 16:00:00+00:00,0.00012620486613442068,3.320928924154942e-29
2025-08-10 20:00:00+00:00,0.00011194323140094887,3.350165314374554e-29
2025-08-11 00:00:00+00:00,0.00010413146769739712,3.3479476731751075e-29
2025-08-11 04:00:00+00:00,0.00010468920394182335,3.365824441450822e-29
2025-08-11 08:00:00+00:00,8.66818512982892e-05,3.3724184576309794e-29
2025-08-11 12:00:00+00:00,7.208980830912346e-05,3.3365995638271865e-29
2025-08-11 16:00:00+00:00,7.629213757501654e-05,3.333525233339424e-29
2025-08-11 20:00:00+00:00,0.00011624714561970413,3.347123187169045e-29
2025-08-12 00:00:00+00:00,0.00015185496990179374,3.3343003097013875e-29
2025-08-12 04:00:00+00:00,7.503034755078712e-05,3.346922327110875e-29
2025-08-12 08:00:00+00:00,0.0001437321058790957,3.3440525987693647e-29
2025-08-12 12:00:00+00:00,9.950249102104695e-05,3.3847231863048526e-29
2025-08-12 16:00:00+00:00,0.00012261260331527824,3.367760512977605e-29
2025-08-12 20:00:00+00:00,0.00010264855937202435,3.37291102685818e-29
2025-08-13 00:00:00+00:00,0.00014536652370532142,3.3670715131555255e-29
2025-08-13 04:00:00+00:00,5.675989437000473e-05,3.3735928129134824e-29
2025-08-13 08:00:00+00:00,6.406467410572289e-05,3.3883719501593873e-29
2025-08-13 12:00:00+00:00,0.00014807217520774413,3.4100208090982955e-29
2025-08-13 16:00:00+00:00,0.0001469916601070578,3.444177813018506e-29
2025-08-13 20:00:00+00:00,0.00016894562665748002,3.448062426716296e-29
2025-08-14 00:00:00+00:00,0.0001874604539896053,3.4451327241512606e-29
2025-08-14 04:00:00+00:00,0.00015521823334277895,3.4667143566859325e-29
2025-08-14 08:00:00+00:00,0.00011286603556506414,3.4612564325788686e-29
2025-08-14 12:00:00+00:00,0.00012864693025004846,3.5011929529479164e-29
2025-08-14 16:00:00+00:00,0.00010324705979264146,3.5170938555177536e-29
2025-08-14 20:00:00+00:00,9.128217713936199e-05,3.498713738112602e-29
2025-08-15 00:00:00+00:00,0.00012866730764881474,3.50695367999474e-29
2025-08-15 04:00:00+00:00,0.00013058041130253027,3.4733798441102353e-29
2025-08-15 08:00:00+00:00,9.303303501806893e-05,3.501211712837329e-29
2025-08-15 12:00:00+00:00,-3.6239397192510723e-05,3.486281160261254e-29
2025-08-15 16:00:00+00:00,-1.9550929275185896e-06,3.4761987837937035e-29
2025-08-15 20:00:00+00:00,0.00013655086710574445,3.5148085799726595e-29
2025-08-16 00:00:00+00:00,7.963272872115137e-05,3.5457257058482975e-29
2025-08-16 04:00:00+00:00,5.0276915168607506e-05,3.572705078706138e-29
2025-08-16 08:00:00+00:00,3.179066433025554e-05,3.5782910424956604e-29
2025-08-16 12:00:00+00:00,9.795151377910946e-05,3.5923553956962607e-29
2025-08-16 16:00:00+00:00,0.0001225205654318366,3.58151669186294e-29
2025-08-16 20:00:00+00:00,0.0001319767147240312,3.583319113896048e-29
2025-08-17 00:00:00+00:00,9.643056454579311e-05,3.563157141780558e-29
2025-08-17 04:00:00+00:00,7.642879858133556e-05,3.55789501183901e-29
2025-08-17 08:00:00+00:00,5.885823532902468e-05,3.5811124140013785e-29
2025-08-17 12:00:00+00:00,8.758336314741651e-05,3.60804016834155e-29
2025-08-17 16:00:00+00:00,0.00018966041224549091,3.59626073029881e-29
2025-08-17 20:00:00+00:00,0.00023149156777587952,3.594191791551864e-29
2025-08-18 00:00:00+00:00,5.835872070043102e-05,3.6003716165252805e-29
2025-08-18 04:00:00+00:00,8.739422250872797e-05,3.6024685957917e-29
2025-08-18 08:00:00+00:00,0.00010936789391589614,3.635462520906329e-29
2025-08-18 12:00:00+00:00,0.00013964572596000715,3.6212727304353456e-29
2025-08-18 16:00:00+00:00,6.969895006512937e-05,3.6668468814241925e-29
2025-08-18 20:00:00+00:00,0.00014406948207692694,3.6432391815037235e-29
2025-08-19 00:00:00+00:00,0.00017188233210488883,3.6181183531840594e-29
2025-08-19 04:00:00+00:00,5.906397178204352e-05,3.6224521249061684e-29
2025-08-19 08:00:00+00:00,-1.8163880507563378e-05,3.6132172913368094e-29
2025-08-19 12:00:00+00:00,-0.00010535099405811698,3.6010858105174733e-29
2025-08-19 16:00:00+00:00,5.4034630543522816e-05,3.6400981964322694e-29
2025-08-19 20:00:00+00:00,1.2283929392167295e-05,3.625053167668098e-29
2025-08-20 00:00:00+00:00,9.579756242582847e-06,3.6088416592632754e-29
2025-08-20 04:00:00+00:00,0.00010698033301928735,3.623398175015252e-29
2025-08-20 08:00:00+00:00,7.567819299111943e-05,3.619151869326983e-29
2025-08-20 12:00:00+00:00,8.67518513126261e-05,3.625601206584009e-29
2025-08-20 16:00:00+00:00,0.00011440233992962025,3.632553972946027e-29
2025-08-20 20:00:00+00:00,0.00014925363527547176,3.669423093840353e-29
2025-08-21 00:00:00+00:00,9.534077563058781e-05,3.6815217598144324e-29
2025-08-21 04:00:00+00:00,6.125349289414294e-05,3.7341188951276554e-29
2025-08-21 08:00:00+00:00,0.00016939685760376696,3.7400633375187553e-29
2025-08-21 12:00:00+00:00,0.0001034438526470959,3.7644200486057536e-29
2025-08-21 16:00:00+00:00,1.9510527203972855e-05,3.753635404966871e-29
2025-08-21 20:00:00+00:00,3.192861813834172e-05,3.7721466141198363e-29
2025-08-22 00:00:00+00:00,3.3359052106918786e-05,3.8176399975577925e-29
2025-08-22 04:00:00+00:00,0.00010183291096710948,3.807287916694052e-29
2025-08-22 08:00:00+00:00,4.8019622355983774e-05,3.7957386773982673e-29
2025-08-22 12:00:00+00:00,0.00013722149178670365,3.8072698602827553e-29
2025-08-22 16:00:00+00:00,0.0001057918336403287,3.789986752669268e-29
2025-08-22 20:00:00+00:00,0.00011178731424272301,3.785132511837938e-29
2025-08-23 00:00:00+00:00,0.00015512537650755426,3.779537002302031e-29
2025-08-23 04:00:00+00:00,0.0001993981117163251,3.7887553947921983e-29
2025-08-23 08:00:00+00:00,8.999024610517171e-05,3.8145041500961275e-29
2025-08-23 12:00:00+00:00,0.00013841784456558747,3.801939456547493e-29
2025-08-23 16:00:00+00:00,0.00018166659565512503,3.799566101421592e-29
2025-08-23 20:00:00+00:00,0.00017967440066903192,3.8293630952567676e-29
2025-08-24 00:00:00+00:00,0.00015679579921654295,3.849595740078952e-29
2025-08-24 04:00:00+00:00,6.784428043009966e-05,3.848678268576376e-29
2025-08-24 08:00:00+00:00,0.0001933671295499403,3.847766438880069e-29
2025-08-24 12:00:00+00:00,0.00015855727557652255,3.8683646846031264e-29
2025-08-24 16:00:00+00:00,0.00013805774789181336,3.869286573900957e-29
2025-08-24 20:00:00+00:00,0.000177697740566399,3.842632127433039e-29
2025-08-25 00:00:00+00:00,0.00019174763792430722,3.8663047181219266e-29
2025-08-25 04:00:00+00:00,5.905818957234617e-05,3.8703669445264884e-29
2025-08-25 08:00:00+00:00,-1.3485689944220493e-05,3.869656250002645e-29
2025-08-25 12:00:00+00:00,0.0001294865982253263,3.872122671858303e-29
2025-08-25 16:00:00+00:00,7.428009111109091e-05,3.8856324690139865e-29
2025-08-25 20:00:00+00:00,0.00010953338807185255,3.8587981720501263e-29
2025-08-26 00:00:00+00:00,5.4548041431179356e-05,3.864773461153634e-29
2025-08-26 04:00:00+00:00,0.00010373685447183487,3.843495808083058e-29
2025-08-26 08:00:00+00:00,9.064338109777116e-05,3.846292691435419e-29
2025-08-26 12:00:00+00:00,6.278748505162459e-05,3.8516498147183614e-29
2025-08-26 16:00:00+00:00,2.1362639126456704e-05,3.862367023798447e-29
2025-08-26 20:00:00+00:00,-2.0972244529910408e-05,3.8459052808503843e-29
2025-08-27 00:00:00+00:00,1.4077065202990452e-05,3.831308271935652e-29
2025-08-27 04:00:00+00:00,0.00017566772929025323,3.8139964096545476e-29
2025-08-27 08:00:00+00:00,7.082894948829964e-05,3.805407982693331e-29
2025-08-27 12:00:00+00:00,0.00013411000727243092,3.846383861362613e-29
2025-08-27 16:00:00+00:00,0.00016363314881543198,3.869716456726248e-29
2025-08-27 20:00:00+00:00,0.0001122063673441528,3.886101321957759e-29
2025-08-28 00:00:00+00:00,0.00012620624813587658,3.892706097537473e-29
2025-08-28 04:00:00+00:00,0.00013732581881030178,3.873471126438766e-29
2025-08-28 08:00:00+00:00,0.00014449630862453498,3.9048271685377934e-29
2025-08-28 12:00:00+00:00,0.0001596959896458618,3.9201882929760166e-29
2025-08-28 16:00:00+00:00,0.00012282782019775996,3.8987055542858386e-29
2025-08-28 20:00:00+00:00,0.00017591495650065648,3.9113886651606144e-29
2025-08-29 00:00:00+00:00,0.0001858312407107822,3.913110035236055e-29
2025-08-29 04:00:00+00:00,0.00011235116882522917,3.9329745339247345e-29
2025-08-29 08:00:00+00:00,2.211878459487038e-05,3.952836860708294e-29
2025-08-29 12:00:00+00:00,4.6418760917525313e-05,3.9412320943232126e-29
2025-08-29 16:00:00+00:00,5.320815651545293e-05,3.954806479969359e-29
2025-08-29 20:00:00+00:00,0.00012867776857454767,3.9247043111283225e-29
2025-08-30 00:00:00+00:00,4.316964795134357e-05,3.9535932402176697e-29
2025-08-30 04:00:00+00:00,0.0001175116866866439,3.950031245151414e-29
2025-08-30 08:00:00+00:00,7.1559295874603305e-06,3.9516519409376555e-29
2025-08-30 12:00:00+00:00,8.775378229710451e-05,3.910067843650237e-29
2025-08-30 16:00:00+00:00,0.00010378649115963129,3.9279774479867484e-29
2025-08-30 20:00:00+00:00,0.00012717446586137243,3.906290894057216e-29
2025-08-31 00:00:00+00:00,0.00011731369034329266,3.9160584667582926e-29
2025-08-31 04:00:00+00:00,0.0001445921140295552,3.9066769346163763e-29
2025-08-31 08:00:00+00:00,3.6852641853297094e-05,3.9002972601490804e-29
2025-08-31 12:00:00+00:00,0.00014002568934784397,3.8973250427515546e-29
2025-08-31 16:00:00+00:00,0.00015143019408393892,3.935553230439571e-29
2025-08-31 20:00:00+00:00,9.69576389396452e-06,3.9509370045881725e-29
2025-09-01 00:00:00+00:00,4.626957266160427e-05,3.94968472205655e-29
2025-09-01 04:00:00+00:00,1.1651117858861157e-05,3.954161215769153e-29
2025-09-01 08:00:00+00:00,0.0001578877478062561,3.950314489403539e-29
2025-09-01 12:00:00+00:00,0.00015756422257664503,3.9894967889632674e-29
2025-09-01 16:00:00+00:00,4.283030710794582e-06,3.975754576400222e-29
2025-09-01 20:00:00+00:00,6.731067691962322e-05,3.9974507464455683e-29
2025-09-02 00:00:00+00:00,9.334317195638903e-05,3.966375721388001e-29
2025-09-02 04:00:00+00:00,7.197712540038875e-05,3.9345139595220795e-29
2025-09-02 08:00:00+00:00,0.00011499383876600564,3.908106344300661e-29
2025-09-02 12:00:00+00:00,5.502915826636127e-05,3.8936784869192933e-29
2025-09-02 16:00:00+00:00,0.00014305318190933541,3.898415589273326e-29
2025-09-02 20:00:00+00:00,5.2594104502935024e-05,3.931008230634572e-29
2025-09-03 00:00:00+00:00,0.00013489569521316246,3.9787668520685744e-29
2025-09-03 04:00:00+00:00,6.899936798703132e-05,3.998518591933892e-29
2025-09-03 08:00:00+00:00,0.0001400363402703043,3.9989092547847215e-29
2025-09-03 12:00:00+00:00,7.519047135208722e-05,4.0148357878246405e-29
2025-09-03 16:00:00+00:00,0.0001319659723203912,3.9970317492830176e-29
2025-09-03 20:00:00+00:00,0.00012732272736122203,3.9920464523265677e-29
2025-09-04 00:00:00+00:00,6.338055409822885e-05,3.9893502489539597e-29
2025-09-04 04:00:00+00:00,0.00011503569828445977,4.0103904296952653e-29
2025-09-04 08:00:00+00:00,2.5642712795446558e-05,4.0309764926002136e-29
2025-09-04 12:00:00+00:00,0.00019797852958258855,4.049384430526398e-29
2025-09-04 16:00:00+00:00,5.116216010638252e-05,4.0578736551610906e-29
2025-09-04 20:00:00+00:00,5.593417464246624e-05,4.0762835587823416e-29
2025-09-05 00:00:00+00:00,0.00010672223628683061,4.053153147317972e-29
2025-09-05 04:00:00+00:00,2.753471591359095e-05,4.0282761989943017e-29
2025-09-05 08:00:00+00:00,0.00011874261772728473,4.024014851768348e-29
2025-09-05 12:00:00+00:00,0.00012522937485446247,4.0440432272957435e-29
2025-09-05 16:00:00+00:00,-1.5171419582765561e-05,4.033614264145321e-29
2025-09-05 20:00:00+00:00,7.452804273247004e-05,4.0045567492635954e-29
2025-09-06 00:00:00+00:00,4.768690997628102e-05,4.005569389913803e-29
2025-09-06 04:00:00+00:00,6.124818996453532e-05,3.986025076935757e-29
2025-09-06 08:00:00+00:00,4.614453341132646e-05,4.01260952546023e-29
2025-09-06 12:00:00+00:00,0.0001689495228136327,4.0339228025268984e-29
2025-09-06 16:00:00+00:00,0.0001092957710040107,4.0166413454412197e-29
2025-09-06 20:00:00+00:00,7.39409038150014e-05,4.032970171890022e-29
2025-09-07 00:00:00+00:00,0.0001868964789358383,4.042465918821337e-29
2025-09-07 04:00:00+00:00,5.8715982006948146e-05,4.059787978208098e-29
2025-09-07 08:00:00+00:00,0.00015107735976374823,4.0836942001322706e-29
2025-09-07 12:00:00+00:00,7.680095688349532e-05,4.1058103432171017e-29
2025-09-07 16:00:00+00:00,0.00015098251318660638,4.134888209375873e-29
2025-09-07 20:00:00+00:00,1.7856334185107277e-05,4.200789467731996e-29
2025-09-08 00:00:00+00:00,9.791468721326585e-05,4.191539911324178e-29
2025-09-08 04:00:00+00:00,6.647024204353306e-05,4.2020905027735084e-29
2025-09-08 08:00:00+00:00,0.00011973197922988655,4.246426209957545e-29
2025-09-08 12:00:00+00:00,0.00016390008118832557,4.2444149617710334e-29
2025-09-08 16:00:00+00:00,0.00012402975188294336,4.262307150766315e-29
2025-09-08 20:00:00+00:00,0.0001275095197961041,4.272560397747185e-29
2025-09-09 00:00:00+00:00,0.00017447049065257624,4.268006400904973e-29
2025-09-09 04:00:00+00:00,0.00017603332187927473,4.2852708553715624e-29
2025-09-09 08:00:00+00:00,9.32323436302929e-05,4.2504794369622195e-29
2025-09-09 12:00:00+00:00,0.0001560999638346617,4.259801298521067e-29
2025-09-09 16:00:00+00:00,0.00012942996968376305,4.285825303204896e-29
2025-09-09 20:00:00+00:00,0.0001264092559764157,4.274020871172187e-29
2025-09-10 00:00:00+00:00,0.00020545673276890005,4.282335621320425e-29
2025-09-10 04:00:00+00:00,8.984758369587968e-05,4.311866885432479e-29
2025-09-10 08:00:00+00:00,3.535316261035215e-05,4.357792335026449e-29
2025-09-10 12:00:00+00:00,6.558182094774883e-05,4.356989560088966e-29
2025-09-10 16:00:00+00:00,2.4637387860064465e-05,4.373660558675358e-29
2025-09-10 20:00:00+00:00,8.90786743071911e-05,4.391375022867412e-29
2025-09-11 00:00:00+00:00,9.525857634054234e-05,4.3939015190104106e-29
2025-09-11 04:00:00+00:00,0.00012553460254007993,4.412309917816365e-29
2025-09-11 08:00:00+00:00,0.0001681215340023716,4.398467434363277e-29
2025-09-11 12:00:00+00:00,0.0001267037742593124,4.364198587050032e-29
2025-09-11 16:00:00+00:00,0.00015742089879973624,4.377451344541021e-29
2025-09-11 20:00:00+00:00,1.76657140694358e-05,4.4100290050754574e-29
2025-09-12 00:00:00+00:00,0.00018550974838032658,4.4591570170469805e-29
2025-09-12 04:00:00+00:00,0.0001682767553750046,4.503158109678773e-29
2025-09-12 08:00:00+00:00,7.20844396456806e-05,4.478883735860716e-29
2025-09-12 12:00:00+00:00,4.884116640429661e-05,4.4950325122586356e-29
2025-09-12 16:00:00+00:00,0.0001254399759116641,4.501302005101641e-29
2025-09-12 20:00:00+00:00,0.00011684746357310316,4.4605425132066133e-29
2025-09-13 00:00:00+00:00,9.951397810160564e-05,4.472110536377992e-29
2025-09-13 04:00:00+00:00,0.0001546165231816796,4.4837327660802633e-29
2025-09-13 08:00:00+00:00,8.522872153124422e-05,4.448022458575329e-29
2025-09-13 12:00:00+00:00,0.00013973190189882305,4.461707561355191e-29
2025-09-13 16:00:00+00:00,0.0001976791566432822,4.487979708799337e-29
2025-09-13 20:00:00+00:00,0.00017449421371858,4.508761123901885e-29
2025-09-14 00:00:00+00:00,0.0001291982469997798,4.5057107503916954e-29
2025-09-14 04:00:00+00:00,5.0103303330373045e-05,4.511514675615294e-29
2025-09-14 08:00:00+00:00,0.00015097036169670555,4.448511805618118e-29
2025-09-14 12:00:00+00:00,0.00010861670377360048,4.445503851646789e-29
2025-09-14 16:00:00+00:00,9.460770335226814e-05,4.429737683851365e-29
2025-09-14 20:00:00+00:00,7.853384997486915e-05,4.446217878858223e-29
2025-09-15 00:00:00+00:00,0.00013761371603205326,4.4089032608962066e-29
2025-09-15 04:00:00+00:00,0.0001073802635625839,4.405653319790531e-29
2025-09-15 08:00:00+00:00,0.00011505027684640808,4.3808576838588876e-29
2025-09-15 12:00:00+00:00,9.98646810810079e-05,4.379730054783677e-29
2025-09-15 16:00:00+00:00,1.7286135050486206e-06,4.391363327349306e-29
2025-09-15 20:00:00+00:00,5.167577607560761e-05,4.390127265522821e-29
2025-09-16 00:00:00+00:00,9.634428596551369e-05,4.408733528479987e-29
2025-09-16 04:00:00+00:00,0.00010784784008424623,4.3982983466109266e-29
2025-09-16 08:00:00+00:00,0.0001153082994234476,4.3967590639666066e-29
2025-09-16 12:00:00+00:00,0.00014067078974918772,4.390102351650618e-29
2025-09-16 16:00:00+00:00,0.0001902996402581778,4.363892307037684e-29
2025-09-16 20:00:00+00:00,0.00010309739228889177,4.3390141872447113e-29
2025-09-17 00:00:00+00:00,4.3541921896414746e-05,4.331054601271657e-29
2025-09-17 04:00:00+00:00,-1.421406506903662e-05,4.339974349040195e-29
2025-09-17 08:00:00+00:00,5.128877576956864e-05,4.364131473970375e-29
2025-09-17 12:00:00+00:00,7.320374276307145e-05,4.3775184007156916e-29
2025-09-17 16:00:00+00:00,9.819234536415783e-05,4.3964286001535006e-29
2025-09-17 20:00:00+00:00,0.00011159744241505015,4.3853290996310944e-29
2025-09-18 00:00:00+00:00,0.00013050114850029094,4.401596084483863e-29
2025-09-18 04:00:00+00:00,0.00014626176759242703,4.434951203867124e-29
2025-09-18 08:00:00+00:00,0.00012146767340195373,4.455376322509695e-29
2025-09-18 12:00:00+00:00,0.00010172319425247576,4.442262528736152e-29
2025-09-18 16:00:00+00:00,0.00013109109735536434,4.437958600439343e-29
2025-09-18 20:00:00+00:00,0.00014875777119963428,4.427884458363286e-29
2025-09-19 00:00:00+00:00,5.250740920496354e-05,4.415254727882397e-29
2025-09-19 04:00:00+00:00,6.020334152152221e-05,4.424917642356425e-29
2025-09-19 08:00:00+00:00,0.0001381519540823895,4.4176340437237785e-29
2025-09-19 12:00:00+00:00,0.00012012865406001265,4.38855881068084e-29
2025-09-19 16:00:00+00:00,0.00010697564991982592,4.382240181126401e-29
2025-09-19 20:00:00+00:00,0.00014235699288534122,4.4056530874001383e-29
2025-09-20 00:00:00+00:00,9.841250890880879e-05,4.427307802964249e-29
2025-09-20 04:00:00+00:00,4.016935533806865e-05,4.4254538032393743e-29
2025-09-20 08:00:00+00:00,0.00010704051330316704,4.434172724023831e-29
2025-09-20 12:00:00+00:00,0.00019243880008330334,4.451455066216304e-29
2025-09-20 16:00:00+00:00,8.49459544568675e-05,4.457023709530118e-29
2025-09-20 20:00:00+00:00,0.00012204772155683278,4.462695857941043e-29
2025-09-21 00:00:00+00:00,7.199379955970128e-05,4.4685648701093347e-29
2025-09-21 04:00:00+00:00,7.158276029867204e-05,4.518118288720702e-29
2025-09-21 08:00:00+00:00,6.169901707965016e-05,4.5323066402460804e-29
2025-09-21 12:00:00+00:00,8.235483613820978e-05,4.5433904978684183e-29
2025-09-21 16:00:00+00:00,0.0002044565114675477,4.492805454585502e-29
2025-09-21 20:00:00+00:00,9.094722419629579e-05,4.485221576539171e-29
2025-09-22 00:00:00+00:00,7.073204729159118e-05,4.5093264879518656e-29
2025-09-22 04:00:00+00:00,8.703632700534584e-05,4.5283553937391927e-29
2025-09-22 08:00:00+00:00,2.577790219550315e-05,4.523800912463737e-29
2025-09-22 12:00:00+00:00,2.4553671826935345e-05,4.5690640499308203e-29
2025-09-22 16:00:00+00:00,4.290163064056297e-05,4.5780245040532236e-29
2025-09-22 20:00:00+00:00,9.478901205490517e-05,4.601143447394671e-29
2025-09-23 00:00:00+00:00,5.847763840412033e-05,4.619805699972232e-29
2025-09-23 04:00:00+00:00,4.6894191765484055e-05,4.6481209689494873e-29
2025-09-23 08:00:00+00:00,2.532593557507926e-05,4.6774933731813517e-29
2025-09-23 12:00:00+00:00,4.9654462576969956e-05,4.691455807857401e-29
2025-09-23 16:00:00+00:00,9.009677905917466e-05,4.682064265998843e-29
2025-09-23 20:00:00+00:00,4.876368900620465e-06,4.6854536189783115e-29
2025-09-24 00:00:00+00:00,0.00011295626398988276,4.6539849306867465e-29
2025-09-24 04:00:00+00:00,0.00011468543448050452,4.689126012438616e-29
2025-09-24 08:00:00+00:00,0.0001521086275540482,4.7049818348677566e-29
2025-09-24 12:00:00+00:00,0.00015232927233997922,4.710365059055587e-29
2025-09-24 16:00:00+00:00,0.00015622285292866628,4.7215193363904686e-29
2025-09-24 20:00:00+00:00,0.0001129371915791076,4.717956175196682e-29
2025-09-25 00:00:00+00:00,5.7053121619380695e-05,4.7255432120794047e-29
2025-09-25 04:00:00+00:00,0.00010423523352652773,4.754759992615589e-29
2025-09-25 08:00:00+00:00,7.138437913913e-05,4.8075437186824476e-29
2025-09-25 12:00:00+00:00,7.063812460286208e-05,4.8274210132918815e-29
2025-09-25 16:00:00+00:00,4.316728181879359e-05,4.836335195365467e-29
2025-09-25 20:00:00+00:00,0.00010596703154456645,4.831727856039888e-29
2025-09-26 00:00:00+00:00,0.00010781879264633234,4.833328551703039e-29
2025-09-26 04:00:00+00:00,6.735099314627568e-05,4.808593474864283e-29
2025-09-26 08:00:00+00:00,0.00015793068013466037,4.8034086834674786e-29
2025-09-26 12:00:00+00:00,2.7379802868058362e-05,4.7927756835602603e-29
2025-09-26 16:00:00+00:00,-7.510997295841654e-05,4.79562674842066e-29
2025-09-26 20:00:00+00:00,0.00011365676911770779,4.767397948887414e-29
2025-09-27 00:00:00+00:00,1.1502352515556194e-05,4.8108924246947307e-29
2025-09-27 04:00:00+00:00,0.00012768644748262497,4.769420954285341e-29
2025-09-27 08:00:00+00:00,9.158756460633996e-05,4.7553108656454794e-29
2025-09-27 12:00:00+00:00,0.00011521726692582865,4.7628326185697024e-29
2025-09-27 16:00:00+00:00,0.00011891645852987928,4.758033378583485e-29
2025-09-27 20:00:00+00:00,6.66527560509585e-05,4.757626792295134e-29
2025-09-28 00:00:00+00:00,0.00011493023147445317,4.779789490411674e-29
2025-09-28 04:00:00+00:00,9.167259349455951e-05,4.778085411294388e-29
2025-09-28 08:00:00+00:00,0.00011041079031135399,4.8015631963655874e-29
2025-09-28 12:00:00+00:00,6.374125523341474e-05,4.773382859652159e-29
2025-09-28 16:00:00+00:00,0.00012409103348625273,4.788903005633811e-29
2025-09-28 20:00:00+00:00,8.857942676217399e-05,4.827621399949827e-29
2025-09-29 00:00:00+00:00,7.103258439478303e-05,4.82305763134845e-29
2025-09-29 04:00:00+00:00,0.0001222912691797571,4.828165084898315e-29
2025-09-29 08:00:00+00:00,1.9953308373059473e-05,4.8160362629500957e-29
2025-09-29 12:00:00+00:00,0.00010964605864715357,4.836582637506909e-29
2025-09-29 16:00:00+00:00,0.00018612657881032863,4.8225366214271625e-29
2025-09-29 20:00:00+00:00,0.00010941123452768975,4.8306542685255727e-29
2025-09-30 00:00:00+00:00,0.00010065773004095279,4.825806238805213e-29
2025-09-30 04:00:00+00:00,8.693971300978441e-05,4.773955775863837e-29
2025-09-30 08:00:00+00:00,7.756671232188493e-05,4.811344460773826e-29
2025-09-30 12:00:00+00:00,8.885718338924714e-05,4.812578897187786e-29
2025-09-30 16:00:00+00:00,7.579677868286332e-05,4.835239850141458e-29
2025-09-30 20:00:00+00:00,4.7183542502638067e-05,4.8363972206907094e-29
2025-10-01 00:00:00+00:00,0.0001622367782053411,4.852234022456499e-29
2025-10-01 04:00:00+00:00,7.364773762656854e-05,4.863776991819393e-29
2025-10-01 08:00:00+00:00,8.115344966595172e-05,4.847933229479985e-29
2025-10-01 12:00:00+00:00,0.0001237238056635751,4.8470721113541175e-29
2025-10-01 16:00:00+00:00,7.001795584079511e-05,4.847053978307291e-29
2025-10-01 20:00:00+00:00,7.180569735733648e-05,4.8516047611412274e-29
2025-10-02 00:00:00+00:00,-1.4340644084347829e-06,4.8432239996617516e-29
2025-10-02 04:00:00+00:00,0.00013911226313878918,4.8466753978120524e-29
2025-10-02 08:00:00+00:00,0.0001767802896696211,4.8988876537616106e-29
2025-10-02 12:00:00+00:00,0.00021272280368982,4.9165764605105687e-29
2025-10-02 16:00:00+00:00,0.00023521266368484525,4.94688049737783e-29
2025-10-02 20:00:00+00:00,8.328305127447677e-05,4.9609176221914204e-29
2025-10-03 00:00:00+00:00,0.00013135382999879687,4.9420017897268255e-29
2025-10-03 04:00:00+00:00,6.564140425087552e-05,4.9540517410358335e-29
2025-10-03 08:00:00+00:00,4.565283827139017e-05,4.948685827133867e-29
2025-10-03 12:00:00+00:00,0.00012171808892498532,4.933103383125614e-29
2025-10-03 16:00:00+00:00,0.00013504721446615036,4.937233186471215e-29
2025-10-03 20:00:00+00:00,7.059951588305889e-05,4.951833110668208e-29
2025-10-04 00:00:00+00:00,3.761289482529425e-05,4.97344115792427e-29
2025-10-04 04:00:00+00:00,0.00012667275837742632,4.9822858526857605e-29
2025-10-04 08:00:00+00:00,6.16298620327424e-05,5.042942823075032e-29
2025-10-04 12:00:00+00:00,0.00017256743621390768,5.060620057275675e-29
2025-10-04 16:00:00+00:00,4.413271247922662e-05,5.0363721885246274e-29
2025-10-04 20:00:00+00:00,0.00015418090741929936,5.0391838732169754e-29
2025-10-05 00:00:00+00:00,8.486259762839839e-05,5.093129402387731e-29
2025-10-05 04:00:00+00:00,0.0001381925113155878,5.112496862749316e-29
2025-10-05 08:00:00+00:00,0.0001576448436454493,5.103950689979314e-29
2025-10-05 12:00:00+00:00,0.00017685208074079428,5.139754234466868e-29
2025-10-05 16:00:00+00:00,9.953162206061463e-05,5.175829315072984e-29
2025-10-05 20:00:00+00:00,9.607902113626207e-05,5.166888607512251e-29
2025-10-06 00:00:00+00:00,7.172557401843106e-05,5.178387597026052e-29
2025-10-06 04:00:00+00:00,9.628232584503799e-05,5.169792043720335e-29
2025-10-06 08:00:00+00:00,3.96918758495296e-05,5.171640686785216e-29
2025-10-06 12:00:00+00:00,0.00021702498061554082,5.152898541882167e-29
2025-10-06 16:00:00+00:00,5.769554474003571e-05,5.164941826932306e-29
2025-10-06 20:00:00+00:00,6.905102296666705e-05,5.169755579246304e-29
2025-10-07 00:00:00+00:00,0.00012016297483670755,5.166669268159871e-29
2025-10-07 04:00:00+00:00,4.4142797651972405e-05,5.161045873807675e-29
2025-10-07 08:00:00+00:00,3.328636425631626e-05,5.157877653300843e-29
2025-10-07 12:00:00+00:00,3.323677932598647e-05,5.149439540886443e-29
2025-10-07 16:00:00+00:00,0.00015629356123104932,5.162780170852948e-29
2025-10-07 20:00:00+00:00,-8.152433425224245e-05,5.170190624081347e-29
2025-10-08 00:00:00+00:00,3.62009740775225e-05,5.185756126230267e-29
2025-10-08 04:00:00+00:00,8.417130399459846e-05,5.191454189869345e-29
2025-10-08 08:00:00+00:00,8.416386792564601e-05,5.240423575992989e-29
2025-10-08 12:00:00+00:00,7.025104917266556e-05,5.270427034002376e-29
2025-10-08 16:00:00+00:00,7.568592126115503e-05,5.281591302556759e-29
2025-10-08 20:00:00+00:00,6.551661861839142e-05,5.313354512204262e-29
2025-10-09 00:00:00+00:00,8.982367697734567e-05,5.287724541179111e-29
2025-10-09 04:00:00+00:00,7.432206586001984e-05,5.278119273602301e-29
2025-10-09 08:00:00+00:00,6.697252737866752e-05,5.289799226117348e-29
2025-10-09 12:00:00+00:00,5.348897533492262e-05,5.289853619341168e-29
2025-10-09 16:00:00+00:00,7.781686650874045e-05,5.284071597617946e-29
2025-10-09 20:00:00+00:00,0.00010217947157074125,5.327122486122749e-29
2025-10-10 00:00:00+00:00,8.881572602928302e-05,5.354620755626511e-29
2025-10-10 04:00:00+00:00,5.8165986709790984e-05,5.394984936183369e-29
2025-10-10 08:00:00+00:00,0.00013987457680805725,5.378738093081647e-29
2025-10-10 12:00:00+00:00,0.0001506972826351029,5.354055946097121e-29
2025-10-10 16:00:00+00:00,0.00014113084762041998,5.386287220696582e-29
2025-10-10 20:00:00+00:00,2.5640050700063903e-05,3.770401054487607e-29
2025-10-11 00:00:00+00:00,4.990807961857773e-05,3.8019264137861523e-29
2025-10-11 04:00:00+00:00,2.3213964168933938e-05,3.7986500087918014e-29
2025-10-11 08:00:00+00:00,4.394644776574267e-05,3.782335102936365e-29
2025-10-11 12:00:00+00:00,-3.482169559508054e-05,3.791602206440993e-29
2025-10-11 16:00:00+00:00,1.0257036568653494e-05,3.770324380648081e-29
2025-10-11 20:00:00+00:00,2.724572914515986e-05,3.7775435173322985e-29
2025-10-12 00:00:00+00:00,-1.827899806429277e-05,3.8034199551077965e-29
2025-10-12 04:00:00+00:00,-4.32052309067711e-06,3.785940328829264e-29
2025-10-12 08:00:00+00:00,5.268480471297125e-06,3.7767200833203726e-29
2025-10-12 12:00:00+00:00,2.724597720193842e-05,3.771266104071709e-29
2025-10-12 16:00:00+00:00,6.443943476860786e-05,3.767207950171887e-29
2025-10-12 20:00:00+00:00,8.731584241474362e-05,3.785121582829013e-29
2025-10-13 00:00:00+00:00,0.0001866719620665444,3.812989906123688e-29
2025-10-13 04:00:00+00:00,0.0001362147912539421,3.835182511109865e-29
2025-10-13 08:00:00+00:00,0.00014095152634108714,3.825599543530104e-29
2025-10-13 12:00:00+00:00,0.00016913306523479025,3.822932303916743e-29
2025-10-13 16:00:00+00:00,0.0001375836474706373,3.822656051158542e-29
2025-10-13 20:00:00+00:00,0.00013287696540176431,3.8009348948880375e-29
2025-10-14 00:00:00+00:00,0.0001257504941946466,3.8150483700278626e-29
2025-10-14 04:00:00+00:00,0.00013505598913648417,2.6705338590195036e-29
2025-10-14 08:00:00+00:00,0.00015701271935270747,2.673035676556158e-29
2025-10-14 12:00:00+00:00,0.00011841571572517619,2.6918275770769533e-29
2025-10-14 16:00:00+00:00,0.00010780360613372771,2.690760432412456e-29
2025-10-14 20:00:00+00:00,0.00018161068168665056,2.710944064408679e-29
2025-10-15 00:00:00+00:00,7.26132654183845e-05,2.71381779101371e-29
2025-10-15 04:00:00+00:00,0.00012901118713516704,2.7333896865475135e-29
2025-10-15 08:00:00+00:00,0.00017772444121592394,2.753761923169348e-29
2025-10-15 12:00:00+00:00,0.00013925239817161601,2.746691953650017e-29
2025-10-15 16:00:00+00:00,0.00011592818157503666,2.755506628212426e-29
2025-10-15 20:00:00+00:00,8.906761376264362e-05,2.7487313703111437e-29
2025-10-16 00:00:00+00:00,4.437430430435676e-05,2.7595041826620115e-29
2025-10-16 04:00:00+00:00,-2.7811990453148136e-05,2.7666736300058904e-29
2025-10-16 08:00:00+00:00,0.00012430328143885628,2.7595594003361677e-29
2025-10-16 12:00:00+00:00,5.0667249450407814e-05,2.7608990639728606e-29
2025-10-16 16:00:00+00:00,3.87090652271959e-05,2.801284297851317e-29
2025-10-16 20:00:00+00:00,3.844266125177815e-05,2.7795042451270357e-29
2025-10-17 00:00:00+00:00,5.482324291042874e-05,2.768754244017238e-29
2025-10-17 04:00:00+00:00,4.6149948743769366e-05,2.7789631303492257e-29
2025-10-17 08:00:00+00:00,5.36096867515181e-05,2.78413205264419e-29
2025-10-17 12:00:00+00:00,0.00012897306196603023,2.803962623314465e-29
2025-10-17 16:00:00+00:00,1.7351878211877007e-05,2.8006796823384434e-29
2025-10-17 20:00:00+00:00,6.0612073022555635e-05,2.8107861388774114e-29
2025-10-18 00:00:00+00:00,0.00011063957483046492,2.8202544105718793e-29
2025-10-18 04:00:00+00:00,3.7208065217604314e-05,2.821949110409353e-29
2025-10-18 08:00:00+00:00,3.098770391599045e-05,2.826721404013329e-29
2025-10-18 12:00:00+00:00,9.064027144198204e-05,2.826031150938052e-29
2025-10-18 16:00:00+00:00,9.901492929879189e-05,2.822466316573581e-29
2025-10-18 20:00:00+00:00,8.41291414529305e-05,2.819514557757659e-29
2025-10-19 00:00:00+00:00,8.220717122598002e-05,2.836648111235291e-29
2025-10-19 04:00:00+00:00,7.20346587995069e-05,2.845394195129067e-29
2025-10-19 08:00:00+00:00,0.00016942816600861327,2.8453493133541347e-29
2025-10-19 12:00:00+00:00,9.839242003189619e-05,2.8491194500222073e-29
2025-10-19 16:00:00+00:00,0.0001544112367901904,2.847553824074408e-29
2025-10-19 20:00:00+00:00,8.258327664665397e-05,2.842026335259708e-29
2025-10-20 00:00:00+00:00,0.00011619326347150006,2.8611319574549355e-29
2025-10-20 04:00:00+00:00,9.908221317382436e-05,2.8616469102676797e-29
2025-10-20 08:00:00+00:00,8.480734769034744e-05,2.8689832955001507e-29
2025-10-20 12:00:00+00:00,0.00017306264856255227,2.866353882083152e-29
2025-10-20 16:00:00+00:00,9.396826865926776e-05,2.8445643133408676e-29
2025-10-20 20:00:00+00:00,2.9233646961032225e-06,2.839885277423824e-29
2025-10-21 00:00:00+00:00,6.12185654389325e-05,2.855467280352325e-29
2025-10-21 04:00:00+00:00,3.835585971349933e-05,2.8581442399854346e-29
2025-10-21 08:00:00+00:00,6.218721535566628e-05,2.852761758112991e-29
2025-10-21 12:00:00+00:00,0.00010491190598971039,2.860181021070504e-29
2025-10-21 16:00:00+00:00,0.00010683505325081235,2.8744223707178195e-29
2025-10-21 20:00:00+00:00,8.055866097805016e-05,2.8765794748781076e-29
2025-10-22 00:00:00+00:00,1.8896471644674444e-05,2.876595816880077e-29
2025-10-22 04:00:00+00:00,4.7228107105780546e-05,2.878382745439328e-29
2025-10-22 08:00:00+00:00,0.0002091458403728493,2.8778876976112687e-29
2025-10-22 12:00:00+00:00,0.00017070087112466551,2.859588730791451e-29
2025-10-22 16:00:00+00:00,4.2539452039615565e-05,2.863168444756258e-29
2025-10-22 20:00:00+00:00,0.00010270003380080321,2.847680048223518e-29
2025-10-23 00:00:00+00:00,4.6771980893825796e-05,2.843314809946841e-29
2025-10-23 04:00:00+00:00,5.394946139155265e-05,2.8275637869631334e-29
2025-10-23 08:00:00+00:00,8.27933466031268e-05,2.852830976274562e-29
2025-10-23 12:00:00+00:00,3.7567962569939284e-05,2.8443518038924283e-29
2025-10-23 16:00:00+00:00,0.00015136257254885226,2.860439553084334e-29
2025-10-23 20:00:00+00:00,8.659102586967841e-05,2.8451598030147065e-29
2025-10-24 00:00:00+00:00,0.00017880918851799314,2.825651668945038e-29
2025-10-24 04:00:00+00:00,0.00014767463328316043,2.8257162400654034e-29
2025-10-24 08:00:00+00:00,0.00011752694607363195,2.7910411340755405e-29
2025-10-24 12:00:00+00:00,0.00015832844476511282,2.7889808350298733e-29
2025-10-24 16:00:00+00:00,0.00015285601620223437,2.796395824080198e-29
2025-10-24 20:00:00+00:00,-8.753215789809814e-06,2.7976154932122465e-29
2025-10-25 00:00:00+00:00,0.00018021643812592939,2.796693930956416e-29
2025-10-25 04:00:00+00:00,0.00011198304090775303,2.7767132768836e-29
2025-10-25 08:00:00+00:00,5.031727119210623e-05,2.774662015653061e-29
2025-10-25 12:00:00+00:00,0.00017121380383404027,2.774836277831444e-29
2025-10-25 16:00:00+00:00,6.0951722075298866e-05,2.7669088387480615e-29
2025-10-25 20:00:00+00:00,6.449502203912696e-05,2.7697903196365027e-29
2025-10-26 00:00:00+00:00,0.00011507171362673295,2.769780839074335e-29
2025-10-26 04:00:00+00:00,0.00017214154141006641,2.754758437448223e-29
2025-10-26 08:00:00+00:00,0.0001981199661770606,2.754734553178028e-29
2025-10-26 12:00:00+00:00,0.00011307412930491227,2.742591933300018e-29
2025-10-26 16:00:00+00:00,8.573389210191979e-05,2.7528493029455507e-29
2025-10-26 20:00:00+00:00,0.0001652679440556287,2.7719899701679105e-29
2025-10-27 00:00:00+00:00,8.11028059153333e-05,2.7534779823379275e-29
2025-10-27 04:00:00+00:00,0.00012238820464872266,2.7544772869330266e-29
2025-10-27 08:00:00+00:00,0.00012056541687497936,2.7490355980752683e-29
2025-10-27 12:00:00+00:00,7.680673857974067e-05,2.767868976244432e-29
2025-10-27 16:00:00+00:00,9.032599949206543e-05,2.743584163897572e-29
2025-10-27 20:00:00+00:00,0.0001016864626492448,2.763267000970451e-29
2025-10-28 00:00:00+00:00,5.965986312593888e-05,2.752994357082008e-29
2025-10-28 04:00:00+00:00,0.00023062605157674596,2.754994707064542e-29
2025-10-28 08:00:00+00:00,0.00012354270066645411,2.760979962270175e-29
2025-10-28 12:00:00+00:00,0.0001466478055849855,2.7746987893236844e-29
2025-10-28 16:00:00+00:00,0.00010891497195640252,2.776609131448953e-29
2025-10-28 20:00:00+00:00,0.00012033231777775716,2.805077644151873e-29
2025-10-29 00:00:00+00:00,1.7609817181872162e-05,2.793719903408131e-29
2025-10-29 04:00:00+00:00,8.837422714117382e-05,2.77256218878721e-29
2025-10-29 08:00:00+00:00,9.628539078810099e-05,2.767087975334405e-29
2025-10-29 12:00:00+00:00,3.243479380697382e-05,2.801336184247323e-29
2025-10-29 16:00:00+00:00,6.450868970008887e-05,2.815998710278582e-29
2025-10-29 20:00:00+00:00,5.373431869654637e-05,2.81119177075547e-29
2025-10-30 00:00:00+00:00,2.632736771919451e-05,2.821961147696965e-29
2025-10-30 04:00:00+00:00,0.0001687780890931123,2.8258724057046476e-29
2025-10-30 08:00:00+00:00,0.00015326735245211706,2.8482549258976415e-29
2025-10-30 12:00:00+00:00,3.179294559374285e-05,2.846544618592353e-29
2025-10-30 16:00:00+00:00,9.610978955606632e-05,2.877085847910064e-29
2025-10-30 20:00:00+00:00,1.6219741920260726e-05,2.8970365231772126e-29
2025-10-31 00:00:00+00:00,0.00012033582484958987,2.8994565602097304e-29
2025-10-31 04:00:00+00:00,0.00010404738109394694,2.9080118138150475e-29
2025-10-31 08:00:00+00:00,0.00018510949749412422,2.899384337867237e-29
2025-10-31 12:00:00+00:00,0.0001647269202482254,2.8835784373627137e-29
2025-10-31 16:00:00+00:00,0.00011530099185826936,2.907149465350453e-29
2025-10-31 20:00:00+00:00,7.77581410180419e-05,2.924709504646307e-29
2025-11-01 00:00:00+00:00,5.2654322178843094e-05,2.9235095879765915e-29
2025-11-01 04:00:00+00:00,0.0001144002540376784,2.932750970717693e-29
2025-11-01 08:00:00+00:00,6.246944074546813e-05,2.9345757773545527e-29
2025-11-01 12:00:00+00:00,0.00019571973579115678,2.920554242686149e-29
2025-11-01 16:00:00+00:00,0.00010826226375701124,2.940266723185734e-29
2025-11-01 20:00:00+00:00,0.00017499642520896425,2.9557555464777224e-29
2025-11-02 00:00:00+00:00,4.597626192277405e-05,2.9609201651807966e-29
2025-11-02 04:00:00+00:00,6.352821524529971e-05,2.9764073668848985e-29
2025-11-02 08:00:00+00:00,6.73537208914362e-05,2.9857979755500816e-29
2025-11-02 12:00:00+00:00,7.284548572325498e-05,2.978051674964094e-29
2025-11-02 16:00:00+00:00,3.7468833599063855e-05,2.975732017723633e-29
2025-11-02 20:00:00+00:00,3.663207698788296e-05,2.9698382291120634e-29
2025-11-03 00:00:00+00:00,9.457506278819639e-05,2.0788867603784444e-29
2025-11-03 04:00:00+00:00,7.976357537879242e-05,2.0621055882948324e-29
2025-11-03 08:00:00+00:00,0.00010304922631715742,2.0623190104695974e-29
2025-11-03 12:00:00+00:00,2.9196570118200414e-05,2.0725261898953786e-29
2025-11-03 16:00:00+00:00,0.00013651373683874713,2.072529499313902e-29
2025-11-03 20:00:00+00:00,2.0544149446968952e-05,2.0825003757573224e-29
2025-11-04 00:00:00+00:00,1.2932038291031679e-05,2.0794998664375353e-29
2025-11-04 04:00:00+00:00,6.466178183118869e-06,1.4556499065062747e-29
2025-11-04 08:00:00+00:00,4.446301047062997e-05,1.465439595912603e-29
2025-11-04 12:00:00+00:00,8.557219920014833e-05,1.4743976098515441e-29
2025-11-04 16:00:00+00:00,2.0515696394034916e-05,1.4788054071944243e-29
2025-11-04 20:00:00+00:00,6.753745509656224e-05,1.484221041856066e-29
2025-11-05 00:00:00+00:00,8.031516419620536e-05,1.4735908209757453e-29
2025-11-05 04:00:00+00:00,7.243934819393186e-05,1.473225069200912e-29
2025-11-05 08:00:00+00:00,6.946651712502302e-05,1.4812303620479496e-29
2025-11-05 12:00:00+00:00,5.880073551550277e-06,1.472928568077578e-29
2025-11-05 16:00:00+00:00,0.00014270098190765075,1.4779268648566795e-29
2025-11-05 20:00:00+00:00,9.290405201410972e-05,1.4685559682350088e-29
2025-11-06 00:00:00+00:00,0.00015431690636527728,1.4717984543032455e-29
2025-11-06 04:00:00+00:00,7.69794941150593e-05,1.47889751380211e-29
2025-11-06 08:00:00+00:00,7.822095442847617e-05,1.4772284566266565e-29
2025-11-06 12:00:00+00:00,9.354951438485743e-05,1.4787619068650886e-29
2025-11-06 16:00:00+00:00,0.00018755726092986512,1.4875495276998732e-29
2025-11-06 20:00:00+00:00,0.00011827327250049611,1.4946742800038102e-29
2025-11-07 00:00:00+00:00,1.9331971687796023e-05,1.494605184036535e-29
2025-11-07 04:00:00+00:00,7.203763613735175e-05,1.5064976752693964e-29
2025-11-07 08:00:00+00:00,0.00014645298383167383,1.507739391562689e-29
2025-11-07 12:00:00+00:00,5.903065628062369e-05,1.5131488028708615e-29
2025-11-07 16:00:00+00:00,0.00013228831302492948,1.4988623753484886e-29
2025-11-07 20:00:00+00:00,0.00011350315545134358,1.4967811338466636e-29
2025-11-08 00:00:00+00:00,4.1197513364278325e-05,1.4995991474259617e-29
2025-11-08 04:00:00+00:00,0.00015364918918112373,1.4996324234717992e-29
2025-11-08 08:00:00+00:00,0.0001083104653470613,1.5050054859120182e-29
2025-11-08 12:00:00+00:00,6.40382844313088e-05,1.4909961656355372e-29
2025-11-08 16:00:00+00:00,4.354306803651057e-05,1.4891836338022668e-29
2025-11-08 20:00:00+00:00,-1.8044551045432783e-05,1.4931351201355186e-29
2025-11-09 00:00:00+00:00,0.00021322474761063296,1.4960792017508586e-29
2025-11-09 04:00:00+00:00,5.970678290861214e-05,1.4863709097945854e-29
2025-11-09 08:00:00+00:00,7.92061319161157e-05,1.4834265158317664e-29
2025-11-09 12:00:00+00:00,7.042225366099666e-05,1.4922447666129314e-29
2025-11-09 16:00:00+00:00,0.00011190544685082237,1.4990834062656155e-29
2025-11-09 20:00:00+00:00,0.00013985618286105553,1.504046197758589e-29
2025-11-10 00:00:00+00:00,0.00010548956288709961,1.5071456405525846e-29
2025-11-10 04:00:00+00:00,0.00012793744495037952,1.5095437484822803e-29
2025-11-10 08:00:00+00:00,0.00011505117671565268,1.5231898825974923e-29
2025-11-10 12:00:00+00:00,0.00010749257009427376,1.5180084481820983e-29
2025-11-10 16:00:00+00:00,7.136671863113443e-05,1.5078454522136983e-29
2025-11-10 20:00:00+00:00,6.421261603014403e-05,1.5144836711703617e-29
2025-11-11 00:00:00+00:00,0.000156400622864759,1.5115839105499207e-29
2025-11-11 04:00:00+00:00,9.626119169067035e-05,1.5090224372669839e-29
2025-11-11 08:00:00+00:00,0.00011316390997247881,1.4982443098827735e-29
2025-11-11 12:00:00+00:00,0.0001430902557896553,1.4941209591387206e-29
2025-11-11 16:00:00+00:00,3.712033144809329e-05,1.4958738359403177e-29
2025-11-11 20:00:00+00:00,6.723693030186077e-05,1.4973624881654317e-29
2025-11-12 00:00:00+00:00,-9.166574081059701e-06,1.494118532770841e-29
2025-11-12 04:00:00+00:00,0.00013643675129956437,1.5122268967895277e-29
2025-11-12 08:00:00+00:00,4.0635090223610165e-05,1.491164358325235e-29
2025-11-12 12:00:00+00:00,0.000161436358975437,1.4852431085900543e-29
2025-11-12 16:00:00+00:00,9.126326191998025e-05,1.4886165210451906e-29
2025-11-12 20:00:00+00:00,2.9314063786840634e-06,1.4796396071249086e-29
2025-11-13 00:00:00+00:00,0.00013659719013437422,1.4987400438107715e-29
2025-11-13 04:00:00+00:00,0.00011499996099421937,1.505014201011617e-29
2025-11-13 08:00:00+00:00,3.696305973616844e-05,1.5096664636825012e-29
2025-11-13 12:00:00+00:00,8.595643147706847e-05,1.5153032409108276e-29
2025-11-13 16:00:00+00:00,5.443326771386796e-05,1.0607122686375793e-29
2025-11-13 20:00:00+00:00,5.6041350472104965e-05,1.0684657015006451e-29
2025-11-14 00:00:00+00:00,0.00010351568331058501,1.0760185015815246e-29
2025-11-14 04:00:00+00:00,0.00011851465261308754,1.0766116080487886e-29
2025-11-14 08:00:00+00:00,4.227455729548117e-05,1.083007009767917e-29
2025-11-14 12:00:00+00:00,0.0001445282540511377,1.077884258859357e-29
2025-11-14 16:00:00+00:00,1.795435733739942e-05,1.0763436095189763e-29
2025-11-14 20:00:00+00:00,8.731426818189348e-05,1.082114994243892e-29
2025-11-15 00:00:00+00:00,-4.885280214638508e-05,1.080060292014906e-29
2025-11-15 04:00:00+00:00,3.373913991357271e-05,1.0784814201284109e-29
2025-11-15 08:00:00+00:00,0.00015427915890712002,1.0729129510225667e-29
2025-11-15 12:00:00+00:00,6.505528204180187e-05,1.0721465226880393e-29
2025-11-15 16:00:00+00:00,7.176765479494974e-05,1.0728437411340625e-29
2025-11-15 20:00:00+00:00,8.59667481655445e-05,1.073510900140987e-29
2025-11-16 00:00:00+00:00,0.00014380078259588355,1.0771755192803748e-29
2025-11-16 04:00:00+00:00,0.00017921487208822642,1.0723104649586843e-29
2025-11-16 08:00:00+00:00,5.921443038838327e-05,1.0871093530446745e-29
2025-11-16 12:00:00+00:00,0.00011895418692672369,1.0858871425999005e-29
2025-11-16 16:00:00+00:00,0.00013653448086765993,1.0905362294394476e-29
2025-11-16 20:00:00+00:00,0.0001068342568498686,1.0931070465149275e-29
2025-11-17 00:00:00+00:00,4.558819447537343e-05,1.0934311912999827e-29
2025-11-17 04:00:00+00:00,0.00016653224659130225,1.098460610218214e-29
2025-11-17 08:00:00+00:00,0.00015047830413560071,1.0983127515853169e-29
2025-11-17 12:00:00+00:00,0.0001094453573221685,1.1093127506191474e-29
2025-11-17 16:00:00+00:00,9.535969320900193e-05,7.765189254334032e-30
2025-11-17 20:00:00+00:00,2.2470849318373006e-05,7.768742894901635e-30
2025-11-18 00:00:00+00:00,3.15327709180582e-05,7.777963500153839e-30
2025-11-18 04:00:00+00:00,2.1032845094012176e-05,7.8305447136227e-30
2025-11-18 08:00:00+00:00,0.00016194984462624022,7.76883512416233e-30
2025-11-18 12:00:00+00:00,0.0001429843606470859,7.813793553867657e-30
2025-11-18 16:00:00+00:00,0.00012174343989897692,7.832307447431713e-30
2025-11-18 20:00:00+00:00,0.00014434973253420042,7.83612608409567e-30
2025-11-19 00:00:00+00:00,8.865504924113015e-05,7.822108107273729e-30
2025-11-19 04:00:00+00:00,0.00020149471912371674,7.794704608101344e-30
2025-11-19 08:00:00+00:00,8.721172051180987e-05,7.782034411030357e-30
2025-11-19 12:00:00+00:00,9.257950751409193e-05,7.7720870596001e-30
2025-11-19 16:00:00+00:00,0.00012078566730410695,7.797678398641236e-30
2025-11-19 20:00:00+00:00,5.935222935372297e-05,7.785645912488387e-30
2025-11-20 00:00:00+00:00,0.0001333116405431774,7.796483145625632e-30
2025-11-20 04:00:00+00:00,0.00017024740613795722,7.812694589001564e-30
2025-11-20 08:00:00+00:00,5.9962969626544244e-05,7.829364446862131e-30
2025-11-20 12:00:00+00:00,0.00010368194382294363,7.899461286215103e-30
2025-11-20 16:00:00+00:00,2.0838308244636497e-05,7.957280228421639e-30
2025-11-20 20:00:00+00:00,8.113255522755024e-05,7.898524063553458e-30
2025-11-21 00:00:00+00:00,4.2154477537912964e-05,7.9086349590905e-30
2025-11-21 04:00:00+00:00,4.645748837280762e-05,7.86784518223377e-30
2025-11-21 08:00:00+00:00,1.5252440082967723e-05,7.879852362260047e-30
2025-11-21 12:00:00+00:00,5.249050353232401e-05,7.950761843324278e-30
2025-11-21 16:00:00+00:00,-3.1357338162469365e-05,7.91371458559621e-30
2025-11-21 20:00:00+00:00,3.657379456741924e-05,7.84996293834761e-30
2025-11-22 00:00:00+00:00,6.08342744928184e-05,7.866435708990966e-30
2025-11-22 04:00:00+00:00,1.1275632563320432e-05,7.846949493903623e-30
2025-11-22 08:00:00+00:00,4.194709672091211e-05,7.881615957094015e-30
2025-11-22 12:00:00+00:00,0.0001341338159556278,7.900407518987114e-30
2025-11-22 16:00:00+00:00,7.216689784743179e-05,7.903358192039738e-30
2025-11-22 20:00:00+00:00,5.979429420851197e-05,7.905752429695774e-30
2025-11-23 00:00:00+00:00,0.00012156361458276166,7.921961034437054e-30
2025-11-23 04:00:00+00:00,0.00010040711603584764,7.995491647976574e-30
2025-11-23 08:00:00+00:00,0.0001874371731495798,8.027135085172187e-30
2025-11-23 12:00:00+00:00,0.00018118029636963052,8.062219194609798e-30
2025-11-23 16:00:00+00:00,0.00021475166486988924,8.121769657223236e-30
2025-11-23 20:00:00+00:00,7.621394491118849e-05,8.128501833834677e-30
2025-11-24 00:00:00+00:00,0.00021491760874591415,8.099125315517219e-30
2025-11-24 04:00:00+00:00,0.00010436252157576832,8.168258955208925e-30
2025-11-24 08:00:00+00:00,5.0919405584605355e-05,8.145793926730265e-30
2025-11-24 12:00:00+00:00,0.0002186880446084331,8.131644669219761e-30
2025-11-24 16:00:00+00:00,6.871436586684082e-05,8.162058243895995e-30
2025-11-24 20:00:00+00:00,0.00013276450964448244,8.190603066864163e-30
2025-11-25 00:00:00+00:00,0.00020226491001175688,8.182150397330551e-30
2025-11-25 04:00:00+00:00,0.00013628684682661879,8.228159880116417e-30
2025-11-25 08:00:00+00:00,8.684734851028006e-05,8.242381488584488e-30
2025-11-25 12:00:00+00:00,6.943343360751906e-05,8.208434444652403e-30
2025-11-25 16:00:00+00:00,0.00013028583721470477,8.243139507769361e-30
2025-11-25 20:00:00+00:00,0.00011254974315278159,8.196723278818312e-30
2025-11-26 00:00:00+00:00,0.00022549741207424334,8.241009570585875e-30
2025-11-26 04:00:00+00:00,0.00013898715449044924,8.236612538419383e-30
2025-11-26 08:00:00+00:00,7.175811217552218e-05,8.241940506988496e-30
2025-11-26 12:00:00+00:00,4.231163828177334e-05,8.188037517338137e-30
2025-11-26 16:00:00+00:00,0.00014170116875564449,8.161434926834048e-30
2025-11-26 20:00:00+00:00,0.00011661776044065454,8.16493079624381e-30
2025-11-27 00:00:00+00:00,0.0001331256466415284,8.181853779251425e-30
2025-11-27 04:00:00+00:00,0.00011844779907585465,8.149348973366427e-30
2025-11-27 08:00:00+00:00,7.179082267268169e-05,8.129913672234383e-30
2025-11-27 12:00:00+00:00,0.00013777500044660502,8.16424992926144e-30
2025-11-27 16:00:00+00:00,7.56561860079082e-05,8.163505286581827e-30
2025-11-27 20:00:00+00:00,4.648323570109054e-05,8.17867663964785e-30
2025-11-28 00:00:00+00:00,0.00011447208696576593,8.189278806789812e-30
2025-11-28 04:00:00+00:00,8.096804477021545e-05,8.251892843129989e-30
2025-11-28 08:00:00+00:00,7.497575589986841e-05,8.213632923163071e-30
2025-11-28 12:00:00+00:00,0.00012531332218937893,8.216967373231294e-30
2025-11-28 16:00:00+00:00,1.501727525589641e-05,8.230502650950908e-30
2025-11-28 20:00:00+00:00,4.575827493185062e-05,8.187250231781704e-30
2025-11-29 00:00:00+00:00,8.815485090445548e-05,8.224325249203675e-30
2025-11-29 04:00:00+00:00,9.805411175768491e-05,8.285273325858085e-30
2025-11-29 08:00:00+00:00,8.151491881154801e-05,8.261005790672475e-30
2025-11-29 12:00:00+00:00,3.254487377250832e-05,8.26639233456539e-30
2025-11-29 16:00:00+00:00,0.00016626204716461876,8.184022140893364e-30
2025-11-29 20:00:00+00:00,0.00012174854033870224,8.169286983862188e-30
2025-11-30 00:00:00+00:00,6.815875417872264e-05,8.218015817938509e-30
2025-11-30 04:00:00+00:00,8.211578876370479e-05,8.325636086068981e-30
2025-11-30 08:00:00+00:00,0.00011603828163816619,8.344808920603307e-30
2025-11-30 12:00:00+00:00,0.00011750326474066761,8.374031275161405e-30
2025-11-30 16:00:00+00:00,0.00010427812071551856,8.370872858632154e-30
2025-11-30 20:00:00+00:00,4.2948059693556694e-05,8.370849516652413e-30
2025-12-01 00:00:00+00:00,7.508843086682452e-05,8.301239278819384e-30
2025-12-01 04:00:00+00:00,5.071056047863271e-05,8.319597012273622e-30
2025-12-01 08:00:00+00:00,4.422833262634958e-05,8.352310959131437e-30
2025-12-01 12:00:00+00:00,-6.452528580033949e-05,8.338093185423652e-30
2025-12-01 16:00:00+00:00,-1.09144909956047e-05,8.336428159052998e-30
2025-12-01 20:00:00+00:00,5.285176036428515e-05,8.34810502479008e-30
2025-12-02 00:00:00+00:00,0.00011424004938434235,8.311123305131826e-30
2025-12-02 04:00:00+00:00,0.00012074869794358013,8.324648392633229e-30
2025-12-02 08:00:00+00:00,2.7419907528728493e-05,8.316055346986058e-30
2025-12-02 12:00:00+00:00,-1.727632266481726e-05,8.303199830203576e-30
2025-12-02 16:00:00+00:00,3.970660596862488e-05,8.358000570407681e-30
2025-12-02 20:00:00+00:00,0.0002205064196462351,8.463579992666697e-30
2025-12-03 00:00:00+00:00,0.00016774183249529973,8.543206248534669e-30
2025-12-03 04:00:00+00:00,9.61792530485896e-05,8.535293930435415e-30
2025-12-03 08:00:00+00:00,0.0002455126666802928,8.566450191797812e-30
2025-12-03 12:00:00+00:00,0.00016311951827533078,8.605892849210558e-30
2025-12-03 16:00:00+00:00,4.68833895642503e-05,8.592799451158744e-30
2025-12-03 20:00:00+00:00,1.1961360210872065e-05,8.582266323636362e-30
2025-12-04 00:00:00+00:00,0.00014041992434254757,8.496358784713187e-30
2025-12-04 04:00:00+00:00,0.0001675266880375656,8.432665864738535e-30
2025-12-04 08:00:00+00:00,0.0001593114419233179,8.428462359072554e-30
2025-12-04 12:00:00+00:00,0.00011686947941731411,8.483385139002714e-30
2025-12-04 16:00:00+00:00,6.61658615945237e-05,8.507498193538639e-30
2025-12-04 20:00:00+00:00,7.97500947714874e-05,8.513778081848472e-30
2025-12-05 00:00:00+00:00,3.39032163055824e-05,8.457540615854253e-30
2025-12-05 04:00:00+00:00,0.00016048887191130834,8.454121975657943e-30
2025-12-05 08:00:00+00:00,0.00010275135251813463,8.464106768223037e-30
2025-12-05 12:00:00+00:00,0.00010084441295395372,8.550946129545022e-30
2025-12-05 16:00:00+00:00,8.514351083877466e-05,8.476472416014672e-30
2025-12-05 20:00:00+00:00,8.805696071735133e-05,8.472888482066072e-30
2025-12-06 00:00:00+00:00,1.4814399540550564e-05,8.463916955265342e-30
2025-12-06 04:00:00+00:00,-2.12066538242016e-05,8.50869502950739e-30
2025-12-06 08:00:00+00:00,6.405807830268223e-05,8.517028811748943e-30
2025-12-06 12:00:00+00:00,0.00010506737313536058,8.585499297709732e-30
2025-12-06 16:00:00+00:00,5.787956911354445e-05,8.595141423273045e-30
2025-12-06 20:00:00+00:00,4.184485151147001e-06,8.650805216022611e-30
2025-12-07 00:00:00+00:00,0.00013262514280493515,8.727735555546579e-30
2025-12-07 04:00:00+00:00,6.08368948866103e-05,8.839003518295573e-30
2025-12-07 08:00:00+00:00,5.9552399790364756e-05,8.840141729259489e-30
2025-12-07 12:00:00+00:00,0.000143646010677734,8.835238027740468e-30
2025-12-07 16:00:00+00:00,8.009550556348932e-05,8.830232058457746e-30
2025-12-07 20:00:00+00:00,5.391279483718715e-05,8.869417081181359e-30
2025-12-08 00:00:00+00:00,0.0001463435312583844,8.886401859345396e-30
2025-12-08 04:00:00+00:00,2.6390975164435296e-05,8.908493579798539e-30
2025-12-08 08:00:00+00:00,0.00020508658927999543,9.001809282894444e-30
2025-12-08 12:00:00+00:00,1.3832470621697765e-05,9.009054442002328e-30
2025-12-08 16:00:00+00:00,8.230403390511934e-05,9.04008432525278e-30
2025-12-08 20:00:00+00:00,0.00015594667328047867,9.088927299640096e-30
2025-12-09 00:00:00+00:00,0.00010793322987602678,9.090733383940678e-30
2025-12-09 04:00:00+00:00,9.761875076148306e-05,9.05648624706347e-30
2025-12-09 08:00:00+00:00,2.0422864160201004e-05,9.108224814528899e-30
2025-12-09 12:00:00+00:00,3.783566103865744e-05,9.088124374692728e-30
2025-12-09 16:00:00+00:00,3.41846025298677e-05,9.065347492011554e-30
2025-12-09 20:00:00+00:00,0.00013803716615774702,9.063660304353979e-30
2025-12-10 00:00:00+00:00,8.701448413595113e-05,9.014232027710041e-30
2025-12-10 04:00:00+00:00,7.594331044536152e-05,8.993519976930262e-30
2025-12-10 08:00:00+00:00,7.032045604819159e-05,8.947753755797529e-30
2025-12-10 12:00:00+00:00,0.00011150931615181686,8.927761712316462e-30
2025-12-10 16:00:00+00:00,0.0001870838186573982,8.960391851430477e-30
2025-12-10 20:00:00+00:00,6.287419373050468e-05,8.906856291160536e-30
2025-12-11 00:00:00+00:00,3.254700874471316e-05,6.234799403812375e-30
2025-12-11 04:00:00+00:00,6.98282645981523e-05,6.252199429971927e-30
2025-12-11 08:00:00+00:00,0.00016151533834776453,6.306817059729232e-30
2025-12-11 12:00:00+00:00,6.266987438355016e-05,6.337712974794505e-30
2025-12-11 16:00:00+00:00,4.3389059223754075e-05,6.345579637898172e-30
2025-12-11 20:00:00+00:00,2.3433207219068233e-05,6.402238635720052e-30
2025-12-12 00:00:00+00:00,0.00010294730134655183,6.393063858133134e-30
2025-12-12 04:00:00+00:00,0.00016694700437505758,6.449705599091646e-30
2025-12-12 08:00:00+00:00,0.0001546516566874987,6.429333766685895e-30
2025-12-12 12:00:00+00:00,8.968436852878524e-05,6.395787158800696e-30
2025-12-12 16:00:00+00:00,8.801786565849585e-05,6.43651373228072e-30
2025-12-12 20:00:00+00:00,3.224549707374804e-05,6.520715666370806e-30
2025-12-13 00:00:00+00:00,9.525495046057173e-05,6.583717687309847e-30
2025-12-13 04:00:00+00:00,8.095707580748113e-05,6.622350534903992e-30
2025-12-13 08:00:00+00:00,8.323879185796191e-05,6.669455647780064e-30
2025-12-13 12:00:00+00:00,3.503098777855892e-05,6.651471118864167e-30
2025-12-13 16:00:00+00:00,0.00013128322634948456,6.593498871828925e-30
2025-12-13 20:00:00+00:00,8.580508087854847e-05,6.607330990377388e-30
2025-12-14 00:00:00+00:00,7.053829926956935e-05,6.579137857319169e-30
2025-12-14 04:00:00+00:00,0.0001523365682619874,6.60291794162575e-30
2025-12-14 08:00:00+00:00,2.3963545920700665e-05,6.573005251294638e-30
2025-12-14 12:00:00+00:00,0.00013145439924562731,6.548561177228034e-30
2025-12-14 16:00:00+00:00,4.736051517839293e-05,6.51572875944978e-30
2025-12-14 20:00:00+00:00,0.00010932531300992309,6.53998453783889e-30
2025-12-15 00:00:00+00:00,5.540882232034877e-05,6.521256876628314e-30
2025-12-15 04:00:00+00:00,0.0001324992823624531,6.575154490685899e-30
2025-12-15 08:00:00+00:00,0.00016794284797982825,6.591245699381438e-30
2025-12-15 12:00:00+00:00,0.00015597309607916194,6.590004922134082e-30
2025-12-15 16:00:00+00:00,0.00011172100911804842,6.564902611267652e-30
2025-12-15 20:00:00+00:00,4.6583861396480123e-05,6.571055533466221e-30
2025-12-16 00:00:00+00:00,2.6142675718123147e-05,6.574599032253651e-30
2025-12-16 04:00:00+00:00,5.6174170219169714e-05,6.607123950259039e-30
2025-12-16 08:00:00+00:00,0.0001366661859950865,6.585903637230913e-30
2025-12-16 12:00:00+00:00,0.00016690098793199515,6.611094614993753e-30
2025-12-16 16:00:00+00:00,9.413107937522416e-05,6.635330903969007e-30
2025-12-16 20:00:00+00:00,7.489660226355718e-05,6.63516851306668e-30
2025-12-17 00:00:00+00:00,0.00016943016961489847,6.570689806416972e-30
2025-12-17 04:00:00+00:00,5.847344668287872e-05,6.584581130540314e-30
2025-12-17 08:00:00+00:00,7.836069028774259e-05,6.564624889134534e-30
2025-12-17 12:00:00+00:00,0.0001166259282289089,6.535378150128363e-30
2025-12-17 16:00:00+00:00,6.204160693517815e-05,6.524957835508251e-30
2025-12-17 20:00:00+00:00,8.121791263746451e-05,6.476309226602776e-30
2025-12-18 00:00:00+00:00,0.00011080714681565757,6.533215468632791e-30
2025-12-18 04:00:00+00:00,0.00012185007925916166,6.470447812219457e-30
2025-12-18 08:00:00+00:00,0.00011878375224103439,6.407462281197646e-30
2025-12-18 12:00:00+00:00,0.00010867204893906179,6.421092376594959e-30
2025-12-18 16:00:00+00:00,-8.650740770109255e-06,4.494764663616471e-30
2025-12-18 20:00:00+00:00,4.9427080957618443e-05,4.50789913927609e-30
2025-12-19 00:00:00+00:00,9.00351855093693e-05,4.546179227167949e-30
2025-12-19 04:00:00+00:00,0.00013293697869471487,4.552820589850698e-30
2025-12-19 08:00:00+00:00,0.00012269037518267012,4.567969246153561e-30
2025-12-19 12:00:00+00:00,0.000125087342721088,4.551737465549308e-30
2025-12-19 16:00:00+00:00,0.00013694179882234482,4.5910111102563054e-30
2025-12-19 20:00:00+00:00,0.00016174486889706561,4.592524051659222e-30
2025-12-20 00:00:00+00:00,0.00010654470132266117,4.594594970749184e-30
2025-12-20 04:00:00+00:00,0.0001313236101134778,4.616461544704704e-30
2025-12-20 08:00:00+00:00,0.00013241744244334386,4.6006490480929195e-30
2025-12-20 12:00:00+00:00,0.00021630857599648512,4.5908635419640045e-30
2025-12-20 16:00:00+00:00,6.0309728686635644e-05,4.582645867779936e-30
2025-12-20 20:00:00+00:00,0.00011562604530490472,4.619879144316528e-30
2025-12-21 00:00:00+00:00,4.2671570016598876e-05,4.6336180258158684e-30
2025-12-21 04:00:00+00:00,5.166552590366697e-05,4.660576528736467e-30
2025-12-21 08:00:00+00:00,0.00010486114256331623,4.652678588433608e-30
2025-12-21 12:00:00+00:00,0.00015067803701873135,4.66818133793054e-30
2025-12-21 16:00:00+00:00,9.73041582733478e-05,4.6541495512185065e-30
2025-12-21 20:00:00+00:00,0.00011282501431491406,4.673989238439942e-30
2025-12-22 00:00:00+00:00,0.00014500715571306755,4.687200074228651e-30
2025-12-22 04:00:00+00:00,6.539099474903126e-05,4.716019247015801e-30
2025-12-22 08:00:00+00:00,7.437436967502436e-05,4.7228985189903745e-30
2025-12-22 12:00:00+00:00,8.625470859441081e-05,4.7230538871252604e-30
2025-12-22 16:00:00+00:00,0.00010151844511008636,4.7490511515219976e-30
2025-12-22 20:00:00+00:00,6.251096434609133e-05,4.7434921155348345e-30
2025-12-23 00:00:00+00:00,8.788680180984108e-05,4.7585692022682704e-30
2025-12-23 04:00:00+00:00,6.782103182317716e-05,4.772141544316422e-30
2025-12-23 08:00:00+00:00,6.877051886593857e-05,4.7515126173046905e-30
2025-12-23 12:00:00+00:00,0.00019273821737528736,4.7428251655961814e-30
2025-12-23 16:00:00+00:00,0.00010240903325686693,4.787190264852109e-30
2025-12-23 20:00:00+00:00,0.00017224645652789386,4.788042399643974e-30
2025-12-24 00:00:00+00:00,8.068708381749897e-05,4.807542355432895e-30
2025-12-24 04:00:00+00:00,7.018217218740554e-05,4.815325948835105e-30
2025-12-24 08:00:00+00:00,0.00012063164082559526,4.8307205439004795e-30
2025-12-24 12:00:00+00:00,0.00014572484564239537,4.826219474695687e-30
2025-12-24 16:00:00+00:00,0.00010589700150770952,4.8028077356284745e-30
2025-12-24 20:00:00+00:00,6.690269171602852e-05,4.796568165423762e-30
2025-12-25 00:00:00+00:00,5.8620609529423934e-05,4.789449787573582e-30
2025-12-25 04:00:00+00:00,3.4832301491631046e-05,4.783085620974274e-30
2025-12-25 08:00:00+00:00,3.1725244251796684e-05,4.813262881149009e-30
2025-12-25 12:00:00+00:00,6.531595726345434e-05,4.766595567455412e-30
2025-12-25 16:00:00+00:00,6.249923962881108e-05,4.794932100261624e-30
2025-12-25 20:00:00+00:00,0.000144636728633109,4.828517617302907e-30
2025-12-26 00:00:00+00:00,7.611304385489694e-05,4.834656471657363e-30
2025-12-26 04:00:00+00:00,6.264077082369031e-05,4.858007744202788e-30
2025-12-26 08:00:00+00:00,0.00013826348399594818,4.8689545945885456e-30
2025-12-26 12:00:00+00:00,0.00011847793341903882,4.8967284484335394e-30
2025-12-26 16:00:00+00:00,3.082452445290023e-05,4.920239592670555e-30
2025-12-26 20:00:00+00:00,5.8142778686158895e-05,4.9245198726319836e-30
2025-12-27 00:00:00+00:00,5.310114395182175e-05,4.926174751935507e-30
2025-12-27 04:00:00+00:00,0.00012990250994823012,4.928634055929357e-30
2025-12-27 08:00:00+00:00,8.439587563664302e-05,4.9197857210186315e-30
2025-12-27 12:00:00+00:00,0.00010073863075403257,4.939997210261746e-30
2025-12-27 16:00:00+00:00,9.168581242413059e-05,4.9431100840924335e-30
2025-12-27 20:00:00+00:00,9.979457018832395e-05,4.9528766942335366e-30
2025-12-28 00:00:00+00:00,0.00011477068904792328,4.936336713935606e-30
2025-12-28 04:00:00+00:00,4.1491182115204366e-05,4.933968021346925e-30
2025-12-28 08:00:00+00:00,5.7521615866808825e-05,4.9491430818321895e-30
2025-12-28 12:00:00+00:00,0.00013986179799711418,4.935860067544444e-30
2025-12-28 16:00:00+00:00,0.00013325662967865313,4.927607529601258e-30
2025-12-28 20:00:00+00:00,8.284756137647216e-05,4.963437046834816e-30
2025-12-29 00:00:00+00:00,3.500810130277988e-05,4.973211552118207e-30
2025-12-29 04:00:00+00:00,7.078628556100591e-05,5.001838920831469e-30
2025-12-29 08:00:00+00:00,5.051556439456906e-05,5.0548108821876514e-30
2025-12-29 12:00:00+00:00,6.474925879905997e-05,5.0328226759064495e-30
2025-12-29 16:00:00+00:00,0.00010882324722448928,5.037460602503273e-30
2025-12-29 20:00:00+00:00,0.00018346564551427377,5.102835404531969e-30
2025-12-30 00:00:00+00:00,9.022100177038896e-05,5.0614855701944756e-30
2025-12-30 04:00:00+00:00,7.06430159102233e-05,5.072838686940819e-30
2025-12-30 08:00:00+00:00,0.00014222119293280842,5.054434325673314e-30
2025-12-30 12:00:00+00:00,0.0001898261916177232,5.078174154603151e-30
2025-12-30 16:00:00+00:00,0.0001594941255796228,5.105939967626499e-30
2025-12-30 20:00:00+00:00,6.412695069726099e-05,5.088801076836733e-30
2025-12-31 00:00:00+00:00,8.815023719026863e-05,5.123206205807999e-30
2025-12-31 04:00:00+00:00,5.539339635645495e-05,5.094718997100347e-30
2025-12-31 08:00:00+00:00,0.00013537200923743789,5.1090725839910006e-30
2025-12-31 12:00:00+00:00,0.00012410497130286503,5.125551399523973e-30
2025-12-31 16:00:00+00:00,5.903293268616874e-05,5.116184105300797e-30
2025-12-31 20:00:00+00:00,0.00020287449784405864,5.0711288186106126e-30
2026-01-01 00:00:00+00:00,0.00013611117280433945,5.093380539333569e-30
2026-01-01 04:00:00+00:00,0.00010841020675559051,5.082901462406738e-30
2026-01-01 08:00:00+00:00,7.986030998705501e-05,5.0830284050226685e-30
2026-01-01 12:00:00+00:00,7.363362955152642e-05,5.1116975289556955e-30
2026-01-01 16:00:00+00:00,0.00012017327342622128,5.1371761518867706e-30
2026-01-01 20:00:00+00:00,7.500541672924052e-05,5.135631426471237e-30
2026-01-02 00:00:00+00:00,0.0001090304744418232,5.17615571920305e-30
2026-01-02 04:00:00+00:00,0.00012608638241086342,5.117885264872246e-30
2026-01-02 08:00:00+00:00,0.00016142072932337845,5.1145485113308e-30
2026-01-02 12:00:00+00:00,0.00010808061387716181,5.157330118389506e-30
2026-01-02 16:00:00+00:00,0.00010035169603634679,5.1953636896099704e-30
2026-01-02 20:00:00+00:00,0.0001450989630476821,5.193820101251629e-30
2026-01-03 00:00:00+00:00,0.00010664229073851968,5.189111192919613e-30
2026-01-03 04:00:00+00:00,4.311842915992628e-05,5.219866119495409e-30
2026-01-03 08:00:00+00:00,6.750519489453023e-05,5.224545440606313e-30
2026-01-03 12:00:00+00:00,7.900469051708794e-05,5.244835897462178e-30
2026-01-03 16:00:00+00:00,7.555101017231938e-05,5.2425550089422064e-30
2026-01-03 20:00:00+00:00,0.0001054470919521641,5.2842968091544754e-30
2026-01-04 00:00:00+00:00,0.00013277885245075442,5.277941935267751e-30
2026-01-04 04:00:00+00:00,0.00011381020098202571,5.3369628260614496e-30
2026-01-04 08:00:00+00:00,0.00011668507256479585,5.387918710394683e-30
2026-01-04 12:00:00+00:00,9.550372071096775e-05,5.3808671019470436e-30
2026-01-04 16:00:00+00:00,7.203779763909121e-05,5.37855290702173e-30
2026-01-04 20:00:00+00:00,7.566376401105551e-05,5.378805306853256e-30
2026-01-05 00:00:00+00:00,0.00011843740037123775,5.382063364489018e-30
2026-01-05 04:00:00+00:00,9.291267023881088e-05,5.3592203367781326e-30
2026-01-05 08:00:00+00:00,9.106988385752117e-05,5.347392644221621e-30
2026-01-05 12:00:00+00:00,0.00017002083626291309,5.331493438502697e-30
2026-01-05 16:00:00+00:00,0.0001804475212794074,5.3411201842576526e-30
2026-01-05 20:00:00+00:00,8.024787824731592e-05,5.330606560908277e-30
2026-01-06 00:00:00+00:00,0.00017175889608434767,5.335330524137081e-30
2026-01-06 04:00:00+00:00,0.00015772160804606629,5.360894607733163e-30
2026-01-06 08:00:00+00:00,0.0001293103420149782,5.3773974007558396e-30
2026-01-06 12:00:00+00:00,7.976811269621205e-05,5.4184050080319145e-30
2026-01-06 16:00:00+00:00,0.00013165281191488808,5.407835964226856e-30
2026-01-06 20:00:00+00:00,0.00017219581898608624,5.398000039243094e-30
2026-01-07 00:00:00+00:00,0.00019355054259699984,5.387473297375113e-30
2026-01-07 04:00:00+00:00,0.00013731599914347062,5.3232132892774305e-30
2026-01-07 08:00:00+00:00,9.432040239375896e-05,5.31299059559624e-30
2026-01-07 12:00:00+00:00,0.00010599189061515702,5.2613012911414884e-30
2026-01-07 16:00:00+00:00,9.440721578385231e-05,5.2235430475872944e-30
2026-01-07 20:00:00+00:00,0.0001796473898094085,5.204985194236956e-30
2026-01-08 00:00:00+00:00,0.00011320181427487831,5.158297964049454e-30
2026-01-08 04:00:00+00:00,5.212449524356038e-05,5.220049209664416e-30
2026-01-08 08:00:00+00:00,3.699234291216024e-05,5.218566193723634e-30
2026-01-08 12:00:00+00:00,0.00014225405353705562,5.262897993890554e-30
2026-01-08 16:00:00+00:00,7.033501699792567e-05,5.257455830858283e-30
2026-01-08 20:00:00+00:00,5.8346392978508926e-05,5.231595346820182e-30
2026-01-09 00:00:00+00:00,6.141947001686335e-05,5.257194853101926e-30
2026-01-09 04:00:00+00:00,8.329755526174121e-05,5.197752190933007e-30
2026-01-09 08:00:00+00:00,8.530776893573618e-05,5.21612438137191e-30
2026-01-09 12:00:00+00:00,0.00013971364475860422,5.2438049063527525e-30
2026-01-09 16:00:00+00:00,0.00011080297794107461,5.20324811363971e-30
2026-01-09 20:00:00+00:00,0.00019368108850852014,5.207269508866743e-30
2026-01-10 00:00:00+00:00,0.00012499075407234922,5.22214602276159e-30
2026-01-10 04:00:00+00:00,7.226231361847815e-05,5.2356784486713916e-30
2026-01-10 08:00:00+00:00,0.00015420126313080493,5.2280190808608764e-30
2026-01-10 12:00:00+00:00,0.00010550327850292009,5.282227562087496e-30
2026-01-10 16:00:00+00:00,0.00010359701157906818,5.34023458846433e-30
2026-01-10 20:00:00+00:00,6.430161585910204e-05,5.374010228919216e-30
2026-01-11 00:00:00+00:00,8.119018835033981e-05,5.4010336097397816e-30
2026-01-11 04:00:00+00:00,6.915445737183444e-05,5.35938368974866e-30
2026-01-11 08:00:00+00:00,0.000157404078609527,5.3285729173467826e-30
2026-01-11 12:00:00+00:00,6.806761763884824e-05,5.336288364255982e-30
2026-01-11 16:00:00+00:00,5.945277256302367e-05,5.398245179742808e-30
2026-01-11 20:00:00+00:00,0.0001286087058620243,5.383292890072904e-30
2026-01-12 00:00:00+00:00,0.00011559174678757694,5.363334567758358e-30
2026-01-12 04:00:00+00:00,0.00013721115768483926,5.316675937332219e-30
2026-01-12 08:00:00+00:00,8.250558950721089e-05,5.337096647974588e-30
2026-01-12 12:00:00+00:00,8.637304667478531e-05,5.36264262244118e-30
2026-01-12 16:00:00+00:00,9.091765056083845e-05,5.391921753763646e-30
2026-01-12 20:00:00+00:00,0.0001896449542071988,5.410702694204222e-30
2026-01-13 00:00:00+00:00,6.693415752192796e-05,5.356829068108502e-30
2026-01-13 04:00:00+00:00,0.00011340696479321117,5.3540687997499864e-30
2026-01-13 08:00:00+00:00,0.00012576754395323601,5.3506811409041324e-30
2026-01-13 12:00:00+00:00,0.00018041785256180307,5.343754618060994e-30
2026-01-13 16:00:00+00:00,1.8171506133762677e-06,5.347826337629069e-30
2026-01-13 20:00:00+00:00,8.371168003978131e-05,5.379645166305775e-30
2026-01-14 00:00:00+00:00,0.00019984787436902403,5.340497584000519e-30
2026-01-14 04:00:00+00:00,0.00013850009907134215,5.380585595209833e-30
2026-01-14 08:00:00+00:00,3.579915673605154e-05,5.4104639700290715e-30
2026-01-14 12:00:00+00:00,2.0576826492730375e-05,5.3742968753720234e-30
2026-01-14 16:00:00+00:00,5.3058610779643936e-05,5.387478246311377e-30
2026-01-14 20:00:00+00:00,0.00018529309183050666,5.390714518166959e-30
2026-01-15 00:00:00+00:00,3.9700155692085935e-05,5.3563298385171416e-30
2026-01-15 04:00:00+00:00,0.00011563773830147065,5.3821694546695356e-30
2026-01-15 08:00:00+00:00,4.312072696449246e-05,5.3933136780525436e-30
2026-01-15 12:00:00+00:00,7.364806273211322e-05,5.452463785521384e-30
2026-01-15 16:00:00+00:00,-7.4242621221930725e-06,5.489255017456752e-30
2026-01-15 20:00:00+00:00,0.00012663878727724257,5.471029376510639e-30
2026-01-16 00:00:00+00:00,4.176507275667238e-05,5.475672983420297e-30
2026-01-16 04:00:00+00:00,0.00012224569055735578,5.4543641388180936e-30
2026-01-16 08:00:00+00:00,6.960149531541497e-05,5.433812391771444e-30
2026-01-16 12:00:00+00:00,0.00015328288680896968,5.4480901908188925e-30
2026-01-16 16:00:00+00:00,0.00011818875965691107,5.461256655248018e-30
2026-01-16 20:00:00+00:00,4.7560935175712915e-05,5.4718344477999614e-30
2026-01-17 00:00:00+00:00,6.741935090737481e-05,5.489331085754183e-30
2026-01-17 04:00:00+00:00,0.00012464937900528772,5.4638102171534765e-30
2026-01-17 08:00:00+00:00,0.00010253122516580303,5.529903793301546e-30
2026-01-17 12:00:00+00:00,8.772887990990687e-05,5.543215030747693e-30
2026-01-17 16:00:00+00:00,0.00010143294918280552,5.523769158126304e-30
2026-01-17 20:00:00+00:00,6.869797450641072e-05,5.5531680876483814e-30
2026-01-18 00:00:00+00:00,0.00016680153678220452,5.576911362779874e-30
2026-01-18 04:00:00+00:00,4.9462726279322336e-05,5.627738027546022e-30
2026-01-18 08:00:00+00:00,9.145067455870704e-06,5.632488957485057e-30
2026-01-18 12:00:00+00:00,0.00017452104777077417,5.647541032453738e-30
2026-01-18 16:00:00+00:00,0.00011938774028215627,5.648811538674527e-30
2026-01-18 20:00:00+00:00,3.6360867064261804e-05,5.614809182798926e-30
2026-01-19 00:00:00+00:00,8.28976357752194e-05,5.599777570039972e-30
2026-01-19 04:00:00+00:00,7.852320707218772e-05,5.5905649671813646e-30
2026-01-19 08:00:00+00:00,1.629905685765021e-05,5.605141088576994e-30
2026-01-19 12:00:00+00:00,4.66909593630295e-05,5.601722022482177e-30
2026-01-19 16:00:00+00:00,4.240964592251894e-05,5.556294097023558e-30
2026-01-19 20:00:00+00:00,2.1250210907209677e-05,5.579853682944176e-30
2026-01-20 00:00:00+00:00,4.4112420491124315e-05,5.6169600218631634e-30
2026-01-20 04:00:00+00:00,0.00015124492273589933,5.618675602374491e-30
2026-01-20 08:00:00+00:00,0.000134659608231822,5.631965561777129e-30
2026-01-20 12:00:00+00:00,0.00017086950418097145,5.655474578056527e-30
2026-01-20 16:00:00+00:00,6.80975221440888e-05,5.629717603278249e-30
2026-01-20 20:00:00+00:00,3.999392338466518e-06,5.5934721038940535e-30
2026-01-21 00:00:00+00:00,-1.034029575881954e-05,5.5939318871630584e-30
2026-01-21 04:00:00+00:00,9.660110323050679e-05,5.588270775395932e-30
2026-01-21 08:00:00+00:00,2.128412015785973e-05,5.6014695478358064e-30
2026-01-21 12:00:00+00:00,0.00013058479205985832,5.611331168343487e-30
2026-01-21 16:00:00+00:00,-9.761197937350287e-06,5.64050046485941e-30
2026-01-21 20:00:00+00:00,0.00012282168146985644,5.6273382142770415e-30
2026-01-22 00:00:00+00:00,0.00012599773929049257,5.6392652154146444e-30
2026-01-22 04:00:00+00:00,0.00016392657576983478,5.588910394408506e-30
2026-01-22 08:00:00+00:00,9.357414492700265e-05,5.568862133585705e-30
2026-01-22 12:00:00+00:00,0.00010677615303802864,5.56693759017991e-30
2026-01-22 16:00:00+00:00,2.8360264453690533e-05,5.573794830935591e-30
2026-01-22 20:00:00+00:00,0.00011728880796403295,5.619235709476769e-30
2026-01-23 00:00:00+00:00,5.8483647474559376e-05,5.603324824246262e-30
2026-01-23 04:00:00+00:00,0.00010270484454804905,5.6336365448700684e-30
2026-01-23 08:00:00+00:00,8.389204737538958e-05,5.646496604456365e-30
2026-01-23 12:00:00+00:00,0.00018110532850554734,5.61795413041622e-30
2026-01-23 16:00:00+00:00,0.00014198042874288643,5.5973016034464876e-30
2026-01-23 20:00:00+00:00,0.00013321154997445562,5.6344998399595325e-30
2026-01-24 00:00:00+00:00,-6.851845128748145e-06,5.628265788716746e-30
2026-01-24 04:00:00+00:00,5.0727480219229925e-05,5.575767033949732e-30
2026-01-24 08:00:00+00:00,0.00017905324099432902,5.583925775800928e-30
2026-01-24 12:00:00+00:00,6.357552848851723e-05,5.5716854076862425e-30
2026-01-24 16:00:00+00:00,0.00010704568510079608,5.5823412639753136e-30
2026-01-24 20:00:00+00:00,0.00011719783141381346,5.6040864674948164e-30
2026-01-25 00:00:00+00:00,5.944926517517377e-05,5.602215117674788e-30
2026-01-25 04:00:00+00:00,-7.146801458362057e-07,5.612820606073584e-30
2026-01-25 08:00:00+00:00,4.031956952662773e-05,5.599220052253104e-30
2026-01-25 12:00:00+00:00,6.184627436622625e-05,5.622451803081541e-30
2026-01-25 16:00:00+00:00,8.794774556926666e-05,3.9357162621570785e-30
2026-01-25 20:00:00+00:00,0.00010560056845228643,3.9430299923933484e-30
2026-01-26 00:00:00+00:00,6.245660553697125e-05,3.9767208190541524e-30
2026-01-26 04:00:00+00:00,0.00017629671357707804,3.9671137710846975e-30
2026-01-26 08:00:00+00:00,0.00023516987089971928,3.9773557625509955e-30
2026-01-26 12:00:00+00:00,0.0001322935512203862,3.988026690016649e-30
2026-01-26 16:00:00+00:00,0.00016811545384509425,4.026351832588775e-30
2026-01-26 20:00:00+00:00,1.911487419608061e-05,4.014811075283579e-30
2026-01-27 00:00:00+00:00,0.00012880246169246913,4.008977981552458e-30
2026-01-27 04:00:00+00:00,7.335208153719e-05,3.953994723202772e-30
2026-01-27 08:00:00+00:00,8.532532775596136e-05,3.964732153636537e-30
2026-01-27 12:00:00+00:00,9.905328787876996e-05,3.9593137382544685e-30
2026-01-27 16:00:00+00:00,0.00010530448183087305,3.985550598769519e-30
2026-01-27 20:00:00+00:00,0.00017711290367078815,3.994269663970838e-30
2026-01-28 00:00:00+00:00,0.00014773608520104016,4.008999835575609e-30
2026-01-28 04:00:00+00:00,6.255237773262254e-05,4.0052866422380085e-30
2026-01-28 08:00:00+00:00,0.00011290283605445249,3.976777435288936e-30
2026-01-28 12:00:00+00:00,0.00013644364870538117,4.008205855681309e-30
2026-01-28 16:00:00+00:00,4.522781533029259e-05,4.04383641913219e-30
2026-01-28 20:00:00+00:00,5.776718856182905e-05,4.037028585580659e-30
2026-01-29 00:00:00+00:00,8.197565466294752e-05,4.043801967832842e-30
2026-01-29 04:00:00+00:00,1.0383785291460311e-05,4.046458823407179e-30
2026-01-29 08:00:00+00:00,0.00010517965047217108,4.072473450896919e-30
2026-01-29 12:00:00+00:00,7.1958018002075e-05,4.0675050946142084e-30
2026-01-29 16:00:00+00:00,7.126535051936238e-06,4.12266043724479e-30
2026-01-29 20:00:00+00:00,6.785021440672594e-05,4.1313406427259006e-30
2026-01-30 00:00:00+00:00,9.778485008695466e-05,4.20104065608007e-30
2026-01-30 04:00:00+00:00,9.818441927390682e-05,4.193460262216061e-30
2026-01-30 08:00:00+00:00,0.0001111534617531307,4.1626488082009285e-30
2026-01-30 12:00:00+00:00,2.071861711401904e-05,4.119676221628233e-30
2026-01-30 16:00:00+00:00,5.1328428401701456e-05,4.0892242607652335e-30
2026-01-30 20:00:00+00:00,1.5224905631354816e-05,4.107559905242109e-30
2026-01-31 00:00:00+00:00,3.5088656061399976e-05,4.113272398336667e-30
2026-01-31 04:00:00+00:00,6.681823389737655e-05,4.125356089240162e-30
2026-01-31 08:00:00+00:00,-9.465854475405879e-06,4.12190922871391e-30
2026-01-31 12:00:00+00:00,0.00010003492874076684,2.885336460099737e-30
2026-01-31 16:00:00+00:00,6.92204631355538e-06,2.019735522069816e-30
2026-01-31 20:00:00+00:00,9.127114265895111e-05,2.02027439317777e-30
2026-02-01 00:00:00+00:00,1.7747857044670196e-05,2.0309153364997813e-30
2026-02-01 04:00:00+00:00,2.9018494006043143e-05,2.025728532751894e-30
2026-02-01 08:00:00+00:00,-3.610851498586145e-05,2.0310478678387908e-30
2026-02-01 12:00:00+00:00,7.078248343268463e-05,2.0286291980541557e-30
2026-02-01 16:00:00+00:00,2.9495277805613733e-05,2.028269677381083e-30
2026-02-01 20:00:00+00:00,-2.6164388153642707e-05,2.031756606152352e-30
2026-02-02 00:00:00+00:00,8.361687308670331e-05,2.0258111254756067e-30
2026-02-02 04:00:00+00:00,-9.34848124052053e-06,2.023839322773792e-30
2026-02-02 08:00:00+00:00,2.035356545020955e-06,2.0276489067016177e-30
2026-02-02 12:00:00+00:00,0.00010033777297473391,2.0275161071526038e-30
2026-02-02 16:00:00+00:00,0.00011320058561507305,2.0381886481125598e-30
2026-02-02 20:00:00+00:00,8.54672270651689e-05,2.0323535707436267e-30
2026-02-03 00:00:00+00:00,0.0001054738797402847,2.0270268778790594e-30
2026-02-03 04:00:00+00:00,0.000136650060369382,2.025957918686881e-30
2026-02-03 08:00:00+00:00,9.637304096172054e-05,2.025667634505771e-30
2026-02-03 12:00:00+00:00,9.440480655880027e-05,2.0373791264154786e-30
2026-02-03 16:00:00+00:00,0.00013099704472503576,2.0461277724450777e-30
2026-02-03 20:00:00+00:00,0.00014874017432747736,2.052840573865308e-30
2026-02-04 00:00:00+00:00,-1.2283451552439033e-07,2.0450659254933418e-30
2026-02-04 04:00:00+00:00,3.425071660924885e-05,2.05319688352692e-30
2026-02-04 08:00:00+00:00,9.559417161689078e-05,2.0650562865354615e-30
2026-02-04 12:00:00+00:00,2.5552773890924897e-05,2.0649861702050933e-30
2026-02-04 16:00:00+00:00,6.523719786497705e-05,2.068668998429412e-30
2026-02-04 20:00:00+00:00,4.470748420401957e-05,2.081344062872555e-30
2026-02-05 00:00:00+00:00,4.296655493942019e-05,2.0698166627295537e-30
2026-02-05 04:00:00+00:00,-2.2757417576088805e-05,2.0749508052113406e-30
2026-02-05 08:00:00+00:00,0.0001362558595926883,2.08348502171798e-30
2026-02-05 12:00:00+00:00,1.9005308930330426e-05,1.4584395152025858e-30
2026-02-05 16:00:00+00:00,4.319687928916703e-05,1.4621151659590882e-30
2026-02-05 20:00:00+00:00,-6.161425662640006e-05,1.4573686265748454e-30
2026-02-06 00:00:00+00:00,-4.609672386242428e-05,1.454610477050641e-30
2026-02-06 04:00:00+00:00,6.392533585820646e-05,1.443070548408231e-30
2026-02-06 08:00:00+00:00,7.524819415330463e-05,1.4448424602068711e-30
2026-02-06 12:00:00+00:00,1.9279722342729837e-05,1.4575614936899758e-30
2026-02-06 16:00:00+00:00,-4.044289375012969e-06,1.4572227762446185e-30
2026-02-06 20:00:00+00:00,0.00014866113379496026,1.4513094631505896e-30
2026-02-07 00:00:00+00:00,8.231836127504392e-05,1.4577066469984862e-30
2026-02-07 04:00:00+00:00,3.395277674121635e-05,1.4550693836468458e-30
2026-02-07 08:00:00+00:00,7.562490207933283e-05,1.455274057731764e-30
2026-02-07 12:00:00+00:00,0.00015788229950613143,1.4509959072812094e-30
2026-02-07 16:00:00+00:00,0.00017968225868105414,1.4532422325232165e-30
2026-02-07 20:00:00+00:00,0.00010353511900097405,1.4642055632312276e-30
2026-02-08 00:00:00+00:00,0.00018516011525816783,1.4704403635049605e-30
2026-02-08 04:00:00+00:00,0.0001868942232612841,1.48049291151368e-30
2026-02-08 08:00:00+00:00,6.931080186180424e-05,1.48642593285058e-30
2026-02-08 12:00:00+00:00,0.00015855888303602732,1.4945989248465478e-30
2026-02-08 16:00:00+00:00,0.00011451194545731987,1.50572451147774e-30
2026-02-08 20:00:00+00:00,-5.002460831824696e-06,1.5022952122498853e-30
2026-02-09 00:00:00+00:00,8.186064042042937e-05,1.5038799850781416e-30
2026-02-09 04:00:00+00:00,0.0001215128041913019,1.521268184224754e-30
2026-02-09 08:00:00+00:00,0.00011895744506549536,1.528068130956598e-30
2026-02-09 12:00:00+00:00,7.709978500425477e-05,1.5272405406489489e-30
2026-02-09 16:00:00+00:00,0.00010475739230771538,1.5276263925962417e-30
2026-02-09 20:00:00+00:00,5.640978829460156e-05,1.5322787120536617e-30
2026-02-10 00:00:00+00:00,0.0001258779368585022,1.5458674783705275e-30
2026-02-10 04:00:00+00:00,8.490609612613806e-05,1.538943354645337e-30
2026-02-10 08:00:00+00:00,4.041300515588125e-05,1.549217492294626e-30
2026-02-10 12:00:00+00:00,8.072910200644246e-05,1.5512862460840144e-30
2026-02-10 16:00:00+00:00,-9.416317132906286e-07,1.5566600574898053e-30
2026-02-10 20:00:00+00:00,0.00019463799975556615,1.5563102512562312e-30
2026-02-11 00:00:00+00:00,7.112857640781136e-06,1.5554306258439941e-30
2026-02-11 04:00:00+00:00,0.0001081198251066686,1.5637436622275384e-30
2026-02-11 08:00:00+00:00,6.794384801048617e-05,1.5664197851856677e-30
2026-02-11 12:00:00+00:00,9.702727985468804e-05,1.561069047734522e-30
2026-02-11 16:00:00+00:00,8.37846095165964e-05,1.567476727607442e-30
2026-02-11 20:00:00+00:00,7.191116919561156e-05,1.578125480601444e-30
2026-02-12 00:00:00+00:00,0.00011205795636031368,1.5737145442769533e-30
2026-02-12 04:00:00+00:00,4.5513855921168606e-05,1.5759267520235298e-30
2026-02-12 08:00:00+00:00,0.0001354620488905777,1.5886384631412772e-30
2026-02-12 12:00:00+00:00,2.291591328226559e-05,1.59364304706048e-30
2026-02-12 16:00:00+00:00,9.417681750136158e-05,1.600421496450067e-30
2026-02-12 20:00:00+00:00,7.154188731739675e-05,1.6022234190683116e-30
2026-02-13 00:00:00+00:00,5.2939426134705284e-05,1.5977612301106238e-30
2026-02-13 04:00:00+00:00,0.00011660786870027852,1.5820351084202497e-30
2026-02-13 08:00:00+00:00,0.00012235720818833516,1.591642367653238e-30
2026-02-13 12:00:00+00:00,3.7580960462860655e-05,1.5845760316927357e-30
2026-02-13 16:00:00+00:00,0.00019747257930733978,1.579949753903734e-30
2026-02-13 20:00:00+00:00,0.00011599059868968034,1.5881701093587497e-30
2026-02-14 00:00:00+00:00,0.000149317753525778,1.59808299633204e-30
2026-02-14 04:00:00+00:00,0.00016717383162120742,1.5887515142182743e-30
2026-02-14 08:00:00+00:00,0.0001826760615106038,1.5853546424697804e-30
2026-02-14 12:00:00+00:00,0.00017857828762500079,1.5888414509118293e-30
2026-02-14 16:00:00+00:00,0.0002618968603377965,1.581110920877065e-30
2026-02-14 20:00:00+00:00,0.00015984562749832602,1.5941710488212782e-30
2026-02-15 00:00:00+00:00,8.576189407650509e-05,1.582944210261303e-30
2026-02-15 04:00:00+00:00,0.00012841590608416543,1.585629849699454e-30
2026-02-15 08:00:00+00:00,0.00012037422826976128,1.5886530763925458e-30
2026-02-15 12:00:00+00:00,0.00014051028638275228,1.5966300700595817e-30
2026-02-15 16:00:00+00:00,6.22435152270299e-05,1.5973688116411413e-30
2026-02-15 20:00:00+00:00,8.925119841653307e-05,1.6003667782853554e-30
2026-02-16 00:00:00+00:00,0.00014020675130293255,1.6024752712193468e-30
2026-02-16 04:00:00+00:00,8.759365349721672e-05,1.598446820721647e-30
2026-02-16 08:00:00+00:00,1.4109971809920649e-05,1.6084835794540438e-30
2026-02-16 12:00:00+00:00,5.456138445941296e-05,1.6115144393147647e-30
2026-02-16 16:00:00+00:00,0.00011886843749909774,1.6178238577876627e-30
2026-02-16 20:00:00+00:00,-2.017871451754031e-06,1.6277242769584387e-30
2026-02-17 00:00:00+00:00,4.7585486074934036e-06,1.6302342670695014e-30
2026-02-17 04:00:00+00:00,0.000142511762203727,1.6401784915023438e-30
2026-02-17 08:00:00+00:00,6.088246347004084e-05,1.6409012128611185e-30
2026-02-17 12:00:00+00:00,0.00011920866333418535,1.6389135026530555e-30
2026-02-17 16:00:00+00:00,0.00013554939865199528,1.634210517061098e-30
2026-02-17 20:00:00+00:00,0.0001423209467572067,1.6502818126985626e-30
2026-02-18 00:00:00+00:00,9.583013617969035e-05,1.6572707260771705e-30
2026-02-18 04:00:00+00:00,9.190001025597201e-05,1.6486017024214024e-30
2026-02-18 08:00:00+00:00,0.0001277431048633096,1.6471966200221225e-30
2026-02-18 12:00:00+00:00,0.00010826325870995101,1.6630284036365477e-30
2026-02-18 16:00:00+00:00,9.715576255533612e-05,1.6456918850492386e-30
2026-02-18 20:00:00+00:00,0.00010159552956959222,1.6416158953732745e-30
2026-02-19 00:00:00+00:00,8.064559220900762e-05,1.644920002825623e-30
2026-02-19 04:00:00+00:00,8.760179609901979e-05,1.6451891541339154e-30
2026-02-19 08:00:00+00:00,7.821578413511204e-05,1.6360473187362353e-30
2026-02-19 12:00:00+00:00,1.7574254363637617e-05,1.6280501091415343e-30
2026-02-19 16:00:00+00:00,2.8862434087694107e-05,1.6367176705001023e-30
2026-02-19 20:00:00+00:00,0.00011493061192177513,1.634268843270016e-30
2026-02-20 00:00:00+00:00,0.00010994507603590071,1.636272275929685e-30
2026-02-20 04:00:00+00:00,6.0042621915649186e-05,1.6392508539220154e-30
2026-02-20 08:00:00+00:00,0.00012244917654213172,1.6405129883257857e-30
2026-02-20 12:00:00+00:00,0.0001526506440278617,1.6306304214933765e-30
2026-02-20 16:00:00+00:00,0.00017676711327114023,1.643546679661486e-30
2026-02-20 20:00:00+00:00,6.522842927148742e-05,1.6400870061758123e-30
2026-02-21 00:00:00+00:00,0.00015470032294989178,1.6389962530926397e-30
2026-02-21 04:00:00+00:00,1.9058372566946098e-05,1.6440958886005732e-30
2026-02-21 08:00:00+00:00,0.00019866847405652875,1.6387618803565554e-30
2026-02-21 12:00:00+00:00,0.00016050853944522792,1.6560428013470816e-30
2026-02-21 16:00:00+00:00,0.00016798314649507756,1.6632661275775623e-30
2026-02-21 20:00:00+00:00,7.096259361959035e-05,1.6650275098259492e-30
2026-02-22 00:00:00+00:00,1.77612243327556e-05,1.6620172671104726e-30
2026-02-22 04:00:00+00:00,0.00021347725211240233,1.669312486479151e-30
2026-02-22 08:00:00+00:00,0.00014145546788195306,1.6693647529429587e-30
2026-02-22 12:00:00+00:00,8.420318364810656e-05,1.6740849190476808e-30
2026-02-22 16:00:00+00:00,0.00012789151424080503,1.6720799135237093e-30
2026-02-22 20:00:00+00:00,9.405359730401205e-05,1.6854285295981176e-30
2026-02-23 00:00:00+00:00,1.3438610621964365e-05,1.1797999707186822e-30
2026-02-23 04:00:00+00:00,3.300544417538663e-05,1.1675806172761386e-30
2026-02-23 08:00:00+00:00,0.00010088223818402087,1.1740662713685718e-30
2026-02-23 12:00:00+00:00,6.263867188956157e-05,1.17751216978719e-30
2026-02-23 16:00:00+00:00,2.097507609144494e-05,1.180535003466506e-30
2026-02-23 20:00:00+00:00,5.530991022582129e-05,1.1960551727530168e-30
2026-02-24 00:00:00+00:00,8.401826449824868e-05,1.1974736659919767e-30
2026-02-24 04:00:00+00:00,7.765719407281868e-05,1.1994249152809302e-30
2026-02-24 08:00:00+00:00,7.989099311221011e-06,1.2011259721008004e-30
2026-02-24 12:00:00+00:00,0.0001531794268099084,1.2110720243544703e-30
2026-02-24 16:00:00+00:00,0.0001427727339862529,1.2098613806355878e-30
2026-02-24 20:00:00+00:00,7.626929664279007e-05,1.2097893821192707e-30
2026-02-25 00:00:00+00:00,0.0001427038245530608,1.2093401695002826e-30
2026-02-25 04:00:00+00:00,8.275802105448759e-05,1.2124743553448158e-30
2026-02-25 08:00:00+00:00,0.00010467552244157935,1.213153152124785e-30
2026-02-25 12:00:00+00:00,7.284982338516862e-05,1.2066603743403716e-30
2026-02-25 16:00:00+00:00,0.00021724533388761048,1.2178203705250677e-30
2026-02-25 20:00:00+00:00,0.00013840545560231114,1.2265594240114676e-30
2026-02-26 00:00:00+00:00,0.0001392970914689246,1.2260070286927286e-30
2026-02-26 04:00:00+00:00,0.00016560568489709228,1.2262052672853193e-30
2026-02-26 08:00:00+00:00,0.00013970811203899941,1.2321387338047373e-30
2026-02-26 12:00:00+00:00,0.0001804836903796565,1.2201086965022025e-30
2026-02-26 16:00:00+00:00,0.0001193980031024711,1.222511302737952e-30
2026-02-26 20:00:00+00:00,0.00011541714291877109,1.2251650593636848e-30
2026-02-27 00:00:00+00:00,0.00016573093790765324,1.2191819890459882e-30
2026-02-27 04:00:00+00:00,1.9613045760157253e-05,1.2284794001321491e-30
2026-02-27 08:00:00+00:00,8.320413840967631e-05,1.2353030059501423e-30
2026-02-27 12:00:00+00:00,3.8365948416457975e-05,1.230980585935665e-30
2026-02-27 16:00:00+00:00,-6.702776130682069e-05,1.2274985617806548e-30
2026-02-27 20:00:00+00:00,1.4322417453041403e-05,1.2341603850523778e-30
2026-02-28 00:00:00+00:00,6.745660018648467e-05,1.2438151823219696e-30
2026-02-28 04:00:00+00:00,0.00011848543794215532,1.2502361521649677e-30
2026-02-28 08:00:00+00:00,0.00011543374944422295,1.2477580771519185e-30
2026-02-28 12:00:00+00:00,1.6286202621913734e-05,1.2406822526482893e-30
2026-02-28 16:00:00+00:00,0.00013222069712489026,1.2430595634891504e-30
2026-02-28 20:00:00+00:00,0.00013287160627146563,1.244904447046342e-30
2026-03-01 00:00:00+00:00,0.0001677072020444534,1.2460477990523505e-30
2026-03-01 04:00:00+00:00,0.00016446889636173028,1.2528378342661067e-30
2026-03-01 08:00:00+00:00,0.0001108842227000209,1.2438287301525321e-30
2026-03-01 12:00:00+00:00,7.88346670250526e-05,1.2474748792070037e-30
2026-03-01 16:00:00+00:00,0.00021242349771737683,1.249277633599284e-30
2026-03-01 20:00:00+00:00,0.00020450837267843865,1.2535540616502371e-30
2026-03-02 00:00:00+00:00,6.120454443474504e-05,1.2600429210765613e-30
2026-03-02 04:00:00+00:00,4.497654854771749e-05,1.2696027696594596e-30
2026-03-02 08:00:00+00:00,0.00012942103230441295,1.2589511923898163e-30
2026-03-02 12:00:00+00:00,0.00013411327610531515,1.2679083856456426e-30
2026-03-02 16:00:00+00:00,0.0001799740128762688,1.2584715885338696e-30
2026-03-02 20:00:00+00:00,0.00010039596343266426,1.2643860049935207e-30
2026-03-03 00:00:00+00:00,-3.8646864733298146e-05,1.274198601545957e-30
2026-03-03 04:00:00+00:00,0.00019319495190321217,1.2791225666948171e-30
2026-03-03 08:00:00+00:00,7.388208278310656e-05,1.2657223728473117e-30
2026-03-03 12:00:00+00:00,0.00016177612004777603,1.271441666713556e-30
2026-03-03 16:00:00+00:00,0.00011273662162712139,1.2751406775390095e-30
2026-03-03 20:00:00+00:00,8.107307971014804e-05,1.2774554410965456e-30
2026-03-04 00:00:00+00:00,5.4672064192809835e-05,1.2678899862338427e-30
2026-03-04 04:00:00+00:00,0.00021588564096393993,1.2732739749477678e-30
2026-03-04 08:00:00+00:00,5.7500510900514604e-05,1.2717082198417151e-30
2026-03-04 12:00:00+00:00,7.63411121020178e-05,1.2635966614745725e-30
2026-03-04 16:00:00+00:00,6.812879913963463e-05,1.2605360225964889e-30
2026-03-04 20:00:00+00:00,7.59083533153084e-05,1.2613882514329806e-30
2026-03-05 00:00:00+00:00,0.00011935087041714715,1.2700533436706907e-30
2026-03-05 04:00:00+00:00,0.00023120477658708285,1.2784148256989461e-30
2026-03-05 08:00:00+00:00,0.00010672104909976051,1.2815823877856334e-30
2026-03-05 12:00:00+00:00,8.003269438787224e-05,1.2895090498930207e-30
2026-03-05 16:00:00+00:00,0.0001661265564139249,1.2872986062864305e-30
2026-03-05 20:00:00+00:00,0.00013396407697421114,1.2842797434678528e-30
2026-03-06 00:00:00+00:00,9.68435993905547e-05,1.2763709528025962e-30
2026-03-06 04:00:00+00:00,7.683660767466925e-05,1.2803536618540105e-30
2026-03-06 08:00:00+00:00,3.7275797273017027e-05,1.2855254915236758e-30
2026-03-06 12:00:00+00:00,3.226903779897639e-05,1.2810905699898248e-30
2026-03-06 16:00:00+00:00,-1.345860120100748e-06,1.2957297250189038e-30
2026-03-06 20:00:00+00:00,9.773512940956404e-05,1.3032250613240304e-30
2026-03-07 00:00:00+00:00,7.798989976528288e-05,1.3125891830387447e-30
2026-03-07 04:00:00+00:00,-1.452014052391968e-05,1.3140390771701335e-30
2026-03-07 08:00:00+00:00,8.185707419883018e-05,1.3189338865629678e-30
2026-03-07 12:00:00+00:00,-1.2968834569365156e-07,1.3156936096000256e-30
2026-03-07 16:00:00+00:00,9.365230833220093e-05,1.3162040840125044e-30
2026-03-07 20:00:00+00:00,-2.648761495847518e-06,1.3163275308020591e-30
2026-03-08 00:00:00+00:00,5.1626025477537475e-05,1.311480256106516e-30
2026-03-08 04:00:00+00:00,6.666698096149384e-05,1.3084812602834507e-30
2026-03-08 08:00:00+00:00,3.087628523223834e-05,1.3051062058012488e-30
2026-03-08 12:00:00+00:00,4.2878310079320034e-05,1.3088285513565812e-30
2026-03-08 16:00:00+00:00,5.4735787904933256e-05,1.3119410864354999e-30
2026-03-08 20:00:00+00:00,5.651207628322949e-05,1.3101199339922997e-30
2026-03-09 00:00:00+00:00,0.00012375589525289184,1.2893285935857127e-30
2026-03-09 04:00:00+00:00,9.772777616182251e-05,1.2893350543798908e-30
2026-03-09 08:00:00+00:00,7.28923745879917e-05,1.2896688020511764e-30
2026-03-09 12:00:00+00:00,0.00012145837154280604,1.2877440774671835e-30
2026-03-09 16:00:00+00:00,6.699764406015441e-05,1.2963245889812105e-30
2026-03-09 20:00:00+00:00,0.00023868970235356042,1.2979536060156164e-30
2026-03-10 00:00:00+00:00,7.566756285144273e-05,1.3036008734865674e-30
2026-03-10 04:00:00+00:00,0.0002316483938413471,1.3005172070983463e-30
2026-03-10 08:00:00+00:00,0.00015095968102457632,1.2994687603915414e-30
2026-03-10 12:00:00+00:00,0.00012946662646595627,1.3021518406700706e-30
2026-03-10 16:00:00+00:00,2.969911031440898e-05,1.3059234973754494e-30
2026-03-10 20:00:00+00:00,0.00015278516396682385,1.3120703770149417e-30
2026-03-11 00:00:00+00:00,0.00012294670535727424,1.3072125675197887e-30
2026-03-11 04:00:00+00:00,0.00020442792541878576,1.3037232938465124e-30
2026-03-11 08:00:00+00:00,5.331013794137957e-05,1.311110255461886e-30
2026-03-11 12:00:00+00:00,0.00013356158291874027,1.3118080269405348e-30
2026-03-11 16:00:00+00:00,8.749206357913098e-05,1.3096778750417898e-30
2026-03-11 20:00:00+00:00,8.557061689987376e-05,1.3191553405202354e-30
2026-03-12 00:00:00+00:00,2.9421917932519365e-05,1.3243109896211337e-30
2026-03-12 04:00:00+00:00,0.00013476581604224594,1.3187703774228284e-30
2026-03-12 08:00:00+00:00,0.00014568089496380353,1.3283647627019345e-30
2026-03-12 12:00:00+00:00,9.370249349071699e-05,1.3276562103487299e-30
2026-03-12 16:00:00+00:00,0.00015633885344508666,1.3306663533452956e-30
2026-03-12 20:00:00+00:00,0.00010933953014010229,1.3351552980315153e-30
2026-03-13 00:00:00+00:00,-1.8066006385984572e-05,1.3390722434433283e-30
2026-03-13 04:00:00+00:00,0.00011636844440871886,1.341185547044649e-30
2026-03-13 08:00:00+00:00,0.0001568654852001162,1.3388077470350456e-30
2026-03-13 12:00:00+00:00,0.0001444362469264995,1.3248164052809738e-30
2026-03-13 16:00:00+00:00,8.879993361754089e-05,1.3197735342450984e-30
2026-03-13 20:00:00+00:00,0.00018467609904076522,1.3123318176408008e-30
2026-03-14 00:00:00+00:00,0.00012281540140236073,1.3026283585028883e-30
2026-03-14 04:00:00+00:00,0.00010923823790636151,1.2948280662451869e-30
2026-03-14 08:00:00+00:00,0.00012884281736905937,1.2993934316272539e-30
2026-03-14 12:00:00+00:00,8.249996373572906e-05,1.2914882392587764e-30
2026-03-14 16:00:00+00:00,4.219281628678791e-05,1.2816771435770455e-30
2026-03-14 20:00:00+00:00,-3.8545406655626295e-06,1.2806457737226547e-30
2026-03-15 00:00:00+00:00,0.00014131549542006883,1.2917517118134715e-30
2026-03-15 04:00:00+00:00,0.00010283609809310997,1.2992536578141479e-30
2026-03-15 08:00:00+00:00,0.00011136573324831898,1.2957185102474136e-30
2026-03-15 12:00:00+00:00,0.00011605979218816376,1.3046531489112233e-30
2026-03-15 16:00:00+00:00,0.0001318233547785553,1.2969578318668886e-30
2026-03-15 20:00:00+00:00,8.81355888710408e-05,1.3031819420809518e-30
2026-03-16 00:00:00+00:00,6.76694546420811e-05,1.3057705153489449e-30
2026-03-16 04:00:00+00:00,0.0002081771928729655,1.3135345765785495e-30
2026-03-16 08:00:00+00:00,0.0001344336881955845,1.3033401810494547e-30
2026-03-16 12:00:00+00:00,2.826353510800244e-05,1.310978379079711e-30
2026-03-16 16:00:00+00:00,0.00017094276391117904,1.3095747028345976e-30
2026-03-16 20:00:00+00:00,0.00024339433889401056,1.3119859532850389e-30
2026-03-17 00:00:00+00:00,0.00013591107092177036,1.30322204174889e-30
2026-03-17 04:00:00+00:00,0.00014781302378246163,1.3082513393498996e-30
2026-03-17 08:00:00+00:00,0.00014383938892499807,1.3001732919998728e-30
2026-03-17 12:00:00+00:00,7.181205007453731e-05,1.3084309551687677e-30
2026-03-17 16:00:00+00:00,0.00011028637329010843,1.3132883261085893e-30
2026-03-17 20:00:00+00:00,0.00014540457406263943,1.3160674857477478e-30
2026-03-18 00:00:00+00:00,0.00012099893409950068,1.3173600575331846e-30
2026-03-18 04:00:00+00:00,0.00014758767430193923,1.31407795991117e-30
2026-03-18 08:00:00+00:00,7.043055296466874e-05,1.3114656567643518e-30
2026-03-18 12:00:00+00:00,1.6878336662417877e-05,1.3115343255514362e-30
2026-03-18 16:00:00+00:00,0.0001463306694679306,1.3112936899921781e-30
2026-03-18 20:00:00+00:00,4.780049469422421e-05,1.318933433999267e-30
2026-03-19 00:00:00+00:00,0.00010297403019728572,1.3164606925463962e-30
2026-03-19 04:00:00+00:00,0.0001269377652228671,1.313799553792664e-30
2026-03-19 08:00:00+00:00,5.1458326842550984e-05,1.3054598128057253e-30
2026-03-19 12:00:00+00:00,8.748746073627082e-05,1.303727003932955e-30
2026-03-19 16:00:00+00:00,3.5105996271499594e-05,1.2981785176397592e-30
2026-03-19 20:00:00+00:00,6.980737559576919e-05,1.2896000757438342e-30
2026-03-20 00:00:00+00:00,3.521869959177452e-05,1.271367999745408e-30
2026-03-20 04:00:00+00:00,9.636839639170524e-05,1.2759202465566168e-30
2026-03-20 08:00:00+00:00,0.00012473061671715372,1.2784455925795345e-30
2026-03-20 12:00:00+00:00,0.00011630554805236459,1.28565614823455e-30
2026-03-20 16:00:00+00:00,-8.652684923684513e-06,1.2849831363527458e-30
2026-03-20 20:00:00+00:00,0.00018822378527676243,1.281931436882218e-30
2026-03-21 00:00:00+00:00,0.00011426982553029205,1.2847051366699735e-30
2026-03-21 04:00:00+00:00,0.0002166688848768162,1.2938255739704391e-30
2026-03-21 08:00:00+00:00,4.143282573874837e-05,1.2971124125780493e-30
2026-03-21 12:00:00+00:00,0.00012072431803529786,1.3032735252389276e-30
2026-03-21 16:00:00+00:00,0.0001336013821733893,1.3042155496073213e-30
2026-03-21 20:00:00+00:00,0.00013117262574616597,1.3099737518697372e-30
2026-03-22 00:00:00+00:00,0.0001239527668554134,1.2991072682958014e-30
2026-03-22 04:00:00+00:00,3.184123387120479e-05,1.3029639243644795e-30
2026-03-22 08:00:00+00:00,0.00011091684167815506,1.302480111174012e-30
2026-03-22 12:00:00+00:00,7.770589184775225e-05,1.2994093341760304e-30
2026-03-22 16:00:00+00:00,1.7619206514568374e-05,1.2951459844122658e-30
2026-03-22 20:00:00+00:00,3.18120701183983e-05,1.2884147073845215e-30
2026-03-23 00:00:00+00:00,5.7165909778843026e-05,1.2930813458505794e-30
2026-03-23 04:00:00+00:00,0.00013633384146343472,1.278586034841322e-30
2026-03-23 08:00:00+00:00,0.00012668645403252963,1.2773543788462585e-30
2026-03-23 12:00:00+00:00,7.576738352459908e-05,1.2754273457427661e-30
2026-03-23 16:00:00+00:00,7.382515946087394e-05,1.2799248032961266e-30
2026-03-23 20:00:00+00:00,9.921856622571094e-05,1.2804053669242281e-30
2026-03-24 00:00:00+00:00,6.635575978174423e-05,1.274654340415386e-30
2026-03-24 04:00:00+00:00,0.00014927495425700227,1.2760140964567701e-30
2026-03-24 08:00:00+00:00,2.8795242806437646e-05,1.2820956895263439e-30
2026-03-24 12:00:00+00:00,0.00019709779392754038,1.2811594748423197e-30
2026-03-24 16:00:00+00:00,0.00011894765743749915,1.2927150227564296e-30
2026-03-24 20:00:00+00:00,0.00014109793116655488,1.291947681928838e-30
2026-03-25 00:00:00+00:00,0.00015491571158525742,1.299339718583506e-30
2026-03-25 04:00:00+00:00,9.030476637391646e-05,1.2954789787187924e-30
2026-03-25 08:00:00+00:00,0.00016867685876966064,1.3019247303831162e-30
2026-03-25 12:00:00+00:00,0.00011215757013483019,1.2930461449666284e-30
2026-03-25 16:00:00+00:00,7.209201185228958e-05,1.2834305311875143e-30
2026-03-25 20:00:00+00:00,0.0001226743285425233,1.2762102351579483e-30
2026-03-26 00:00:00+00:00,0.00014906965528486832,1.2736515684092088e-30
2026-03-26 04:00:00+00:00,3.221554671988906e-05,1.2781883815894982e-30
2026-03-26 08:00:00+00:00,0.0001484656288846181,1.2814851154919257e-30
2026-03-26 12:00:00+00:00,9.432518430849486e-05,1.2939004066001945e-30
2026-03-26 16:00:00+00:00,4.171909270577987e-05,1.2946037883217293e-30
2026-03-26 20:00:00+00:00,7.102371651858044e-05,1.290052122065725e-30
2026-03-27 00:00:00+00:00,6.378641289001962e-05,1.2965268523372846e-30
2026-03-27 04:00:00+00:00,2.4081107568929277e-05,1.2998340816439893e-30
2026-03-27 08:00:00+00:00,0.00016995450249506167,1.292930952930605e-30
2026-03-27 12:00:00+00:00,-2.650639176067687e-05,1.2998735286058972e-30
2026-03-27 16:00:00+00:00,0.00021759356758952646,1.3123660244485955e-30
2026-03-27 20:00:00+00:00,4.667995336429842e-05,1.31509549234833e-30
2026-03-28 00:00:00+00:00,1.7160838435499378e-05,1.3184516741603783e-30
2026-03-28 04:00:00+00:00,2.8939199232662664e-05,1.3183635190133618e-30
2026-03-28 08:00:00+00:00,0.00017381649999903873,1.3173523429350354e-30
2026-03-28 12:00:00+00:00,5.080080368673346e-05,1.3223571183704177e-30
2026-03-28 16:00:00+00:00,7.184075444806223e-05,1.3360413498901357e-30
2026-03-28 20:00:00+00:00,8.944129062441589e-05,1.3283494376495014e-30
2026-03-29 00:00:00+00:00,0.0002099351066049473,1.3403773194930534e-30
2026-03-29 04:00:00+00:00,6.405308920472465e-06,1.3534146659184952e-30
2026-03-29 08:00:00+00:00,0.00019115193338789256,1.3559071360683023e-30
2026-03-29 12:00:00+00:00,9.075053042054983e-05,1.3472983528680125e-30
2026-03-29 16:00:00+00:00,0.00011114859515144583,1.3520224273862155e-30
2026-03-29 20:00:00+00:00,5.573472266566244e-05,1.3611590479187878e-30
2026-03-30 00:00:00+00:00,0.00015536396383190513,1.3673193512689689e-30
2026-03-30 04:00:00+00:00,6.685414457867766e-05,1.3691553065326537e-30
2026-03-30 08:00:00+00:00,5.7869061814921824e-05,1.3653729258271661e-30
2026-03-30 12:00:00+00:00,0.00015988247724057217,1.3747787581199472e-30
2026-03-30 16:00:00+00:00,7.026059919158306e-05,1.369949098271249e-30
2026-03-30 20:00:00+00:00,0.00017132395657540824,1.3726027841704713e-30
2026-03-31 00:00:00+00:00,0.00012026662079013345,1.371948933668996e-30
2026-03-31 04:00:00+00:00,0.00011586336669930277,1.3819406641377945e-30
2026-03-31 08:00:00+00:00,0.00010008537912660038,1.380540923678456e-30
2026-03-31 12:00:00+00:00,-7.860690251809846e-06,1.3897205765926022e-30
2026-03-31 16:00:00+00:00,9.934796921875438e-05,1.3872976034686552e-30
2026-03-31 20:00:00+00:00,0.00013644848319745392,1.3893337176590816e-30
2026-04-01 00:00:00+00:00,9.839081006644158e-05,1.3960058590705179e-30
2026-04-01 04:00:00+00:00,7.139346532456976e-05,1.3984336864375693e-30
2026-04-01 08:00:00+00:00,9.112725563674266e-05,1.406352566728141e-30
2026-04-01 12:00:00+00:00,0.00014521940899725594,1.4027615149753452e-30
2026-04-01 16:00:00+00:00,0.00012176563454810819,1.4094210342240344e-30
2026-04-01 20:00:00+00:00,0.0001843909065463108,1.4229432980399706e-30
2026-04-02 00:00:00+00:00,9.913816945193347e-05,1.4161307990744894e-30
2026-04-02 04:00:00+00:00,7.420764287021511e-05,1.4233084437539853e-30
2026-04-02 08:00:00+00:00,1.593613894562907e-05,1.4144975382513095e-30
2026-04-02 12:00:00+00:00,3.194721554214141e-05,1.4072279308750772e-30
2026-04-02 16:00:00+00:00,2.6012436889242077e-05,1.4204063408213233e-30
2026-04-02 20:00:00+00:00,2.4670043405182412e-05,1.416578203346156e-30
2026-04-03 00:00:00+00:00,0.00012588587298565225,1.4307856401712445e-30
2026-04-03 04:00:00+00:00,6.338841471270851e-05,1.4260051787071568e-30
2026-04-03 08:00:00+00:00,0.0002218199371745152,1.4320292232229045e-30
2026-04-03 12:00:00+00:00,0.0001103647009948448,1.4366556970234112e-30
2026-04-03 16:00:00+00:00,3.2692707566629126e-05,1.428426619723492e-30
2026-04-03 20:00:00+00:00,5.669285646292834e-05,1.4356385530138305e-30
2026-04-04 00:00:00+00:00,0.00013168719198518978,1.4325285773384117e-30
2026-04-04 04:00:00+00:00,0.00015599713739182348,1.4391369849788734e-30
2026-04-04 08:00:00+00:00,0.00017277628825921088,1.4494954363215365e-30
2026-04-04 12:00:00+00:00,0.00014883199199471043,1.4528517805231518e-30
2026-04-04 16:00:00+00:00,0.00019304218858489123,1.4449041203440756e-30
2026-04-04 20:00:00+00:00,6.872786413266523e-05,1.4552888149005516e-30
2026-04-05 00:00:00+00:00,0.00010866133073836467,1.4562645233789591e-30
2026-04-05 04:00:00+00:00,0.00011545989549341149,1.452502298594117e-30
2026-04-05 08:00:00+00:00,4.9559249229818e-05,1.4557815145855217e-30
2026-04-05 12:00:00+00:00,0.00010791875631509632,1.4508668118418907e-30
2026-04-05 16:00:00+00:00,7.854089731820402e-05,1.435570790036072e-30
2026-04-05 20:00:00+00:00,0.0001111755060446492,1.4309373778757767e-30
2026-04-06 00:00:00+00:00,8.50289869307076e-05,1.4260995664978875e-30
2026-04-06 04:00:00+00:00,0.00017148364022347807,1.4301114221456394e-30
2026-04-06 08:00:00+00:00,0.00011592500698983513,1.4255285413638485e-30
2026-04-06 12:00:00+00:00,2.6984667028836324e-05,1.4309001622807926e-30
2026-04-06 16:00:00+00:00,0.0001163376828522378,1.4150013994900048e-30
2026-04-06 20:00:00+00:00,3.570829577126579e-05,1.4333075413518272e-30
2026-04-07 00:00:00+00:00,-3.3931746361058997e-06,1.44144297190327e-30
2026-04-07 04:00:00+00:00,0.00011047554150166519,1.4369778582496846e-30
2026-04-07 08:00:00+00:00,7.343557900928067e-05,1.4283230703254066e-30
2026-04-07 12:00:00+00:00,9.25997208137996e-05,1.4266019157655054e-30
2026-04-07 16:00:00+00:00,0.00019253907027643624,1.4193298802929152e-30
2026-04-07 20:00:00+00:00,1.532682993931442e-05,1.417597832339508e-30
2026-04-08 00:00:00+00:00,6.821659610542077e-05,1.4125841557994677e-30
2026-04-08 04:00:00+00:00,0.00010793800470785587,1.4246198314191128e-30
2026-04-08 08:00:00+00:00,0.0001630470399109455,1.4185881455779334e-30
2026-04-08 12:00:00+00:00,0.00010902121714841544,1.4205278507494478e-30
2026-04-08 16:00:00+00:00,3.35049946208917e-05,1.4308935545632414e-30
2026-04-08 20:00:00+00:00,0.00011051158905241157,1.4362578914838344e-30
2026-04-09 00:00:00+00:00,0.00010925830094626101,1.4288917090021457e-30
2026-04-09 04:00:00+00:00,8.565132561839535e-05,1.4317643663337028e-30
2026-04-09 08:00:00+00:00,0.0001632092710225969,1.440704698324271e-30
2026-04-09 12:00:00+00:00,9.967668636237661e-05,1.4579765102085893e-30
2026-04-09 16:00:00+00:00,6.780692410311908e-05,1.45550544024601e-30
2026-04-09 20:00:00+00:00,9.2542244380576e-05,1.4525760601375666e-30
2026-04-10 00:00:00+00:00,0.00014056763792310288,1.4532537168889962e-30
2026-04-10 04:00:00+00:00,0.00018352969898445545,1.4560996377050796e-30
2026-04-10 08:00:00+00:00,0.00014237742311254252,1.4477281992679314e-30
2026-04-10 12:00:00+00:00,9.524512590662469e-05,1.4477023288807725e-30
2026-04-10 16:00:00+00:00,0.0001867625898714034,1.4606575315856863e-30
2026-04-10 20:00:00+00:00,0.00012627364653782516,1.4709195321348e-30
2026-04-11 00:00:00+00:00,0.00012737776498952417,1.4735687137154187e-30
2026-04-11 04:00:00+00:00,8.789841084625348e-05,1.4692051969699162e-30
2026-04-11 08:00:00+00:00,0.00011909879653112558,1.4828360205198848e-30
2026-04-11 12:00:00+00:00,8.37069077540884e-05,1.4713957704188776e-30
2026-04-11 16:00:00+00:00,0.000171593710558928,1.4761305249631362e-30
2026-04-11 20:00:00+00:00,0.0001266243919641183,1.4801516834531434e-30
2026-04-12 00:00:00+00:00,6.476981491105587e-05,1.4846568681271921e-30
2026-04-12 04:00:00+00:00,6.053133092651765e-05,1.4967265064528023e-30
2026-04-12 08:00:00+00:00,0.00015461903560970723,1.4984778160882812e-30
2026-04-12 12:00:00+00:00,0.00015857186363342387,1.4983216744113386e-30
2026-04-12 16:00:00+00:00,0.00015596417024637066,1.4878125817935453e-30
2026-04-12 20:00:00+00:00,0.000175315793909338,1.4829454090733729e-30
2026-04-13 00:00:00+00:00,9.038015398405837e-05,1.498977048023876e-30
2026-04-13 04:00:00+00:00,0.00010714363727162599,1.5067338881675416e-30
2026-04-13 08:00:00+00:00,4.123095730999898e-05,1.525543089025191e-30
2026-04-13 12:00:00+00:00,3.206196320920832e-05,1.5179211843104519e-30
2026-04-13 16:00:00+00:00,9.198280547338238e-05,1.5249332545816513e-30
2026-04-13 20:00:00+00:00,0.00014335436263875932,1.5262642240298781e-30
2026-04-14 00:00:00+00:00,0.0001435580683399942,1.5335738076531237e-30
2026-04-14 04:00:00+00:00,3.308867415008213e-05,1.53711134960218e-30
2026-04-14 08:00:00+00:00,0.0001179652298921653,1.5483771122770315e-30
2026-04-14 12:00:00+00:00,0.0001385752972433926,1.5471155019509652e-30
2026-04-14 16:00:00+00:00,-1.794412342039899e-05,1.5401826614934075e-30
2026-04-14 20:00:00+00:00,0.0001468564823374514,1.5487354133739686e-30
2026-04-15 00:00:00+00:00,0.0001553209205017544,1.5584206134431458e-30
2026-04-15 04:00:00+00:00,0.00015288136535742018,1.560147905774576e-30
2026-04-15 08:00:00+00:00,6.293737224155504e-05,1.5524951384058453e-30
2026-04-15 12:00:00+00:00,0.00018904085234726557,1.5419776497821989e-30
2026-04-15 16:00:00+00:00,0.0001615692123525401,1.5496250731945565e-30
2026-04-15 20:00:00+00:00,0.0001603507346678267,1.5579546008563369e-30
2026-04-16 00:00:00+00:00,5.945672888486997e-05,1.5673216227217776e-30
2026-04-16 04:00:00+00:00,0.00012324093444602026,1.5640939054394631e-30
2026-04-16 08:00:00+00:00,2.6074727956195796e-05,1.5738463213755093e-30
2026-04-16 12:00:00+00:00,0.0002161604473695994,1.5710574852137364e-30
2026-04-16 16:00:00+00:00,0.00014472230540649633,1.5651395703021309e-30
2026-04-16 20:00:00+00:00,0.00016701114105760725,1.5628891937686258e-30
2026-04-17 00:00:00+00:00,0.00010400070994294115,1.5563251928433093e-30
2026-04-17 04:00:00+00:00,8.03953459808027e-05,1.560928616899231e-30
2026-04-17 08:00:00+00:00,5.988192631694488e-05,1.5630645444709182e-30
2026-04-17 12:00:00+00:00,0.00016694957556957578,1.5726626160037998e-30
2026-04-17 16:00:00+00:00,0.00018933905788318087,1.580665023000535e-30
2026-04-17 20:00:00+00:00,0.00012545065771897237,1.5945452572793185e-30
2026-04-18 00:00:00+00:00,7.342239026266767e-05,1.6049827909644457e-30
2026-04-18 04:00:00+00:00,6.427410985499503e-05,1.6178988060403862e-30
2026-04-18 08:00:00+00:00,8.228364915467664e-05,1.6136991672414928e-30
2026-04-18 12:00:00+00:00,0.00010592386214231115,1.6198230569307124e-30
2026-04-18 16:00:00+00:00,0.00010052188926179506,1.6072413759903607e-30
2026-04-18 20:00:00+00:00,6.310142650119739e-05,1.607695419003849e-30
2026-04-19 00:00:00+00:00,4.688024231701751e-05,1.6126362074318454e-30
2026-04-19 04:00:00+00:00,0.00011674602261920822,1.618029441608104e-30
2026-04-19 08:00:00+00:00,-7.49865122374082e-05,1.6196988544656733e-30
2026-04-19 12:00:00+00:00,7.75807270984866e-05,1.6175904753285147e-30
2026-04-19 16:00:00+00:00,0.0001038287245826128,1.6210028082401285e-30
2026-04-19 20:00:00+00:00,5.780364983885513e-05,1.6235657798229494e-30
2026-04-20 00:00:00+00:00,7.875625965984707e-05,1.6347117153296497e-30
2026-04-20 04:00:00+00:00,3.887764225466655e-05,1.6383875582268355e-30
2026-04-20 08:00:00+00:00,0.00015153027530686642,1.653566411534894e-30
2026-04-20 12:00:00+00:00,0.00014502496105896586,1.6684262696424924e-30
2026-04-20 16:00:00+00:00,0.00011826565043180144,1.6858311696848236e-30
2026-04-20 20:00:00+00:00,0.00010347456115477821,1.6889787026517127e-30
2026-04-21 00:00:00+00:00,7.565675247627719e-05,1.6879833055175674e-30
2026-04-21 04:00:00+00:00,5.738558724060153e-05,1.684016017096218e-30
2026-04-21 08:00:00+00:00,5.8017881873262834e-05,1.670946655242238e-30
2026-04-21 12:00:00+00:00,0.00014769205299571786,1.6647812817302567e-30
2026-04-21 16:00:00+00:00,3.0085429737945364e-05,1.6702225016598047e-30
2026-04-21 20:00:00+00:00,7.974548245600694e-05,1.6649610415954954e-30
2026-04-22 00:00:00+00:00,8.559532769757781e-05,1.66418924607915e-30
2026-04-22 04:00:00+00:00,0.00015351643140869482,1.6542964166419728e-30
2026-04-22 08:00:00+00:00,0.00010381301603591583,1.651301601357826e-30
2026-04-22 12:00:00+00:00,0.00010006150253950747,1.64482226139974e-30
2026-04-22 16:00:00+00:00,6.800733865122016e-05,1.6338372324325615e-30
2026-04-22 20:00:00+00:00,0.00010373717507442025,1.641266402509707e-30
2026-04-23 00:00:00+00:00,8.047648778743854e-05,1.632855516592561e-30
2026-04-23 04:00:00+00:00,0.00016625228143644832,1.6214845345103665e-30
2026-04-23 08:00:00+00:00,9.122865443798455e-05,1.627969087682751e-30
2026-04-23 12:00:00+00:00,3.587062651089459e-05,1.633217302529761e-30
2026-04-23 16:00:00+00:00,0.00011407720106186212,1.62518768783019e-30
2026-04-23 20:00:00+00:00,0.00014083662788628258,1.627034558035117e-30
2026-04-24 00:00:00+00:00,0.00010058389884486741,1.6142194954104163e-30
2026-04-24 04:00:00+00:00,9.7128475091134e-05,1.6194240956760195e-30
2026-04-24 08:00:00+00:00,9.39787671748081e-05,1.6332716094382273e-30
2026-04-24 12:00:00+00:00,0.00011517940059645857,1.626821012332532e-30
2026-04-24 16:00:00+00:00,6.253717366606326e-05,1.6360176473126587e-30
2026-04-24 20:00:00+00:00,0.00019197813470346736,1.6466966170641226e-30
2026-04-25 00:00:00+00:00,-6.022327946872504e-06,1.6544792634948973e-30
2026-04-25 04:00:00+00:00,9.991722862901139e-05,1.6554092692132558e-30
2026-04-25 08:00:00+00:00,0.00014876050807388126,1.661169621593935e-30
2026-04-25 12:00:00+00:00,1.0856147466206461e-05,1.660067165626312e-30
2026-04-25 16:00:00+00:00,0.00015431453778389084,1.6640136902668437e-30
2026-04-25 20:00:00+00:00,0.00023941204213259965,1.6716897013327215e-30
2026-04-26 00:00:00+00:00,0.00011844286389245761,1.680835427768612e-30
2026-04-26 04:00:00+00:00,7.057043632243816e-05,1.6769713911296383e-30
2026-04-26 08:00:00+00:00,6.028400056219021e-05,1.6820074521891865e-30
2026-04-26 12:00:00+00:00,0.00019742099156135306,1.6774160824601218e-30
2026-04-26 16:00:00+00:00,0.00015315142356926815,1.6696165777605764e-30
2026-04-26 20:00:00+00:00,0.0001685030316694566,1.6535715380039608e-30
2026-04-27 00:00:00+00:00,0.0001679032472524099,1.6551955832338812e-30
2026-04-27 04:00:00+00:00,1.7659456854975686e-05,1.6578482108803338e-30
2026-04-27 08:00:00+00:00,7.541363151067099e-05,1.6589542614297108e-30
2026-04-27 12:00:00+00:00,0.00018347056507489535,1.6388705647557244e-30
2026-04-27 16:00:00+00:00,3.277235353930513e-05,1.6409282180607317e-30
2026-04-27 20:00:00+00:00,8.847528923066575e-05,1.642552907597914e-30
2026-04-28 00:00:00+00:00,0.00011271740991664236,1.6408093998650396e-30
2026-04-28 04:00:00+00:00,-1.782498228799911e-06,1.6380759470849406e-30
2026-04-28 08:00:00+00:00,8.398286646741038e-05,1.6513778481477387e-30
2026-04-28 12:00:00+00:00,0.00014055678640581863,1.663280583850629e-30
2026-04-28 16:00:00+00:00,5.588057924251275e-05,1.665890324503544e-30
2026-04-28 20:00:00+00:00,9.051213610926321e-05,1.6716755065955158e-30
2026-04-29 00:00:00+00:00,9.371170364245474e-05,1.670533825615854e-30
2026-04-29 04:00:00+00:00,6.416403627472724e-05,1.6711128702964996e-30
2026-04-29 08:00:00+00:00,9.29655496874144e-05,1.671208207349459e-30
2026-04-29 12:00:00+00:00,5.141161958984659e-05,1.6702837477359138e-30
2026-04-29 16:00:00+00:00,8.088123568205132e-05,1.6662784551734866e-30
2026-04-29 20:00:00+00:00,0.00011878965575144763,1.6722782490041586e-30
2026-04-30 00:00:00+00:00,9.280860046900439e-05,1.6659333558729797e-30
2026-04-30 04:00:00+00:00,0.00012067561779811339,1.6739807591068946e-30
2026-04-30 08:00:00+00:00,5.433345411467789e-05,1.6736419099614606e-30
2026-04-30 12:00:00+00:00,8.746140229198176e-05,1.6727939359924812e-30
2026-04-30 16:00:00+00:00,7.984171341552803e-05,1.675668470067696e-30
2026-04-30 20:00:00+00:00,0.00011761633798578516,1.676100406259819e-30
2026-05-01 00:00:00+00:00,7.943236327563959e-05,1.6767121928657808e-30
2026-05-01 04:00:00+00:00,6.435563033040882e-05,1.6717777850500934e-30
2026-05-01 08:00:00+00:00,0.00018219027261150405,1.6750744058406042e-30
2026-05-01 12:00:00+00:00,6.761603821177155e-05,1.6684988498892768e-30
2026-05-01 16:00:00+00:00,4.768466578279421e-05,1.673836536623391e-30
2026-05-01 20:00:00+00:00,0.00013971883357756835,1.664399436366636e-30
2026-05-02 00:00:00+00:00,2.667383970050148e-05,1.66418069729605e-30
2026-05-02 04:00:00+00:00,5.3780001943745556e-05,1.672157109513664e-30
2026-05-02 08:00:00+00:00,0.00012229739434857967,1.6698262556120144e-30
2026-05-02 12:00:00+00:00,4.990444892889253e-05,1.6644551491685008e-30
2026-05-02 16:00:00+00:00,8.844810815547393e-05,1.6654843360303163e-30
2026-05-02 20:00:00+00:00,5.5905181433283024e-05,1.6707496309695702e-30
2026-05-03 00:00:00+00:00,0.0001842864381938758,1.6714676169439365e-30
2026-05-03 04:00:00+00:00,0.00015104968844555458,1.6783289093474517e-30
2026-05-03 08:00:00+00:00,0.00012249262261604445,1.670766375404154e-30
2026-05-03 12:00:00+00:00,0.00011492661885753648,1.6613905886067475e-30
2026-05-03 16:00:00+00:00,0.0001687180513641009,1.6705110386269836e-30
2026-05-03 20:00:00+00:00,6.973878005531985e-05,1.688435862913027e-30
2026-05-04 00:00:00+00:00,0.00011647442882470312,1.6845947507260143e-30
2026-05-04 04:00:00+00:00,6.580246371357849e-05,1.694926594915683e-30
2026-05-04 08:00:00+00:00,0.00015960055535579253,1.7012496488726874e-30
2026-05-04 12:00:00+00:00,7.651684609927536e-05,1.6867195668440987e-30
2026-05-04 16:00:00+00:00,5.569770745368777e-05,1.6910104840048618e-30
2026-05-04 20:00:00+00:00,0.00012736325661288472,1.696214384612629e-30
2026-05-05 00:00:00+00:00,0.00016018516838862338,1.7192235596130928e-30
2026-05-05 04:00:00+00:00,0.00015485737787557667,1.7155185809946198e-30
2026-05-05 08:00:00+00:00,7.972175386615574e-05,1.7304087853420858e-30
2026-05-05 12:00:00+00:00,0.0001525573150421325,1.7202913289371123e-30
2026-05-05 16:00:00+00:00,1.631253666087315e-05,1.7199123226636203e-30
2026-05-05 20:00:00+00:00,0.00014592825927177135,1.7224963719360796e-30
2026-05-06 00:00:00+00:00,0.00011494586922587637,1.7193072058310693e-30
2026-05-06 04:00:00+00:00,0.00010596767690047709,1.7258454318710588e-30
2026-05-06 08:00:00+00:00,0.00012161059539268258,1.7187271858445062e-30
2026-05-06 12:00:00+00:00,0.0001934999272285359,1.7264843893481495e-30
2026-05-06 16:00:00+00:00,0.00013792942696164888,1.7291700589419652e-30
2026-05-06 20:00:00+00:00,0.00011019947370701313,1.733436214991628e-30
2026-05-07 00:00:00+00:00,0.00015561776796239556,1.7439701089062287e-30
2026-05-07 04:00:00+00:00,0.00015960185131729746,1.740486698552177e-30
2026-05-07 08:00:00+00:00,0.00020306427139569355,1.7271897691706037e-30
2026-05-07 12:00:00+00:00,0.0001018021814377581,1.7347931424926236e-30
2026-05-07 16:00:00+00:00,0.00013779463304789208,1.7347983045103656e-30
2026-05-07 20:00:00+00:00,9.763674205545799e-05,1.7274033950741316e-30
2026-05-08 00:00:00+00:00,9.69736993992689e-05,1.7173522134999944e-30
2026-05-08 04:00:00+00:00,0.00017438343072869592,1.727354736553708e-30
2026-05-08 08:00:00+00:00,0.00017941986600540833,1.7421803295048345e-30
2026-05-08 12:00:00+00:00,0.00015640304958809882,1.7660444163334005e-30
2026-05-08 16:00:00+00:00,0.00013006990260205727,1.763660830852922e-30
2026-05-08 20:00:00+00:00,6.964445464922307e-05,1.751484670031598e-30
2026-05-09 00:00:00+00:00,0.00015351025596740324,1.753128736247143e-30
2026-05-09 04:00:00+00:00,0.0001574498699011779,1.7513688527538925e-30
2026-05-09 08:00:00+00:00,0.00017483800527622154,1.7506646474379018e-30
2026-05-09 12:00:00+00:00,0.00014683930387168927,1.7577037589506977e-30
2026-05-09 16:00:00+00:00,0.00014816445457500047,1.7701008418365257e-30
2026-05-09 20:00:00+00:00,0.00012152794900066195,1.77389362676149e-30
2026-05-10 00:00:00+00:00,0.0001528661390259099,1.79400336463272e-30
2026-05-10 04:00:00+00:00,0.00012775743266271625,1.8067413470320873e-30
2026-05-10 08:00:00+00:00,0.00014563274532962563,1.8028055487303917e-30
2026-05-10 12:00:00+00:00,0.00015317491293928022,1.8166980507810364e-30
2026-05-10 16:00:00+00:00,0.0002252937323249369,1.7928663585611248e-30
2026-05-10 20:00:00+00:00,0.00017098080870801634,1.7838417644349466e-30
2026-05-11 00:00:00+00:00,7.028060799890124e-05,1.7846913668379963e-30
2026-05-11 04:00:00+00:00,3.815606618422034e-05,1.7977972645512912e-30
2026-05-11 08:00:00+00:00,0.00014845281745242726,1.8050466570795267e-30
2026-05-11 12:00:00+00:00,7.317263986480106e-05,1.8115462492719274e-30
2026-05-11 16:00:00+00:00,8.845361544201072e-05,1.8128707676320138e-30
2026-05-11 20:00:00+00:00,0.0002423386157003653,1.801225309686417e-30
2026-05-12 00:00:00+00:00,0.000133233922978163,1.7896389422145608e-30
2026-05-12 04:00:00+00:00,0.00011689174648927205,1.79607500077256e-30
2026-05-12 08:00:00+00:00,9.097451509690536e-05,1.7991156239314423e-30
2026-05-12 12:00:00+00:00,6.517647451848925e-05,1.7913719968214293e-30
2026-05-12 16:00:00+00:00,0.00019725824960578248,1.8014147260333296e-30
2026-05-12 20:00:00+00:00,0.00011719473076891476,1.8084483227910142e-30
2026-05-13 00:00:00+00:00,0.00014336763618754496,1.79664895236014e-30
2026-05-13 04:00:00+00:00,0.00011533353160246733,1.8088833772964212e-30
2026-05-13 08:00:00+00:00,7.984153305964625e-05,1.815708126848887e-30
2026-05-13 12:00:00+00:00,-3.951320629511365e-06,1.81224996572209e-30
2026-05-13 16:00:00+00:00,2.5526811133162556e-05,1.8115488658207532e-30
2026-05-13 20:00:00+00:00,8.687035067446412e-05,1.8088199247863707e-30
2026-05-14 00:00:00+00:00,4.5808474071854566e-05,1.803987283925463e-30
2026-05-14 04:00:00+00:00,2.3367919544832306e-05,1.8022450621262797e-30
2026-05-14 08:00:00+00:00,8.417265335870689e-05,1.7958584329341056e-30
2026-05-14 12:00:00+00:00,4.4382195377831145e-05,1.800321986954035e-30
2026-05-14 16:00:00+00:00,0.00010845396772041574,1.8015278284775854e-30
2026-05-14 20:00:00+00:00,9.328068229605403e-05,1.8063754633602202e-30
2026-05-15 00:00:00+00:00,7.522138116201507e-05,1.8151308783756204e-30
2026-05-15 04:00:00+00:00,1.2576716371200942e-06,1.810690165945036e-30
2026-05-15 08:00:00+00:00,7.379227762539224e-05,1.815698791467444e-30
2026-05-15 12:00:00+00:00,0.00010582105839356188,1.8157073908098447e-30
2026-05-15 16:00:00+00:00,0.00010259703040457582,1.8109539150478263e-30
2026-05-15 20:00:00+00:00,0.00012526723881322061,1.8174893201365944e-30
2026-05-16 00:00:00+00:00,9.802962030332008e-05,1.835673117279546e-30
2026-05-16 04:00:00+00:00,2.1666660315305756e-05,1.831933720231242e-30
2026-05-16 08:00:00+00:00,9.253392641447313e-05,1.822808213553506e-30
2026-05-16 12:00:00+00:00,0.00011198079693363868,1.8294929087868887e-30
2026-05-16 16:00:00+00:00,6.498905544451156e-05,1.833695297180894e-30
2026-05-16 20:00:00+00:00,8.102251488645565e-05,1.8503523225738332e-30
2026-05-17 00:00:00+00:00,0.00016672266934695688,1.8528216670536043e-30
2026-05-17 04:00:00+00:00,0.00013032963123323576,1.8426168576292674e-30
2026-05-17 08:00:00+00:00,1.9350557713242355e-05,1.8467229574618662e-30
2026-05-17 12:00:00+00:00,0.00012747065460010543,1.8524117857914165e-30
2026-05-17 16:00:00+00:00,7.431974505872314e-05,1.8638777402323714e-30
2026-05-17 20:00:00+00:00,3.234183817183894e-05,1.8579318300483863e-30
2026-05-18 00:00:00+00:00,8.876517975675468e-05,1.8605082320570257e-30
2026-05-18 04:00:00+00:00,2.5353523503228613e-05,1.8761172926162356e-30
2026-05-18 08:00:00+00:00,0.00010244918837331489,1.8755969446036136e-30
2026-05-18 12:00:00+00:00,6.281839881566355e-05,1.8753586040333166e-30
2026-05-18 16:00:00+00:00,4.4421234183673694e-07,1.8777502078400486e-30
2026-05-18 20:00:00+00:00,7.314513524216083e-05,1.8787122394047497e-30
2026-05-19 00:00:00+00:00,0.00012191483614324257,1.873010097749435e-30
2026-05-19 04:00:00+00:00,6.920542217417904e-05,1.8853703488412663e-30
2026-05-19 08:00:00+00:00,6.766345877660283e-05,1.8727526681259385e-30
2026-05-19 12:00:00+00:00,0.00011648240417175273,1.8764298100445748e-30
2026-05-19 16:00:00+00:00,9.230862952386569e-05,1.887758015890987e-30
2026-05-19 20:00:00+00:00,0.00010776123960569748,1.880392940349254e-30
2026-05-20 00:00:00+00:00,0.00015700980478385214,1.857743371021782e-30
2026-05-20 04:00:00+00:00,0.0001241193546261039,1.852651109725009e-30
2026-05-20 08:00:00+00:00,0.00012248582768968245,1.8518406436310498e-30
2026-05-20 12:00:00+00:00,9.668095468677415e-05,1.8702623801094192e-30
2026-05-20 16:00:00+00:00,9.705998076913303e-05,1.8844237093681262e-30
2026-05-20 20:00:00+00:00,6.483057817582785e-05,1.8887133368879987e-30
2026-05-21 00:00:00+00:00,0.00021562529825322566,1.9048027209937185e-30
2026-05-21 04:00:00+00:00,0.00014640756326463137,1.8929532099159926e-30
2026-05-21 08:00:00+00:00,7.950062543647822e-05,1.895386234331334e-30
2026-05-21 12:00:00+00:00,0.00025675148645076074,1.889250055247624e-30
2026-05-21 16:00:00+00:00,0.0001160669901575686,1.9009931124585127e-30
2026-05-21 20:00:00+00:00,0.00012598078008321914,1.891327742903861e-30
2026-05-22 00:00:00+00:00,9.22572934354748e-05,1.8831741139541378e-30
2026-05-22 04:00:00+00:00,6.357903990841343e-05,1.8896722731330924e-30
2026-05-22 08:00:00+00:00,0.00013075681467284922,1.8794267609335683e-30
2026-05-22 12:00:00+00:00,9.909852441112931e-05,1.8671804248883907e-30
2026-05-22 16:00:00+00:00,9.800456770687076e-05,1.861534862953673e-30
2026-05-22 20:00:00+00:00,8.657663027985843e-05,1.855924985540244e-30
2026-05-23 00:00:00+00:00,0.0001166351000106441,1.8545729420235587e-30
2026-05-23 04:00:00+00:00,0.000144439926086141,1.8707048707416357e-30
2026-05-23 08:00:00+00:00,7.892122606889957e-05,1.8897200193951703e-30
2026-05-23 12:00:00+00:00,8.113550242252481e-05,1.8954916092170647e-30
2026-05-23 16:00:00+00:00,0.0001008517030812785,1.900823817639752e-30
2026-05-23 20:00:00+00:00,7.90574884429005e-05,1.8943636341602914e-30
2026-05-24 00:00:00+00:00,0.0001676693739928397,1.9002793818522293e-30
2026-05-24 04:00:00+00:00,8.306665713481884e-05,1.9147626326499426e-30
2026-05-24 08:00:00+00:00,0.00012663200119368483,1.9254123582863244e-30
2026-05-24 12:00:00+00:00,8.515009757905308e-05,1.9307587321828843e-30
2026-05-24 16:00:00+00:00,0.00016721050839242461,1.9369695673191617e-30
2026-05-24 20:00:00+00:00,0.00010293887884927296,1.9336531807626286e-30
2026-05-25 00:00:00+00:00,2.018827141873804e-05,1.9317850314901117e-30
2026-05-25 04:00:00+00:00,9.48097808716597e-05,1.9372561265187377e-30
2026-05-25 08:00:00+00:00,6.819005635934328e-05,1.956561228495395e-30
2026-05-25 12:00:00+00:00,0.00020038517493524668,1.9443394814492346e-30
2026-05-25 16:00:00+00:00,0.0001338458104166261,1.9570614242180944e-30
2026-05-25 20:00:00+00:00,6.358949534334373e-07,1.971334515682859e-30
2026-05-26 00:00:00+00:00,3.474930725421808e-05,1.9637602909665427e-30
2026-05-26 04:00:00+00:00,-1.660298325239838e-06,1.9723544371703425e-30
2026-05-26 08:00:00+00:00,0.00012340828194085763,1.9558639555177193e-30
2026-05-26 12:00:00+00:00,0.0001523936177358681,1.968088300431266e-30
2026-05-26 16:00:00+00:00,0.0001104121595952958,1.991499058941314e-30
2026-05-26 20:00:00+00:00,-1.1450634647600197e-05,2.004889346949605e-30
2026-05-27 00:00:00+00:00,6.0076543779718444e-05,1.9981213360497083e-30
2026-05-27 04:00:00+00:00,2.9003908297178654e-05,1.9909902131336862e-30
2026-05-27 08:00:00+00:00,0.00013417365393738218,1.982855936344189e-30
2026-05-27 12:00:00+00:00,5.913086693705007e-05,1.9800129982273408e-30
2026-05-27 16:00:00+00:00,0.00010963866027412377,1.9854071219603603e-30
2026-05-27 20:00:00+00:00,4.893143578172823e-05,1.9901293842239883e-30
2026-05-28 00:00:00+00:00,4.355597084482986e-07,1.9923498936148046e-30
2026-05-28 04:00:00+00:00,9.583090986043185e-05,1.998539361159066e-30
2026-05-28 08:00:00+00:00,0.00011705602981101974,1.9902081880230792e-30
2026-05-28 12:00:00+00:00,7.109126205523941e-05,1.9927667095111776e-30
2026-05-28 16:00:00+00:00,1.3683377928155899e-05,1.990269876415173e-30
2026-05-28 20:00:00+00:00,0.00011171112101244972,2.0121024660642677e-30
2026-05-29 00:00:00+00:00,2.2460872528902684e-07,2.0155367835903356e-30
2026-05-29 04:00:00+00:00,0.00010393262314622782,2.0170892438470035e-30
2026-05-29 08:00:00+00:00,0.0001432466337811853,2.0127380380629932e-30
2026-05-29 12:00:00+00:00,2.434363913433846e-05,2.0117972293429614e-30
2026-05-29 16:00:00+00:00,9.331796990311645e-05,2.012249134998816e-30
2026-05-29 20:00:00+00:00,0.00016768138045571225,2.0064250091907876e-30
2026-05-30 00:00:00+00:00,0.00012037135389676463,1.9998343451507636e-30
2026-05-30 04:00:00+00:00,7.265003376012801e-05,1.996336237397428e-30
2026-05-30 08:00:00+00:00,1.2624423307083386e-05,1.9935031231894567e-30
2026-05-30 12:00:00+00:00,5.9980741436824735e-05,2.00874236415978e-30
2026-05-30 16:00:00+00:00,6.740879613786339e-05,2.0031992828754644e-30
2026-05-30 20:00:00+00:00,0.0001406136586086346,2.0089730282619873e-30
2026-05-31 00:00:00+00:00,0.00012646283553608545,2.0093999358414753e-30
2026-05-31 04:00:00+00:00,0.00013919082182246035,2.005544792785276e-30
2026-05-31 08:00:00+00:00,8.610208617811825e-05,2.006302790961675e-30
2026-05-31 12:00:00+00:00,0.00014077847829589227,2.011156705506949e-30
2026-05-31 16:00:00+00:00,6.63961533173365e-05,2.015370974600055e-30
2026-05-31 20:00:00+00:00,0.00010194393394607444,2.0252502288920525e-30
2026-06-01 00:00:00+00:00,0.00011875325436982423,2.0328728752986663e-30
2026-06-01 04:00:00+00:00,4.9039267488471195e-05,2.0421870549566766e-30
2026-06-01 08:00:00+00:00,0.00011436650561874522,2.0285199525976366e-30
2026-06-01 12:00:00+00:00,9.000908536953682e-05,2.0215205281248902e-30
2026-06-01 16:00:00+00:00,7.225814333354483e-05,2.030123669028479e-30
2026-06-01 20:00:00+00:00,0.00011033441068770878,2.0302198861032926e-30
2026-06-02 00:00:00+00:00,0.00017759251365377537,2.027749318324357e-30
2026-06-02 04:00:00+00:00,0.00014022358901747304,2.0470738639592286e-30
2026-06-02 08:00:00+00:00,7.422077911178806e-05,2.060773528910698e-30
2026-06-02 12:00:00+00:00,9.52349255702401e-05,2.044732242000853e-30
2026-06-02 16:00:00+00:00,2.9297113253224623e-05,2.0429238624459634e-30
2026-06-02 20:00:00+00:00,6.596508526430039e-05,2.033825675101527e-30
2026-06-03 00:00:00+00:00,-7.326957840585893e-05,2.0344883046130705e-30
2026-06-03 04:00:00+00:00,0.00017523979400400062,2.037698603932502e-30
2026-06-03 08:00:00+00:00,2.173378190471031e-05,2.0479580430129035e-30
2026-06-03 12:00:00+00:00,9.203512820646177e-05,2.0663140717088658e-30
2026-06-03 16:00:00+00:00,9.429077616083693e-05,2.059728080063185e-30
2026-06-03 20:00:00+00:00,0.0001208460305858515,2.060303049905171e-30
2026-06-04 00:00:00+00:00,2.4995226984738907e-06,2.0745594618170686e-30
2026-06-04 04:00:00+00:00,8.486469188434613e-05,2.0788308909621574e-30
2026-06-04 08:00:00+00:00,3.4961484673248793e-05,2.0660027786885245e-30
2026-06-04 12:00:00+00:00,0.00011236468593638259,2.0632636393420044e-30
2026-06-04 16:00:00+00:00,0.0002356261755525534,2.0636442868171006e-30
2026-06-04 20:00:00+00:00,2.7859728156303522e-05,2.059697265095711e-30
2026-06-05 00:00:00+00:00,8.703514923407862e-05,2.0725788067016163e-30
2026-06-05 04:00:00+00:00,-6.496819150164323e-05,2.068863968240198e-30
2026-06-05 08:00:00+00:00,3.554009555755275e-05,2.0751212767874528e-30
2026-06-05 12:00:00+00:00,4.601857513722821e-05,2.062679792427084e-30
2026-06-05 16:00:00+00:00,0.00013143463659229278,2.067830488259451e-30
2026-06-05 20:00:00+00:00,8.638677169916331e-05,2.079320039004381e-30
2026-06-06 00:00:00+00:00,5.3052332294019686e-05,2.093923814330913e-30
2026-06-06 04:00:00+00:00,5.071435417984753e-05,2.08925630991583e-30
2026-06-06 08:00:00+00:00,2.6795584686385967e-05,2.0957866823903196e-30
2026-06-06 12:00:00+00:00,1.7553031946715035e-06,2.1099904365623664e-30
2026-06-06 16:00:00+00:00,0.00010512943151285541,2.104387625217441e-30
2026-06-06 20:00:00+00:00,5.577366235244147e-05,2.085096433568746e-30
2026-06-07 00:00:00+00:00,9.055060213287861e-05,2.0882354465984952e-30
2026-06-07 04:00:00+00:00,0.00010898627561440728,2.101783086234032e-30
2026-06-07 08:00:00+00:00,2.6713782134078132e-05,2.1074842361003563e-30
2026-06-07 12:00:00+00:00,0.0001483904892862101,2.1005119925029795e-30
2026-06-07 16:00:00+00:00,0.00012379766152155214,2.1132346059535773e-30
2026-06-07 20:00:00+00:00,0.00010339470312310987,2.1122538563170407e-30
2026-06-08 00:00:00+00:00,8.90733998588262e-05,2.1359101773644536e-30
2026-06-08 04:00:00+00:00,0.00011169177570558903,2.1145210810691568e-30
2026-06-08 08:00:00+00:00,0.00010202171425369222,2.1129657899712767e-30
2026-06-08 12:00:00+00:00,0.00022576176884361168,2.117436562281266e-30
2026-06-08 16:00:00+00:00,0.00013107597638891327,2.1259449568115214e-30
2026-06-08 20:00:00+00:00,0.00010168915687233784,2.1457788742613628e-30
2026-06-09 00:00:00+00:00,0.0001309308310791766,2.139081822420168e-30
2026-06-09 04:00:00+00:00,0.00014954902609574003,2.145805893117689e-30
2026-06-09 08:00:00+00:00,0.00011968264507366,2.1711860269697635e-30
2026-06-09 12:00:00+00:00,9.533519287813558e-05,2.1815438279262697e-30
2026-06-09 16:00:00+00:00,0.00020925857620962212,2.2034629833404296e-30
2026-06-09 20:00:00+00:00,8.469011314739956e-05,2.217823973080046e-30
2026-06-10 00:00:00+00:00,9.352992111472659e-05,2.2236737909661906e-30
2026-06-10 04:00:00+00:00,0.00010624933497106039,2.2336442559727003e-30
2026-06-10 08:00:00+00:00,0.00011605649105654807,2.2251487345626685e-30
2026-06-10 12:00:00+00:00,0.0001289166247409072,2.2297055788486038e-30
2026-06-10 16:00:00+00:00,3.170996956521371e-05,2.226310295326046e-30
2026-06-10 20:00:00+00:00,3.0783674230590446e-05,2.2213917910162023e-30
2026-06-11 00:00:00+00:00,8.1978680711719e-05,2.2121678006796183e-30
2026-06-11 04:00:00+00:00,0.00013168573291455607,2.2188372482787875e-30
2026-06-11 08:00:00+00:00,0.0001519333031933542,2.198888240658086e-30
2026-06-11 12:00:00+00:00,0.00014905430912204103,2.1963368381204944e-30
2026-06-11 16:00:00+00:00,0.0001270713759761738,2.195375944664743e-30
2026-06-11 20:00:00+00:00,3.997217887576414e-05,2.2010670644568175e-30
2026-06-12 00:00:00+00:00,2.5331849069242922e-05,2.1897508482172082e-30
2026-06-12 04:00:00+00:00,7.116869768869071e-05,2.1927474639231655e-30
2026-06-12 08:00:00+00:00,0.00021052800478025107,2.1845102925307925e-30
2026-06-12 12:00:00+00:00,6.0909651634276604e-05,2.18719117984037e-30
2026-06-12 16:00:00+00:00,0.00015310380991860603,2.16225739963585e-30
2026-06-12 20:00:00+00:00,0.00010621630631381924,2.1594988739356157e-30
2026-06-13 00:00:00+00:00,0.00010654055343096953,2.1660200304249455e-30
2026-06-13 04:00:00+00:00,0.00015063966278582665,2.1804574810710522e-30
2026-06-13 08:00:00+00:00,4.181775883229309e-05,2.1833608023518218e-30
2026-06-13 12:00:00+00:00,0.00013810537564700053,2.1611872565399297e-30
2026-06-13 16:00:00+00:00,7.93660198286541e-05,2.1509252824572328e-30
2026-06-13 20:00:00+00:00,8.745157454656403e-05,2.1499812741380222e-30
2026-06-14 00:00:00+00:00,9.632889840098565e-05,2.1576494566948436e-30
2026-06-14 04:00:00+00:00,0.00015061131867980096,2.1632797577462527e-30
2026-06-14 08:00:00+00:00,9.741282896319645e-05,2.156970363997408e-30
2026-06-14 12:00:00+00:00,9.288517594866807e-05,2.1564172952227268e-30
2026-06-14 16:00:00+00:00,9.621514472600042e-05,2.160719489777297e-30
2026-06-14 20:00:00+00:00,0.00012948924309537897,2.1637621908443287e-30
2026-06-15 00:00:00+00:00,0.00011311146355125167,2.1668702852539477e-30
2026-06-15 04:00:00+00:00,0.00015130496794821797,2.173368930435699e-30
2026-06-15 08:00:00+00:00,6.975538351715205e-05,2.1774948926702878e-30
2026-06-15 12:00:00+00:00,0.00019133846446468068,2.1828774743342875e-30
2026-06-15 16:00:00+00:00,0.00012945582784705986,2.1860975873269633e-30
2026-06-15 20:00:00+00:00,2.821963082003601e-05,2.2019305948736222e-30
2026-06-16 00:00:00+00:00,0.0001096809136520294,2.2009705894641e-30
2026-06-16 04:00:00+00:00,0.00018936263187349558,2.1943613789329466e-30
2026-06-16 08:00:00+00:00,0.0001354161086197589,2.216735852305395e-30
2026-06-16 12:00:00+00:00,0.00014354990288775136,2.222936305947018e-30
2026-06-16 16:00:00+00:00,0.0001379347801924639,2.2218784282508862e-30
2026-06-16 20:00:00+00:00,8.36263767451325e-05,2.2194491850658697e-30
2026-06-17 00:00:00+00:00,5.4804568467201926e-05,2.2322051417036208e-30
2026-06-17 04:00:00+00:00,4.354298088952406e-05,2.2231045531086747e-30
2026-06-17 08:00:00+00:00,7.88129947914185e-05,2.2120277573062638e-30
2026-06-17 12:00:00+00:00,0.00011010239510082316,2.216392585369901e-30
2026-06-17 16:00:00+00:00,-6.845492383937931e-05,2.2006892729596193e-30
2026-06-17 20:00:00+00:00,8.463986845407112e-05,2.212936422132734e-30
2026-06-18 00:00:00+00:00,9.165604189364647e-05,2.233305191661505e-30
2026-06-18 04:00:00+00:00,0.00010310578045035477,2.2313389431757667e-30
2026-06-18 08:00:00+00:00,4.7970779617327364e-05,2.2300661506318132e-30
2026-06-18 12:00:00+00:00,4.459628409463128e-05,2.2431502837518212e-30
2026-06-18 16:00:00+00:00,8.148155869953279e-05,2.2564636527639287e-30
2026-06-18 20:00:00+00:00,2.2918074146935285e-05,2.260533629061275e-30
2026-06-19 00:00:00+00:00,0.0001211439578779698,2.2505787161189014e-30
2026-06-19 04:00:00+00:00,5.642789167221638e-05,2.2694786627991963e-30
2026-06-19 08:00:00+00:00,0.00014300186519275026,2.2813417840867465e-30
2026-06-19 12:00:00+00:00,8.20646882360647e-05,2.2826497583373513e-30
2026-06-19 16:00:00+00:00,5.750373669177707e-05,2.2824858756898214e-30
2026-06-19 20:00:00+00:00,9.705285573679156e-05,2.283485436637616e-30
2026-06-20 00:00:00+00:00,0.00010378701362761178,2.2968633241178863e-30
2026-06-20 04:00:00+00:00,2.2971022900795302e-05,2.3006126979020133e-30
2026-06-20 08:00:00+00:00,0.0001902414437091943,2.303738011673268e-30
2026-06-20 12:00:00+00:00,0.00016745634526460731,2.294185731125109e-30
2026-06-20 16:00:00+00:00,8.653630110567475e-05,2.299435218768732e-30
2026-06-20 20:00:00+00:00,7.100207987699309e-05,2.303374371493013e-30
2026-06-21 00:00:00+00:00,8.485603308134283e-05,2.2917193461617576e-30
2026-06-21 04:00:00+00:00,0.00013662744876779252,2.2927029572328124e-30
2026-06-21 08:00:00+00:00,2.864275421574518e-05,2.2964782676020782e-30
2026-06-21 12:00:00+00:00,8.194081922607874e-05,2.275244529284685e-30
2026-06-21 16:00:00+00:00,7.61520524387535e-05,2.287406314493168e-30
2026-06-21 20:00:00+00:00,0.00017245158911267727,2.2760808819887163e-30
2026-06-22 00:00:00+00:00,0.00014211215525099995,2.270422761853264e-30
2026-06-22 04:00:00+00:00,0.00014077767972885745,2.2674365237535755e-30
2026-06-22 08:00:00+00:00,8.196221200432807e-05,2.2754382483156525e-30
2026-06-22 12:00:00+00:00,0.00017130738930973657,2.2840375453641712e-30
2026-06-22 16:00:00+00:00,8.214452859854634e-05,2.2733012352412927e-30
2026-06-22 20:00:00+00:00,8.829171379957457e-05,2.273440890851467e-30
2026-06-23 00:00:00+00:00,3.0701284606411575e-05,2.2857581524408035e-30
2026-06-23 04:00:00+00:00,4.022025981167816e-05,2.2827306569278297e-30
2026-06-23 08:00:00+00:00,4.135539233949466e-05,2.3018312107830065e-30
2026-06-23 12:00:00+00:00,-1.793989000312978e-05,2.2880888998273896e-30
2026-06-23 16:00:00+00:00,0.00012058759263026587,2.277907144343198e-30
2026-06-23 20:00:00+00:00,0.00012190417856384096,2.297366746089706e-30
2026-06-24 00:00:00+00:00,5.785706172491316e-05,2.286560451707037e-30
2026-06-24 04:00:00+00:00,7.008774150792533e-05,2.281447996109884e-30
2026-06-24 08:00:00+00:00,7.138022451871361e-05,2.2724484085489333e-30
2026-06-24 12:00:00+00:00,8.86042976018322e-05,2.2560741534113307e-30
2026-06-24 16:00:00+00:00,3.1788383278205805e-05,2.256032755342175e-30
2026-06-24 20:00:00+00:00,5.397631111625856e-05,2.2658471279034507e-30
2026-06-25 00:00:00+00:00,0.00013372948729018297,2.2561658262762774e-30
2026-06-25 04:00:00+00:00,0.00014800909124141273,2.2651231481492194e-30
2026-06-25 08:00:00+00:00,3.6401479573895e-05,2.2503721403356115e-30
2026-06-25 12:00:00+00:00,9.207735539068214e-05,2.2555763219741617e-30
2026-06-25 16:00:00+00:00,0.00019417924098533816,2.257576156255351e-30
2026-06-25 20:00:00+00:00,0.00010883554860232104,2.258707784306832e-30
2026-06-26 00:00:00+00:00,0.00010291041271568426,2.2713448990262674e-30
2026-06-26 04:00:00+00:00,0.0001371412795656758,2.2883134171547527e-30
2026-06-26 08:00:00+00:00,5.2052950784328055e-05,2.3036230498346114e-30
2026-06-26 12:00:00+00:00,0.00016886229067593957,2.300491493530793e-30
2026-06-26 16:00:00+00:00,0.00017117731695546253,2.3057137692533827e-30
2026-06-26 20:00:00+00:00,6.184478025419096e-05,2.3015977117271725e-30
2026-06-27 00:00:00+00:00,0.00015838460547078974,2.2970129074671834e-30
2026-06-27 04:00:00+00:00,0.0001545138185795449,2.292430498761955e-30
2026-06-27 08:00:00+00:00,0.00010788418656085513,2.2922597088184982e-30
2026-06-27 12:00:00+00:00,0.00010727394158439069,2.261847068162057e-30
2026-06-27 16:00:00+00:00,9.424583366446563e-05,2.256962683914483e-30
2026-06-27 20:00:00+00:00,7.736980743875843e-05,2.262722208412098e-30
2026-06-28 00:00:00+00:00,0.00011738934294794092,2.2423850088011098e-30
2026-06-28 04:00:00+00:00,0.00014238475671665566,2.2467616114152612e-30
2026-06-28 08:00:00+00:00,1.162058031584062e-05,2.244825959716689e-30
2026-06-28 12:00:00+00:00,5.9737459333841844e-05,2.2412659188350845e-30
2026-06-28 16:00:00+00:00,8.32531377261083e-05,2.232662015293926e-30
2026-06-28 20:00:00+00:00,7.366809114990117e-05,2.254706873969294e-30
2026-06-29 00:00:00+00:00,6.240681344333156e-05,2.2626542581411562e-30
2026-06-29 04:00:00+00:00,0.00013715774847834858,2.247189944899314e-30
2026-06-29 08:00:00+00:00,6.616073467481483e-05,2.25549478970275e-30
2026-06-29 12:00:00+00:00,7.816724414722265e-05,2.2387336032092062e-30
2026-06-29 16:00:00+00:00,1.2891792113759072e-05,2.2698675370233764e-30
2026-06-29 20:00:00+00:00,8.040231879478379e-05,2.2955463022993026e-30
2026-06-30 00:00:00+00:00,0.00011153291323068046,2.3076576332637925e-30
2026-06-30 04:00:00+00:00,2.5615065870349842e-05,2.3268899769838987e-30
2026-06-30 08:00:00+00:00,0.00014655234163822773,2.3139824098494063e-30
2026-06-30 12:00:00+00:00,0.0001026884291654026,2.3228312341147435e-30
2026-06-30 16:00:00+00:00,6.294612846205209e-05,2.311091291326535e-30
2026-06-30 20:00:00+00:00,0.0001710030694247925,2.3064125643561312e-30
2026-07-01 00:00:00+00:00,0.00016868432348298898,2.3156376064167086e-30
2026-07-01 04:00:00+00:00,0.00012630321284999395,2.309135576202647e-30
2026-07-01 08:00:00+00:00,0.00015572933972151666,2.3005762020022422e-30
2026-07-01 12:00:00+00:00,4.895353474692604e-05,2.3109873518799886e-30
2026-07-01 16:00:00+00:00,5.681914607545286e-05,2.287698090640019e-30
2026-07-01 20:00:00+00:00,0.00015426434994199448,2.3159859064868257e-30
2026-07-02 00:00:00+00:00,0.0001786780072966012,2.3336904583087906e-30
2026-07-02 04:00:00+00:00,0.0001592596776667382,2.3348493962720232e-30
2026-07-02 08:00:00+00:00,8.193644311437501e-05,2.341355380694943e-30
2026-07-02 12:00:00+00:00,0.0001906417392963933,2.3548395740635482e-30
2026-07-02 16:00:00+00:00,0.00015202533100318325,2.3526524497569762e-30
2026-07-02 20:00:00+00:00,0.00014142033186287787,2.366507793040727e-30
2026-07-03 00:00:00+00:00,0.00011235464836850713,2.357374572377222e-30
2026-07-03 04:00:00+00:00,0.00013558644589280346,2.3647694402998846e-30
2026-07-03 08:00:00+00:00,9.07170777118902e-05,2.3607086768037477e-30
2026-07-03 12:00:00+00:00,0.00018036810720729204,2.3524534993154522e-30
2026-07-03 16:00:00+00:00,6.141572413163728e-05,2.3596040017182965e-30
2026-07-03 20:00:00+00:00,0.00012656813162810208,2.3590907901924332e-30
2026-07-04 00:00:00+00:00,8.243557135650516e-05,2.3528192847190962e-30
2026-07-04 04:00:00+00:00,0.00020125285726074274,2.352564202882109e-30
2026-07-04 08:00:00+00:00,2.8102046077964838e-05,2.3468247171896473e-30
2026-07-04 12:00:00+00:00,0.0001724645365093815,2.3252751715961847e-30
2026-07-04 16:00:00+00:00,0.00015076865046916675,2.3425321096810075e-30
2026-07-04 20:00:00+00:00,0.00010279677099410941,2.3270775648873017e-30
2026-07-05 00:00:00+00:00,9.398749629879882e-05,2.3360433560472877e-30
2026-07-05 04:00:00+00:00,0.0001459225117257542,2.341001840426587e-30
2026-07-05 08:00:00+00:00,4.42229832791595e-05,2.3470352104385815e-30
2026-07-05 12:00:00+00:00,0.00011636117125002511,2.348175103332969e-30
2026-07-05 16:00:00+00:00,2.100704374287991e-05,2.344837542062956e-30
2026-07-05 20:00:00+00:00,0.0001573543165210712,2.3467138230161508e-30
2026-07-06 00:00:00+00:00,5.7944544259575965e-05,2.336760405748887e-30
2026-07-06 04:00:00+00:00,0.00017871076875088928,2.33351587743289e-30
2026-07-06 08:00:00+00:00,6.960296363448495e-05,2.3338043735090778e-30
2026-07-06 12:00:00+00:00,0.0001208981644474426,2.3320959285574044e-30
2026-07-06 16:00:00+00:00,8.417005898754653e-05,2.3271911610026138e-30
2026-07-06 20:00:00+00:00,5.113621961772982e-05,2.3084395530681116e-30
2026-07-07 00:00:00+00:00,0.00010168221916394766,2.309029220918653e-30
2026-07-07 04:00:00+00:00,9.12047861141247e-05,2.2971327185230974e-30
2026-07-07 08:00:00+00:00,0.00018305117193490774,2.3003060097056158e-30
2026-07-07 12:00:00+00:00,6.927965594635694e-05,2.320500321911283e-30
2026-07-07 16:00:00+00:00,0.00018768644703390282,2.3392248343450753e-30
2026-07-07 20:00:00+00:00,6.782240373818843e-05,2.3429077676640903e-30
2026-07-08 00:00:00+00:00,0.00012079160521079042,2.345391649671224e-30
2026-07-08 04:00:00+00:00,3.75193114464268e-05,2.3373976645997768e-30
2026-07-08 08:00:00+00:00,0.00011202489443951736,2.3505452880389078e-30
2026-07-08 12:00:00+00:00,3.861742172108064e-05,2.3506775841712224e-30
2026-07-08 16:00:00+00:00,0.00013867017187220836,2.3299256435259686e-30
2026-07-08 20:00:00+00:00,0.0001311165334177067,2.3491951202204246e-30
2026-07-09 00:00:00+00:00,6.380867443875752e-05,2.3317710725147073e-30
2026-07-09 04:00:00+00:00,6.330180678931856e-05,2.365367185543011e-30
2026-07-09 08:00:00+00:00,4.345872793602673e-05,2.3851219543965184e-30
2026-07-09 12:00:00+00:00,1.2412210323003147e-05,2.3815470755282478e-30
2026-07-09 16:00:00+00:00,0.00010763883819900982,2.3850823728154016e-30
2026-07-09 20:00:00+00:00,7.8284036456101e-05,2.391890636056393e-30
2026-07-10 00:00:00+00:00,0.0001221034699271108,2.3990792458037044e-30
2026-07-10 04:00:00+00:00,0.00010041100471778116,2.3906728352321504e-30
2026-07-10 08:00:00+00:00,0.0001169422985859828,2.3606005119760416e-30
2026-07-10 12:00:00+00:00,0.00012663021157833067,2.360655381562347e-30
2026-07-10 16:00:00+00:00,8.634764637586385e-05,2.3396027430079395e-30
2026-07-10 20:00:00+00:00,4.790138793342754e-05,2.3438328994140724e-30
2026-07-11 00:00:00+00:00,0.00018972813015202803,2.371042829537308e-30
2026-07-11 04:00:00+00:00,6.549259357106218e-05,2.378886665940144e-30
2026-07-11 08:00:00+00:00,2.6326650303073823e-05,2.3636698240602493e-30
2026-07-11 12:00:00+00:00,8.44889700560852e-05,2.366084187647901e-30
2026-07-11 16:00:00+00:00,5.03289369770297e-05,2.3709591807294157e-30
2026-07-11 20:00:00+00:00,0.00017902961890507878,2.370774182950492e-30
2026-07-12 00:00:00+00:00,5.610777525379947e-05,2.375803302948628e-30
2026-07-12 04:00:00+00:00,5.270511640782308e-05,2.380319000066007e-30
2026-07-12 08:00:00+00:00,-8.246230232241899e-06,2.399280172406716e-30
2026-07-12 12:00:00+00:00,7.279259283615367e-05,2.4120530575628973e-30
2026-07-12 16:00:00+00:00,0.0001439021301470585,2.408018941894205e-30
2026-07-12 20:00:00+00:00,6.210246771353776e-05,2.413496307627752e-30
2026-07-13 00:00:00+00:00,8.894694238474829e-05,2.3924978655478488e-30
2026-07-13 04:00:00+00:00,9.359635222734513e-05,2.4184995426581435e-30
2026-07-13 08:00:00+00:00,0.00019781869335120335,2.434651845066611e-30
2026-07-13 12:00:00+00:00,7.714005620360185e-05,2.435564246772301e-30
2026-07-13 16:00:00+00:00,8.079293512611253e-05,2.4324796843202507e-30
2026-07-13 20:00:00+00:00,0.00012611692041190897,2.4175207097707476e-30
2026-07-14 00:00:00+00:00,0.00012491023345352273,2.4153959929324337e-30
2026-07-14 04:00:00+00:00,0.00012957868078744035,2.411106000308263e-30
2026-07-14 08:00:00+00:00,0.00019073546536686634,2.4130774960858273e-30
2026-07-14 12:00:00+00:00,4.0751016382613057e-05,2.4133347768852086e-30
2026-07-14 16:00:00+00:00,0.00019651336524910602,2.421379516134793e-30
2026-07-14 20:00:00+00:00,0.0001658327150099627,2.428232734501771e-30
2026-07-15 00:00:00+00:00,8.820726364172797e-05,2.445071810759194e-30
2026-07-15 04:00:00+00:00,8.899682466345193e-05,2.4606582239574408e-30
2026-07-15 08:00:00+00:00,0.00019482416825353102,2.4711707005301933e-30
2026-07-15 12:00:00+00:00,0.00015478977184366235,2.4708459101760943e-30
2026-07-15 16:00:00+00:00,0.00011156988453082284,2.4806382455184814e-30
2026-07-15 20:00:00+00:00,0.000185822678620743,2.4808841425919996e-30
2026-07-16 00:00:00+00:00,0.00013870152386524518,2.4811898838566207e-30
2026-07-16 04:00:00+00:00,0.000135864546196589,2.4900453613487713e-30
2026-07-16 08:00:00+00:00,2.5467188340629393e-05,2.5032320745428615e-30
2026-07-16 12:00:00+00:00,0.00011084658129028067,2.4980198953222053e-30
2026-07-16 16:00:00+00:00,0.00010049735322788537,2.5021085929053902e-30
2026-07-16 20:00:00+00:00,3.379925090834605e-05,2.5101720948369768e-30
2026-07-17 00:00:00+00:00,0.00013885380076639832,2.524026542642657e-30
2026-07-17 04:00:00+00:00,9.525892605409986e-05,2.525542002057547e-30
2026-07-17 08:00:00+00:00,9.969341291237605e-05,2.511863008449332e-30
2026-07-17 12:00:00+00:00,1.6619507031270862e-05,2.537676317708854e-30
2026-07-17 16:00:00+00:00,4.864115014856685e-05,2.5451821352373562e-30
2026-07-17 20:00:00+00:00,2.1622779586855426e-05,2.5522739686404842e-30
2026-07-18 00:00:00+00:00,0.00011876774792281863,2.5560792147556726e-30
2026-07-18 04:00:00+00:00,0.00015112527627703155,2.5443318410361726e-30
2026-07-18 08:00:00+00:00,0.00020155431964590483,2.5458012627381656e-30
2026-07-18 12:00:00+00:00,1.9903560313785237e-05,2.54664139671209e-30
2026-07-18 16:00:00+00:00,0.0001069483418401812,2.551024161219964e-30
2026-07-18 20:00:00+00:00,0.00018855058245851298,2.5515306290078466e-30
2026-07-19 00:00:00+00:00,5.761478637424685e-05,2.5602391552661224e-30
2026-07-19 04:00:00+00:00,0.00017337126475999127,2.5543807388299814e-30
2026-07-19 08:00:00+00:00,7.089948418238018e-05,2.574183899448501e-30
2026-07-19 12:00:00+00:00,8.968817918509584e-05,2.586730938612957e-30
2026-07-19 16:00:00+00:00,8.614611380199266e-05,2.5847613310518044e-30
2026-07-19 20:00:00+00:00,0.0001483222276180807,2.589902039681212e-30
2026-07-20 00:00:00+00:00,0.00018489135300779995,2.5905518951970015e-30
2026-07-20 04:00:00+00:00,0.00012258080136239645,2.6035226612293148e-30
2026-07-20 08:00:00+00:00,0.00011590263851268266,2.6171695970563736e-30
2026-07-20 12:00:00+00:00,4.9961269197882584e-05,2.6174015194385937e-30
2026-07-20 16:00:00+00:00,0.00015558047579938565,2.6040847258427195e-30
2026-07-20 20:00:00+00:00,0.00017072381014526293,2.6192222912219322e-30
2026-07-21 00:00:00+00:00,0.0001047602248038332,2.6173756804285827e-30
2026-07-21 04:00:00+00:00,0.0001405746021482484,2.621626452235141e-30
2026-07-21 08:00:00+00:00,9.260577369802702e-05,2.6327564790288237e-30
2026-07-21 12:00:00+00:00,6.23066469130618e-05,2.6491254396515344e-30
2026-07-21 16:00:00+00:00,0.00011043690934385535,2.639905235378864e-30
2026-07-21 20:00:00+00:00,6.124795502774969e-05,2.638054389715416e-30
2026-07-22 00:00:00+00:00,7.9859316723794e-05,2.635126374147479e-30
2026-07-22 04:00:00+00:00,8.467582126398329e-05,2.6513739865277858e-30
2026-07-22 08:00:00+00:00,6.400462520453249e-05,2.6489586816787117e-30
